Year,est,lwr,upr,log_est,se,type,effort,replicate
2003,29384.6718449577,18831.8212987178,45851.0584684997,10.2882284515506,0.227006779124785,index,0.2,1
2004,33460.225387931,21321.0995598122,52510.7384762386,10.4181127105591,0.229932928902756,index,0.2,1
2005,27104.5187966946,17849.0017247167,41159.4413251161,10.2074557382328,0.213143140215999,index,0.2,1
2006,30884.7420145291,19729.3085311207,48347.7303727803,10.3380175549958,0.22865573383033,index,0.2,1
2007,21187.1839187014,13892.0674317418,32313.1718594457,9.96115174572015,0.215350119287473,index,0.2,1
2008,25096.0342392419,16818.9004930842,37446.6175595827,10.1304651142002,0.20419076829303,index,0.2,1
2009,22180.4602045942,14537.7404449406,33841.0784503176,10.0069670093182,0.215546651023011,index,0.2,1
2010,38195.2699366621,25783.9580943709,56580.864745238,10.5504669632803,0.200493054027042,index,0.2,1
2011,44431.2694099434,30003.5673090538,65796.7661326479,10.7016987665311,0.200323682348907,index,0.2,1
2012,48885.8365866387,32930.6876224391,72571.3670536022,10.7972429931541,0.201576528844748,index,0.2,1
2013,63038.2309749063,40197.4913628804,98857.3771575003,11.0514966621917,0.229563806778756,index,0.2,1
2014,96318.7401561562,64629.7706703342,143545.298227826,11.475418180683,0.203568919595711,index,0.2,1
2015,65926.1339432433,43949.1133744787,98892.8968752834,11.0962902115778,0.206892823220734,index,0.2,1
2016,93748.9762742974,60956.630800006,144182.354522093,11.4483760240322,0.21962551741932,index,0.2,1
2017,119558.046200362,80340.1380148806,177920.112716264,11.6915572746816,0.202826507027911,index,0.2,1
2018,57839.0558309383,37656.7459183393,88838.1695717677,10.9654195328913,0.21895919753643,index,0.2,1
2019,46862.1125658217,25041.2680415401,87697.5395370862,10.7549647935429,0.319742777886553,index,0.2,1
2021,61718.7827140597,41335.9407228912,92152.4482832401,11.0303435835681,0.204522098770727,index,0.2,1
2022,69139.8622277492,45408.3201884522,105274.111198851,11.1438867208174,0.21451215064782,index,0.2,1
2023,58790.799425197,39141.8571745134,88303.3751220242,10.981740649283,0.207551242339004,index,0.2,1
2024,60799.7011062608,40835.3094203244,90524.6882437185,11.0153401519267,0.203084210715814,index,0.2,1
2025,74640.2960469086,49654.9053429035,112197.85347484,11.2204358018439,0.207954504275871,index,0.2,1
2003,6019.44386748824,3860.17879683617,9386.5352826504,8.70275015321959,0.226678334354113,index,0.2,1
2004,6839.3073610206,4368.8424924315505,10706.7547661753,8.83044174248047,0.228671735238852,index,0.2,1
2005,5511.49808871596,3540.03418900867,8580.88073732026,8.61459175062221,0.225871541579811,index,0.2,1
2006,6305.54802532406,3992.43606516559,9958.81593360443,8.74918516378498,0.233181987609654,index,0.2,1
2007,4371.98857765007,2848.33317386179,6710.69111524879,8.38297323667867,0.218618295624095,index,0.2,1
2008,5116.40117534679,3421.89195526724,7650.0255792108,8.54020657544666,0.205237289169076,index,0.2,1
2009,4566.6085619365,2969.78090447497,7022.03779629947,8.42652609940362,0.2195359931402,index,0.2,1
2010,7805.78563588125,5280.1598410735,11539.4782027929,8.96262048590836,0.199446948933305,index,0.2,1
2011,9038.82076226866,6124.73093395637,13339.4073394247,9.10928399822562,0.198571961524548,index,0.2,1
2012,9923.96382889245,6678.82813137618,14745.8590249534,9.20270769999373,0.202049568977267,index,0.2,1
2013,12813.3987034875,8182.17531026136,20065.9580256892,9.4582466761321,0.228847751834568,index,0.2,1
2014,19648.7706374796,13171.7216703612,29310.8370512429,9.88577005236213,0.204056065644357,index,0.2,1
2015,13517.6595058999,9061.79644493843,20164.5578365987,9.51175222114215,0.204049442647632,index,0.2,1
2016,19207.0727934955,12486.9327089625,29543.8162351793,9.86303386484381,0.219695808202149,index,0.2,1
2017,24270.5732750777,16239.8288970787,36272.5944241248,10.0970199191701,0.205002665647631,index,0.2,1
2018,11871.2574363651,7630.53849392062,18468.7821485643,9.381875415975,0.225494816128631,index,0.2,1
2019,9654.54154962129,5158.74262013465,18068.3897990109,9.17518371052669,0.319768916652315,index,0.2,1
2021,12607.7178292223,8393.73811160556,18937.2776166929,9.44206443155077,0.207566664912246,index,0.2,1
2022,14178.231003063,9201.16654267677,21847.4726485863,9.55946303934635,0.220604811945994,index,0.2,1
2023,12230.355427951201,8140.5783943177,18374.8115488241,9.41167629023368,0.207687376482064,index,0.2,1
2024,12510.6361088298,8361.63459911319,18718.3515366907,9.4343344501962,0.205577878062416,index,0.2,1
2025,15355.8702162162,10263.5795364143,22974.7087028133,9.63925310441893,0.205563044538633,index,0.2,1
2003,7429.27055243313,4850.39438335442,11379.2934303786,8.91318295690745,0.217538517793943,index,0.2,1
2004,8627.37716882478,5591.25791862501,13312.1451194767,9.06269581770185,0.221298069823718,index,0.2,1
2005,7308.80093172943,4967.4269814784,10753.7707668026,8.89683450806207,0.197032821031247,index,0.2,1
2006,8250.64346212005,5439.09958570457,12515.5122583045,9.01804647169573,0.212594550800764,index,0.2,1
2007,5621.76667923095,3770.68026629913,8381.58060713288,8.63440124922337,0.203774429642685,index,0.2,1
2008,6467.14684540843,4443.5813476888,9412.22519574888,8.77449030807119,0.191470032561876,index,0.2,1
2009,5847.49970855522,3910.84280190307,8743.19285472547,8.67376944861741,0.205239112391752,index,0.2,1
2010,9604.37082078756,6634.71765102545,13903.2199582658,9.16997356767318,0.188729068090046,index,0.2,1
2011,11011.2424825363,7568.64993653796,16019.6946649475,9.30667207371621,0.191280089871767,index,0.2,1
2012,12224.6265798909,8384.54026042092,17823.4572649392,9.41120776826435,0.192382578095964,index,0.2,1
2013,15780.7059941804,10285.3997452395,24212.056686472,9.66654333320772,0.218403332118789,index,0.2,1
2014,24199.9004884454,16650.4225039734,35172.3917823049,10.0941038000886,0.190775408291853,index,0.2,1
2015,16450.8763121463,11152.5961712984,24266.2181326009,9.70813402602975,0.198323254322782,index,0.2,1
2016,23946.7852022725,15885.6063630631,36098.6233964067,10.0835893642793,0.209402136717026,index,0.2,1
2017,30164.57198603,20848.9328412659,43642.5888091229,10.3144234016819,0.188455176396814,index,0.2,1
2018,15235.5426580358,10225.0237388063,22701.3419248966,9.6313863099542,0.203469558904079,index,0.2,1
2019,12421.0295922395,6863.95329823282,22477.1308060924,9.42714624997751,0.302611383363023,index,0.2,1
2021,15974.618554335,11083.8814555694,23023.382104856,9.67875640129775,0.186487707605826,index,0.2,1
2022,18334.0095303851,12365.1683070117,27184.0946370008,9.81651305834187,0.200959951315417,index,0.2,1
2023,15651.2825643797,10583.3808191243,23145.9729264778,9.65830814560585,0.199630169841416,index,0.2,1
2024,15133.6303702527,10306.4182474715,22221.7614969798,9.62467472315897,0.195999832249114,index,0.2,1
2025,19021.9396657671,12971.5345371183,27894.4782988233,9.85334831122398,0.195327939483551,index,0.2,1
2003,15935.9574250362,9488.52828933969,26764.3971023288,9.67633330819909,0.264542875718628,index,0.2,1
2004,17993.5408580856,10637.6168778612,30436.094505849,9.79776813126192,0.268176545713925,index,0.2,1
2005,14284.2197762491,8719.69007782427,23399.7920562675,9.56691069477975,0.251826933523008,index,0.2,1
2006,16328.5505270849,9635.45842572821,27670.8746522783,9.70067042067073,0.269119874600021,index,0.2,1
2007,11193.4286618203,6795.68419217557,18437.1200403222,9.32308215846858,0.254616488035025,index,0.2,1
2008,13512.4862184866,8341.31209697126,21889.5159037494,9.51136944203846,0.246123723236343,index,0.2,1
2009,11766.3519341023,7147.49007374175,19370.0217011531,9.37299920608555,0.254332566616258,index,0.2,1
2010,20785.1134799933,12948.0291866157,33365.7683458713,9.94199231137803,0.24148068328136,index,0.2,1
2011,24381.206165138,15270.2585278273,38928.1696170171,10.101567875361,0.23873170657313,index,0.2,1
2012,26737.2461778552,16689.6490464121,42833.7546935365,10.1938128602313,0.240447720106164,index,0.2,1
2013,34444.1262772393,20445.9053809639,58026.1824016362,10.44709376197,0.26610481137953,index,0.2,1
2014,52470.0690302314,32481.9626441424,84758.0601640069,10.8679981722932,0.244676921305687,index,0.2,1
2015,35957.5981251969,22199.2281490569,58242.9647666868,10.4900956933959,0.246067222665629,index,0.2,1
2016,50595.1182785291,30482.738816820998,83977.5588736063,10.8316103739125,0.258522358548698,index,0.2,1
2017,65122.9009392534,40401.9519623713,104969.983398171,11.0840315472772,0.243574969928262,index,0.2,1
2018,30732.2557365374,18503.2768938736,51043.4745192972,10.3330680574594,0.258864416224988,index,0.2,1
2019,24786.541423961,12344.9953444124,49766.9394456117,10.1180561003288,0.355644328758691,index,0.2,1
2021,33136.4463305028,20361.7509168738,53925.8180643179,10.4083890532001,0.248461498370698,index,0.2,1
2022,36627.6216943011,22260.8687265051,60266.4113185963,10.5085579258545,0.254072156104105,index,0.2,1
2023,30909.1614328663,19010.4525322244,50255.3139576001,10.3388079054429,0.247996222951659,index,0.2,1
2024,33155.4346271784,20709.5244555181,53081.0278950751,10.4089619226653,0.240113050199899,index,0.2,1
2025,40262.4861649254,24658.592383851,65740.4837610462,10.6031754500176,0.250154982307131,index,0.2,1
2003,26503.0637295039,17341.7807661022,40504.0518343506,10.1850156177258,0.216402790562885,index,0.2,1
2004,30400.4854941138,19768.6744186508,46750.2017943043,10.3222138574679,0.219575460105362,index,0.2,1
2005,24821.8940709267,16627.7539779371,37054.0979909748,10.1194813681325,0.20441848252284,index,0.2,1
2006,28240.6619352625,18396.6872178522,43352.0979672825,10.2485181309664,0.218673531487134,index,0.2,1
2007,19361.8364429411,12917.9424792784,29020.1563480054,9.8710592139218,0.206476600227825,index,0.2,1
2008,22718.2692370651,15544.2080280397,33203.3485525132,10.0309246919873,0.193616475016882,index,0.2,1
2009,20231.8972443384,13503.3971470406,30313.0880065374,9.9150157094687,0.206289064169561,index,0.2,1
2010,34349.6347937332,23664.8132681494,49858.7247274366,10.4443466656794,0.190106612643427,index,0.2,1
2011,39693.0423333258,27346.7142701521,57613.41542208,10.5889311952286,0.190095090475645,index,0.2,1
2012,43885.412374136,30188.634293751,63796.5070068319,10.6893372516811,0.190879255942855,index,0.2,1
2013,56672.4932171858,36867.7121731093,87116.1050724102,10.9450442435583,0.219367707174012,index,0.2,1
2014,86821.4527377129,59621.5389139347,126430.226270546,11.3716090214677,0.191757014665314,index,0.2,1
2015,59187.1178562228,40340.2150148116,86839.2723945617,10.9884591934129,0.195592906236062,index,0.2,1
2016,84861.0672900804,56283.656355774,127948.346072097,11.3487706957463,0.209499369700592,index,0.2,1
2017,107686.794848203,74018.9510404867,156668.60475145,11.5869822451184,0.191281989635705,index,0.2,1
2018,52739.7859398449,34922.134231612,79648.1968293572,10.8731254011172,0.21033512785912,index,0.2,1
2019,42807.9031602476,23324.6474763214,78565.6707068118,10.6644780178004,0.309807787563452,index,0.2,1
2021,55916.1609399281,38263.7657139516,81712.2150923042,10.9316087218315,0.193549505178056,index,0.2,1
2022,63102.0762023383,42222.1341511547,94307.6919511143,11.0525089513531,0.205008401201278,index,0.2,1
2023,53830.307835384,36498.4809022741,79392.4012731075,10.8935919301971,0.198251607515927,index,0.2,1
2024,54664.3401075338,37434.0148574299,79825.5300900229,10.908966858224,0.193183039573791,index,0.2,1
2025,67552.7485202675,45916.020956681,99385.2197460179,11.1206640312396,0.196990688954648,index,0.2,1
2003,2881.60811545382,985.58233335088,8425.13613532186,7.96610379071902,0.547393284432182,index,0.2,1
2004,3059.73989381719,934.07846581739,10022.7213884264,8.02608518931303,0.605380891414792,index,0.2,1
2005,2282.62472576796,653.121972282855,7977.64561568102,7.7330812553433,0.638438953883984,index,0.2,1
2006,2644.08007926653,740.399608523411,9442.41377911678,7.88007848767879,0.649444809066178,index,0.2,1
2007,1825.34747576033,536.87317059842,6206.10898389793,7.50952564557015,0.624380738620894,index,0.2,1
2008,2377.76500217678,794.291544809773,7117.99897974591,7.77391625074298,0.559431540906644,index,0.2,1
2009,1948.56296025566,582.657157899052,6516.52100829103,7.57484743642285,0.615954424635595,index,0.2,1
2010,3845.63514292885,1433.01409530302,10320.1424891792,8.25469405501544,0.503661699297739,index,0.2,1
2011,4738.22707661739,1917.6101121354,11707.6957862877,8.46341831025188,0.461530600027347,index,0.2,1
2012,5000.4242125026,1892.57584671221,13211.7517765112,8.51727803031784,0.495715215151953,index,0.2,1
2013,6365.73775772053,2296.3018833315,17646.9032639899,8.75868541279318,0.520229039794727,index,0.2,1
2014,9497.28741844343,3343.7590032276,26975.1702265201,9.15876150191509,0.532617235293394,index,0.2,1
2015,6739.01608702041,2517.52066879361,18039.310812444,8.81566921209583,0.502376260613157,index,0.2,1
2016,8887.90898421712,2936.94827262281,26896.9415798331,9.09244709096743,0.564969959129887,index,0.2,1
2017,11871.2513521588,4265.27831567498,33040.425087438,9.38187490345913,0.522260713977244,index,0.2,1
2018,5099.26989109344,1536.03150198642,16928.3985312705,8.53685264985512,0.612202691843669,index,0.2,1
2019,4054.20940557419,1003.44443230432,16380.1934368215,8.30751097974161,0.712419818904559,index,0.2,1
2021,5802.62177413169,1906.7425560848,17658.6080518201,8.66606512442242,0.567823458055819,index,0.2,1
2022,6037.78602541087,1784.65807142701,20426.8036955099,8.70579267164793,0.621853545279837,index,0.2,1
2023,4960.49158981302,1425.23865226858,17264.8115972993,8.50926012565722,0.636320657694822,index,0.2,1
2024,6135.36099872702,2311.21195126246,16286.9764342206,8.72182419791215,0.49811980498313,index,0.2,1
2025,7087.54752664096,2370.97361360962,21186.7941735202,8.86609465371242,0.558703478813298,index,0.2,1
2003,15800.9567996622,10399.4541384174,24008.0135420248,9.66782577412221,0.213431052999179,index,0.2,1
2004,18048.6582541655,11815.6969114988,27569.6023023947,9.80082662604877,0.216148080369734,index,0.2,1
2005,14784.5967364738,9976.98948040197,21908.84345318,9.60134115673528,0.200669242552188,index,0.2,1
2006,16829.8804687568,11049.8261650831,25633.4237626002,9.73091118488731,0.214667827087944,index,0.2,1
2007,11549.9017051491,7769.04652745358,17170.733747984,9.35443220553702,0.202314677653404,index,0.2,1
2008,13555.7590578021,9356.51171262789,19639.6487576856,9.5145667587273,0.189155995680203,index,0.2,1
2009,12070.159911444,8108.43322076269,17967.5599861604,9.39849156267357,0.202979048795783,index,0.2,1
2010,20540.808450667,14304.3080740175,29496.3454103302,9.93016884252623,0.184622171930728,index,0.2,1
2011,23779.6601236247,16525.5383323349,34218.0825957524,10.0765858776121,0.185678736675869,index,0.2,1
2012,26153.8616196329,18113.3280064755,37763.6002271017,10.1717521304695,0.187426316575127,index,0.2,1
2013,33724.9872225406,22158.996111443,51327.9012027617,10.4259943022038,0.214287337681635,index,0.2,1
2014,51632.0458622333,35731.5354506503,74608.2732325249,10.8518978025435,0.187814103546378,index,0.2,1
2015,35457.2879637937,24329.4630601098,51674.7643234553,10.4760840951408,0.192167168184581,index,0.2,1
2016,50492.5327777119,33773.3422818037,75488.4087288546,10.8295807385423,0.205184208133583,index,0.2,1
2017,64013.0826707141,44373.8125680161,92344.4373125876,11.0668427581815,0.186961594030714,index,0.2,1
2018,31391.7107846137,20978.3734998725,46974.0662206638,10.3542991492943,0.205642450448097,index,0.2,1
2019,25519.1581328649,13992.8024785185,46540.1718354785,10.147184748390501,0.306580317500338,index,0.2,1
2021,33371.542250223,23106.626766707,48196.5560530467,10.4154587873458,0.187546333431618,index,0.2,1
2022,37616.0286036755,25339.0731996642,55841.2534177172,10.535185531192,0.20157648594618,index,0.2,1
2023,32123.6241469094,21925.4676496643,47065.2323052138,10.3773469931686,0.194872380131074,index,0.2,1
2024,32596.9584760539,22417.9998435189,47397.7031540026,10.3919742647217,0.191000849032771,index,0.2,1
2025,40215.2199098132,27584.5230174242,58629.3955988678,10.6020008076762,0.192345714751721,index,0.2,1
2003,13583.7150452954,7984.70451301035,23108.8469374328,9.5166269311002,0.271098795990915,index,0.2,1
2004,15411.5671337656,8990.73139942462,26417.9176272315,9.64287361904002,0.274966347410063,index,0.2,1
2005,12319.9220602208,7428.89313978675,20431.1028189418,9.41897291078672,0.258086760740108,index,0.2,1
2006,14054.8615457721,8209.33632691857,24062.7409091634,9.55072363240432,0.274339872888668,index,0.2,1
2007,9637.28221355236,5781.88470196569,16063.4833192155,9.17339441980067,0.2606728706803,index,0.2,1
2008,11540.2751814397,7030.94311067969,18941.6909178318,9.35359838565644,0.252822122555247,index,0.2,1
2009,10110.30029315,6063.55089606632,16857.8072106203,9.22131001415996,0.260851298436197,index,0.2,1
2010,17654.4614859951,10848.0459478883,28731.4426817261,9.77874380582961,0.24847576990733,index,0.2,1
2011,20651.6092863184,12780.7531514203,33369.6270526403,9.93554852689352,0.244827390935454,index,0.2,1
2012,22731.9749670056,14005.6238085791,36895.3709569181,10.0315278011937,0.247103302134026,index,0.2,1
2013,29313.2437523666,17140.2891524998,50131.3747767402,10.2857946980818,0.273784436991802,index,0.2,1
2014,44686.6942939234,27286.5549369461,73182.5857655179,10.7074310694875,0.25167896281367,index,0.2,1
2015,30468.8459794497,18561.9166144518,50013.7240459661,10.3244599972701,0.252858080202354,index,0.2,1
2016,43256.4434965855,25694.049375462,72823.0835331168,10.6749014838432,0.265763445496638,index,0.2,1
2017,55544.9635296472,33995.8155779042,90753.6095564395,10.9249481254245,0.250492052155447,index,0.2,1
2018,26447.3450463246,15750.4870382134,44408.9162641341,10.182911055928,0.264435720849615,index,0.2,1
2019,21342.9544329567,10567.4940482028,43105.9342782158,9.96847696105355,0.35864893302867,index,0.2,1
2021,28347.240463837,17185.5651351001,46758.1971030667,10.252284966282,0.255341371635065,index,0.2,1
2022,31523.8336240735,18937.0603795721,52476.5759014137,10.3584991617053,0.260016519702867,index,0.2,1
2023,26667.1752782879,16226.5598203339,43825.5702500652,10.1911886977418,0.253465894201364,index,0.2,1
2024,28202.742630207,17398.2157387125,45717.0266084167,10.2471745085874,0.246459412624508,index,0.2,1
2025,34425.0761370955,20834.0628971127,56882.12965936,10.4465405352747,0.256227141790035,index,0.2,1
2003,24696.9100800302,16353.6502908403,37296.7109271452,10.1144334168162,0.210323765784691,index,0.2,1
2004,28432.7279360007,18706.4335676638,43216.1488697708,10.2552961527679,0.213612786431115,index,0.2,1
2005,23351.1448862008,15793.3176265851,34525.7393277821,10.058401293424,0.199523614710297,index,0.2,1
2006,26530.5924835411,17473.7539108908,40281.6899629696,10.1860537794697,0.213064385449515,index,0.2,1
2007,18182.8510863971,12250.1765673899,26988.6782293569,9.80823418087003,0.201502963550239,index,0.2,1
2008,21202.5389043507,14703.8945325019,30573.3732649409,9.96187621312867,0.186742483103738,index,0.2,1
2009,18979.5366431851,12795.2878321456,28152.7712323141,9.85111665896735,0.201169214364551,index,0.2,1
2010,31965.5859800151,22316.5735675717,45786.5399431443,10.3724151649588,0.183335141400599,index,0.2,1
2011,36947.1224908714,25830.6150063724,52847.7490767714,10.5172430475894,0.182619351598147,index,0.2,1
2012,40866.192483428,28478.8362857652,58641.6408077511,10.6180584105701,0.18425946062287,index,0.2,1
2013,52758.0854191856,34747.4350313254,80104.2026436997,10.8734723176813,0.213070895564823,index,0.2,1
2014,80897.4536463866,56364.9676295645,116107.544840257,11.3009376272284,0.184357736621906,index,0.2,1
2015,55110.0255964712,38038.2652079465,79843.6759573681,10.9170869313386,0.189156037080974,index,0.2,1
2016,79204.0612108519,53162.1586414945,118002.795082063,11.2797828544026,0.203412276473183,index,0.2,1
2017,100316.233664316,69873.7954438277,144021.756263172,11.5160828119434,0.184511982473118,index,0.2,1
2018,49451.0200122193,33069.0157405503,73948.4779176623,10.8087379639811,0.205302711954208,index,0.2,1
2019,40156.8317271101,22092.671067445,72991.2254356454,10.6005478599963,0.304876343703936,index,0.2,1
2021,52220.2070674155,36199.8579394482,75330.4068409646,10.8632248075347,0.186949524044023,index,0.2,1
2022,59196.8891604316,40012.5430006313,87579.3294671908,10.9886242715257,0.199838372366904,index,0.2,1
2023,50617.9519126239,34668.7821374462,73904.4436482024,10.8320615732376,0.193098784178571,index,0.2,1
2024,50917.613022185,35327.2970474201,73388.1030410256,10.8379641745534,0.186510030738247,index,0.2,1
2025,63049.2500419076,43416.2293314491,91560.4139755983,11.0516714466658,0.190351889979582,index,0.2,1
2003,4687.7617649275,1785.99925458274,12304.0982846604,8.45271051190403,0.492344336654231,index,0.2,1
2004,5027.49745193043,1758.16101063758,14376.232026668,8.52267761482031,0.536057785583353,index,0.2,1
2005,3753.37391049378,1276.8283472375,11033.445288441,8.23041042393351,0.550150923285309,index,0.2,1
2006,4354.14953098787,1436.40386442311,13198.6682908404,8.37888458456441,0.565819903126081,index,0.2,1
2007,3004.33283230423,1042.3974362771,8658.90058162208,8.00781080311947,0.540077391780647,index,0.2,1
2008,3893.49533489121,1465.92020698973,10341.1535297336,8.26706257683762,0.49838881359202,index,0.2,1
2009,3200.92356140896,1116.29929500673,9178.46288339837,8.07119466008741,0.537469247353934,index,0.2,1
2010,6229.68395664703,2562.58079678441,15144.4833460095,8.73708088122459,0.453228087265596,index,0.2,1
2011,7484.14691907174,3264.35388623893,17158.8182710137,8.92054231829052,0.423336955984567,index,0.2,1
2012,8019.64410321059,3329.75109562403,19315.1649162855,8.98964932371763,0.448475837581215,index,0.2,1
2013,10280.145555721,4074.69943751136,25935.9970637134,9.23796969802574,0.472160427455049,index,0.2,1
2014,15421.2865097697,6037.71265585782,39388.4391609254,9.6435040748803,0.478439176655328,index,0.2,1
2015,10816.108346772,4454.60718813822,26262.2931334166,9.28879181550069,0.452609160034572,index,0.2,1
2016,14544.9150634458,5416.45452472117,39057.7550752616,9.58499673134166,0.503988851569389,index,0.2,1
2017,19241.8125360447,7688.29057333758,48157.304428149,9.86484092643766,0.4680632848555,index,0.2,1
2018,8388.03581871904,2946.26923962924,23880.7587404903,9.03456166224625,0.53381933854944,index,0.2,1
2019,6705.28083871176,1939.93975082937,23176.3853010246,8.81065067980682,0.632786364590407,index,0.2,1
2021,9498.57564664452,3536.75720100232,25510.0743951151,9.15889713441556,0.504055993283839,index,0.2,1
2022,9942.97306731764,3454.51120275493,28618.4376355654,9.20462135626853,0.539390067235149,index,0.2,1
2023,8172.84751257312,2792.54671007724,23919.1832397049,9.00857265988131,0.547899558651845,index,0.2,1
2024,9882.08808407572,4083.6341311798,23913.9114240916,9.19847911295388,0.450894266708116,index,0.2,1
2025,11591.0460050008,4365.28124403392,30777.4780087003,9.35798818290863,0.498249096815336,index,0.2,1
2003,20399.54651337,13316.4596694374,31250.1601988275,9.92326794984846,0.217612076053285,index,0.2,2
2004,24082.2330158399,16281.0299564484,35621.4532238182,10.0892296283392,0.199735162856895,index,0.2,2
2005,28257.1963075352,19469.4556213732,41011.3748781981,10.2491034406847,0.190055177296816,index,0.2,2
2006,22853.7624046382,15457.6817301511,33788.6667073038,10.0368710394261,0.199498401187225,index,0.2,2
2007,20557.0505678373,14066.1864175315,30043.1343297086,9.93095925440674,0.193590386129663,index,0.2,2
2008,22453.0341059455,15546.4339688992,32427.9343784748,10.0191810335239,0.187551644762002,index,0.2,2
2009,14165.5039290559,9534.76797611774,21045.2422194967,9.55856498727996,0.201975549846492,index,0.2,2
2010,27917.813582354,19799.7627107788,39364.3260580476,10.2370202437223,0.175306798556417,index,0.2,2
2011,39046.6561696448,27473.2483112425,55495.4893122905,10.5725125221429,0.179362734932508,index,0.2,2
2012,34914.1844482836,23829.7962217817,51154.4565611742,10.4606484568026,0.194879314666121,index,0.2,2
2013,85888.6686774326,58093.6455245261,126982.277331303,11.3608071863192,0.199491227336549,index,0.2,2
2014,60967.9493801134,42528.9692286607,87401.3859031196,11.0181035850759,0.183759924313953,index,0.2,2
2015,69934.8823289425,48531.490459297,100777.613052395,11.1553198356345,0.186407344454462,index,0.2,2
2016,67210.5402164278,46840.9748134505,96438.1448971663,11.1155853626706,0.184223657405937,index,0.2,2
2017,73436.5660589738,51810.0644527051,104090.378799991,11.2041772657449,0.177981618370486,index,0.2,2
2018,59369.6987927148,41603.1739307368,84723.3708804499,10.9915392538598,0.181435739081906,index,0.2,2
2019,46350.3560951327,28833.3660125279,74509.355210632,10.7439842537074,0.242196142285279,index,0.2,2
2021,54555.0941796295,38118.3755143784,78079.3583353413,10.9069663724121,0.182918989036409,index,0.2,2
2022,74115.8143557302,50394.2244328901,109003.64078285,11.2133842076192,0.196816042414306,index,0.2,2
2023,69317.5154055699,48516.1727080111,99037.4482117385,11.1464529007978,0.182044376516225,index,0.2,2
2024,40728.813376764,28394.9695364882,58420.0746173587,10.6146910663306,0.184046130292566,index,0.2,2
2025,83127.3409343361,58575.376567387,117970.301101926,11.3281289391777,0.178604938548004,index,0.2,2
2003,4690.61374978681,3026.00298774236,7270.93047786587,8.45331871637243,0.223637188297855,index,0.2,2
2004,5466.1637358398,3659.89757920262,8163.87490098011,8.60633232137046,0.204667984899306,index,0.2,2
2005,6437.56560405484,4355.11902109605,9515.75621831805,8.7699057358412,0.199390662406366,index,0.2,2
2006,5204.89797919235,3459.69307227821,7830.45270428025,8.55735538031756,0.208381494178535,index,0.2,2
2007,4710.21994527282,3177.24633742375,6982.83028027201,8.45748988343032,0.200881096553218,index,0.2,2
2008,5112.10166334173,3492.24396711637,7483.32122910657,8.5393658830548,0.194425054215618,index,0.2,2
2009,3266.44530150112,2143.00953663332,4978.82287750377,8.09145760884781,0.215050463465963,index,0.2,2
2010,6284.82184692877,4388.05415276153,9001.48090077129,8.74589277486743,0.183295007091372,index,0.2,2
2011,8567.87992508687,5952.44406962397,12332.5083868186,9.05577559768378,0.18582913683877,index,0.2,2
2012,8021.04967728253,5355.69247743936,12012.870081031,8.98982457475038,0.206079953118452,index,0.2,2
2013,19035.1429372933,12794.8286804223,28318.9932193159,9.85404217797114,0.202680162580854,index,0.2,2
2014,13535.7375671475,9333.10572899987,19630.784950544,9.51308869388822,0.189679801673582,index,0.2,2
2015,15611.3507907459,10677.6221591709,22824.770335444,9.65575354344573,0.19380361220361,index,0.2,2
2016,15205.6603559825,10411.5448150668,22207.281529145,9.62942302935469,0.193244612922671,index,0.2,2
2017,16353.0243628883,11371.5432697048,23516.7205954942,9.70216813554284,0.185359950055395,index,0.2,2
2018,13251.992049951,9130.11083759465,19234.7383745706,9.49190316350646,0.190090253186398,index,0.2,2
2019,10391.5142383461,6456.58426383286,16724.5657693386,9.2487448134498,0.242805027028074,index,0.2,2
2021,12462.2475720899,8540.94560107348,18183.8899112692,9.43045915906715,0.192775048558798,index,0.2,2
2022,16747.6857912086,11200.9704859722,25041.1319012333,9.72601536598911,0.205238292692932,index,0.2,2
2023,15751.187537445,10791.7702675936,22989.7322392766,9.66467104061426,0.19292799930171,index,0.2,2
2024,9180.46289979836,6303.74104922114,13369.9811582501,9.12483290715788,0.191806766168482,index,0.2,2
2025,18738.6613592779,12967.1145968797,27079.0719796823,9.83834412097195,0.187846480235234,index,0.2,2
2003,6091.78072885264,3985.2469872149,9311.79236004005,8.71469572007323,0.216504565844511,index,0.2,2
2004,6906.79365448327,4693.52013217277,10163.7571038876,8.84026079380317,0.197107016103079,index,0.2,2
2005,8176.32139399299,5680.84297289492,11768.0125743381,9.0089976211123,0.1857905107238,index,0.2,2
2006,6607.46474712024,4518.33385855645,9662.54193495678,8.79595531118161,0.193910053792895,index,0.2,2
2007,6049.87954194728,4167.71952505221,8782.03109687756,8.70779364040474,0.190140918215449,index,0.2,2
2008,6486.7159097997,4520.48258738541,9308.18391201582,8.77751165848187,0.184257275686054,index,0.2,2
2009,4329.64420363267,2929.21711944257,6399.60035929916,8.37324064755865,0.199365998080625,index,0.2,2
2010,7875.35746032738,5596.55022526069,11082.0510192143,8.97149385445126,0.174282895732298,index,0.2,2
2011,10609.8204274961,7530.2348462614,14948.8418093096,9.26953530662937,0.174928621619393,index,0.2,2
2012,10382.6468519229,7129.11472244047,15121.0016739417,9.24789111958238,0.191814124748631,index,0.2,2
2013,23638.8699433702,16273.3935216337,34338.0236861298,10.0706476676435,0.190493762503766,index,0.2,2
2014,16821.1267382933,11770.5330634477,24038.8692016339,9.73039091929127,0.182164791223826,index,0.2,2
2015,19451.3350458719,13526.81558094,27970.6951575419,9.87567098658157,0.185330779470853,index,0.2,2
2016,19141.6319838809,13444.8057321486,27252.3145596822,9.85962092698755,0.180244540335114,index,0.2,2
2017,20349.7726041448,14473.3327463085,28612.1553548904,9.92082501656481,0.173861308191163,index,0.2,2
2018,16511.0060522665,11655.385865685,23389.4719573886,9.71178247099142,0.177686332763125,index,0.2,2
2019,12981.6586400303,8220.17599058634,20501.1986652434,9.47129276638021,0.233139931201038,index,0.2,2
2021,15901.6630950364,11142.0767080152,22694.4128832055,9.67417897991052,0.181480408607968,index,0.2,2
2022,21057.021188388,14412.2996709664,30765.2596359379,9.95498933163766,0.193448486717312,index,0.2,2
2023,19931.1075825069,14095.7663273471,28182.1534381401,9.90003698529575,0.176741622407829,index,0.2,2
2024,11516.1340832227,8124.13252028184,16324.3698809288,9.3515042948757,0.178018607925676,index,0.2,2
2025,23507.607895632,16609.1689267811,33271.2390012327,10.0650793879793,0.177232451144127,index,0.2,2
2003,9617.15203473053,6056.56520084542,15270.9679813587,9.17130345354359,0.235925423813396,index,0.2,2
2004,11709.2756255169,7582.98514084794,18080.892040228,9.36813659520075,0.221674673342763,index,0.2,2
2005,13643.3093094873,9016.42541787608,20644.5326487479,9.52100451996807,0.21133106723385,index,0.2,2
2006,11041.3996783255,7157.27499387169,17033.3691189611,9.30940709425189,0.221189010413784,index,0.2,2
2007,9796.95108061738,6426.12405069833,14935.9473484767,9.18982650202988,0.215156840314221,index,0.2,2
2008,10854.2165328042,7193.79673351778,16377.1678440778,9.29230890401015,0.209868415134162,index,0.2,2
2009,6569.41442392215,4271.1610362305,10104.3265536353,8.79017997872748,0.219666793583979,index,0.2,2
2010,13757.6342750979,9335.33065511662,20274.857724896,9.52934916902424,0.197854499228456,index,0.2,2
2011,19868.9558170619,13275.5966808158,29736.9236767216,9.8969137834384,0.20573387766898,index,0.2,2
2012,16510.4879190782,10858.1950613152,25105.1127546247,9.71175108941985,0.21381806689609,index,0.2,2
2013,43214.6557967694,27665.9540074346,67501.9728266522,10.6739349712532,0.227543534350431,index,0.2,2
2014,30611.0850746726,20395.4488534405,45943.5110343638,10.3291174796834,0.207172388555607,index,0.2,2
2015,34872.1964923242,23190.7118092095,52437.8077828704,10.4594451285756,0.208135459300743,index,0.2,2
2016,32863.2478765643,21931.9290521597,49242.9579918851,10.4001102265293,0.206336151123789,index,0.2,2
2017,36733.7690919408,24699.1394459296,54632.2593406146,10.5114517497195,0.202518041702318,index,0.2,2
2018,29606.700690497,19812.6739963379,44242.2222229415,10.2957559893722,0.204941968224923,index,0.2,2
2019,22977.1832167565,13582.8200807779,38869.0231805059,10.0422569684658,0.268217135003287,index,0.2,2
2021,26191.183512503,17594.7527142459,38987.6518827228,10.1731781259616,0.202974204506954,index,0.2,2
2022,36311.1073761335,23702.4768089472,55626.9511202891,10.4998789617713,0.217628556833908,index,0.2,2
2023,33635.2202856181,22548.3332675558,50173.4664925277,10.4233290197357,0.204040785156232,index,0.2,2
2024,20032.2163937431,13308.0643206223,30153.8739201846,9.90509707624479,0.208662816824294,index,0.2,2
2025,40881.0716794264,27626.5404846164,60494.7992887141,10.6184224397841,0.199947673253697,index,0.2,2
2003,19073.2678809675,12553.5856487318,28978.935408458,9.85604304631358,0.213412816152626,index,0.2,2
2004,22146.1116575358,15154.6239547596,32363.0769732168,10.0054172141281,0.193552657709624,index,0.2,2
2005,26084.1969752215,18155.0522921794,37476.3631022556,10.1690849300572,0.184891543290099,index,0.2,2
2006,21089.0512689811,14398.9840415401,30887.4627642234,9.95650928758573,0.194695596547388,index,0.2,2
2007,19109.7656801682,13212.3876695981,27639.4512092031,9.85795477552483,0.188291545212774,index,0.2,2
2008,20712.6365376664,14505.4769141788,29575.9536125365,9.93849925375492,0.18174705313689,index,0.2,2
2009,13360.0023419796,9059.38569599867,19702.1816453333,9.50002062238849,0.198199575445301,index,0.2,2
2010,25486.5975678442,18305.2084620234,35485.34598406,10.1459080074033,0.168863864983515,index,0.2,2
2011,35032.4824573947,24972.7865170685,49144.4887933847,10.4640309802919,0.172701647233333,index,0.2,2
2012,32591.0057714774,22437.4288986082,47339.3659316449,10.3917916327079,0.190465671456784,index,0.2,2
2013,77527.3337837475,53381.949954428,112594.003942301,11.2583858471434,0.190390179673413,index,0.2,2
2014,55095.6820139225,38917.2715882504,77999.665770396,10.9168266257167,0.177367134137669,index,0.2,2
2015,63435.7745503052,44545.4096417887,90336.973554781,11.0577832486413,0.18037007933992,index,0.2,2
2016,61618.7412948102,43483.2531949917,87317.9672581182,11.0287213450483,0.177855403910348,index,0.2,2
2017,66498.1194217754,47497.7083111593,93099.2261282167,11.1049289468723,0.171682850679139,index,0.2,2
2018,53849.7440725845,38194.656255663,75921.4827663989,10.893952929975,0.175259360105779,index,0.2,2
2019,42177.1463510323,26649.1537306114,66753.0268427621,10.6496337976671,0.234249775581461,index,0.2,2
2021,50514.5735823914,35644.3391801359,71588.4261822105,10.8300171594205,0.177896909184357,index,0.2,2
2022,67876.7364114751,46561.7462906464,98949.2816079879,11.1254486393985,0.192306621155888,index,0.2,2
2023,63814.8835234467,45095.3394534319,90305.1048837632,11.0637417261929,0.177149961347264,index,0.2,2
2024,37220.919366962,26317.8856719593,52640.8867258654,10.5246262307768,0.17685130079475,index,0.2,2
2025,75972.3986467776,54162.2910511904,106565.014960128,11.2381253776039,0.17264866703958,index,0.2,2
2003,1326.27863240259,440.29879531213,3995.04842960268,7.19013227868862,0.562601512420599,index,0.2,2
2004,1936.12135830415,685.485759663973,5468.48108984654,7.56844195094636,0.529761890523664,index,0.2,2
2005,2172.99933231353,783.094035178382,6029.83279927475,7.68386367299155,0.520729409442667,index,0.2,2
2006,1764.71113565702,632.006368319236,4927.49052607466,7.47574229345596,0.523909026392824,index,0.2,2
2007,1447.28488766921,498.770482717206,4199.59403905482,7.2774445888487,0.543529657578491,index,0.2,2
2008,1740.39756827909,624.201317894363,4852.57497675517,7.461868853626,0.523170793211637,index,0.2,2
2009,805.501587076313,265.032292291984,2448.1273627881,6.69146517291467,0.567160164888315,index,0.2,2
2010,2431.21601450982,921.058156404656,6417.41378446918,7.79614682866127,0.495225247610696,index,0.2,2
2011,4014.17371225033,1639.16950922405,9830.33816908262,8.29758680501438,0.456968503675384,index,0.2,2
2012,2323.17867680614,801.077808105424,6737.37196281995,7.75069164621634,0.543241392982592,index,0.2,2
2013,8361.33489368504,3107.50796010881,22497.7448495119,9.03137336960996,0.505007741191218,index,0.2,2
2014,5872.26736619085,2330.72374847485,14795.2000071201,8.67799610164723,0.47146885807406,index,0.2,2
2015,6499.10777863725,2525.28565596731,16726.1877160442,8.77942018163701,0.482310247895734,index,0.2,2
2016,5591.79892161743,2062.50639755399,15160.2997289532,8.62905632504421,0.508876241024341,index,0.2,2
2017,6938.44663719854,2751.41670988918,17497.1830200126,8.84483320095473,0.471928047153291,index,0.2,2
2018,5519.95472013027,2157.27819274195,14124.2331261693,8.61612493636255,0.479356933921466,index,0.2,2
2019,4173.20974410057,1392.90529942327,12503.1325356195,8.33644074151407,0.559854039097427,index,0.2,2
2021,4040.52059723818,1456.30202135317,11210.4539150034,8.30412882335589,0.520659150837289,index,0.2,2
2022,6239.07794425526,2342.42456915862,16617.8642877173,8.73858768510139,0.499828507173664,index,0.2,2
2023,5502.63188212313,2042.9451366448,14821.2289635375,8.61298178078684,0.505536861113425,index,0.2,2
2024,3507.8940098022,1294.27697115871,9507.48615498408,8.1627711391822,0.508715288782555,index,0.2,2
2025,7154.94228755864,2718.50358434422,18831.3892367533,8.87555862592848,0.493744670042877,index,0.2,2
2003,12312.4026236013,8098.19651771507,18719.6319617639,9.41836237670603,0.21376194474738,index,0.2,2
2004,14259.2044095928,9739.67671518811,20875.9403766948,9.56515790065821,0.194490663623626,index,0.2,2
2005,16805.8350695899,11685.1570792725,24170.5002739974,9.72948143065862,0.185415009576347,index,0.2,2
2006,13586.7152285549,9277.085641624,19898.3644037516,9.51684777289339,0.19466941570594,index,0.2,2
2007,12326.0450157003,8514.02743266216,17844.8315947656,9.41946978360868,0.188778680669234,index,0.2,2
2008,13343.4832827968,9334.45197913997,19074.343787527,9.49878340103679,0.182307458524847,index,0.2,2
2009,8632.31533913416,5833.08477083452,12774.86459426,9.06326803768107,0.199986724833365,index,0.2,2
2010,16388.0586372224,11732.1722260247,22891.6231984127,9.70430821671884,0.170522575589634,index,0.2,2
2011,22447.329592457,15996.791468295,31498.979456666,10.0189269369843,0.172851895124475,index,0.2,2
2012,21034.0227330788,14443.6501915958,30631.461331922,9.95389653585712,0.191782285270579,index,0.2,2
2013,49739.1873006589,34235.9877460564,72262.7537923162,10.8145483782746,0.190572754471533,index,0.2,2
2014,35355.996209036,24912.2306470016,50178.022419836,10.4732232809582,0.178630388731121,index,0.2,2
2015,40738.6898355045,28552.1605236294,58126.6292664593,10.6149335300959,0.181353150157515,index,0.2,2
2016,39652.6554764409,27904.8131439769,56346.3040666407,10.5879131977445,0.179267952607469,index,0.2,2
2017,42690.7086790044,30542.0132020628,59671.7903125172,10.6617365801999,0.170859304593914,index,0.2,2
2018,34582.1630620918,24491.1048031902,48831.0352539639,10.4510933096838,0.176037953276545,index,0.2,2
2019,27103.3161722113,17156.2503175097,42817.6165499943,10.2074113673597,0.233317313362851,index,0.2,2
2021,32562.5984308462,22917.1291169385,46267.6983298419,10.3909196213194,0.17922763774486,index,0.2,2
2022,43671.1812547251,29930.3506830115,63720.3383408924,10.6844436956838,0.192766490156477,index,0.2,2
2023,41096.4066573658,29063.2958985381,58111.6004889361,10.623675967401,0.176760707045041,index,0.2,2
2024,23938.0469447128,16894.8278764593,33917.4862104229,10.0832243945273,0.177789789005529,index,0.2,2
2025,48861.0125240443,34763.1821096261,68676.0647326855,10.7967350675615,0.173687348288672,index,0.2,2
2003,8087.14388976866,5059.88140401404,12925.5788963628,8.99803090566273,0.239255713521606,index,0.2,2
2004,9823.02860624724,6309.5964331548,15292.878399024,9.19248476584077,0.225849950587491,index,0.2,2
2005,11451.3612379452,7506.37604021756,17469.6382780889,9.34586388732614,0.215491618009705,index,0.2,2
2006,9267.04717608321,5965.55784366011,14395.6635094937,9.13422007233484,0.224729753289446,index,0.2,2
2007,8231.00555213724,5361.75944654436,12635.6754857733,9.01566346751223,0.218685657358919,index,0.2,2
2008,9109.55082314874,5986.79783086633,13861.1522459781,9.1170786831272,0.214170629717037,index,0.2,2
2009,5533.18858992174,3585.35023659676,8539.24273816587,8.61851952688651,0.22138574333058,index,0.2,2
2010,11529.7549451316,7735.33568309373,17185.4531646673,9.35268635936262,0.203642619202099,index,0.2,2
2011,16599.3265771881,10961.2234613045,25137.4897874175,9.71711740588247,0.211737677428251,index,0.2,2
2012,13880.1617152048,9073.00014815306,21234.3090592207,9.53821588494428,0.21692113875522,index,0.2,2
2013,36149.4813767739,22908.0629896224,57044.7621172384,10.49541788106,0.232745938940902,index,0.2,2
2014,25611.9531710773,16888.7455633775,38840.7855856329,10.1508144422393,0.212458856104841,index,0.2,2
2015,29196.1924934377,19179.1514152288,44445.0141541206,10.281793585694,0.214399083228101,index,0.2,2
2016,27557.8847399868,18223.4760875486,41673.5538101479,10.2240439710931,0.211013078592227,index,0.2,2
2017,30745.8573799693,20391.2833093675,46358.4234345445,10.3335105448086,0.209518005578565,index,0.2,2
2018,24787.5357306227,16405.3125767801,37452.6193707851,10.1180962143045,0.210583316119946,index,0.2,2
2019,19247.0399229217,11278.8687782503,32844.4769664224,9.8651125576542409,0.272671501855508,index,0.2,2
2021,21992.495748783,14646.7943367382,33022.2339537506,9.99845657182378,0.207391462870527,index,0.2,2
2022,30444.633101005,19720.388946185,47000.8825477104,10.3236650047631,0.221563588305189,index,0.2,2
2023,28221.108748204,18730.2491309075,42521.109752018,10.2478255140823,0.209152015443394,index,0.2,2
2024,16790.7664320513,11050.3172301247,25513.2799814218,9.72858439715668,0.21345799479702,index,0.2,2
2025,34266.3284102921,22867.8941240047,51346.2786015543,10.4419184719914,0.206345255669971,index,0.2,2
2003,18409.3232306928,12135.3589831075,27926.9185430674,9.8206125125896,0.212623199047158,index,0.2,2
2004,21239.9297497662,14566.3606349834,30970.9904264989,9.9636381679006,0.192436232359787,index,0.2,2
2005,25054.2283520285,17473.3971327806,35924.0022730316,10.1287978887567,0.183862077135103,index,0.2,2
2006,20253.6159393699,13852.7327211689,29612.1326294445,9.91608862150103,0.193805000477994,index,0.2,2
2007,18404.5520364969,12750.5167886755,26565.7887659085,9.82035330628828,0.187261718568832,index,0.2,2
2008,19889.6300940819,13955.1921767111,28347.684522725,9.89795377409247,0.180792534883034,index,0.2,2
2009,12936.8792016553,8786.13375293805,19048.5198819397,9.46783736444332,0.197405319515444,index,0.2,2
2010,24370.768208923,17540.9070527218,33859.9561190247,10.1011396688521,0.167783027379522,index,0.2,2
2011,33224.3049690147,23744.463951365,46488.9181299304,10.4110369644466,0.171397169330415,index,0.2,2
2012,31437.2977557663,21679.2288348783,45587.5851356247,10.3557502936052,0.18961593782471,index,0.2,2
2013,73755.0496879584,50975.4225652945,106714.316051139,11.2085047422033,0.188475839378294,index,0.2,2
2014,52443.8804435884,37131.3226165121,74071.1723195747,10.86749893292,0.176167913222056,index,0.2,2
2015,60488.0684833674,42557.9144163887,85972.4091046992,11.0102014094185,0.179380995136258,index,0.2,2
2016,59024.8839766504,41737.4031245314,83472.7766378291,10.9857143962872,0.176820306820478,index,0.2,2
2017,63358.1895436302,45353.9492389556,88509.6061005998,11.0565594519581,0.170567887621463,index,0.2,2
2018,51346.3153115626,36497.6839873004,72235.9286411646,10.8463484564347,0.174158491672572,index,0.2,2
2019,40274.4701797026,25525.8436838028,63544.7340486929,10.6034730528923,0.232670784141218,index,0.2,2
2021,48577.4573750623,34330.586064397,68736.6466916573,10.7909148622622,0.177106777063272,index,0.2,2
2022,64990.9678052109,44670.0031601609,94556.2032112186,11.0820035823795,0.191302544458082,index,0.2,2
2023,61230.4168010651,43365.6760698701,86454.6406607739,11.0223993515869,0.176011304846149,index,0.2,2
2024,35607.0346843428,25244.7557235165,50222.7445928869,10.4802985008119,0.175475051843194,index,0.2,2
2025,72680.1282813779,51933.2668638637,101715.169601109,11.1938232875248,0.171487050948899,index,0.2,2
2003,1990.22328267724,867.623668808319,4565.3304045416,7.59600211377469,0.423601689091641,index,0.2,2
2004,2842.30326607375,1269.35796088953,6364.38901023018,7.95237001164591,0.411284854715764,index,0.2,2
2005,3202.96795550646,1468.54968310116,6985.80636532304,8.07183314503412,0.39786576108935,index,0.2,2
2006,2600.14646526822,1180.35228745177,5727.74900571631,7.86332305521841,0.40294354378807,index,0.2,2
2007,2152.49853134053,962.770919457614,4812.41158595996,7.6743845539976,0.410501957703015,index,0.2,2
2008,2563.40401186354,1170.16869938536,5615.46393395209,7.8490913463501,0.400103342525193,index,0.2,2
2009,1228.6247274006,544.807708726719,2770.73671425854,7.11365071501321,0.414914670395652,index,0.2,2
2010,3547.04537343108,1668.02655408126,7542.76414268998,8.17387024675019,0.384942657210245,index,0.2,2
2011,5822.35120063027,2809.4751440922,12066.2300838523,8.66945944550755,0.371795853309236,index,0.2,2
2012,3476.88669251729,1571.72633424623,7691.37782399078,8.15389254376254,0.405090440345181,index,0.2,2
2013,12133.6189894743,5405.01350206889,27238.5461618879,9.40373530776813,0.412585683209688,index,0.2,2
2014,8524.06893652514,4064.63648712763,17876.0761176898,9.05064908053038,0.377848518365388,index,0.2,2
2015,9446.81384557508,4470.25546414982,19963.5775961009,9.15343280443844,0.381758018794896,index,0.2,2
2016,8185.6562397773,3787.15037678616,17692.7138902434,9.01013866249569,0.393256984708922,index,0.2,2
2017,10078.3765153437,4841.81315903477,20978.4371781254,9.21814746866806,0.374038974826652,index,0.2,2
2018,8023.38348115214,3807.3716494534,16907.9061390991,8.99011549233694,0.380323885511408,index,0.2,2
2019,6075.88591543041,2479.79153783826,14886.8923431795,8.71208308727711,0.457229477706287,index,0.2,2
2021,5977.63680456722,2773.45244688974,12883.6323865542,8.69578058565649,0.391809440321014,index,0.2,2
2022,9124.84655051949,4247.12476152712,19604.5158185061,9.11875636192787,0.390190259458174,index,0.2,2
2023,8087.09860450484,3782.33287226133,17291.2237097427,8.9980253059861,0.387726025457063,index,0.2,2
2024,5121.77869242139,2343.06233655487,11195.8681443845,8.5412570585674,0.399008870131471,index,0.2,2
2025,10447.2126529581,4924.7968564792,22162.1836183019,9.25409049003937,0.383707144943151,index,0.2,2
2003,23618.2349580658,15263.6981629303,36545.6009795276,10.0697743603743,0.222729470932279,index,0.2,3
2004,36436.2248860885,23660.0759645071,56111.3364953335,10.5033187479306,0.220297109098367,index,0.2,3
2005,34474.1788724296,24123.1474112274,49266.7473554939,10.4479658843192,0.182165976069659,index,0.2,3
2006,28597.002845811,18871.3496755346,43334.927592568,10.2610571957155,0.212073812709692,index,0.2,3
2007,23052.7018559516,15753.229770343,33734.4830619976,10.0455382587333,0.194257432137527,index,0.2,3
2008,18044.7892153911,12592.8035276143,25857.1824069092,9.80061223595525,0.183539829110497,index,0.2,3
2009,20121.4334401268,13957.2282756288,29008.0577382557,9.90954086621501,0.18662998916724,index,0.2,3
2010,27502.2978606875,19726.7152245765,38342.7437871485,10.2220248387343,0.169541758183237,index,0.2,3
2011,29268.2730946923,20581.3467754688,41621.7567922485,10.284259378789,0.179655816808235,index,0.2,3
2012,44846.8532634949,31578.8957125417,63689.3786896629,10.7110087036765,0.178964709138666,index,0.2,3
2013,72255.9862168928,48155.2638765474,108418.626000272,11.1879704567555,0.207036826310705,index,0.2,3
2014,85688.7189368786,61626.1729151498,119146.722986563,11.3584764615792,0.168183966598133,index,0.2,3
2015,64249.7257657821,45301.4634985557,91123.4856929028,11.0705327345115,0.17828802952869,index,0.2,3
2016,66153.3515007932,47295.99915654,92529.3046522383,11.0997308334266,0.171202047384111,index,0.2,3
2017,70120.0117765744,49814.8917546917,98701.7311160543,11.157963506984,0.174439050998034,index,0.2,3
2018,31220.9817266403,21249.9069471842,45870.7749825876,10.3488456390151,0.196298425207283,index,0.2,3
2019,48066.7160259995,30114.3516197837,76721.1998682464,10.7803452420575,0.238569744465429,index,0.2,3
2021,62914.0315990214,44589.6297679951,88768.9669691695,11.0495244956962,0.175650115947239,index,0.2,3
2022,60391.2391448839,42149.5902801992,86527.5733692689,11.0085993261324,0.183482495649661,index,0.2,3
2023,55005.9247737638,38849.9351839169,77880.4841216186,10.9151961815722,0.177418818349907,index,0.2,3
2024,43545.6030296079,30887.2217445428,61391.7159301393,10.6815640134546,0.175241062888295,index,0.2,3
2025,57046.643991889,39872.4112536829,81618.329276154,10.9516245278262,0.182750608791567,index,0.2,3
2003,6125.54779142893,3746.79956100596,10014.5030803318,8.72022346674916,0.250803671116747,index,0.2,3
2004,9217.2950187375,5589.99727766732,15198.3128510388,9.12883689159007,0.255159184753534,index,0.2,3
2005,8587.28165418938,5373.35206163307,13723.5389311092,9.05803751020321,0.239203526748075,index,0.2,3
2006,7225.41878625029,4352.83298682698,11993.7238103764,8.88536047479566,0.258565109027226,index,0.2,3
2007,5892.34096567997,3776.00689430573,9194.81426482248,8.68140864516817,0.227037994367216,index,0.2,3
2008,4591.19393636289,2975.89710618825,7083.2629654642,8.43189538608473,0.221225782046565,index,0.2,3
2009,5291.95246772246,3434.12791330285,8154.83919866558,8.57394254328265,0.220628673210781,index,0.2,3
2010,6796.97022117881,4466.98054799823,10342.2890901762,8.82423223616576,0.214169378996231,index,0.2,3
2011,7800.50795676261,5227.36244603902,11640.2727018907,8.96194413321917,0.204229271020636,index,0.2,3
2012,11576.1214294282,7431.61747517116,18031.9543890116,9.35669975801341,0.226127088207671,index,0.2,3
2013,18333.3942367637,11365.9989447768,29571.8260993734,9.81647949754627,0.243931966250767,index,0.2,3
2014,21465.1130073912,14209.0091673229,32426.6858437734,9.97418424537302,0.2104899670668,index,0.2,3
2015,16843.6863666373,11355.8674752057,24983.540098287802,9.73173116922229,0.201147227618165,index,0.2,3
2016,16677.1380232667,10934.2018647884,25436.4183217383,9.72179407985205,0.215383109985815,index,0.2,3
2017,18130.0666695521,11931.6225707664,27548.584904768,9.80532698104782,0.213462834468354,index,0.2,3
2018,8304.01516583482,5202.62180195584,13254.214989929,9.02449443173286,0.238563802819914,index,0.2,3
2019,12856.7868672395,7589.19952404433,21780.5538022716,9.46162711177017,0.268956835764901,index,0.2,3
2021,16509.0299637323,10981.1530141875,24819.6223102692,9.71166278072,0.208027833157236,index,0.2,3
2022,15784.4760863108,10133.2532666951,24587.3342708402,9.66678220983695,0.226128906424243,index,0.2,3
2023,15305.6553325131,10045.5374191288,23320.1147319007,9.63597766866036,0.214847770166352,index,0.2,3
2024,11311.8647077145,7525.06873054233,17004.2677014081,9.33360742799716,0.207969232093091,index,0.2,3
2025,15355.094985543,10046.4091883121,23468.9765861171,9.63920261882408,0.216448907849027,index,0.2,3
2003,6623.08055860496,4145.45073753443,10581.5263195868,8.79831588187242,0.239060044695623,index,0.2,3
2004,10024.0881061658,6284.07032526753,15990.0092072722,9.212746286059,0.238255957388326,index,0.2,3
2005,9436.57584116083,6529.46570339863,13638.0168992433,9.15234846464699,0.187895323825764,index,0.2,3
2006,8025.11440837,5183.34910849807,12424.8743272647,8.9903312043913,0.223026818586719,index,0.2,3
2007,6451.70383152069,4212.39251175459,9881.43488848833,8.77209953483142,0.217510872830565,index,0.2,3
2008,5185.19637458308,3540.32060146295,7594.3013273655,8.55356299354009,0.194692570444147,index,0.2,3
2009,5439.12462449513,3698.86866013796,7998.14197233103,8.60137341228698,0.19673378234644,index,0.2,3
2010,7497.44491503725,5225.86555545168,10756.4344427838,8.92231756348544,0.184157385887314,index,0.2,3
2011,7497.21520131442,4993.13268553119,11257.108375609,8.92228692408167,0.207385514647231,index,0.2,3
2012,12476.8705450524,8540.08823209522,18228.4180639902,9.43163185287049,0.193424592239706,index,0.2,3
2013,18384.46431681,11916.5380044439,28362.9799267217,9.81926125634107,0.221217735221262,index,0.2,3
2014,22380.4418120411,15844.708843792,31612.0782426626,10.0159427230491,0.176203149185641,index,0.2,3
2015,16261.3165952083,11203.5842480841,23602.3054367458,9.69654435123882,0.190082739244239,index,0.2,3
2016,18168.4511677052,12631.7805165208,26131.9152435848,9.807441916574,0.185447660698228,index,0.2,3
2017,18710.2445179121,13052.350673893,26820.705225172,9.83682648801823,0.183729377713736,index,0.2,3
2018,8898.55831184975,5903.32298189518,13413.5198552137,9.09364455516624,0.209378269083694,index,0.2,3
2019,13896.2619160842,8516.17617624196,22675.2114146169,9.53937515605104,0.249827265418536,index,0.2,3
2021,17492.4988958975,12072.9163439366,25344.9546825239,9.76952743350143,0.189190991418208,index,0.2,3
2022,16602.86628771,11290.1277938647,24415.5933396408,9.71733062737358,0.196762111001682,index,0.2,3
2023,15462.143318259,10587.9023931596,22580.2871160616,9.64614994890091,0.193208960578908,index,0.2,3
2024,12209.4744559721,8410.07549912828,17725.3184595652,9.4099675240794909,0.190198287718065,index,0.2,3
2025,14995.2388766769,9927.65290305157,22649.5820476849,9.61548802147816,0.210416446360726,index,0.2,3
2003,10869.6066080318,6728.58951560363,17559.1552344488,9.29372578884691,0.244700909603663,index,0.2,3
2004,17194.8417611853,10794.310792567,27390.5938854193,9.75236472021776,0.237550397885117,index,0.2,3
2005,16450.3213770795,11081.0908269543,24421.158316918,9.70810029260326,0.2015878302756,index,0.2,3
2006,13346.4696511907,8497.19644577873,20963.1792423306,9.4990071832528,0.230369347931963,index,0.2,3
2007,10708.6570587509,7021.39587911786,16332.2703884265,9.27880776423986,0.21535622446989,index,0.2,3
2008,8268.39890444512,5473.52933637978,12490.3725259372,9.02019616642605,0.210471858380252,index,0.2,3
2009,9390.35634790921,6193.80960792454,14236.6003998412,9.14743852120633,0.212316605087576,index,0.2,3
2010,13207.8827244714,9024.57304767208,19330.351158096,9.48856910643209,0.194321240130644,index,0.2,3
2011,13970.5499366153,9386.1524157674,20794.06522353,9.54470681701774,0.202920097156798,index,0.2,3
2012,20793.8612890142,14077.261445775,30715.1123797971,9.94241309179402,0.199032729002354,index,0.2,3
2013,35538.1276633189,22771.6570616844,55461.8627179049,10.4783614178031,0.227090646055154,index,0.2,3
2014,41843.1641174471,28580.5306022361,61260.2476744301,10.6416837201014,0.19449474903016,index,0.2,3
2015,31144.7228039364,20668.6500399503,46930.6779426398,10.34640009747,0.209201169141323,index,0.2,3
2016,31307.7623098213,21373.3923890186,45859.6353357489,10.3516213429009,0.194758304135077,index,0.2,3
2017,33279.70058911,22450.1970223613,49333.129245933,10.4127028981732,0.200844623725052,index,0.2,3
2018,14018.4082489559,9147.7711476353,21482.3662138941,9.5481266198318,0.217790268099105,index,0.2,3
2019,21313.6672426757,12704.6136185874,35756.4916942367,9.96710380051094,0.263975930711137,index,0.2,3
2021,28912.5027393914,19331.39842518,43242.231951853,10.2720294012873,0.205383104009461,index,0.2,3
2022,28003.8967708631,18744.7498290319,41836.6871527171,10.240098949862,0.204814971069903,index,0.2,3
2023,24238.1261229916,16120.4326121564,36443.6099258915,10.0956821320379,0.208085088589384,index,0.2,3
2024,20024.2638659215,13472.5252649211,29762.1370520693,9.90470001050788,0.202193656889723,index,0.2,3
2025,26696.310129669,17950.0451891097,39704.244030085,10.1922806374475,0.202520418316906,index,0.2,3
2003,22293.9587941671,14494.2908033583,34290.7842445702,10.0120710146554,0.2196779659613,index,0.2,3
2004,34253.734995759,22395.495283372,52390.819953459,10.4415508887158,0.216807950487568,index,0.2,3
2005,32368.7115594083,22792.5291573366,45968.2855195086,10.384947542588,0.178962191471474,index,0.2,3
2006,27126.9628449353,17975.8264896297,40936.7610226448,10.2082834511716,0.209952985327122,index,0.2,3
2007,21869.5876590197,15018.713215268,31845.5288093078,9.99285225931016,0.191738221746187,index,0.2,3
2008,17060.8985029948,11942.5731980304,24372.8259314748,9.74454448689179,0.181982738078315,index,0.2,3
2009,18858.7106682554,13140.9240538461,27064.3804508464,9.84473019055552,0.184311334344091,index,0.2,3
2010,25345.5920627479,18298.6400509492,35106.3814153723,10.1403601107736,0.166216364908228,index,0.2,3
2011,27156.6854242099,19207.9383797795,38394.8317954755,10.2093785353523,0.176686718856939,index,0.2,3
2012,42065.635391366,29760.5016906387,59458.5971457581,10.6469864248599,0.176558896439023,index,0.2,3
2013,66749.8289290607,44830.7543435111,99385.7838732479,11.1087070133987,0.203094216410976,index,0.2,3
2014,79297.6634471723,57282.8352444805,109773.187750634,11.2809639424621,0.165925316298944,index,0.2,3
2015,59266.3392664582,42148.4768741527,83336.3203262263,10.9897967891906,0.173902666042109,index,0.2,3
2016,61400.0553577906,44205.5910855703,85282.578636763,11.0251660157275,0.167635458153588,index,0.2,3
2017,65277.2902010834,46650.674071836,91341.1156596554,11.0863994783763,0.171409691860761,index,0.2,3
2018,29561.708870019,20199.5514874437,43263.0710567501,10.2942351836083,0.194299235629482,index,0.2,3
2019,45305.1691871156,28575.0023176993,71830.5577809812,10.7211764150519,0.235151691008103,index,0.2,3
2021,59111.2016551182,42038.9805355615,83116.5293876784,10.9871757227459,0.173892556498553,index,0.2,3
2022,56580.9234173433,39782.2320204809,80473.1341647977,10.9434271652834,0.179723458245093,index,0.2,3
2023,52103.5136439701,36967.7694555938,73436.297997595,10.8609876658508,0.17509808973562,index,0.2,3
2024,40900.9611111768,29227.9960123641,57235.8303015481,10.6189088408056,0.17144526479928,index,0.2,3
2025,53739.031591099,37804.8646933324,76389.203870328,10.8918948617447,0.179442987524763,index,0.2,3
2003,1324.27616389874,446.249818429863,3929.8780320871,7.18862129775164,0.554980795625687,index,0.2,3
2004,2182.48989032964,751.53870775077,6338.01302882554,7.68822165555166,0.543938025787525,index,0.2,3
2005,2105.46731302129,775.688815716567,5714.91107823434,7.6522927229131,0.509469205407374,index,0.2,3
2006,1470.04000087576,489.343552944448,4416.15627951297,7.29304489088267,0.561224642139878,index,0.2,3
2007,1183.11419693186,399.141153153308,3506.92779214393,7.07590539096098,0.554392977575798,index,0.2,3
2008,983.890712396209,363.616896517775,2662.2550910315,6.89151482624612,0.507873615435441,index,0.2,3
2009,1262.72277187147,482.197224584598,3306.67352964623,7.14102559855102,0.491168407250808,index,0.2,3
2010,2156.70579793966,919.026602971763,5061.20267229027,7.67633724299283,0.435223391881719,index,0.2,3
2011,2111.58767048244,865.356573973908,5152.56094913297,7.6551953939868,0.455137826401458,index,0.2,3
2012,2781.21787212886,1069.07685667715,7235.37583283867,7.93064419425371,0.487811713629416,index,0.2,3
2013,5506.15728783196,2184.845770007,13876.3882075978,8.61362225191857,0.471601386546011,index,0.2,3
2014,6391.05548970668,2728.93229894769,14967.6084995808,8.76265471208899,0.434186039339657,index,0.2,3
2015,4983.38649932409,2060.9058880901,12050.1091996297,8.5138649588545,0.450500136327955,index,0.2,3
2016,4753.29614300284,1943.28656657996,11626.6044399459,8.46659358121687,0.456364332768411,index,0.2,3
2017,4842.72157549098,1968.11127121168,11915.968675535,8.48523215065996,0.459397489698037,index,0.2,3
2018,1659.27285662148,576.231282356588,4777.91903532416,7.41413474720401,0.539614831483539,index,0.2,3
2019,2761.54683888386,917.2388826762,8314.23644089193,7.92354625058935,0.562346204521076,index,0.2,3
2021,3802.8299439031,1446.04215533927,10000.7565677455,8.24350079062635,0.493333164736422,index,0.2,3
2022,3810.31572754051,1420.67950886203,10219.4096930222,8.24546733280824,0.50336474398765,index,0.2,3
2023,2902.41112979375,997.029213753891,8449.09080911849,7.97329709459984,0.545171764296054,index,0.2,3
2024,2644.64191843119,972.265900168742,7193.64000682275,7.88029095457231,0.510551028269523,index,0.2,3
2025,3307.61240079006,1197.15243577277,9138.60212529921,8.10398187902167,0.518520157210537,index,0.2,3
2003,14630.4781729912,9457.46446379935,22633.0104003775,9.59086217789503,0.222607447023926,index,0.2,3
2004,22285.8927009447,14387.8099110352,34519.5701464675,10.0117091429559,0.223255403319378,index,0.2,3
2005,21294.6549704858,14910.4741777975,30412.3346383757,9.96621137985394,0.181836081041716,index,0.2,3
2006,17733.9777330335,11625.9919526844,27050.9361709228,9.78323772433036,0.215432105682825,index,0.2,3
2007,14136.987352853,9570.3712249936,20882.6185229676,9.55654985825342,0.199045792241869,index,0.2,3
2008,11201.9128323641,7794.65182756109,16098.5832183279,9.32383983130441,0.185027235089474,index,0.2,3
2009,12373.4212811354,8601.07129143356,17800.2889422553,9.42330600605715,0.185546247620255,index,0.2,3
2010,16576.7174830092,11862.1178773799,23165.1350418208,9.71575442857041,0.17074252459012,index,0.2,3
2011,17746.7950330744,12417.5051174432,25363.286019793,9.78396021708343,0.182196081562385,index,0.2,3
2012,27676.0018830304,19307.0351089368,39672.6413925126,10.2283209586571,0.183725894764884,index,0.2,3
2013,42907.4130900209,28648.6891810292,64262.8389188856,10.6667998892892,0.206094052861626,index,0.2,3
2014,50928.1671688696,36515.8390773637,71028.8542373427,10.8381714319715,0.169732730717435,index,0.2,3
2015,38576.4787502235,27464.3029952842,54184.6888676536,10.5603980109159,0.173347901321836,index,0.2,3
2016,39880.5764771246,28322.9149468901,56154.5442314163,10.5936446792653,0.174604334844018,index,0.2,3
2017,41953.4311392664,29749.8928969251,59162.914987808,10.6443154997131,0.175378063862666,index,0.2,3
2018,19590.3888904822,13264.7234928825,28932.6300006372,9.88279436222099,0.19894801323181,index,0.2,3
2019,30347.3497840543,19012.9821509222,48438.5685320317,10.3204644708974,0.238569268955638,index,0.2,3
2021,39022.2990264283,27701.8286644276,54968.9278550543,10.5718885316221,0.174816898454244,index,0.2,3
2022,37419.8611760414,25932.5015777901,53995.79389724,10.5299568899345,0.187097591934796,index,0.2,3
2023,35029.2407224058,24807.1118438148,49463.5455071806,10.4639384408897,0.176050572700651,index,0.2,3
2024,26771.0516861203,18996.0086248524,37728.4103484395,10.195076421739,0.175050287016074,index,0.2,3
2025,34890.9268792849,24083.9962319049,50547.1254343954,10.4599820995856,0.189125545357735,index,0.2,3
2003,8987.75678507463,5469.65779790421,14768.7067477251,9.10361857297855,0.25339610484432,index,0.2,3
2004,14150.3321851439,8742.67082171172,22902.8296996679,9.55749337877773,0.245679193393359,index,0.2,3
2005,13179.5239019438,8611.33867397006,20171.0624629083,9.48641968463803,0.217139000351211,index,0.2,3
2006,10863.025112777501,6800.90074944228,17351.4243110388,9.29312011020292,0.238937943937686,index,0.2,3
2007,8915.71450309855,5769.63354744331,13777.2987568658,9.09557067325492,0.222048379040453,index,0.2,3
2008,6842.87638302694,4480.7030873236,10450.3593031774,8.83096344605558,0.216038762531056,index,0.2,3
2009,7748.0121589915,5014.85834261522,11970.7653366284,8.95519159383277,0.221958742101332,index,0.2,3
2010,10925.5803776782,7340.19040601637,16262.2902113367,9.29886214236771,0.202933361714187,index,0.2,3
2011,11521.4780616179,7634.21055533195,17388.1052614707,9.35196822997952,0.209990295251364,index,0.2,3
2012,17170.8513804645,11451.0645570315,25747.6617707964,9.7509685380125,0.206703062981952,index,0.2,3
2013,29348.5731268719,18342.648644623,46958.2534818843,10.286999208295,0.239808005458499,index,0.2,3
2014,34760.5517680098,23439.0803468896,51550.4849735637,10.4562384529015,0.201064125380051,index,0.2,3
2015,25673.2470155585,16717.0209961587,39427.8150678481,10.1532047565382,0.218892826217211,index,0.2,3
2016,26272.7750236685,17720.091648434,38953.4501930922,10.1762885118044,0.200939465588,index,0.2,3
2017,28166.5806373077,18736.6442233362,42342.4950242608,10.2458914703757,0.207991067230509,index,0.2,3
2018,11630.5928361584,7467.01705324526,18115.7601162445,9.36139421894771,0.226097697506308,index,0.2,3
2019,17719.3662419449,10433.4848719158,30093.1034904089,9.78241345839222,0.270228356413951,index,0.2,3
2021,23891.7325725928,15730.9492969482,36286.1054692375,10.0812877606116,0.213219436795917,index,0.2,3
2022,22971.3779688423,15132.2348749528,34871.5315449436,10.0420042838204,0.212974207557681,index,0.2,3
2023,19976.6840513577,13054.8755078408,30568.4956894524,9.90232107503359,0.217046911717146,index,0.2,3
2024,16774.5513434878,11105.0040975986,25338.6284509481,9.72761821593752,0.210446270378298,index,0.2,3
2025,22155.7171126038,14766.6681576447,33242.150194836,10.0058508510901,0.20700537660696,index,0.2,3
2003,21643.1468686267,14080.4065902912,33267.917611125,9.98244414145587,0.219343129976083,index,0.2,3
2004,33229.3599498865,21748.4888603345,50770.9004414082,10.41118909995,0.216274149359981,index,0.2,3
2005,31423.5897285389,22150.6362512619,44578.4933771952,10.355314155078,0.178417898549985,index,0.2,3
2006,26429.019227738,17515.6595690314,39878.2046766379,10.1822178986139,0.209885135418262,index,0.2,3
2007,21287.5383210864,14622.9822653364,30989.5259085372,9.9658771251378,0.191599146862488,index,0.2,3
2008,16613.8631259583,11633.4807364421,23726.3854405533,9.71799275388899,0.181814699914575,index,0.2,3
2009,18336.7112346466,12779.3151058151,26310.876296478,9.81666040773725,0.184226483335503,index,0.2,3
2010,24395.874689215,17619.8490738822,33777.7411915566,10.1021693268732,0.166017332767476,index,0.2,3
2011,26171.3575974004,18515.3459492236,36993.0953690731,10.1724208702735,0.176567373187382,index,0.2,3
2012,40733.4135931961,28824.196439735,57563.1305602364,10.6148040074226,0.17644892589914,index,0.2,3
2013,63972.7809863635,42949.246599516,95287.2758232588,11.0662129747893,0.203288729799098,index,0.2,3
2014,76282.7570236194,55101.2226027958,105606.713322352,11.2422022025276,0.165959691810688,index,0.2,3
2015,56924.0827951145,40502.5613143831,80003.6120410577,10.9494737782877,0.17365282604526,index,0.2,3
2016,59106.181472634,42534.1628566025,82134.9346889437,10.9870907913703,0.167874476282663,index,0.2,3
2017,62854.2837597143,44877.5674798482,88031.9769720293,11.0485743701637,0.171881235895894,index,0.2,3
2018,28727.181706846,19638.2738410005,42022.5817961251,10.2655990513331,0.194066506454637,index,0.2,3
2019,44060.5857873248,27814.1637799515,69796.6415701313,10.6933209154864,0.234708525612706,index,0.2,3
2021,57330.3871448041,40773.7828342659,80609.9670352625,10.9565860787979,0.17387641060078,index,0.2,3
2022,54833.1210807805,38565.980995441,77961.7447774754,10.9120496896447,0.179556281095664,index,0.2,3
2023,50809.8166202514,36091.3255217987,71530.6913131883,10.8358448554542,0.174511895606418,index,0.2,3
2024,39648.2358475589,28381.3906363443,55387.7935709966,10.5878017329473,0.170570880635986,index,0.2,3
2025,52126.7806283097,36729.5996571609,73978.5155306521,10.8614341192526,0.178623629247401,index,0.2,3
2003,1975.08808943907,859.6811613503,4537.69738878171,7.5883682785882,0.424398972256531,index,0.2,3
2004,3206.8649362021,1395.12864918778,7371.35082490752,8.07304908349668,0.424654319374494,index,0.2,3
2005,3050.58914389064,1411.0317447175,6595.24079430725,8.02309001287945,0.393381495442454,index,0.2,3
2006,2167.98361807305,952.501248782214,4934.53732920804,7.68155280629162,0.419630868078011,index,0.2,3
2007,1765.16353486517,793.400503213748,3927.14939327214,7.47599861938979,0.408002638501379,index,0.2,3
2008,1430.92608943274,673.064722009102,3042.12864894676,7.26607712862979,0.384821170263355,index,0.2,3
2009,1784.7222054803,840.051761200359,3791.71081813227,7.48701805492067,0.384473669133258,index,0.2,3
2010,3106.42317147255,1575.25391956262,6125.91075027507,8.04122723765842,0.346463244212356,index,0.2,3
2011,3096.91549729183,1535.05506877207,6247.90979325471,8.03816189425766,0.358088396008474,index,0.2,3
2012,4113.43967029878,1987.28989121785,8514.3018117093,8.32201486023154,0.371174031839428,index,0.2,3
2013,8283.20523052912,3982.07062756959,17230.1034582456,9.02198527760981,0.3736946506225,index,0.2,3
2014,9405.96191325968,4840.44542085682,18277.6814572637,9.1490990133005,0.338953671578561,index,0.2,3
2015,7325.64297066767,3639.22966919053,14746.2649549209,8.89913620759859,0.356949874704915,index,0.2,3
2016,7047.17002815909,3538.71583065852,14034.0755749642,8.86038140077245,0.351466774692029,index,0.2,3
2017,7265.72801686005,3666.83554768969,14396.8287992207,8.89092377977391,0.348904094491219,index,0.2,3
2018,2493.80001979446,1139.69880265235,5456.73867889803,7.82156293849996,0.399519402599635,index,0.2,3
2019,4006.13023867468,1670.00183986242,9610.21665134558,8.29558102659961,0.446437294959136,index,0.2,3
2021,5583.64445421701,2701.20143566892,11541.932778289,8.62759697017597,0.370488971588332,index,0.2,3
2022,5558.1180641032,2601.84851722363,11873.3570421214,8.62301485226885,0.387271102276199,index,0.2,3
2023,4196.10815351237,1881.1020696731,9360.11071373328,8.34191274456827,0.409344079560724,index,0.2,3
2024,3897.36718204921,1809.88849153166,8392.48993669207,8.26805652262176,0.391352092792794,index,0.2,3
2025,4919.86336357939,2269.70823223406,10664.3907672952,8.50103603747051,0.394716164895777,index,0.2,3
2003,23093.7743091215,17094.21324301,31199.0030929748,10.0473183497578,0.153483979172025,index,0.4,1
2004,29731.1234502245,22233.8428561245,39756.496766325,10.2999497037149,0.148257236340512,index,0.4,1
2005,26069.6681046551,20102.11015037,33808.7688308861,10.1685277759165,0.132628817072454,index,0.4,1
2006,19356.6962465848,14594.7505284008,25672.3599936454,9.87079369784826,0.144072294125338,index,0.4,1
2007,19997.6108945777,15077.3577736027,26523.5094567486,9.90336809012967,0.144093809936934,index,0.4,1
2008,23627.4053633797,18214.7917032851,30648.4034129679,10.0701625615022,0.132743912452844,index,0.4,1
2009,18346.8779345816,13982.0821655255,24074.234864417,9.81721469920248,0.138616197934851,index,0.4,1
2010,30722.4780273081,23943.6713469272,39420.4649095955,10.3327498489598,0.127191380756477,index,0.4,1
2011,38073.6835434962,29691.1900750247,48822.7442183144,10.5472786018142,0.126876286227205,index,0.4,1
2012,42119.0779357962,32664.6857269075,54309.9278833818,10.6482560746454,0.129699448825465,index,0.4,1
2013,62041.2243522375,46359.50211608,83027.4990763886,11.0355543519803,0.148662320531238,index,0.4,1
2014,68592.173363727,53249.3722579735,88355.7128892738,11.1359337162973,0.129182180578298,index,0.4,1
2015,58907.885876009,45673.6293632689,75976.8616323627,10.9837302465183,0.129825790778047,index,0.4,1
2016,79572.3712133262,61041.7640892138,103728.362949298,11.284422216271,0.135262000872092,index,0.4,1
2017,83260.5025213825,64672.4466751288,107191.1089886,11.3297295562986,0.128899832514377,index,0.4,1
2018,52084.3364229996,39781.2946880138,68192.3029881069,10.8606195380667,0.1374859140828,index,0.4,1
2019,66778.1400899723,47005.9785412486,94867.0814280108,11.1091310618066,0.179136447898105,index,0.4,1
2021,62784.1754649412,48296.6907930328,81617.4488166211,11.0474583376609,0.133849405416886,index,0.4,1
2022,60660.3548088511,46375.7778724247,79344.8393611455,11.0130456303658,0.136998975075733,index,0.4,1
2023,62813.7767236585,48268.3310097392,81742.4274622947,11.0479297029778,0.134389587328283,index,0.4,1
2024,48280.977424442,37439.61349779,62261.6678774494,10.7847929199204,0.129751523309058,index,0.4,1
2025,75775.1451493248,58837.5724136088,97588.5371686951,11.2355256174547,0.129078749917114,index,0.4,1
2003,5280.38211955111,3646.49435675061,7646.36733273906,8.5717537452087509,0.188897455915368,index,0.4,1
2004,6635.14404130589,4733.59515272892,9300.57071388891,8.80013565584579,0.172296731552823,index,0.4,1
2005,5106.57984994598,3533.72352903981,7379.51272915797,8.53828515381864,0.187849235312925,index,0.4,1
2006,4107.41987033699,2822.51026949743,5977.26717722205,8.3205503415865,0.191415969930263,index,0.4,1
2007,4504.08832788782,3166.2475167284,6407.20965693078,8.41274078061476,0.179818795841863,index,0.4,1
2008,5156.36139069054,3689.45538786752,7206.5006881061,8.54798645289266,0.170795137438782,index,0.4,1
2009,4207.5251522376,2953.99626393305,5992.9892677458,8.34462990400018,0.180470512952367,index,0.4,1
2010,7189.16380046962,5236.42320445353,9870.11059496222,8.88033014359975,0.161705111128722,index,0.4,1
2011,8782.34499467459,6428.6558085144,11997.7777474619,9.08049873464459,0.159175368387135,index,0.4,1
2012,8912.38188845103,6395.96949747923,12418.8445484136,9.09519681228703,0.169275308098024,index,0.4,1
2013,14120.1741961031,9974.5423748411,19988.8187182594,9.55535984780563,0.177334117897291,index,0.4,1
2014,16043.9916420104,11638.7493132941,22116.6089998072,9.68308970594805,0.163775681736481,index,0.4,1
2015,14368.342518683,10581.8000037709,19509.8439453235,9.57278262925303,0.156070115595462,index,0.4,1
2016,18491.0843689233,13219.964575389,25863.9271829196,9.82504396889861,0.171207500630621,index,0.4,1
2017,18055.2522098178,12798.0146182782,25472.0862636419,9.80119190258756,0.175588212524281,index,0.4,1
2018,11858.2844219047,8311.75907115284,16918.0685131774,9.38078200963531,0.181307139184343,index,0.4,1
2019,17081.3453713033,11347.2600676953,25713.0230516525,9.74574223305213,0.208682734090351,index,0.4,1
2021,15585.7338702733,10970.452615855,22142.6689290754,9.65411127933622,0.179161693922091,index,0.4,1
2022,14479.7431698853,10157.6602393303,20640.8717485968,9.58050592889603,0.18088216338954,index,0.4,1
2023,16585.0238152316,11910.4290652087,23094.2994115367,9.71625538733017,0.168924379537094,index,0.4,1
2024,12791.6906584282,9085.01447547272,18010.6867570406,9.45655107179708,0.174579482240182,index,0.4,1
2025,19721.2378393955,14165.1338251861,27456.657079122,9.88945139694705,0.16883602950975,index,0.4,1
2003,6164.03723208075,4341.72160789463,8751.21862474786,8.72648723666848,0.178809920564851,index,0.4,1
2004,7185.87346289734,5068.74427410561,10187.2918877691,8.87987235868143,0.178076726520305,index,0.4,1
2005,7536.1193190292,5641.92799750038,10066.2565023529,8.92746264933537,0.147697366897252,index,0.4,1
2006,5496.55158828906,4004.99049606335,7543.60825385715,8.61187619063649,0.16152322524897,index,0.4,1
2007,5492.25400025618,4040.80917484414,7465.05283919861,8.61109401495463,0.156581332959533,index,0.4,1
2008,6549.44978670967,4823.84503632323,8892.34463081473,8.78713632307187,0.156028228617936,index,0.4,1
2009,4836.81219278796,3518.89461634684,6648.32418669864,8.48401114485975,0.162303469625618,index,0.4,1
2010,8122.81059876709,6112.92331107559,10793.5350512084,9.00243150611866,0.145038951547082,index,0.4,1
2011,9586.08022200465,7214.38245946442,12737.4636067646,9.16806734834768,0.145020762753132,index,0.4,1
2012,11731.8366519249,8737.77157185303,15751.8413128142,9.37006150670727,0.150334925431023,index,0.4,1
2013,14919.5739352145,10749.578775069,20707.2008183785,9.61042931672899,0.167251781278179,index,0.4,1
2014,15846.955788827,11909.9207036497,21085.4475039522,9.67073269706241,0.145719867789394,index,0.4,1
2015,14926.9191766746,10991.8622558893,20270.7158186588,9.61092151804596,0.156130948008067,index,0.4,1
2016,20991.2187770544,15654.2494493688,28147.7094875301,9.95185947578142,0.149677131148172,index,0.4,1
2017,20783.1791418549,15752.4600588466,27420.5129629801,9.94189924341599,0.141404341780196,index,0.4,1
2018,13294.2385857909,9909.00311015481,17835.9798267507,9.49508603131809,0.149945103943577,index,0.4,1
2019,15673.4320777049,10722.2979069528,22910.8046825612,9.65972233355742,0.193698235226007,index,0.4,1
2021,16268.1863989029,12243.1581736001,21616.4722334571,9.69696672497124,0.145025206437294,index,0.4,1
2022,17023.758091525,12717.539448426,22788.0826109512,9.74236518219108,0.148792429809063,index,0.4,1
2023,15334.9672386366,11345.7439484119,20726.8224348546,9.63789094016763,0.153723727822014,index,0.4,1
2024,11524.4768345523,8542.10941605864,15548.0994027601,9.35222847286942,0.152791181229422,index,0.4,1
2025,17531.0830684197,13213.8615442764,23258.8235106002,9.7717307597158,0.144241979632187,index,0.4,1
2003,11649.3549574895,8137.78747030854,16676.2122285359,9.36300608900512,0.183030136946131,index,0.4,1
2004,15910.1059460213,11186.5870463268,22628.1233199485,9.67470978039334,0.179717091087438,index,0.4,1
2005,13426.9689356799,9696.45655755972,18592.7192814737,9.50502057049886,0.16607691705501,index,0.4,1
2006,9752.72478795872,6939.3162192923,13706.7742388262,9.18530199038037,0.173647817968977,index,0.4,1
2007,10001.2685664338,7021.41057424928,14245.7661292129,9.21046722057394,0.180486891609588,index,0.4,1
2008,11921.5941859795,8616.61798117986,16494.2217753651,9.3861066721114,0.165645253470459,index,0.4,1
2009,9302.54058955597,6692.62849874702,12930.235323317,9.13804282350671,0.168003519699033,index,0.4,1
2010,15410.5036280712,11081.9194457172,21429.8274982116,9.64280460967962,0.168234942993693,index,0.4,1
2011,19705.258326817,14175.0695665435,27392.9664968322,9.88864079925223,0.16806470199143,index,0.4,1
2012,21474.8593954203,15573.3266102494,29612.7858610219,9.97463819946992,0.163943472877789,index,0.4,1
2013,33001.47622092,23021.6897190766,47307.4498896354,10.4043075734154,0.183735769868757,index,0.4,1
2014,36701.2259328893,26594.254781765,50649.2848184856,10.5105654376507,0.164347383114118,index,0.4,1
2015,29612.6241806513,21272.7656323608,41222.0736137156,10.2959560419796,0.168764895589016,index,0.4,1
2016,40090.0680673482,28564.6401114191,56265.8430624551,10.5988839034986,0.172941459143223,index,0.4,1
2017,44422.0711697102,32227.1387186639,61231.6353689808,10.7014917233247,0.16374154420436,index,0.4,1
2018,26931.8134153042,19250.4395491992,37678.2344103375,10.2010635216486,0.171316591078853,index,0.4,1
2019,34023.3626409638,22344.7777407092,51805.805313049,10.434802704127,0.21452169164227,index,0.4,1
2021,30930.255195765,22149.9498651059,43191.099406607,10.3394901163973,0.170360071402674,index,0.4,1
2022,29156.8535474407,20587.760972539,41292.5966024592,10.2804452772636,0.177550827128071,index,0.4,1
2023,30893.7856697902,22109.5180183045,43168.1048958534,10.3383103316503,0.170690308565784,index,0.4,1
2024,23964.8099314614,17313.9812269365,33170.4249602383,10.0843417804737,0.165856192018526,index,0.4,1
2025,38522.8242415094,27632.7200515211,53704.737889549,10.559006182059,0.169518586067114,index,0.4,1
2003,21423.7867926264,15938.2507770744,28797.3032270336,9.97225711608095,0.150910889200839,index,0.4,1
2004,27109.7736738687,20472.3890907945,35899.0748656127,10.2076495940207,0.143276719663511,index,0.4,1
2005,24322.2187246674,18855.0134963076,31374.6963801647,10.0991455623739,0.129906181386724,index,0.4,1
2006,18511.2456278201,14001.6049719987,24473.3525462814,9.82613369816127,0.142454890742857,index,0.4,1
2007,18929.7649948607,14324.6955286131,25015.2613746582,9.8484908296974,0.142222278106213,index,0.4,1
2008,22127.6712011977,17127.8647339421,28586.974523334,10.0045841948461,0.130677024676194,index,0.4,1
2009,17223.8584627548,13169.9728571191,22525.5817581011,9.75405082156703,0.136918887240504,index,0.4,1
2010,27979.2649990406,22006.4203934555,35573.2216276006,10.2392189790768,0.12251727845007,index,0.4,1
2011,34257.8391776611,27038.199988589,43405.2394618648,10.4416706986007,0.12074953468313,index,0.4,1
2012,38745.9262537517,30252.5165573651,49623.8651225755,10.5647809003196,0.126250405769548,index,0.4,1
2013,56746.5448021109,42768.1187241045,75293.7104330256,10.9463500489458,0.144289301639457,index,0.4,1
2014,62061.8404810248,48643.1683476586,79182.1786024259,11.0358865940406,0.124298172169042,index,0.4,1
2015,53394.8621158094,41847.0769703856,68129.2818225729,10.8854698052596,0.124335232225946,index,0.4,1
2016,73520.9515910602,56757.8551224597,95234.9293537005,11.205325700241,0.132031180298393,index,0.4,1
2017,76469.8617447862,59851.89471927,97701.8318750735,11.2446519780699,0.125014342977028,index,0.4,1
2018,48422.9303658767,37148.0066822818,63119.9462537224,10.7877287484022,0.135238890976768,index,0.4,1
2019,61138.011847692,43365.6217319724,86194.0021473899,11.0208890768869,0.17524138167669,index,0.4,1
2021,58232.6183136394,45050.7089394797,75271.5754199888,10.9722009288493,0.130949819096518,index,0.4,1
2022,56312.2517624163,43313.100837121,73212.7147968132,10.9386674061264,0.133909082115415,index,0.4,1
2023,59028.4252603759,45577.9219341284,76448.3074448975,10.9857743909413,0.131938996245379,index,0.4,1
2024,43732.0034830181,34271.7239446269,55803.6745314807,10.685835458199,0.124369397470401,index,0.4,1
2025,69148.8735285754,54164.283281251,88278.9620872924,11.144017046701,0.124614563570203,index,0.4,1
2003,1669.98751649511,487.500763773961,5720.72602237522,7.42057143023023,0.628215407420706,index,0.4,1
2004,2621.34977635579,758.518495079437,9059.07330483871,7.87144464590974,0.632704209589223,index,0.4,1
2005,1747.44937998766,503.45450823177,6065.2537333393,7.4659125065855,0.634919396174374,index,0.4,1
2006,845.450618764691,226.252276894354,3159.24665413804,6.73986976186032,0.67257313201029,index,0.4,1
2007,1067.84589971706,304.803152016013,3741.08619940598,6.9733987204551,0.63967122116808,index,0.4,1
2008,1499.73416218201,437.780411560622,5137.74142885403,7.31304314617207,0.628238944537611,index,0.4,1
2009,1123.01947182682,334.515038764555,3770.15257299045,7.02377629370372,0.617916689164513,index,0.4,1
2010,2743.21302826744,798.475708309366,9424.47921726959,7.91688515043294,0.629695552892592,index,0.4,1
2011,3815.84436583506,1101.39641329944,13220.1885247255,8.24691724710204,0.633982632626183,index,0.4,1
2012,3373.15168204445,984.549094941054,11556.7139602729,8.12360280352712,0.62828656470791,index,0.4,1
2013,5294.67955012663,1522.66005411294,18410.9588104094,8.57445773687017,0.63585026397807,index,0.4,1
2014,6530.33288270234,2051.60854443511,20786.2497329603,8.7842131984141,0.590742374489494,index,0.4,1
2015,5513.02376019955,1605.76767500747,18927.6639787779,8.61486852842976,0.62935406709516994,index,0.4,1
2016,6051.41962226593,1775.29016645843,20627.4332706966,8.7080481718077,0.625689563109654,index,0.4,1
2017,6790.64077659662,1925.40924867506,23949.6108105373,8.8233005867329,0.643076493157071,index,0.4,1
2018,3661.40605712282,1111.76616550949,12058.1959867363,8.20560252123434,0.608122067932414,index,0.4,1
2019,5640.12824228015,1555.99087575277,20444.237228561,8.63766208222653,0.65704995172128,index,0.4,1
2021,4551.55715130182,1334.91669583181,15519.0751349902,8.42322468445265,0.625828089376397,index,0.4,1
2022,4348.10304643468,1275.56286201594,14821.6921842134,8.37749494769225,0.625701358179718,index,0.4,1
2023,3785.35146328258,1085.26957248243,13203.0659145818,8.23889401843844,0.637414941946376,index,0.4,1
2024,4548.97394142406,1359.21224202404,15224.3801813766,8.42265697913506,0.616336020233049,index,0.4,1
2025,6626.27162074916,2016.05244449466,21778.9352215743,8.79879757519036,0.607103468017266,index,0.4,1
2003,13098.4183100149,9642.16041631383,17793.5809835576,9.4802467622061,0.156301999705405,index,0.4,1
2004,16385.9354423704,12247.7665310744,21922.2729009658,9.70417865088992,0.14851281851606,index,0.4,1
2005,14550.5334726039,11242.436629346,18832.0407147968,9.58538293671127,0.131600405324619,index,0.4,1
2006,11253.8297951233,8424.3145122996,15033.7080687925,9.32846377593388,0.147750871869586,index,0.4,1
2007,11488.507166136,8694.23552885139,15180.8398183337,9.34910243778359,0.142189824830895,index,0.4,1
2008,13633.0657537992,10475.3449214167,17742.6598590966,9.52025342630948,0.134427854838471,index,0.4,1
2009,10472.9457196532,7945.51848875595,13804.3341289835,9.25655061287546,0.14091446498874,index,0.4,1
2010,17493.1867358424,13705.7104978948,22327.3052660828,9.76956675472281,0.124491524851804,index,0.4,1
2011,21192.7612218968,16657.8791485339,26962.2035436522,9.96141495055484,0.122847331300769,index,0.4,1
2012,23898.4793754396,18573.211412633,30750.5957784899,10.0815701114369,0.128622024949854,index,0.4,1
2013,33331.3797002062,25005.5199718967,44429.4249416902,10.4142545655907,0.14663671858463,index,0.4,1
2014,37465.756704787,29225.7829600783,48028.9245759365,10.5311826402399,0.126724809972856,index,0.4,1
2015,33875.8955733451,26363.1912200355,43529.4912257831,10.4304589954221,0.12792834620195,index,0.4,1
2016,44797.5315068735,34556.9947113638,58072.7243752304,10.709908316592,0.132422359842114,index,0.4,1
2017,44438.5435484217,34537.0924064574,57178.6451929503,10.7018624697786,0.128611190860049,index,0.4,1
2018,28576.6269460163,21797.6166026548,37463.8944476309,10.2603444230358,0.138159941981068,index,0.4,1
2019,37107.6742345762,26246.1642702045,52464.0276165086,10.5215790798885,0.176688933223838,index,0.4,1
2021,36135.7131109231,27767.624427612,47025.6202664737,10.4950369381542,0.134395788978132,index,0.4,1
2022,35422.7603524671,27128.4782003833,46252.9428197188,10.4751098403293,0.136109913868722,index,0.4,1
2023,35770.3843181523,27536.9622973376,46465.5607416807,10.4848755763427,0.133467305360522,index,0.4,1
2024,27307.7635901513,21090.6107315422,35357.627229843,10.2149263213362,0.131810120988566,index,0.4,1
2025,42403.3535927794,33059.0210933568,54388.9182573404,10.6549827322616,0.127008951842903,index,0.4,1
2003,9995.35599910654,6840.33056827299,14605.6013743352,9.20987586401972,0.19351606910524,index,0.4,1
2004,13345.1880078541,9188.245076656,19382.8137450802,9.49891115000122,0.19042743434747,index,0.4,1
2005,11519.134632051,8097.477714948,16386.641290333,9.35176481268276,0.179828260371923,index,0.4,1
2006,8102.86645146157,5655.77722556399,11608.7395439579,8.99997316095524,0.183442320505406,index,0.4,1
2007,8509.10372844191,5845.29070491789,12386.8683212739,9.04889189621384,0.191585299959019,index,0.4,1
2008,9994.33960958045,7052.80071673031,14162.7175137222,9.20977417267365,0.177857396218157,index,0.4,1
2009,7873.93221492826,5520.72018933141,11230.2030168266,8.9713128627453,0.181150911804152,index,0.4,1
2010,13229.2912914655,9251.82989010566,18916.7062249612,9.4901886873798,0.182458480513791,index,0.4,1
2011,16880.9223215995,11775.4520400316,24199.9659511254,9.73393940656242,0.183762100448797,index,0.4,1
2012,18220.5985603564,12857.1412085025,25821.4642363978,9.8103080221050991,0.177887631010434,index,0.4,1
2013,28709.8446520314,19625.7613837673,41998.6345409011,10.2649953621646,0.19408368043597,index,0.4,1
2014,31126.4166589398,21996.9550231451,44044.905897498,10.3458121478779,0.17712204708549,index,0.4,1
2015,25031.9903026638,17444.179309547,35920.3220394392,10.1279098979511,0.184262870510279,index,0.4,1
2016,34774.8397064524,24198.8907488502,49972.9301297382,10.4566494073332,0.184996936639339,index,0.4,1
2017,38821.9589729614,27558.0401398746,54689.8288430011,10.5667413184318,0.174845921160963,index,0.4,1
2018,23507.7094769834,16457.4648715404,33578.2217472559,10.0650837091818,0.181916232721579,index,0.4,1
2019,29670.465855396,19135.2626484769,46005.9817441959,10.2979074143883,0.223789464503334,index,0.4,1
2021,26648.4623540183,18698.8956900541,37977.6729922746,10.190486730144,0.18075178209766599,index,0.4,1
2022,25237.5944563837,17449.9310117386,36500.7846458773,10.1360900053138,0.188268271296654,index,0.4,1
2023,27043.3924055061,18974.5178631054,38543.5391863229,10.2051979810711,0.180791989538655,index,0.4,1
2024,20973.2138342907,14809.9603283084,29701.3421229823,9.95100137082214,0.177526804073035,index,0.4,1
2025,33371.7915565454,23405.4003416883,47582.0304474733,10.4154662579442,0.180995264295819,index,0.4,1
2003,20766.8801694585,15435.5853004734,27939.5503038956,9.9411146970879,0.151372087889956,index,0.4,1
2004,26296.7853300102,19868.2261576941,34805.3677869397,10.177201979897,0.143025546863665,index,0.4,1
2005,23676.6232132925,18359.3282388192,30533.9323689915,10.0722434780395,0.129772998300096,index,0.4,1
2006,18153.8166292758,13738.3777955925,23988.3531456747,9.80663610019143,0.142190166733088,index,0.4,1
2007,18496.8354510648,13999.2254955223,24439.4178673099,9.82535493973535,0.142144272351027,index,0.4,1
2008,21563.8840273147,16695.6126410306,27851.6939953859,9.97877515848785,0.130550312517566,index,0.4,1
2009,16809.4727366552,12843.5899714997,21999.952841173,9.7296978598581,0.137297282511115,index,0.4,1
2010,26893.032007744,21145.9777573611,34202.0207752172,10.1996224988657,0.122664248593591,index,0.4,1
2011,33014.812581264,26071.9526841747,41806.5291456895,10.4047116058373,0.120459458437816,index,0.4,1
2012,37622.9870298431,29367.9694082611,48198.4005557283,10.535370499752,0.126385289831296,index,0.4,1
2013,54770.1167263551,41282.9204891899,72663.6015735385,10.9109000089852,0.144235233543841,index,0.4,1
2014,60037.8171677991,47104.1616204342,76522.7395260632,11.0027299287873,0.123784568225769,index,0.4,1
2015,51639.5232969411,40491.3588742022,65857.0233372506,10.8520426136426,0.124083272122268,index,0.4,1
2016,71392.7878118606,55104.2560404563,92496.1249419158,11.1759521321874,0.132129926855055,index,0.4,1
2017,74035.0616227049,57940.2111206121,94600.8004366381,11.2122940656881,0.125067170889312,index,0.4,1
2018,46976.0894261091,36029.5810596377,61248.3662831685,10.7573940156276,0.135358833931846,index,0.4,1
2019,59078.754918459,41916.1673393583,83268.5692481726,10.9866266619219,0.175105143659364,index,0.4,1
2021,56478.5297479715,43658.3555582534,73063.3181599413,10.9416158404539,0.131362554522304,index,0.4,1
2022,54703.7903154126,42088.6158272972,71100.0971652717,10.9096882787958,0.133755367783612,index,0.4,1
2023,57485.3834834262,44420.2321157909,74393.3373788434,10.9592859941828,0.131551229156522,index,0.4,1
2024,42289.6249895786,33134.8430600871,53973.769500464,10.6522970628363,0.124469835480801,index,0.4,1
2025,66994.9358309728,52469.2203252195,85541.9882204508,11.1123723109041,0.124691226829048,index,0.4,1
2003,2326.89413966305,1027.54922722278,5269.27196649467,7.75228967007284,0.417026956409115,index,0.4,1
2004,3434.33812021429,1392.2271718733,8471.8058677786,8.14157949910719,0.460681665819102,index,0.4,1
2005,2393.04489136255,1030.32102139343,5558.1355064769205,7.78032184718187,0.429954912390693,index,0.4,1
2006,1202.87961730905,510.909518668534,2832.04622514831,7.09247364223019,0.436886157931384,index,0.4,1
2007,1500.77544351301,656.650099878444,3430.02602492347,7.31373721585331,0.421735255463438,index,0.4,1
2008,2063.52133606487,902.826922834602,4716.43035525097,7.6321691888847,0.421761996354863,index,0.4,1
2009,1537.40519792634,681.774100494853,3466.85909731001,7.33785133789432,0.414881585722978,index,0.4,1
2010,3829.446019564,1694.10151190664,8656.30348222173,8.25047542930148,0.41611358062387,index,0.4,1
2011,5058.8709622322,2079.594367238,12306.3304150541,8.52889860739067,0.453564696329322,index,0.4,1
2012,4496.09090595303,1917.90300294477,10540.0707979264,8.41096361066472,0.434689583685806,index,0.4,1
2013,7271.10762588241,3097.9161450657,17065.990049916,8.89166391461483,0.43530338729476,index,0.4,1
2014,8554.35619592803,3674.22606538928,19916.3058082162,9.05419592878125,0.431180440268475,index,0.4,1
2015,7268.3625790679,3008.63238570796,17559.1723441358,8.89128631532016,0.450031441747774,index,0.4,1
2016,8179.58340146552,3532.40108966321,18940.5401377875,9.00939649938367,0.428407558473268,index,0.4,1
2017,9225.44089867811,3927.77387783011,21668.4469173213,9.12972026166128,0.435667271094372,index,0.4,1
2018,5108.2469968904,2313.54407462497,11278.8806003057,8.53861157089535,0.404127686997602,index,0.4,1
2019,7699.38517151322,3121.08155855786,18993.5863280385,8.94889575679834,0.460702793420556,index,0.4,1
2021,6305.64571696968,2817.98062650963,14109.808823344,8.74920065663167,0.410938591452515,index,0.4,1
2022,5956.56449343833,2583.85133065803,13731.6958384963,8.69224916658587,0.426136829299761,index,0.4,1
2023,5328.39324023238,2335.21408435359,12158.1034958571,8.58080501584659,0.420898634620569,index,0.4,1
2024,5991.35243486356,2531.73989385709,14178.5118154684,8.69807244773867,0.439503176635247,index,0.4,1
2025,8780.20931835172,3782.84851346211,20379.3716295329,9.08025552670395,0.429611438545391,index,0.4,1
2003,18085.3116495408,13274.8878909716,24638.8896198111,9.80285537672546,0.157771254071333,index,0.4,2
2004,21779.917128478,16520.3081358924,28714.0400906176,9.98874359154298,0.141021924141683,index,0.4,2
2005,24105.9102062928,18678.9535583959,31109.6071338889,10.0902123261888,0.130134858265135,index,0.4,2
2006,21878.9036707128,16532.3620415764,28954.509018645,9.99327814882318,0.142963379020979,index,0.4,2
2007,21109.4671366095,16284.4128318563,27364.1799303856,9.95747689829779,0.132407145769078,index,0.4,2
2008,17473.5781573624,13367.4429810227,22841.0126046481,9.76844519940619,0.136669755259937,index,0.4,2
2009,16985.0783100227,13172.0241978201,21901.9401167929,9.7400904911241,0.129716674678694,index,0.4,2
2010,26582.7554533957,21150.6721047007,33409.9495277026,10.1880179933124,0.11663022032343,index,0.4,2
2011,36645.841391764,28925.6274875674,46426.5707593562,10.5090552327121,0.120702211441181,index,0.4,2
2012,34908.4810043592,27002.5155895501,45129.2044250612,10.4604850873896,0.131022701838111,index,0.4,2
2013,62671.4063834463,47852.4334460889,82079.5285678433,11.0456605840623,0.137647086826428,index,0.4,2
2014,58570.718861461,46477.6553603355,73810.2875747892,10.9779901725523,0.117993610177426,index,0.4,2
2015,54166.0251577509,42565.3839283854,68928.2701250004,10.8998091487722,0.122967836440723,index,0.4,2
2016,58871.1104817795,46481.2610227854,74563.5461064393,10.9831057651327,0.12056407434025,index,0.4,2
2017,64164.1191881595,50395.9141000833,81693.8092047729,11.06919944229,0.123233928207272,index,0.4,2
2018,45882.927830519,35808.5840444899,58791.5753296748,10.7338483841706,0.12648470313755,index,0.4,2
2019,29203.4945585078,21025.0659707937,40563.2065846307,10.2820436577569,0.167642384136373,index,0.4,2
2021,52267.8838911686,40890.5134496956,66810.8922090588,10.8641373866932,0.125249248709324,index,0.4,2
2022,54529.3173678657,42057.5111603654,70699.5342940685,10.9064937693724,0.132502687532983,index,0.4,2
2023,64569.1672751068,50251.8269011558,82965.6874127464,11.0754922890701,0.127905466398931,index,0.4,2
2024,36912.7906159491,29161.5563749289,46724.3275200611,10.5163133991251,0.120260802065883,index,0.4,2
2025,63628.6817151304,50108.1068176545,80797.487551035,11.0608196180353,0.121880571892784,index,0.4,2
2003,4371.93312352152,2997.57816832691,6376.4139459332,8.38296055263815,0.192554858769288,index,0.4,2
2004,4993.38439392185,3477.35702876045,7170.35596265773,8.51586919410286,0.184616343580534,index,0.4,2
2005,4949.55208214207,3375.09559819544,7258.48056776087,8.50705236301226,0.195347178690834,index,0.4,2
2006,4570.91176503528,3091.5125717097,6758.25631599594,8.42746797493723,0.199520104701426,index,0.4,2
2007,4269.28325177871,2933.33874766919,6213.66335490608,8.35920123540686,0.191485497067502,index,0.4,2
2008,3948.0597066166,2745.08925161254,5678.20351846603,8.2809795236955,0.185417007097241,index,0.4,2
2009,3837.26731270424,2671.87336374985,5510.97242441278,8.25251575493114,0.184687381022904,index,0.4,2
2010,6412.20328094154,4672.35758900826,8799.91527464502,8.76595821643052,0.16150253708997,index,0.4,2
2011,9458.04661674113,6658.45965987884,13434.735715749,9.15462115200761,0.179073544356933,index,0.4,2
2012,7622.34319937781,5230.62824941204,11107.6744663764,8.93883910789029,0.192122119000803,index,0.4,2
2013,15130.2728056027,10396.0676862986,22020.360205395,9.62445283739333,0.191467768699389,index,0.4,2
2014,14664.7722875136,10714.1667827781,20072.0737883515,9.59320345367515,0.160146468518564,index,0.4,2
2015,14353.4055305779,10213.7028894465,20170.9656679065,9.57174251223605,0.173603697157502,index,0.4,2
2016,13671.6936878271,9588.10742243495,19494.484162371198,9.52308282020178,0.181025786018083,index,0.4,2
2017,14819.2569762844,10608.0131691346,20702.3100205171,9.60368276104019,0.170573444113316,index,0.4,2
2018,10626.1632048504,7429.20347118783,15198.8493644073,9.27107446590389,0.182605670909332,index,0.4,2
2019,6842.75740614731,4568.82776877531,10248.4337972615,8.83094605893541,0.206092620514972,index,0.4,2
2021,12786.9102042466,9090.28506595731,17986.7926456768,9.45617728636113,0.174092861900245,index,0.4,2
2022,12212.9497717223,8463.38204866755,17623.7042436357,9.41025212447306,0.187119755927194,index,0.4,2
2023,19304.0082545028,13039.8550892319,28577.3677805391,9.8680680349106,0.200157918908256,index,0.4,2
2024,9182.67472101519,6565.1104944987,12843.883602969,9.12507380512132,0.171201711014912,index,0.4,2
2025,14882.7509357314,10603.0410211222,20889.8819662937,9.60795816601299,0.172994014658899,index,0.4,2
2003,6371.11576270631,4402.3318580132,9220.36715335762,8.75952989220825,0.188595427196927,index,0.4,2
2004,6708.81984738219,4787.86762250149,9400.4820712052,8.8111783348223,0.172114344422885,index,0.4,2
2005,7837.08377807506,5832.97771075956,10529.7645885517,8.96662207706528,0.15068601968176,index,0.4,2
2006,7289.61656189934,5283.19264456968,10058.0299062415,8.89420622580037,0.164248101926844,index,0.4,2
2007,7084.87405171104,5237.0081489112,9584.75505504881,8.86571737521463,0.154192488889376,index,0.4,2
2008,6025.41518312379,4344.82802625132,8356.05642148805,8.7037416660467,0.166839906956883,index,0.4,2
2009,6250.64014497494,4483.01548814703,8715.22802570583,8.74043916068154,0.169588810963747,index,0.4,2
2010,9200.72605318314,6759.25730310892,12524.0623502802,9.12703767874746,0.157334208476579,index,0.4,2
2011,11344.310649738,8410.89535201657,15300.7948299945,9.33647163289432,0.152649959473579,index,0.4,2
2012,11972.0444042477,8844.43387104782,16205.6553655139,9.39032957797404,0.154485481035049,index,0.4,2
2013,18898.6934616113,13920.2617631048,25657.6076394333,9.84684806964294,0.15599640275142,index,0.4,2
2014,17389.0292088737,12841.4201204618,23547.110365562,9.76359478111346,0.154678152810267,index,0.4,2
2015,17255.1805084665,12644.9858412049,23546.1912032787,9.75586769670407,0.158600698669726,index,0.4,2
2016,19060.5556013729,14440.5996940413,25158.565955051,9.85537632690783,0.141623717300214,index,0.4,2
2017,18569.7721211062,13997.7971799944,24635.0502293785,9.82929038292554,0.144204247232886,index,0.4,2
2018,14423.9779136542,10798.289528513,19267.0457950052,9.57664723366,0.147708943819256,index,0.4,2
2019,8804.75074279842,6064.06697942796,12784.0995005175,9.08304671193204,0.190264077397407,index,0.4,2
2021,17257.8925695303,12603.7244353352,23630.7019777782,9.7560248580825,0.160348466193301,index,0.4,2
2022,17942.5164820649,13135.0209413548,24509.5838938163,9.79492839790851,0.159131037066608,index,0.4,2
2023,17803.0782258897,13090.4586957096,24212.2603710616,9.78712665536756,0.156884390638777,index,0.4,2
2024,11550.2811274682,8626.57883578608,15464.8785646195,9.35446505569426,0.148911806249825,index,0.4,2
2025,17688.6635827592,13026.9754482946,24018.5314377784,9.78067923781951,0.156075172408792,index,0.4,2
2003,7342.262763313,5015.69507925994,10748.0262722603,8.90140235248106,0.194429624545739,index,0.4,2
2004,10077.7128871738,7210.3059425913,14085.4351874851,9.21808161976683,0.170827096792263,index,0.4,2
2005,11319.2743460756,8248.09096252395,15534.015362328,9.33426224599888,0.161495412377761,index,0.4,2
2006,10018.3753437783,7075.44672439241,14185.3720957023,9.21217622015303,0.177447321033125,index,0.4,2
2007,9755.30983311975,7033.19834260145,13530.9805446156,9.18556701402077,0.166926626705713,index,0.4,2
2008,7500.10326762198,5396.19759736907,10424.2937753835,8.92267206844587,0.167973613369846,index,0.4,2
2009,6897.17085234357,5116.28009803121,9297.95962201591,8.83886658510411,0.152392430085628,index,0.4,2
2010,10969.8261192709,8290.57186498714,14514.9317859783,9.30290370257583,0.142874806132669,index,0.4,2
2011,15843.4841252848,11935.7105168468,21030.6700111278,9.67051359858568,0.144504456008077,index,0.4,2
2012,15314.0934007337,11216.208793629,20909.1557585489,9.63652882069676,0.158887407298092,index,0.4,2
2013,28642.4401162325,20566.6596523378,39889.2863342886,10.2626448170344,0.168992001626044,index,0.4,2
2014,26516.9173650735,19892.6154389452,35347.132140781,10.1855381994242,0.146652868786103,index,0.4,2
2015,22557.4391187065,16867.5658678108,30166.6561483651,10.023820184927,0.14830492280094,index,0.4,2
2016,26138.8611925795,19449.8449033325,35128.3039962892,10.1711784205283,0.150810957735342,index,0.4,2
2017,30775.0900907689,22303.1795904514,42465.0739260704,10.3344608784495,0.164276665884393,index,0.4,2
2018,20832.7867120143,15264.8825114633,28431.5979413768,9.94428330888885,0.15866266053781,index,0.4,2
2019,13555.9864095621,9156.98591315331,20068.2592808477,9.51458353018602,0.200162441015836,index,0.4,2
2021,22223.0811173921,16472.7226992433,29980.7957292254,10.0088867177297,0.152770968210984,index,0.4,2
2022,24373.8511140784,17854.6452902335,33273.3923566785,10.1012661609738,0.158802493172599,index,0.4,2
2023,27462.0807947142,20112.4695833866,37497.4280730981,10.2205614519324,0.158914232819339,index,0.4,2
2024,16179.8347674658,12098.8095096584,21637.4224995866,9.6915209784136,0.14829794914262,index,0.4,2
2025,31057.2671966398,23055.4699222966,41836.2258056027,10.3435881081776,0.152007783526371,index,0.4,2
2003,17659.5122903206,12972.6396397193,24039.7007080305,9.77902985714697,0.157366198618139,index,0.4,2
2004,21037.2910205908,15981.358478583,27692.7405187816,9.95405190478797,0.140244249421777,index,0.4,2
2005,23422.1682682884,18169.4430015812,30193.4388599735,10.0614382147744,0.12956447704947,index,0.4,2
2006,21215.530765738,16030.0713685806,28078.3993609773,9.96248877574148,0.142996034707813,index,0.4,2
2007,20552.3614812502,15875.5299128141,26606.9583047449,9.93073112725173,0.131735545015024,index,0.4,2
2008,17125.7071259951,13108.8062995499,22373.4974690588,9.74833595430685,0.136378237798736,index,0.4,2
2009,16529.3816586074,12822.7116376284,21307.5413170907,9.71289478289262,0.129554196195232,index,0.4,2
2010,25637.7181523686,20413.0668337356,32199.6002567343,10.1518199114568,0.116272241433546,index,0.4,2
2011,35263.5661824431,27829.1515844495,44684.0463723805,10.4706055904418,0.120801312626617,index,0.4,2
2012,33835.7949955589,26207.435182579098,43684.5885530422,10.4292745446385,0.130347349017326,index,0.4,2
2013,60431.4512741429,46271.7668980644,78924.1593290414,11.0092649648565,0.13621561370625,index,0.4,2
2014,56219.5239838183,44628.8562154598,70820.432002742,10.937019377399,0.117799842282773,index,0.4,2
2015,51915.7633226193,40859.0690846676,65964.4612995261,10.8573777479449,0.122192889649846,index,0.4,2
2016,56335.3161533074,44561.2548183462,71220.3428523399,10.9390769026054,0.119623049226304,index,0.4,2
2017,61975.5882375931,48707.416830886,78858.0833742773,11.0344958483887,0.122915143590436,index,0.4,2
2018,44173.3290687875,34472.0175852652,56604.8388723684,10.6958764712045,0.126519305320467,index,0.4,2
2019,27996.5043731445,20193.054326776,38815.5374829141,10.2398349375474,0.166707633952897,index,0.4,2
2021,50642.6670175564,39665.7365974273,64657.3073552212,10.8325497216547,0.124648558623925,index,0.4,2
2022,52735.4980640655,40676.7476503742,68369.10315369,10.8730440953246,0.132467841247942,index,0.4,2
2023,62629.5405282632,48815.0539261016,80353.4776939786,11.0449923392042,0.12714433265469,index,0.4,2
2024,35398.108406325,28013.9301600437,44728.6786105126,10.4744136628446,0.119367750393255,index,0.4,2
2025,61245.6252644565,48291.2958051464,77675.0043976763,11.0226477016024,0.121247681666463,index,0.4,2
2003,425.799359220205,206.958739587272,876.044639013099,6.05396824757381,0.368092886161424,index,0.4,2
2004,742.626107887157,379.41712568269,1453.52831695016,6.61019269852755,0.342637165011507,index,0.4,2
2005,683.741938004474,353.718851844412,1321.67973334865,6.52758056281399,0.33627055101789,index,0.4,2
2006,663.372904974849,352.139981844219,1249.6837443737,6.49733728301207,0.323122524580886,index,0.4,2
2007,557.105655359331,283.067219512825,1096.44172775466,6.32275490840108,0.345450487622594,index,0.4,2
2008,347.871031367275,175.419307241615,689.857099354812,5.85183181156617,0.349319001569719,index,0.4,2
2009,455.696651415311,240.837544097003,862.238646759694,6.12182735002101,0.325365537196451,index,0.4,2
2010,945.037301027069,511.702128461954,1745.3425550856,6.85122439870106,0.313006630809657,index,0.4,2
2011,1382.27520932104,763.885655168141,2501.27063046229,7.23148612293999,0.302591280075997,index,0.4,2
2012,1072.68600880038,555.423802675996,2071.67079972502,6.97792107054301,0.335817211420033,index,0.4,2
2013,2239.95510930355,1123.06941998233,4467.57680551398,7.71421110415879,0.352246439337444,index,0.4,2
2014,2351.19487764244,1301.22899309309,4248.38163151546,7.7626789364882,0.30184965896942,index,0.4,2
2015,2250.26183513171,1203.22397487469,4208.42539077373,7.71880185959752,0.31941504313965,index,0.4,2
2016,2535.79432847213,1354.23690745845,4748.24813952186,7.83826221150807,0.320040985297715,index,0.4,2
2017,2188.5309505665,1186.0088833641,4038.47541849909,7.69098579889626,0.312575503432761,index,0.4,2
2018,1709.59876173155,945.56177028732,3090.9962923162,7.44401397970165,0.302166145700502,index,0.4,2
2019,1206.99018536332,598.25605691613,2435.12003049826,7.09588508963391,0.358101599847358,index,0.4,2
2021,1625.21687361226,847.765099104755,3115.63885923501,7.39339654654322,0.332043323260308,index,0.4,2
2022,1793.81930380019,971.213884839825,3313.16072073752,7.49210231502649,0.313044322794565,index,0.4,2
2023,1939.62674684359,998.403222754941,3768.16884333562,7.57025083501217,0.33882949621569,index,0.4,2
2024,1514.68220962414,808.8638813132,2836.40084463543,7.32296093331588,0.320072353801669,index,0.4,2
2025,2383.05645067386,1288.33433397459,4407.98471121883,7.77613916572872,0.31379847871315,index,0.4,2
2003,12203.0174955769,8888.93793797275,16752.6916079828,9.40943853584194,0.161674236881344,index,0.4,2
2004,13360.4102107596,9974.23299014301,17896.1691767349,9.50005115101744,0.149130702268057,index,0.4,2
2005,15198.2554690843,11647.4372331505,19831.5702141004,9.62893592847682,0.135764981279308,index,0.4,2
2006,13709.0448351929,10273.6518530839,18293.1943753687,9.52581110092387,0.147182947725428,index,0.4,2
2007,13158.0931171808,10044.7458422227,17236.4156545039,9.48479229447003,0.137751163587603,index,0.4,2
2008,11294.3486102157,8513.01253131692,14984.3912551305,9.33205775660746,0.144240711019786,index,0.4,2
2009,11524.529812757,8718.68340843718,15233.3536135282,9.35223306987488,0.14235442683795901,index,0.4,2
2010,18139.7878309412,14091.7361605364,23350.6999281655,9.80586302740124,0.128838699460137,index,0.4,2
2011,23841.6452330527,18392.6915692171,30904.886611054,10.0791891302517,0.132390423972194,index,0.4,2
2012,22923.0042003327,17438.8145021027,30131.8717224218,10.0398962355523,0.13951405145885,index,0.4,2
2013,38814.764919791,29336.6378776985,51355.100133132,10.5665559923946,0.142841165059257,index,0.4,2
2014,36590.0471491266,28555.7337322665,46884.8590243891,10.507531546592,0.126491365338607,index,0.4,2
2015,36215.6969953929,27884.7934116778,47035.5540921036,10.4972479224857,0.13337548257721,index,0.4,2
2016,37026.2250123208,28845.8765618407,47526.4232558143,10.5193817246743,0.127379580299248,index,0.4,2
2017,38338.1934670601,30040.305747282,48928.1664002609,10.5542018967378,0.12444443613763,index,0.4,2
2018,28174.9193522233,21685.7098359962,36605.9532525246,10.2461874765161,0.133563008751094,index,0.4,2
2019,17888.8584685112,12783.6204097022,25032.9129816425,9.79193336611093,0.171438553873392,index,0.4,2
2021,34126.9791361968,26276.5938354463,44322.7425995882,10.4378435274706,0.133374733340801,index,0.4,2
2022,33619.669112362,25352.2674501636,44583.0793417813,10.4228665649261,0.144004234959065,index,0.4,2
2023,41614.8611462317,31969.744202642,54169.8631444486,10.6362126215468,0.134526645781862,index,0.4,2
2024,23487.6407881927,18227.9373580539,30265.0409071885,10.0642296378791,0.129348765629905,index,0.4,2
2025,38328.4268367155,29717.8668588619,49433.8409534725,10.5539471149212,0.129820443270041,index,0.4,2
2003,5882.29415396394,3907.80935720477,8854.41979147838,8.67970212703794,0.208661945317371,index,0.4,2
2004,8419.50691771811,5927.93914787386,11958.303715538,9.03830654468054,0.179020964532217,index,0.4,2
2005,8907.6547372084,6354.51787948492,12486.5984205466,9.09466626889334,0.172322019979085,index,0.4,2
2006,8169.85883551995,5645.09918323793,11823.8123415998,9.00820690931065,0.188607477327617,index,0.4,2
2007,7951.37401942872,5619.40441417959,11251.0764730352,8.98110002534708,0.177104817709851,index,0.4,2
2008,6179.22954714665,4352.58533574891,8772.45932037779,8.72894887393345,0.178790834475406,index,0.4,2
2009,5460.54849726576,3961.03089049895,7527.73475271619,8.60530452106813,0.163801440917941,index,0.4,2
2010,8442.96762245445,6211.91764530628,11475.3134770993,9.04108913982316,0.156566250920266,index,0.4,2
2011,12804.1961587114,9491.52067528472,17273.0424217131,9.4575282210841891,0.152744695781471,index,0.4,2
2012,11985.4768040265,8639.98678554102,16626.3742972685,9.39145092947527,0.166990107834261,index,0.4,2
2013,23856.6414636555,16784.0917780343,33909.4512501566,10.0798179256292,0.179406932778212,index,0.4,2
2014,21980.6717123343,16221.2965353979,29784.9144099605,9.99791878765146,0.155022506131961,index,0.4,2
2015,17950.3281623578,13168.1117381566,24469.2851597448,9.79536367577482,0.158069367475494,index,0.4,2
2016,21844.8854694589,15961.4057924918,29897.054644037,9.99172209849969,0.160101487381264,index,0.4,2
2017,25825.9257210994,18175.1459655735,36697.2810350522,10.1591341392737,0.179250133450026,index,0.4,2
2018,17708.0084782954,12728.760693531,24635.0427836031,9.78177227263526,0.168448472342066,index,0.4,2
2019,11314.6360899966,7522.9153252175,17017.4705303295,9.33385239581792,0.208240243695649,index,0.4,2
2021,18140.9047549721,13140.0405875907,25045.0082810063,9.80592459866416,0.164546502035992,index,0.4,2
2022,20909.6482555036,15101.5987355217,28951.4638698803,9.9479659704497,0.166028600164794,index,0.4,2
2023,22954.3061288751,16499.3406298092,31934.6197936034,10.041260828776,0.168464897375689,index,0.4,2
2024,13425.1498277566,9930.21763660375,18150.1206210577,9.5048850796691,0.153853544334839,index,0.4,2
2025,25300.254878415,18366.3456697896,34851.9465124547,10.1385697489105,0.163418574147655,index,0.4,2
2003,17152.5679762186,12582.9450914255,23381.6953059174,9.74990317760739,0.158066968668596,index,0.4,2
2004,20396.8593061466,15489.6134662966,26858.7638071131,9.92313621239888,0.140416474602405,index,0.4,2
2005,22709.6391915772,17607.6110801481,29290.0445076891,10.0305447473282,0.129828004010255,index,0.4,2
2006,20502.0830799318,15466.6632107199,27176.8645175574,9.92828177361939,0.143798329837244,index,0.4,2
2007,19961.0420927423,15411.35351078,25853.8746223375,9.90153775755783,0.131980996521064,index,0.4,2
2008,16688.5395747439,12764.7406980743,21818.4888925955,9.72247750981612,0.136755315898039,index,0.4,2
2009,16087.7930782053,12464.3098440707,20764.654390413,9.6858160694979,0.13020210809451,index,0.4,2
2010,24815.7377849851,19728.7747061775,31214.3481277786,10.1192333189914,0.117042877724008,index,0.4,2
2011,34084.2179316829,26854.5174273576,43260.2788397514,10.4365897388859,0.12163509541622,index,0.4,2
2012,32813.2922140558,25406.2937328204,42379.7409117606,10.398588962709,0.130531355503078,index,0.4,2
2013,58221.3017982399,44600.9846106121,76001.0123694716,10.9720065770331,0.135969520307326,index,0.4,2
2014,54429.9588543284,43170.5238938602,68626.0011152017,10.9046699954906,0.118245423509091,index,0.4,2
2015,50137.7356803474,39430.5940050205,63752.3375588083,10.8225292107473,0.122569557953699,index,0.4,2
2016,54198.1263779761,42811.4792934259,68613.3007166176,10.9004016181582,0.12032877472216,index,0.4,2
2017,59817.6974347611,46968.973847605,76181.2880563725,10.9990568398811,0.123376914055914,index,0.4,2
2018,42611.8833340161,33209.8452822083,54675.7320259055,10.6598884448605,0.12718947451997,index,0.4,2
2019,26919.1002631706,19406.1155691113,37340.7009969598,10.2005913605839,0.166966246455963,index,0.4,2
2021,48807.6100301887,38169.171164049,62411.1743642662,10.7956415229249,0.125440106905051,index,0.4,2
2022,50970.3173215568,39290.3456766958,66122.432956886,10.8389987289682,0.132790510654238,index,0.4,2
2023,60605.7398741149,47220.0584633604,77785.9203316941,11.0121448849666,0.127334399096403,index,0.4,2
2024,34098.6679677905,26949.5049944605,43144.3604406322,10.4370135999805,0.120049854599627,index,0.4,2
2025,59006.6813822774,46488.9141931878,74895.0262266999,10.9854059602437,0.121653664771099,index,0.4,2
2003,932.743673322258,545.891172981052,1593.74396067199,6.8381304292557,0.273326854211194,index,0.4,2
2004,1383.05782233134,820.850548393514,2330.32546991111,7.23205214014098,0.26618401533692,index,0.4,2
2005,1396.27101471572,845.774457977293,2305.07403971237,7.24156040109609,0.255773921930863,index,0.4,2
2006,1376.82059078104,845.633599437095,2241.67410147907,7.22753220032083,0.248701525112428,index,0.4,2
2007,1148.42504386726,683.21487771749,1930.40304653153,7.04614675562603,0.264972897954591,index,0.4,2
2008,785.038582618485,470.865258678397,1308.83637057744,6.66573286640706,0.260801163869672,index,0.4,2
2009,897.285231817429,555.63895446468,1448.99989600862,6.79937379570142,0.244522388488702,index,0.4,2
2010,1767.01766841057,1112.76290342431,2805.94494196984,7.4770484713702,0.235946768007667,index,0.4,2
2011,2561.62346008121,1625.88358222827,4035.90688962204,7.84839650057075,0.231937838785595,index,0.4,2
2012,2095.18879030346,1259.42607388225,3485.56867135633,7.64739894299947,0.259692294224722,index,0.4,2
2013,4450.10458520657,2587.00063626419,7654.97717382633,8.40068287717772,0.276754294121526,index,0.4,2
2014,4140.76000713224,2614.02942176151,6559.1815049701,8.32863462657323,0.23469129056702,index,0.4,2
2015,4028.28947740353,2469.00717955536,6572.32439343587,8.30109711754307,0.249762610019153,index,0.4,2
2016,4672.98410380325,2906.61019127979,7512.79978991028,8.44955314098337,0.242254626252337,index,0.4,2
2017,4346.42175339851,2729.66647247474,6920.76568654509,8.37710820014806,0.237337774753248,index,0.4,2
2018,3271.04449650288,2070.2562119859,5168.31300210808,8.09286463077905,0.233390502009714,index,0.4,2
2019,2284.39429533724,1300.16729579389,4013.68140350195,7.73385618956173,0.287560368335988,index,0.4,2
2021,3460.27386098001,2130.28667437503,5620.60277473884,8.14910301549178,0.247500046308229,index,0.4,2
2022,3559.00004630881,2191.60885424656,5779.53557044771,8.17723489852194,0.24737378472611,index,0.4,2
2023,3963.42740099183,2383.89633111384,6589.53015611764,8.28486443521576,0.259378691270375,index,0.4,2
2024,2814.12264815874,1756.79889321954,4507.79329919029,7.94240582171343,0.240390743969189,index,0.4,2
2025,4622.00033285285,2876.66610775609,7426.26578013106,8.43858286284922,0.241940956809061,index,0.4,2
2003,25763.7665918286,19231.7606084088,34514.3475167842,10.1567243881563,0.149189475302286,index,0.4,3
2004,28983.1172446031,21859.0453223835,38428.9923382076,10.2744687754662,0.143930546309287,index,0.4,3
2005,31389.9512751677,24413.9288402247,40359.2984769399,10.3542430975942,0.128233986472736,index,0.4,3
2006,24848.6864321324,18606.3211187858,33185.3467141887,10.1205601702537,0.147606550667586,index,0.4,3
2007,19172.51335269,14578.9674296783,25213.3952580747,9.86123293608889,0.139746319934634,index,0.4,3
2008,18619.827679624,14294.5943130295,24253.7825996837,9.83198229620306,0.134872667852903,index,0.4,3
2009,19499.1904799012,14978.6178979224,25384.0796235418,9.87812822983889,0.13456841159361,index,0.4,3
2010,25516.2102539982,20021.3054312754,32519.2074992867,10.1470692254125,0.123735420765196,index,0.4,3
2011,28924.785874333,22637.4178928414,36958.4217527116,10.2724541492456,0.125050600947579,index,0.4,3
2012,43487.4695862531,33941.1523963466,55718.7920118722,10.6802281200924,0.126453664407444,index,0.4,3
2013,63367.0445223862,47673.8574381655,84226.0842162846,11.0566992027951,0.145186717968895,index,0.4,3
2014,68494.5639330177,54058.6205058413,86785.5162502215,11.1345096624592,0.120760056131766,index,0.4,3
2015,55601.6906579339,43592.3455744732,70919.5149579404,10.9259688872932,0.124151278036953,index,0.4,3
2016,62168.9227784506,48918.6604760366,79008.1928209434,11.0376105200818,0.122296284255814,index,0.4,3
2017,68254.4221488707,53968.0000062918,86322.7494502876,11.1309975043383,0.119824113490202,index,0.4,3
2018,36130.3911872811,27603.0716484212,47292.0254663261,10.4948896512982,0.137353194395091,index,0.4,3
2019,46286.4827847253,32977.5752705515,64966.5256163886,10.742605248955,0.172973676775015,index,0.4,3
2021,52639.3820177775,41623.0801939134,66571.3475865901,10.8712198261464,0.119803079672384,index,0.4,3
2022,60342.1490775905,46612.3195880127,78116.1501398134,11.0077861282139,0.131719754155864,index,0.4,3
2023,55445.2512207179,42883.0285043867,71687.4714810323,10.9231513483666,0.131084004455245,index,0.4,3
2024,43163.278340894,33521.0123721961,55579.1268010392,10.6727453743395,0.128990950935433,index,0.4,3
2025,67067.1151468321,52362.2925925132,85901.4705318987,11.1134491155973,0.12628145889156,index,0.4,3
2003,6221.28720859629,4395.03575260035,8806.39355639919,8.73573211104237,0.177299771251973,index,0.4,3
2004,6343.52927833592,4445.33915217955,9052.25953015873,8.75519056105608,0.181421250145704,index,0.4,3
2005,7326.35612354004,5136.0369116059,10450.7609607794,8.89923355306911,0.18122604480885,index,0.4,3
2006,5765.23078574164,3936.03524736898,8444.50923936237,8.65960046412074,0.194733808312312,index,0.4,3
2007,4567.11956758843,3175.73581237339,6568.1096844956,8.42663799361488,0.185382670332618,index,0.4,3
2008,4411.30163806291,3105.98155863528,6265.19564737106,8.39192508091426,0.179003296655625,index,0.4,3
2009,4737.57574621583,3297.30392109294,6806.96244211935,8.46328083791001,0.184911774320102,index,0.4,3
2010,5817.28098206967,4238.13840788341,7984.81662642302,8.66858824634907,0.161589116829934,index,0.4,3
2011,7615.49009409812,5511.99630138474,10521.7213877188,8.93793962229943,0.164930316662677,index,0.4,3
2012,10066.637217705,7034.1399644166,14406.4783165411,9.21698198929703,0.182886665785983,index,0.4,3
2013,14258.0222794848,9784.07697782552,20777.7595968451,9.56507499427173,0.192127739173031,index,0.4,3
2014,15876.9260270781,11637.0581190589,21661.5554799426,9.67262214094202,0.15850913229195,index,0.4,3
2015,12911.6472075677,9525.03798422567,17502.3589290434,9.46588506730248,0.155209933381352,index,0.4,3
2016,14431.1372874836,10339.6888328337,20141.5851847376,9.57714346276367,0.170104354631144,index,0.4,3
2017,16201.549292252,11746.7432013558,22345.7851227201,9.69286215197191,0.164049364023216,index,0.4,3
2018,9166.78797560821,6301.45911496685,13335.007060535,9.1233422286017,0.191230930999054,index,0.4,3
2019,12249.2116959074,8185.73447325852,18329.8380446277,9.41321686254774,0.205651045575569,index,0.4,3
2021,13410.7640740349,9688.66012224284,18562.7930777071,9.50381295258207,0.165871176256671,index,0.4,3
2022,14596.1365898884,10216.9438299825,20852.3416489258,9.58851215554821,0.181997923169609,index,0.4,3
2023,14965.2124414985,10544.0110961063,21240.2643906439,9.61348361607635,0.178661602832798,index,0.4,3
2024,10435.431254129,7509.39042357161,14501.606564206,9.25296214631704,0.167887051027983,index,0.4,3
2025,18725.4683108665,13380.6399512361,26205.2610890913,9.8376398179988,0.171470322500746,index,0.4,3
2003,7411.46667414457,5160.99867254889,10643.2575838713,8.91078363043764,0.18464535693088,index,0.4,3
2004,7877.37521899965,5596.63182016485,11087.5687975991,8.97175003332821,0.174406163039813,index,0.4,3
2005,8747.91476022344,6630.70874057558,11541.1512775167,9.07657063783326,0.141382016976533,index,0.4,3
2006,7284.8783332771,5284.34877143577,10042.7611094699,8.89355601749837,0.163804718543082,index,0.4,3
2007,5396.4077118246,3930.93387980898,7408.21827144422,8.59348877263202,0.161664433656476,index,0.4,3
2008,5589.21202438247,4104.20891014679,7611.5255673923,8.62859359456418,0.157566826438268,index,0.4,3
2009,5624.99665443007,4142.70348679759,7637.66643284634,8.63497563230446,0.156059889306818,index,0.4,3
2010,7911.3125768329,5872.17707681549,10658.5455223187,8.97604898591229,0.152078437303093,index,0.4,3
2011,7583.42162964785,5573.31847761671,10318.4994440876,8.93371977911325,0.157132400939442,index,0.4,3
2012,12919.9310322333,9655.19228931066,17288.5855481583,9.46652643925991,0.148612592302161,index,0.4,3
2013,17105.1687505861,12316.8825276994,23754.9393954216,9.7471359629337,0.167559099065037,index,0.4,3
2014,18984.4322952012,14377.8374833676,25066.9594775991,9.85137456941139,0.141804306237099,index,0.4,3
2015,15618.5571941844,11683.2384831083,20879.4273249407,9.65621504999707,0.148117295494624,index,0.4,3
2016,18668.5560210451,14006.5424534722,24882.2994731653,9.83459589134037,0.146592527241945,index,0.4,3
2017,19688.2259556068,14954.4378647268,25920.4822531864,9.88777606882375,0.140315173689751,index,0.4,3
2018,10232.9162614249,7520.55465459858,13923.5176157261,9.23336488786407,0.157130293622176,index,0.4,3
2019,13871.1966850476,9492.33584349514,20270.0473990423,9.53756978824949,0.193539163254966,index,0.4,3
2021,15554.5736742142,11755.003816666,20582.2784883771,9.65211000131964,0.142898399088066,index,0.4,3
2022,18418.1283751816,13620.5956106492,24905.4786252848,9.8210906963505,0.153958128512743,index,0.4,3
2023,15139.4623548409,11293.7865915612,20294.6388738128,9.6250600147916,0.149519084424293,index,0.4,3
2024,12082.1681287278,9010.69530209655,16200.6129157293,9.399485936239,0.149655004318301,index,0.4,3
2025,17628.1454876199,12948.0456732472,23999.8777556647,9.77725207913975,0.157427350245823,index,0.4,3
2003,12131.0127090877,8643.62235495439,17025.4394864552,9.40352048642412,0.172933513634097,index,0.4,3
2004,14762.2127472675,10640.4763491085,20480.5610243046,9.59982600204484,0.167046676918968,index,0.4,3
2005,15315.6803914042,11311.9268964098,20736.5259694253,9.6366324447511,0.154604636364373,index,0.4,3
2006,11798.5773131137,8374.81527815201,16622.0295003614,9.37573423649973,0.174875629906126,index,0.4,3
2007,9208.98607327699,6630.62849190521,12789.9526570281,9.1279350334254,0.167594997750022,index,0.4,3
2008,8619.31401717867,6277.38148677072,11834.9624414735,9.06176078011735,0.161764486905658,index,0.4,3
2009,9136.61807925537,6698.1532949761,12462.8067244725,9.12004558276584,0.158400075431703,index,0.4,3
2010,11787.6166950957,8733.63835898617,15909.5100620388,9.37480482679478,0.152996433652593,index,0.4,3
2011,13725.874150587,10218.1240830523,18437.7895263801,9.52703795473844,0.150574022621849,index,0.4,3
2012,20500.9013363147,15319.7238740258,27434.3688605183,9.92822413178506,0.148639319313785,index,0.4,3
2013,32003.8534923151,23030.4633158654,44473.5576662053,10.3736115961666,0.16787986321298,index,0.4,3
2014,33633.2056107378,25047.2691872787,45162.309359804,10.423269120166,0.150384923600818,index,0.4,3
2015,27071.4862561819,20022.9787318937,36601.2159295409,10.2062362852822,0.153880611099467,index,0.4,3
2016,29069.2294699219,21737.0534582348,38874.6388096519,10.277435487179,0.148299598095699,index,0.4,3
2017,32364.6469010116,24177.9887727318,43323.3044680916,10.3848219610178,0.148790498149504,index,0.4,3
2018,16730.686950248,12201.6419361058,22940.8375768593,9.72499985412103,0.161061147051026,index,0.4,3
2019,20166.0744037706,13475.0090589428,30179.6128729518,9.91175698651149,0.205700166756572,index,0.4,3
2021,23674.0442695284,17650.7557098586,31752.7691895114,10.0721345484761,0.149799013106657,index,0.4,3
2022,27327.8841125206,20080.7940889528,37190.4241813926,10.215662855966,0.157219081121038,index,0.4,3
2023,25340.5764243786,18467.8464312642,34770.9634639741,10.1401622012241,0.161419156435243,index,0.4,3
2024,20645.6789580372,15121.9085058692,28187.1867874948,9.93526132506628,0.15886080653581,index,0.4,3
2025,30713.5013483455,22902.9484216219,41187.6736439867,10.3324576202327,0.14971534643334,index,0.4,3
2003,24423.0632379065,18306.9912987448,32582.4166401213,10.1032831795155,0.147066414349884,index,0.4,3
2004,27263.1185912213,20678.1539985105,35945.0672130856,10.2132901004394,0.141052102510256,index,0.4,3
2005,29694.0691738064,23218.5499308414,37975.5732690086,10.2987026137322,0.125510372392691,index,0.4,3
2006,23810.527975805,17888.0488636433,31693.8558703782,10.0778831137754,0.14591850076656,index,0.4,3
2007,18422.0916685112,14045.701570457,24162.0868662659,9.8213058575705,0.138387322319401,index,0.4,3
2008,17780.367252398,13690.2212411902,23092.50187126,9.78585016422005,0.133376473926025,index,0.4,3
2009,18515.4725210952,14253.793057837,24051.3329531568,9.82636201401019,0.1334635158089,index,0.4,3
2010,24004.0200838119,18911.5623650928,30467.7619469236,10.0859765987951,0.121659286258077,index,0.4,3
2011,27036.8845507342,21219.3062435204,34449.4357082455,10.2049573072,0.123619919037758,index,0.4,3
2012,41097.7762470345,32197.6068813585,52458.159970554,10.623709293109,0.124523657943828,index,0.4,3
2013,59168.0582763338,44716.5278889306,78290.0481201775,10.9881371191163,0.142879490457243,index,0.4,3
2014,63969.0135755105,50717.5570377061,80682.8036843655,11.0661540822145,0.11843414560406,index,0.4,3
2015,51954.8056001075,40941.6001613063,65930.540435888,10.8581294965823,0.121546903150796,index,0.4,3
2016,58551.9170506112,46254.8864090077,74118.1582414185,10.9776691106011,0.120281149558955,index,0.4,3
2017,64173.872380301,50938.8822912351,80847.5905053728,11.0693514345729,0.117843812322016,index,0.4,3
2018,34439.6691518432,26397.2794123166,44932.3126357865,10.4469643519869,0.135690310038505,index,0.4,3
2019,43989.258051473,31487.1155187286,61455.4490635417,10.6917007479008,0.170598562296046,index,0.4,3
2021,49873.7972156562,39590.0492708619,62828.8091204551,10.8172510379246,0.117817447217725,index,0.4,3
2022,57163.2764083238,44351.752314819,73675.5595706785,10.9536669503508,0.129471487410381,index,0.4,3
2023,52902.2664130215,41073.59618842,68137.4423314639,10.876201460275,0.129125176145142,index,0.4,3
2024,40850.1316911723,31895.6154289862,52318.5784861705,10.6176653240571,0.126247979069959,index,0.4,3
2025,63808.25953597,49996.7729428102,81435.135616992,11.0636379207651,0.124453398891791,index,0.4,3
2003,1340.70335392224,568.277812471047,3163.04005500815,7.20094964622461,0.437936231167714,index,0.4,3
2004,1719.99865338176,757.782651186827,3904.01570028251,7.45007878688961,0.418212879772072,index,0.4,3
2005,1695.88210136119,734.271271004846,3916.83048933869,7.43595829822867,0.427089357492672,index,0.4,3
2006,1038.15845632737,406.202522967403,2653.28972496438,6.94520370749653,0.478759739783685,index,0.4,3
2007,750.421684178759,293.372276975529,1919.51574256165,6.62063529410121,0.479188867295971,index,0.4,3
2008,839.460427226036,346.333526951431,2034.7259333554,6.73275933690271,0.451721094062974,index,0.4,3
2009,983.717958806018,432.26051957578,2238.6986057093,6.89133922873716,0.41955401944633,index,0.4,3
2010,1512.19017018632,697.019325611722,3280.71120381238,7.32131432276335,0.395160927267178,index,0.4,3
2011,1887.9013235988,921.729778306889,3866.82896823957,7.54322108029657,0.365807222708653,index,0.4,3
2012,2389.69333921854,1070.77905167814,5333.15836404876,7.77892032674273,0.409588433697906,index,0.4,3
2013,4198.98624605242,1980.91894850442,8900.65972050446,8.34259840514952,0.383314326002377,index,0.4,3
2014,4525.55035750718,2198.69661641303,9314.88495750067,8.41749447470663,0.368310062687569,index,0.4,3
2015,3646.8850578264,1747.34157516955,7611.43145335333,8.20162867340124,0.375403766187862,index,0.4,3
2016,3617.00572783933,1680.19154315345,7786.45178196073,8.19340181553927,0.391200420980775,index,0.4,3
2017,4080.54976856962,1924.7027399186,8651.14704127134,8.31398700551906,0.383405102068316,index,0.4,3
2018,1690.72203543783,707.343902227972,4041.23226638595,7.43291095658018,0.444596937072606,index,0.4,3
2019,2297.22473325245,922.248640118271,5722.1461171144,7.73945703562749,0.465642318367444,index,0.4,3
2021,2765.58480212143,1232.74441163862,6204.4161186327,7.92500739326451,0.412257167882652,index,0.4,3
2022,3178.87266926681,1375.83946155121,7344.7751207966,8.06428190640206,0.427284670384447,index,0.4,3
2023,2542.98480769642,1062.09806999361,6088.6766626115,7.84109379123849,0.445463414613842,index,0.4,3
2024,2313.14664972159,1003.68010368664,5331.02868480172,7.74636406260879,0.425995294576717,index,0.4,3
2025,3258.85561086234,1424.14455665335,7457.20639301223,8.08913137311915,0.422357134276616,index,0.4,3
2003,15896.4567818672,11764.0448095801,21480.4807621938,9.6738515194672,0.153598950354371,index,0.4,3
2004,16862.3206970628,12556.3947980969,22644.8645381625,9.73283686722377,0.150437206550123,index,0.4,3
2005,19371.0607469473,14988.1970679946,25035.5658362137,9.8715355172634,0.1308785319907,index,0.4,3
2006,15419.1027936703,11470.7178265034,20726.5782802577,9.64336246083765,0.150926074177862,index,0.4,3
2007,11525.2176390076,8659.69808163749,15338.9460434139,9.3522927517653,0.14584840161535,index,0.4,3
2008,11669.5743570258,8855.99076249068,15377.0446838017,9.36474025135287,0.140763209028492,index,0.4,3
2009,12023.9364068342,9113.56545880527,15863.7195693709,9.39465464256604,0.1413981851162,index,0.4,3
2010,16060.4298388401,12537.1105093183,20573.9118608385,9.68411375170299,0.126362212737216,index,0.4,3
2011,17809.9656294703,13755.1051817852,23060.156322392,9.78751344643739,0.131812690611687,index,0.4,3
2012,26868.2442453533,20654.1616203402,34951.9172986925,10.1987003569124,0.134200551464879,index,0.4,3
2013,37177.3388162939,27800.9115521394,49716.1583665824,10.5234546830358,0.148283640180034,index,0.4,3
2014,40488.2959697826,31762.7083552306,51610.9045929883,10.608768222929,0.123839028395304,index,0.4,3
2015,33882.2343272315,26535.6924200421,43262.7038644128,10.4306460948569,0.124696222619148,index,0.4,3
2016,38117.2808313527,29690.0149280096,48936.5566672558,10.5484230234126,0.127480379654869,index,0.4,3
2017,40657.2222963543,31989.1341398081,51674.1002626302,10.6129317694615,0.122339086516328,index,0.4,3
2018,22158.7347852606,16713.7268470412,29377.6206693504,10.0059870447033,0.1438809178454,index,0.4,3
2019,29572.8475814589,21027.8767986392,41590.1863250785,10.2946119078873,0.173986668925841,index,0.4,3
2021,33132.2130949018,25974.6474501434,42262.115267321,10.408261293392,0.124178327814663,index,0.4,3
2022,38428.5706718712,29244.2932357577,50497.204086209,10.5565564898376,0.139347845887976,index,0.4,3
2023,34614.8458875292,26678.6061840165,44911.9248416827,10.4520379409147,0.13287013755475,index,0.4,3
2024,25845.9876017169,20019.1179960161,33368.8564721504,10.1599106493867,0.130343034691518,index,0.4,3
2025,42152.9490318118,32421.0588218022,54806.0790316827,10.6490599261501,0.133929232342647,index,0.4,3
2003,9867.30980996133,6899.64352741733,14111.4251046248,9.19698253296172,0.182532694083167,index,0.4,3
2004,12120.7965475403,8615.45689931221,17052.3410033649,9.40267797920798,0.174168912807266,index,0.4,3
2005,12018.8905282203,8676.06499244669,16649.682736944,9.39423490168436,0.16628445281405,index,0.4,3
2006,9429.58363846209,6565.94454889367,13542.1563390654,9.15160722178551,0.184674602086054,index,0.4,3
2007,7647.2957136824,5409.26706479132,10811.2857124686,8.94210736284478,0.176655530800933,index,0.4,3
2008,6950.2533225983,4993.05696843981,9674.63851376463,8.8465333871893,0.168742777776043,index,0.4,3
2009,7475.25407306718,5388.51449213918,10370.0980183731,8.91935338738923,0.167007337114795,index,0.4,3
2010,9455.78041515815,6843.5932248851,13065.0347444035,9.15438151762902,0.164958806499554,index,0.4,3
2011,11114.8202448627,8142.32076606312,15172.4836966036,9.31603465396547,0.158780534572455,index,0.4,3
2012,16619.2253408998,12219.9409752239,22602.290100386,9.71831545726899,0.156886074008807,index,0.4,3
2013,26189.705706092,18416.3092842524,37244.1988448908,10.1731217005578,0.179661350000173,index,0.4,3
2014,28006.2679632346,20568.7971422441,38133.0536639698,10.2401836199352,0.157478972953315,index,0.4,3
2015,21719.4563307025,15728.9824843313,29991.4367487675,9.98596374291979,0.164647635270828,index,0.4,3
2016,24051.6419470977,17669.5206910555,32738.9458076373,10.0879585454321,0.157330496119053,index,0.4,3
2017,27597.1998525163,20233.7014106228,37640.4407796528,10.2254695919394,0.15835225266622,index,0.4,3
2018,13971.6564020206,10017.8325647723,19485.9697797875,9.54478601372773,0.169729635856798,index,0.4,3
2019,16713.6352032666,10996.6739961194,25402.7355731788,9.72398014450452,0.213591681141326,index,0.4,3
2021,19507.1689228758,14288.7666835664,26631.3844863365,9.87853731406044,0.158833711014674,index,0.4,3
2022,21913.5784057196,15846.8592338361,30302.8449649057,9.99486174219853,0.165378109332205,index,0.4,3
2023,20830.4053331886,14907.5620136304,29106.421690428,9.9441689931722,0.170689418238157,index,0.4,3
2024,17317.2907391771,12449.3878251241,24088.6188748964,9.7594607460459,0.168387796223806,index,0.4,3
2025,24914.16611502,18323.961993674,33874.5339802112,10.1231918409609,0.156751329365268,index,0.4,3
2003,23713.8778989355,17761.6963378047,31660.7149627199,10.0738157211027,0.147459951754934,index,0.4,3
2004,26372.9985940857,20005.0440085606,34767.984241675,10.1800959852104,0.141000684820397,index,0.4,3
2005,28824.3656382386,22536.056041052,36867.3228773213,10.2689763375486,0.125565848761571,index,0.4,3
2006,23204.6868944333,17420.6957419892,30909.0694105193,10.0521095585626,0.14627583565336,index,0.4,3
2007,17929.0191544616,13661.3847769087,23529.805586355,9.79417586094566,0.138700180468905,index,0.4,3
2008,17337.1473074155,13342.0992580245,22528.4395615814,9.76060672165715,0.13363870508094,index,0.4,3
2009,18084.5413534969,13913.1984487896,23506.5026327422,9.80281278346173,0.133787961533275,index,0.4,3
2010,23188.6789467132,18255.0673001554,29455.647708796,10.0514194621204,0.122054018979268,index,0.4,3
2011,26145.0973872199,20488.59751911,33363.2459102991,10.1714169715042,0.124386560991746,index,0.4,3
2012,39896.8745365625,31230.0939519021,50968.8059292328,10.5940532673928,0.12495934142967,index,0.4,3
2013,56841.9549054511,42891.7248248806,75329.3986349342,10.9480299747486,0.143673957881439,index,0.4,3
2014,61707.975747818,48883.9899236436,77896.1430284467,11.0301684681166,0.118860985469207,index,0.4,3
2015,50262.876824373,39554.859884254,63869.6937381337,10.825022048305,0.122236023236786,index,0.4,3
2016,56694.5216373447,44736.7078085336,71848.576731304,10.9454328648952,0.120861005301636,index,0.4,3
2017,61899.1717634435,49086.7637790307,78055.8172921772,11.033262078348,0.118327367002103,index,0.4,3
2018,33405.8560831697,25604.7144228547,43583.818285173,10.4164864954274,0.135693679511276,index,0.4,3
2019,42817.6182322169,30653.0873549384,59809.5849155798,10.6647049378086,0.170521639576866,index,0.4,3
2021,48291.7770076892,38302.0505675952,60886.9679821636,10.7850165768588,0.118245980705467,index,0.4,3
2022,55445.9256640994,42995.8255902245,71501.1429725354,10.9231635124251,0.129749936103407,index,0.4,3
2023,51521.4065449323,40020.5076839593,66327.3777866672,10.8497526613553,0.128882657811315,index,0.4,3
2024,39576.5467305006,30903.8889562258,50683.0403555391,10.5859919675104,0.126203674305442,index,0.4,3
2025,61921.3901113037,48526.3000346457,79014.0305479454,11.0336209581296,0.124369509514319,index,0.4,3
2003,2049.88869289322,1093.99300311048,3841.01510823565,7.62554077450871,0.320389146022425,index,0.4,3
2004,2610.11865051729,1402.62337603677,4857.12664295393,7.86715095925178,0.316868759818571,index,0.4,3
2005,2565.58563692907,1385.0028277574,4752.50268699791,7.84994205003504,0.314538733658547,index,0.4,3
2006,1643.99953769909,856.143182065644,3156.87204730621,7.40488729441115,0.332888598278048,index,0.4,3
2007,1243.49419822838,661.994870232582,2335.78520100071,7.12568059755375,0.321650191285576,index,0.4,3
2008,1282.68037220859,683.13897544126,2408.39565066014,7.1567072082542,0.321439014389862,index,0.4,3
2009,1414.64912640441,764.275620164602,2618.46917268637,7.25463681212303,0.314142674811068,index,0.4,3
2010,2327.53130728506,1319.67549440717,4105.10160213722,7.75256346009623,0.289506499499431,index,0.4,3
2011,2779.68848711314,1614.02134204414,4787.21556160067,7.93009414541078,0.277357174866762,index,0.4,3
2012,3590.59504969063,1993.06986101966,6468.60055586163,8.18607321974994,0.300332991625667,index,0.4,3
2013,6525.0896169352,3712.40814567757,11468.780596931,8.78340996649278,0.287747086192142,index,0.4,3
2014,6786.58818519957,3931.93333730365,11713.7741778386,8.82270361786262,0.278483224658638,index,0.4,3
2015,5338.81383356091,3056.09151958223,9326.5967222466,8.58275877873339,0.28463108801412,index,0.4,3
2016,5474.4011411059,3117.51638761647,9613.12279633428,8.60783816808228,0.287273765400743,index,0.4,3
2017,6355.25038542713,3677.18709303616,10983.7238192097,8.7570365825999,0.279154731887914,index,0.4,3
2018,2724.53510411132,1470.84082673334,5046.83538736219,7.91005308854698,0.314528014895277,index,0.4,3
2019,3468.86455250845,1728.47498591336,6961.64039498156,8.15158260109604,0.355408476324505,index,0.4,3
2021,4347.60501008842,2455.02695927839,7699.16975954584,8.37738040006863,0.291580550985628,index,0.4,3
2022,4896.22341349123,2665.0722745808,8995.25462910405,8.49621945499159,0.310328660954641,index,0.4,3
2023,3923.84467578562,2080.88295687159,7399.04999887088,8.2748272367687,0.323618015766867,index,0.4,3
2024,3586.73161039334,1952.30724629787,6589.45648508442,8.18499665187073,0.310326874021245,index,0.4,3
2025,5145.7250355285,2844.48752906162,9308.70178573078,8.5459215587535,0.302446046701295,index,0.4,3
2003,17908.9025085202,14018.1180201812,22879.5897279465,9.7930532150376,0.124975408097602,index,0.6,1
2004,22384.4542354775,17840.1308204295,28086.3294369118,10.0161219895638,0.115775724586195,index,0.6,1
2005,25406.0554192129,20750.0536081801,31106.7944282156,10.1427428269245,0.103286957994673,index,0.6,1
2006,23915.2776157265,19410.6542366184,29465.287283223,10.0822727644822,0.106479192664045,index,0.6,1
2007,19073.0097363979,15587.512933636,23337.8924497786,9.85602951185697,0.102963163464604,index,0.6,1
2008,14889.7076771478,11996.1144156547,18481.2671027541,9.60842549332602,0.110250707354786,index,0.6,1
2009,18314.6845421533,15000.5787617311,22360.981879867,9.81545845104892,0.101845946745985,index,0.6,1
2010,24047.8795936202,19871.4886160014,29102.0227082324,10.0878021050616,0.0973287550490983,index,0.6,1
2011,34536.5131677793,28522.6878681088,41818.314855306,10.4497723960483,0.0976126512758028,index,0.6,1
2012,40135.4111086207,32987.885199486,48831.6003016494,10.6000142936581,0.100062367128592,index,0.6,1
2013,58801.0174601549,46877.6691425208,73757.0727724863,10.9819144374811,0.11562341752704,index,0.6,1
2014,64426.0129054242,53685.9096569144,77314.7212260247,11.0732727576387,0.0930460472805206,index,0.6,1
2015,55569.2702835594,46027.1009921567,67089.6870166446,10.925385634706,0.0961242054442568,index,0.6,1
2016,59662.2160369124,49747.5970488151,71552.8032226834,10.9964542018126,0.0927245410386016,index,0.6,1
2017,58127.327872526,48172.3144435238,70139.587118268,10.9703911915075,0.0958443354641753,index,0.6,1
2018,42061.9495705522,34688.948214289,51002.0537592117,10.6468988003116,0.0983295519166031,index,0.6,1
2019,39961.4313729351,30788.4243977343,51867.4153878208,10.5956700522645,0.133051416885434,index,0.6,1
2021,50934.5135318251,41973.6490824568,61808.4137413725,10.8382960382144,0.0987256613760672,index,0.6,1
2022,56579.2147052339,46374.637670371,69029.2732724944,10.943396965389,0.101475833289007,index,0.6,1
2023,49323.4985326692,40425.5400696727,60179.9630458694,10.806155890137,0.101501276327573,index,0.6,1
2024,47540.6591467057,38911.7053230975,58083.1462753104,10.7693406059149,0.102190762229939,index,0.6,1
2025,65771.6858690009,54290.5921964943,79680.741856595,11.093944718763,0.0978785760425022,index,0.6,1
2003,4205.27981599535,3164.1976359315,5588.89815541243,8.34409611383054,0.145125790672387,index,0.6,1
2004,4959.32993439434,3711.77342623889,6626.20008654506,8.50902591672087,0.147839891525167,index,0.6,1
2005,5838.82054820768,4414.79605636593,7722.17446942162,8.67228409450208,0.142638935248174,index,0.6,1
2006,5270.5563931732,3952.53550102467,7028.08733442559,8.56989121341472,0.146828546200323,index,0.6,1
2007,3825.6340430599,2875.93253203166,5088.94964273722,8.24947949541496,0.145587999605993,index,0.6,1
2008,3033.13578614915,2229.76767815438,4125.95123131104,8.01735227627074,0.156992475305994,index,0.6,1
2009,4122.2164851825,3131.366247864,5426.59893658289,8.32414627952364,0.140268694976937,index,0.6,1
2010,5396.85191715367,4172.82635715012,6979.92394669814,8.59357108424956,0.131238235798163,index,0.6,1
2011,8100.04861400015,6253.84911505779,10491.2648741701,8.99962534237093,0.131978410233343,index,0.6,1
2012,9350.24819053526,7117.96785725161,12282.5984856815,9.14315816637271,0.139176341077609,index,0.6,1
2013,13862.2946087807,10361.3183444633,18546.2125023226,9.53692781523006,0.148519593463011,index,0.6,1
2014,14846.3131119915,11582.0070555422,19030.6405411676,9.60550683811866,0.126685379481454,index,0.6,1
2015,12282.3379382216,9616.85850680294,15686.6013076894,9.41591756942872,0.124820986291041,index,0.6,1
2016,13680.8385997708,10650.316278779,17573.6888833912,9.52375149045054,0.127760828357651,index,0.6,1
2017,13970.3792708664,10813.8519732964,18048.2863510439,9.54469460083498,0.130671492659502,index,0.6,1
2018,10282.3296096736,7846.64110281578,13474.08411021,9.23818212906269,0.137931766593255,index,0.6,1
2019,9169.90105914973,6693.8660575043,12561.8117709911,9.1236817755685,0.160581983044629,index,0.6,1
2021,12170.3123579239,9326.7316524165,15880.8582051418,9.40675485187438,0.135775415625239,index,0.6,1
2022,12928.3605004028,9718.24577743673,17198.8349601569,9.46717866561365,0.145624237113811,index,0.6,1
2023,12153.8538940262,9295.40763819288,15891.3057099726,9.40540159139763,0.136801409962939,index,0.6,1
2024,10983.3872800697,8390.30418193961,14377.8811266064,9.30413916294119,0.137404110975851,index,0.6,1
2025,15520.7592252153,11970.9877230618,20123.1487743513,9.64993371169118,0.1324985571395,index,0.6,1
2003,5992.59048454528,4491.81892757537,7994.78814584521,8.69827906582663,0.147077223374173,index,0.6,1
2004,7352.79687361026,5682.74529060955,9513.64509577971,8.90283604684664,0.131454622695357,index,0.6,1
2005,8209.48365496723,6523.09853937401,10331.8417580799,9.01304530826006,0.117318752763674,index,0.6,1
2006,7865.04516852487,6240.80386986971,9912.01402780629,8.97018355845426,0.118022209547233,index,0.6,1
2007,6433.40374936826,5118.33201188723,8086.36167139239,8.7692590316626209,0.116673136567094,index,0.6,1
2008,5177.26789315419,4075.43390002444,6576.9936392109,8.5520327623574,0.122094214845191,index,0.6,1
2009,6152.09977796516,4877.49751187876,7759.78492779594,8.72454872983893,0.118451751815491,index,0.6,1
2010,8251.04251897417,6547.94449483741,10397.1105288989,9.01809483728149,0.117955420257153,index,0.6,1
2011,10982.0994255158,8724.65652090255,13823.6396473563,9.3040219012959,0.11740701566309,index,0.6,1
2012,12797.9802704332,10154.4655786924,16129.6818363423,9.45704264608494,0.118050026276783,index,0.6,1
2013,18452.0191905928,14264.0213754997,23869.6369871414,9.82292908470496,0.131345998513703,index,0.6,1
2014,20884.967158573,16764.2050740567,26018.6421776527,9.94678490444131,0.112136582203619,index,0.6,1
2015,18348.1585446003,14656.5169198326,22969.6403189928,9.81728449665424,0.114616463337685,index,0.6,1
2016,19933.759629407,16048.825515721,24759.1185145443,9.90017003713259,0.110603607797124,index,0.6,1
2017,18512.9724785183,14880.9005272854,23031.5463343063,9.82622698038505,0.111427126337541,index,0.6,1
2018,13627.969178844,10900.335227673,17038.1497504796,9.51987951717307,0.1139463257274,index,0.6,1
2019,13343.3160785081,9998.35405136052,17807.3393937021,9.49877087017564,0.147245106995346,index,0.6,1
2021,16485.6402620158,13099.0728473237,20747.7535254812,9.71024499381839,0.117322697743976,index,0.6,1
2022,19280.8427908465,15421.2815253969,24106.3557599354,9.86686728042732,0.11396307815998,index,0.6,1
2023,16109.4553235714,12792.2652072868,20286.8332243704,9.68716166576528,0.117637712227427,index,0.6,1
2024,15541.2085218144,12364.8036759216,19533.6026878335,9.65125038935435,0.116655759356085,index,0.6,1
2025,20816.4601230431,16498.5653493793,26264.4055939412,9.94349930480483,0.118609627040378,index,0.6,1
2003,7711.03220797957,5850.30725952384,10163.5717706454,8.95040733671174,0.140899463994184,index,0.6,1
2004,10072.327427473,7805.803247832,12996.9686123464,9.21754708388055,0.13006582963602,index,0.6,1
2005,11357.7512160381,8990.40155459554,14348.470633047,9.33765571634452,0.119258784810873,index,0.6,1
2006,10779.6760540285,8481.46750579706,13700.626188849,9.28541779336475,0.122338485050503,index,0.6,1
2007,8813.97194396984,6962.07689297279,11158.4664495016,9.08409346227568,0.120339124166851,index,0.6,1
2008,6679.30399784441,5215.22869624051,8554.3903238185,8.80676906916288,0.126242548891512,index,0.6,1
2009,8040.36827900554,6413.68473032688,10079.6226787318,8.99223016697042,0.115329130061474,index,0.6,1
2010,10399.9851574925,8350.19032547259,12952.9611973178,9.24955965796426,0.112002081997887,index,0.6,1
2011,15454.3651282633,12463.3001471216,19163.255213174,9.64564677499476,0.109748526044103,index,0.6,1
2012,17987.1826476521,14418.7399777676,22438.7665010162,9.79741470810195,0.112823849319518,index,0.6,1
2013,26486.7036607816,20563.6897021289,34115.7390028811,10.1843981374066,0.129143175953648,index,0.6,1
2014,28694.7326348597,23280.5348125344,35368.0741278661,10.2644688530173,0.106683581962765,index,0.6,1
2015,24938.7738007378,20019.1601006462,31067.3592477183,10.1241790520565,0.112111219805709,index,0.6,1
2016,26047.6178077346,21052.0435472464,32228.6238832407,10.16768159608,0.108639078438059,index,0.6,1
2017,25643.9761231412,20549.6403035348,32001.2176218539,10.1520639740172,0.112994554731899,index,0.6,1
2018,18151.6507820347,14527.4238052819,22680.0312656361,9.80651678773532,0.113636449658065,index,0.6,1
2019,17448.2142352773,13034.2120714532,23357.006801117,9.76699258630662,0.148808708329589,index,0.6,1
2021,22278.560911885,17868.8185841647,27776.5580285436,10.0113801009266,0.112536561071937,index,0.6,1
2022,24370.0114139843,19417.8733600986,30585.0926774562,10.1011086149812,0.115899776038261,index,0.6,1
2023,21060.1893150714,16669.7077762347,26607.0395438468,9.95513977496719,0.11928348231909,index,0.6,1
2024,21016.0633448216,16619.9191659413,26575.034096355,9.95304234548443,0.119739516950191,index,0.6,1
2025,29434.4665207424,23638.2980025522,36651.8697440553,10.2899215973213,0.111888854402878,index,0.6,1
2003,17527.2010125486,13732.4137561537,22370.6320526952,9.77150929674414,0.124489538452997,index,0.6,1
2004,21823.5684041194,17418.3111304076,27342.9573236778,9.99074578424343,0.115037056981335,index,0.6,1
2005,24774.2738511026,20255.1330143707,30301.6842404327,10.1175610490251,0.102755728171032,index,0.6,1
2006,23200.4034215366,18843.9780524368,28563.9644359723,10.0519249463626,0.106112292308163,index,0.6,1
2007,18636.6873225395,15241.2691897314,22788.5296187873,9.83288735369785,0.102616807933801,index,0.6,1
2008,14606.5017356488,11774.8344404429,18119.1416348684,9.58922203292847,0.109952109376589,index,0.6,1
2009,17737.4553409736,14538.3091984777,21640.5716564328,9.78343380369056,0.101477040979138,index,0.6,1
2010,23240.0064027916,19208.8712534621,28117.1074799332,10.0536304864732,0.0971971894476112,index,0.6,1
2011,33313.9087545376,27528.7047307498,40314.8832231828,10.4137302690808,0.0973210339215604,index,0.6,1
2012,38913.8520550167,32004.3496595746,47315.0649167061,10.5691055601794,0.099735741225343,index,0.6,1
2013,56764.2810302353,45308.0815716906,71117.1934256608,10.9466625517954,0.115013263954308,index,0.6,1
2014,61823.607567735,51531.5935918709,74171.1673611477,11.0320405699805,0.0929048722609594,index,0.6,1
2015,53422.9677098768,44283.9188939767,64448.0784495054,10.8859960394053,0.0957258171093009,index,0.6,1
2016,57565.3404707385,48031.9998389499,68990.8484889873,10.9606759376345,0.0923757824033583,index,0.6,1
2017,56226.0947163425,46620.3984552505,67810.9546851176,10.9371362469153,0.0955848112343586,index,0.6,1
2018,40874.5915993873,33733.1829167438,49527.8563703936,10.6182639166973,0.0979745699637238,index,0.6,1
2019,38900.5434248447,30004.7106336557,50433.8234494034,10.5687634992993,0.132478878136438,index,0.6,1
2021,49520.50445411,40842.5305802466,60042.3217305631,10.8101420941828,0.0982991841004251,index,0.6,1
2022,54886.7956396072,45005.9093172676,66936.995192055,10.9130280819861,0.101266658601493,index,0.6,1
2023,47939.214989489,39318.8846124724,58449.4793394889,10.7776891330001,0.101139065631244,index,0.6,1
2024,46378.1329525344,37994.3853517599,56611.8176738269,10.7445833545558,0.101731298247218,index,0.6,1
2025,63871.3972519588,52734.0946995319,77360.868905819,11.0646269228148,0.0977617143675386,index,0.6,1
2003,381.701495971614,212.782864944089,684.716939332739,5.94463887897749,0.298151726889247,index,0.6,1
2004,560.885831358155,319.453173587783,984.785695772348,6.3295173756464,0.287202560123922,index,0.6,1
2005,631.781568110278,371.972580445159,1073.05745312248,6.4485437143278,0.270272094502961,index,0.6,1
2006,714.874194189979,435.761903266489,1172.7622577558,6.57210657503076,0.252561056312824,index,0.6,1
2007,436.322413858416,259.302154966216,734.190770069146,6.07838145139408,0.265508678874797,index,0.6,1
2008,283.20594149897,165.715571889465,483.995585845226,5.64617434146874,0.273424128850804,index,0.6,1
2009,577.22920117968,358.914770427435,928.336134781327,6.35823941671442,0.242430202003725,index,0.6,1
2010,807.873190828648,516.192085708371,1264.37252823049,6.69440510416065,0.228537948839245,index,0.6,1
2011,1222.60441324174,773.31233389545,1932.93380405371,7.10873862730653,0.233706134266547,index,0.6,1
2012,1221.559053604,756.643916494614,1972.13839814508,7.10788323468189,0.244387388447668,index,0.6,1
2013,2036.7364299194,1231.83414673339,3367.57614323437,7.6191040165538,0.256558032008197,index,0.6,1
2014,2602.40533768925,1702.16407160369,3978.76659166752,7.86419142622115,0.216603838532502,index,0.6,1
2015,2146.3025736826,1362.67979821672,3380.55553757019,7.67150190751218,0.231786620198377,index,0.6,1
2016,2096.87556617388,1332.56914252306,3299.5564730638,7.64820369016842,0.231299988023958,index,0.6,1
2017,1901.23315618355,1199.38992100497,3013.77179419927,7.55025798419622,0.235050072600918,index,0.6,1
2018,1187.357971165,729.873189508827,1931.59438098805,7.07948592552629,0.248277582299302,index,0.6,1
2019,1060.88794809045,603.147093799027,1866.01784204001,6.96686152332006,0.288117753257915,index,0.6,1
2021,1414.00907771516,853.482828616806,2342.6618612834,7.25418426631933,0.257585775582978,index,0.6,1
2022,1692.41906562655,1052.11619595822,2722.40110426927,7.43391418422003,0.242532693630888,index,0.6,1
2023,1384.28354318004,837.570987204001,2287.8549486485,7.23293798743408,0.256347550490403,index,0.6,1
2024,1162.5261941713,692.567018773389,1951.38826351852,7.05835066982813,0.264262844890365,index,0.6,1
2025,1900.28861704218,1205.61321069587,2995.23661156281,7.54976105732474,0.232156027296764,index,0.6,1
2003,11849.9995698506,9240.74147877632,15196.0197272021,9.38008311026375,0.126892996090006,index,0.6,1
2004,14198.7331413398,11196.1487504129,18006.5509411481,9.56090802421082,0.12121798640479,index,0.6,1
2005,16484.6460136108,13356.7057659254,20345.1029734671,9.71018468203359,0.107354441925412,index,0.6,1
2006,15107.5763022073,12142.2031366097,18797.1539562584,9.62295163884069,0.111486290021454,index,0.6,1
2007,11962.470319686,9672.33184159499,14794.8497314761,9.38952955464516,0.108422835880569,index,0.6,1
2008,9470.24824216816,7526.47565766939,11916.0156556011,9.15591039937068,0.117210433509969,index,0.6,1
2009,11909.8153733824,9655.19614499439,14690.9187651866,9.38511816041411,0.107076789182454,index,0.6,1
2010,15810.799667081,12928.716165295,19335.3603649837,9.66844850875242,0.102676546438641,index,0.6,1
2011,22039.2150698,17958.3034727999,27047.488178858,10.0005786487397,0.104476803852475,index,0.6,1
2012,25777.5192279124,20940.2369039371,31732.2340044997,10.1572580433103,0.106037788002747,index,0.6,1
2013,37683.8680952975,29830.5178879466,47604.7355248089,10.5369873798784,0.11923695692952,index,0.6,1
2014,41488.5222921269,34173.8816318645,50368.8021316061,10.6331720966919,0.0989585328655687,index,0.6,1
2015,35685.581930819,29357.224188085,43378.1051499427,10.4825020187072,0.0995977915873333,index,0.6,1
2016,38679.7321380186,31940.1685147541,46841.3833689627,10.5630710244662,0.0976810432450319,index,0.6,1
2017,37117.543182306,30555.6637590022,45088.5970848679,10.5218449988883,0.0992567516101511,index,0.6,1
2018,27218.8630432574,22237.1657541872,33316.5887036705,10.2116655061655,0.103137203860275,index,0.6,1
2019,25772.9987196322,19728.2379462101,33669.882977550304,10.1570826616275,0.13636800321821,index,0.6,1
2021,32660.5865169738,26622.6142070828,40067.9626476702,10.3939243246294,0.104291729078035,index,0.6,1
2022,36687.6308149484,29731.1505661231,45271.7849522993,10.5101949422186,0.107269484605313,index,0.6,1
2023,32310.804138207,26319.4057055072,39666.0956458878,10.3831569467232,0.1046423009477,index,0.6,1
2024,30857.1302148286,25098.3720882242,37937.2208583053,10.3371231279063,0.10539217228578,index,0.6,1
2025,42402.4129859085,34588.4301627423,51981.6776467715,10.6549605496457,0.103923354963092,index,0.6,1
2003,6058.90293866965,4512.07242230384,8136.01852637719,8.70928402945204,0.150396735697986,index,0.6,1
2004,8185.72109413776,6295.29968241586,10643.8189143202,9.01014658539175,0.133975948383441,index,0.6,1
2005,8921.4094056022,6966.68546713402,11424.5929657436,9.09620921820492,0.126183119813869,index,0.6,1
2006,8807.70131351919,6869.42817673125,11292.8762674801,9.08338176701,0.126811320027495,index,0.6,1
2007,7110.53941671193,5553.66304226685,9103.85999507398,8.86933338724889,0.126084148765618,index,0.6,1
2008,5419.45943497968,4197.88421926253,6996.51039269254,8.5977513542162,0.130316391630774,index,0.6,1
2009,6404.86916877086,5046.97296761099,8128.10952868837,8.7648137877008,0.121568487678602,index,0.6,1
2010,8237.07992653931,6523.61172152045,10400.6014785293,9.01640118224968,0.118990827138153,index,0.6,1
2011,12497.2980979794,10003.0031506308,15613.556988624,9.4332677477645,0.113587345260847,index,0.6,1
2012,14357.8918807082,11366.2987274746,18136.8679638696,9.5720550268607,0.119209855201931,index,0.6,1
2013,21117.1493648576,16179.4710412494,27561.716706362,9.95784075545564,0.135891403930795,index,0.6,1
2014,22937.4906132972,18440.5151585416,28531.1159212055,10.0405279955673,0.111340087651644,index,0.6,1
2015,19883.6883527406,15761.3888434321,25084.1513039418,9.89765499382381,0.118541213789677,index,0.6,1
2016,20982.4838988937,16773.7119449337,26247.2988693664,9.95144326859788,0.114224085584525,index,0.6,1
2017,21009.78469022,16616.4128145247,26564.7620612529,9.95274354581985,0.119694717874686,index,0.6,1
2018,14843.0865272949,11740.531478336,18765.5233549945,9.60528948210955,0.119638483602079,index,0.6,1
2019,14188.4326533031,10511.0251338754,19152.425057811,9.56018230974088,0.153065216549594,index,0.6,1
2021,18273.9270148509,14494.3304690722,23039.1054803562,9.81323056961663,0.11822549885097,index,0.6,1
2022,19891.583890285,15715.2367561242,25177.8013786558,9.89805200117048,0.120239957620237,index,0.6,1
2023,17012.694394462,13294.5051573215,21770.7817729466,9.7417150734609,0.12582322564633,index,0.6,1
2024,16683.528931877,13016.0529767618,21384.3734439088,9.72217722019496,0.126654623827939,index,0.6,1
2025,23369.2728830923,18584.5335353405,29385.8823007811,10.059177313788,0.1168859898268,index,0.6,1
2003,16997.117272853,13313.9406051492,21699.210185404,9.74079903647425,0.124610506791144,index,0.6,1
2004,21110.4207867281,16843.176064156,26458.7785638073,9.95752207369572,0.115217015761151,index,0.6,1
2005,23989.0422547852,19610.8781245836,29344.6394723382,10.0853524323517,0.10281450900394,index,0.6,1
2006,22430.0724312535,18199.1204219356,27644.6409280791,10.0181578567223,0.106649568532459,index,0.6,1
2007,18051.7570914624,14752.4818250259,22088.8890394272,9.80099830481062,0.102977248288695,index,0.6,1
2008,14202.1392852782,11444.4485870824,17624.3318971355,9.56114788613503,0.110148878236724,index,0.6,1
2009,17177.6644872121,14073.4146861265,20966.6355903026,9.75136524259579,0.101696985667206,index,0.6,1
2010,22451.5641065227,18537.0169157165,27192.7642468688,10.0191155614127,0.097752120272243,index,0.6,1
2011,32158.3540917422,26547.5789388644,38954.9548104331,10.3784275432439,0.0978251187202593,index,0.6,1
2012,37717.8383382806,30997.9798501578,45894.4529866009,10.5378884270003,0.100109549628465,index,0.6,1
2013,54711.8459515684,43666.8946343915,68550.4685526825,10.9098355271498,0.115048028837227,index,0.6,1
2014,59656.0107389338,49671.3833400775,71647.6848030991,10.9963501892379,0.0934537227997691,index,0.6,1
2015,51543.6158000754,42687.0656190788,62237.6893613031,10.8501836369663,0.0961917657805056,index,0.6,1
2016,55501.6874450502,46261.9652478527,66586.8233816769,10.9241687036876,0.0929064450065801,index,0.6,1
2017,54225.0314605354,44922.3323714206,65454.1712702054,10.90089791588,0.096026042864518,index,0.6,1
2018,39533.5550854071,32611.1199903352,47925.4309006899,10.5849050861049,0.098214290891696407,index,0.6,1
2019,37700.8131090996,29077.1893604106,48882.0047725268,10.5374369410841,0.132516550373818,index,0.6,1
2021,47836.7187314507,39443.6298729069,58015.747190746,10.7755487978828,0.0984308689373145,index,0.6,1
2022,53140.9097647241,43544.5535765137,64852.1125761566,10.8807023393164,0.10161534998419,index,0.6,1
2023,46343.4142985126,37975.8066673345,56554.7446472274,10.7438344745668,0.101598757342663,index,0.6,1
2024,44888.3839702637,36754.7116918639,54822.0057432221,10.7119343313566,0.10199811180624101,index,0.6,1
2025,61741.8276820161,50940.1538565201,74833.957044043,11.0307169005013,0.0981192170578038,index,0.6,1
2003,911.785235667197,601.691221126533,1381.6926137366,6.81540447513584,0.212075367920922,index,0.6,1
2004,1274.03344874943,856.242489858284,1895.67937559488,7.14994309069281,0.202753456317477,index,0.6,1
2005,1417.01316442772,970.786953520726,2068.34908615054,7.25630652999877,0.192962471818272,index,0.6,1
2006,1485.20518447305,1045.37748291335,2110.0841332819,7.30330821305434,0.179174152680447,index,0.6,1
2007,1021.25264493561,711.707113104434,1465.43001409477,6.92878523607109,0.184247654619103,index,0.6,1
2008,687.568391869538,470.019472661247,1005.81001638369,6.53316130367597,0.194078657381677,index,0.6,1
2009,1137.02005494117,800.802174573342,1614.39946891654,7.03616613206566,0.178856443961356,index,0.6,1
2010,1596.31548709758,1152.47504001724,2211.08748204167,7.37545343209494,0.166220561847192,index,0.6,1
2011,2378.15907603719,1708.48068260539,3310.33335554803,7.77408196989864,0.168738919518937,index,0.6,1
2012,2417.57277034005,1712.12165406282,3413.69323027978,7.79051932835943,0.176039313624019,index,0.6,1
2013,4089.17150858646,2790.85572658217,5991.46830392165,8.31609766337997,0.194898542303627,index,0.6,1
2014,4770.00216649054,3481.12565950802,6536.0813983199,8.47010203807317,0.16071267365984299,index,0.6,1
2015,4025.65448348399,2886.99705878772,5613.40856620053,8.30044278122626,0.169630984530533,index,0.6,1
2016,4160.52859186232,3008.51699019618,5753.66475247165,8.33339741053471,0.165408584570783,index,0.6,1
2017,3902.29641199074,2793.59003719121,5451.02075977709,8.26932048241652,0.170532563716248,index,0.6,1
2018,2528.39448514509,1780.26106488202,3590.92202745878,7.83533978943182,0.178995376447347,index,0.6,1
2019,2260.61826383566,1481.86520755671,3448.62333546067,7.72339362292229,0.215481905585878,index,0.6,1
2021,3097.79480037449,2156.98917654512,4448.94797321042,8.03844578262251,0.184685615107788,index,0.6,1
2022,3438.30494050969,2439.84673478911,4845.36208580953,8.14273387907451,0.175025346933423,index,0.6,1
2023,2980.08423415655,2097.94799476615,4233.13736318727,7.99970684559545,0.179080762564875,index,0.6,1
2024,2652.27517644198,1849.77002954742,3802.93955421664,7.88317310777882,0.183858738542423,index,0.6,1
2025,4029.85818698474,2891.62851985461,5616.12838430037,8.30148646498776,0.169345632637646,index,0.6,1
2003,19934.4981403707,15762.9221670297,25210.0601587456,9.900207084699,0.119793691943823,index,0.6,2
2004,26552.3710705713,21167.967855817,33306.3813338875,10.1868743285421,0.115629655699453,index,0.6,2
2005,26181.3345620427,21466.0302884889,31932.419280019,10.1728020145605,0.101315655842686,index,0.6,2
2006,20702.4292288417,16828.1886093842,25468.6101946943,9.93800632641834,0.105714020939225,index,0.6,2
2007,18829.0047287346,15222.5483423132,23289.8862333871,9.84315376463743,0.108481949220713,index,0.6,2
2008,17516.8881761969,14270.1225882263,21502.3640813393,9.770920733201,0.104592448513586,index,0.6,2
2009,17904.8261700975,14575.8288637016,21994.1385961081,9.79282557392952,0.104953813991369,index,0.6,2
2010,26420.9553984475,21737.2780389109,32113.8130964316,10.1819127393622,0.0995573353729346,index,0.6,2
2011,34247.2977334625,28431.8969327686,41252.1684648009,10.4413629422847,0.0949486921229276,index,0.6,2
2012,42568.6324605135,35288.0380837009,51351.3521284501,10.6588729338174,0.0957025814186086,index,0.6,2
2013,54684.4204992949,43379.102588485,68936.092885829,10.9093341306444,0.118165964029101,index,0.6,2
2014,61678.5240908311,51325.092817053,74120.4764613548,11.0296910794624,0.0937547988679433,index,0.6,2
2015,55338.3687803642,45709.2172092835,66996.007506548,10.9212217765849,0.0975357364043732,index,0.6,2
2016,67390.7519046798,55650.8254162266,81607.2970762065,11.1182630753892,0.0976604101035234,index,0.6,2
2017,64793.0353954705,53845.3804883342,77966.5293045563,11.0789533980992,0.0944310739675433,index,0.6,2
2018,43749.6636805771,35902.1811927873,53312.4453326564,10.6862392044551,0.100861993345016,index,0.6,2
2019,62300.843074133,47730.5676144931,81318.8537604815,11.0397302371741,0.135922362426381,index,0.6,2
2021,54911.3497073381,45110.5523529719,66841.4854043111,10.9134753403266,0.100309937820625,index,0.6,2
2022,56229.8407825847,45821.1471342886,69002.9646173745,10.9372028697436,0.10444165300823,index,0.6,2
2023,46847.6925238231,38199.2172497402,57454.2216521884,10.7546570340272,0.104127796274221,index,0.6,2
2024,51108.6713337373,41736.4093393648,62585.5536412022,10.841709455215,0.103359196563955,index,0.6,2
2025,68356.4771454455,56542.3340859599,82639.10649023,11.1324916020433,0.0968113144500506,index,0.6,2
2003,4824.32964676609,3599.47208783873,6465.99167119559,8.48142707080823,0.149433663931744,index,0.6,2
2004,6140.68489722033,4556.30614813912,8276.00468031556,8.72269156169886,0.152259962452905,index,0.6,2
2005,6055.88804124182,4505.33360026354,8140.08089565455,8.70878630770099,0.150905369496738,index,0.6,2
2006,4612.73003548894,3400.5358046246,6257.03700909883,8.43657515929793,0.155557384686173,index,0.6,2
2007,3886.56356589769,2898.3070925686,5211.79290852038,8.26528064410006,0.149695893433719,index,0.6,2
2008,3606.98005360069,2658.66785303847,4893.5428666670005,8.19062615097438,0.155638411817244,index,0.6,2
2009,4101.80259518306,3052.5772414354,5511.66545484008,8.31918181343314,0.150737618537528,index,0.6,2
2010,6163.8016650229,4638.85008718183,8190.0579349871,8.72644901957952,0.145016558137557,index,0.6,2
2011,8118.69230362469,6287.56902172354,10483.0920333765,9.00192437383473,0.130407795190615,index,0.6,2
2012,10279.6874609076,7848.89988260634,13463.2847755029,9.23792513591154,0.137653793348858,index,0.6,2
2013,13168.0960670717,9760.12024933909,17766.0468930564,9.48555221838475,0.152804960084398,index,0.6,2
2014,14922.8967007247,11443.6858637367,19459.8880633539,9.61065200375545,0.135440549888581,index,0.6,2
2015,12671.3510123315,9872.0361564807,16264.4396690454,9.44709889843806,0.127368406634141,index,0.6,2
2016,16207.9745611063,12442.3108632931,21113.3158671089,9.69325865696023,0.134900717201498,index,0.6,2
2017,16305.4238784262,12338.3242481872,21548.0516241267,9.69925308472244,0.142241182515405,index,0.6,2
2018,11030.7246398808,8307.04657454219,14647.4303459143,9.30843980726826,0.144686530476903,index,0.6,2
2019,16090.6952391632,11520.0469767333,22474.775823618,9.68599644844778,0.170489069697472,index,0.6,2
2021,13817.1797913554,10330.4602453628,18480.7310470353,9.53366800930142,0.148378182572743,index,0.6,2
2022,14243.8816886466,10429.4234588466,19453.4401983713,9.56408273831478,0.159031732982002,index,0.6,2
2023,12446.6605470623,9412.43998652545,16459.0009599608,9.42920763676135,0.142563915873513,index,0.6,2
2024,12900.4095422703,9684.31449499865,17184.5479041644,9.46501433730863,0.146304496565673,index,0.6,2
2025,18676.7183434609,14212.0264864976,24543.9880380444,9.8350330188048,0.139384805103118,index,0.6,2
2003,5748.90318131418,4284.48018030077,7713.86175155658,8.6567643645203,0.15000778312668,index,0.6,2
2004,7621.81681260329,5779.15766391942,10051.9997728327,8.93877004711235,0.14120505842706,index,0.6,2
2005,7823.21643578899,6216.92810078853,9844.52681597465,8.96485105789945,0.117257189645565,index,0.6,2
2006,6221.84701107125,4890.82777748983,7915.09780968906,8.73582208877072,0.12281105309912,index,0.6,2
2007,5683.09585812064,4444.92748339133,7266.16545562762,8.64525140867565,0.125376066599545,index,0.6,2
2008,5470.32683955878,4308.39198587523,6945.62514963875,8.60709364492144,0.121825514369755,index,0.6,2
2009,5105.94067344364,3996.90447188517,6522.70534462628,8.53815997874522,0.124943377635912,index,0.6,2
2010,8328.57520665478,6591.19630637244,10523.9112520199,9.02744767691239,0.119368281327776,index,0.6,2
2011,10013.0302232058,7919.90395321361,12659.3421893898,9.21164254609991,0.119649233523797,index,0.6,2
2012,12240.691276397,9627.23099635867,15563.6156419987,9.41252103130138,0.122538020631978,index,0.6,2
2013,15220.6369171578,11451.5421087429,20230.269946532,9.63040747792235,0.145169910399786,index,0.6,2
2014,17682.6256263075,14132.6258261974,22124.3562863276,9.78033783344068,0.11433707117915,index,0.6,2
2015,16807.8088500145,13293.8299548205,21250.643290814,9.72959886990035,0.119667288967019,index,0.6,2
2016,21345.0325818822,16826.9945127385,27076.1611990011,9.96857432563185,0.121346430562037,index,0.6,2
2017,18486.2764080431,14823.5120704077,23054.0788047654,9.82478392000349,0.112662308676093,index,0.6,2
2018,12899.6773414202,10192.706008865,16325.5641208548,9.46495757774394,0.120170540532091,index,0.6,2
2019,18260.0846716601,13486.4581028931,24723.3698924012,9.81247279114041,0.154610715318528,index,0.6,2
2021,16112.6459250678,12821.4339454158,20248.6991557935,9.68735970384369,0.116576696923906,index,0.6,2
2022,18140.0836366001,14400.2866683326,22851.1169202267,9.80587933427593,0.117796012175741,index,0.6,2
2023,13875.2067418515,10773.7993274739,17869.4030097795,9.53785883881725,0.129077045994051,index,0.6,2
2024,14792.1758786447,11596.5153364214,18868.467024533,9.60185366311558,0.124182758001343,index,0.6,2
2025,18459.4170886191,14611.1901791591,23321.171997175,9.8233299305604,0.119281256009806,index,0.6,2
2003,9361.26531229048,7168.76264184642,12224.325539187,9.14433574327226,0.136149133879532,index,0.6,2
2004,12789.8693607478,9880.85318777026,16555.3272735053,9.45640868034932,0.131662898060278,index,0.6,2
2005,12302.2300850119,9701.23759324054,15600.5729794746,9.41753583265079,0.121189517378589,index,0.6,2
2006,9867.85218228155,7746.68712909011,12569.825664664,9.19703749803579,0.123480296679802,index,0.6,2
2007,9259.34530471639,7148.49463106697,11993.5007154334,9.13338862370625,0.132008319201495,index,0.6,2
2008,8439.58128303738,6611.17517073126,10773.6567847009,9.04068797534481,0.124579468515646,index,0.6,2
2009,8697.08290147079,6811.61797205267,11104.4470352558,9.07074294973599,0.124674735386181,index,0.6,2
2010,11928.5785267697,9427.64557254218,15092.9502572445,9.38669235684199,0.120048474572951,index,0.6,2
2011,16115.5752066322,12904.6496496549,20125.4409295461,9.68754148747738,0.113368677110755,index,0.6,2
2012,20048.253723209,16092.0520693798,24977.0803386206,9.90589733284233,0.112153369031771,index,0.6,2
2013,26295.6875150655,20189.5415216699,34248.5826707756,10.1771602319096,0.13481892072181,index,0.6,2
2014,29073.0017637987,23395.4447382951,36128.3763148262,10.2775652480706,0.110853381333912,index,0.6,2
2015,25859.2089180183,20434.6333765914,32723.7916894432,10.1604220609074,0.120122414432962,index,0.6,2
2016,29837.7447616912,23591.1949715121,37738.2753836299,10.3035294737702,0.119849471038195,index,0.6,2
2017,30001.3351090011,23977.1995954812,37539.0005299959,10.3089971632874,0.114358490325472,index,0.6,2
2018,19819.2616992762,15621.2775396371,25145.3911696855,9.89440955690138,0.121441184644478,index,0.6,2
2019,27950.0631633094,20565.0604185056,37987.0525510352,10.2381747384486,0.156546713245679,index,0.6,2
2021,24981.5239909147,19695.7359103442,31685.8706752298,10.125891790262,0.12129526465365,index,0.6,2
2022,23845.8754573379,18568.8207870591,30622.6110342534,10.0793665445619,0.127618361954894,index,0.6,2
2023,20525.8252349093,16019.7105491733,26299.4453164937,9.9294391398417,0.126463541896306,index,0.6,2
2024,23416.0859128223,18306.629756936,29951.6124353217,10.0611784973444,0.12559411512916,index,0.6,2
2025,31220.3417133656,24683.7356069984,39487.9345743343,10.3488251393447,0.119862055079935,index,0.6,2
2003,19276.0444318053,15256.8849229551,24353.9812231187,9.86661838279,0.119304351571382,index,0.6,2
2004,25753.7248176985,20563.7942086165,32253.5002663967,10.1563345487451,0.114822162425706,index,0.6,2
2005,25371.6816133557,20823.5671673646,30913.1582843479,10.1413889339345,0.100791787151547,index,0.6,2
2006,20151.9885529857,16401.5717926521,24759.9832365822,9.91105824999863,0.105066114167268,index,0.6,2
2007,18339.2278151197,14834.0998965722,22672.5773184645,9.81679764105927,0.108223307244857,index,0.6,2
2008,17025.7792791433,13876.6937650217,20889.4975251804,9.74248390260709,0.104347783888513,index,0.6,2
2009,17290.0493005189,14080.2561216852,21231.560152799,9.75788643006245,0.104776216132083,index,0.6,2
2010,25369.7947320543,20868.8479441167,30841.4957294284,10.1413145615891,0.09964558844437,index,0.6,2
2011,32776.4221545655,27239.417037165,39438.9442251477,10.3974646991342,0.0944121124390341,index,0.6,2
2012,40950.207562574,33957.678708839,49382.6304735428,10.6201121579515,0.0955333235839598,index,0.6,2
2013,52452.2189936102,41650.15084163,66055.8298531715,10.8676579197667,0.117654024435872,index,0.6,2
2014,58924.5294004898,49068.964849506,70759.5967373283,10.9840127413573,0.093384730190779,index,0.6,2
2015,53004.7895565175,43811.4763938065,64127.2092882009,10.8781375574421,0.0971887640678276,index,0.6,2
2016,65082.9877141273,53766.9815997135,78780.6040765326,11.0834184686094,0.0974526252955344,index,0.6,2
2017,62409.4488937756,51891.8252129998,75058.8227574819,11.0414719674737,0.094162659379643,index,0.6,2
2018,42467.2029264544,34878.9961860518,51706.2852031809,10.6564873611539,0.100434122344794,index,0.6,2
2019,60374.095123472,46301.6811312478,78723.5208943224,11.0083154032396,0.135401393284554,index,0.6,2
2021,53115.3478729378,43664.6817596194,64611.4907053382,10.880221202622,0.0999642583088105,index,0.6,2
2022,54433.3895129568,44388.4784772966,66751.418284922,10.9047330223712,0.104082423447004,index,0.6,2
2023,45470.2177501751,37101.5147734223,55726.5846118343,10.7248128356832,0.103777293895852,index,0.6,2
2024,49553.2240656245,40495.3993871407,60637.0613072096,10.8108026045561,0.102991154370891,index,0.6,2
2025,65966.0122674224,54571.4047531217,79739.8343354321,11.0968949227231,0.0967515842876165,index,0.6,2
2003,658.453708565475,364.318970717365,1190.05959384964,6.48989422040626,0.301977203652318,index,0.6,2
2004,798.646252872843,426.827000501275,1494.36618695337,6.68291811039856,0.319668797620127,index,0.6,2
2005,809.652948687059,451.666701139673,1451.37530764069,6.69660569744091,0.297791786520095,index,0.6,2
2006,550.440675856097,291.677149541972,1038.7681658049,6.31071918624332,0.324022100876488,index,0.6,2
2007,489.776913614887,267.56998873226,896.518425876823,6.19395000909706,0.308459156204384,index,0.6,2
2008,491.108897053495,273.776891851659,880.965325940601,6.19666588946325,0.298144446883735,index,0.6,2
2009,614.776869578524,357.957134126874,1055.85435611072,6.42125938828025,0.275946981878493,index,0.6,2
2010,1051.16066639324,633.572949494314,1743.9803063786,6.95765022921564,0.258308360239709,index,0.6,2
2011,1470.87557889704,881.777452390543,2453.53854618351,7.29361313435725,0.261062670425369,index,0.6,2
2012,1618.42489793943,972.033315669405,2694.6598517217,7.38920867002798,0.260116305603707,index,0.6,2
2013,2232.20150568466,1284.6744083869,3878.58863650705,7.71074359975085,0.281884268064353,index,0.6,2
2014,2753.99469034117,1681.92345627958,4509.41255745625,7.92080775130605,0.25159361256684,index,0.6,2
2015,2333.57922384669,1393.90285410427,3906.72275182929,7.75515851546567,0.262910757151182,index,0.6,2
2016,2307.76419055248,1355.28610427848,3929.63193703786,7.74403445193704,0.271569578849969,index,0.6,2
2017,2383.58650169484,1415.2019314752,4014.6105546503,7.77636156586587,0.265991652053917,index,0.6,2
2018,1282.46075412262,715.605278689696,2298.3418860133,7.15653597550272,0.297662228441215,index,0.6,2
2019,1926.747950661,1033.50600000375,3592.00398000871,7.56358886103278,0.317800062308343,index,0.6,2
2021,1796.00183440032,1013.85054014061,3181.55631570899,7.49331827024265,0.291743877834901,index,0.6,2
2022,1796.45126962785,1012.3071886788,3188.00182418885,7.49356848101331,0.292648811726005,index,0.6,2
2023,1377.47477364807,770.917845992564,2461.26972141089,7.22800722771823,0.296140857456305,index,0.6,2
2024,1555.44726811289,874.851950698105,2765.51501308221,7.34951841548206,0.293609345468383,index,0.6,2
2025,2390.46487802311,1428.92072551055,3999.04783452583,7.77924313564411,0.262539739919652,index,0.6,2
2003,12398.7639276243,9706.31091916741,15838.0818637678,9.42535206336831,0.124910713737387,index,0.6,2
2004,16275.3567952417,12790.1776191608,20710.2079970802,9.69740738973918,0.122948487736035,index,0.6,2
2005,16109.8915827547,13076.671452447,19846.6871139099,9.68718874633799,0.106432379099513,index,0.6,2
2006,12556.7489239515,10051.0277679086,15687.1463476184,9.43801356288196,0.113565040437306,index,0.6,2
2007,11148.1058474157,8934.89131159823,13909.5440169326,9.31902488330162,0.112913105480704,index,0.6,2
2008,10616.5811233435,8506.90818490599,13249.4429584323,9.27017231484386,0.113031911076528,index,0.6,2
2009,10780.6127994132,8667.48732826973,13408.9163247815,9.28550468880402,0.111313511344575,index,0.6,2
2010,16663.8449126397,13562.4569081848,20474.4412573897,9.7209966761668,0.105071289467629,index,0.6,2
2011,20929.3763673986,17166.1149508683,25517.6431232079,9.94890901888522,0.101132654357855,index,0.6,2
2012,26259.9901254251,21487.2122536787,32092.9059221894,10.1758017718257,0.102342958922689,index,0.6,2
2013,33205.7578970927,26061.4302020846,42308.5897040345,10.4104785705025,0.123607802039659,index,0.6,2
2014,38566.848189633,31684.840169021,46943.6415442761,10.5601483312346,0.100284860035078,index,0.6,2
2015,34396.3780576862,28240.322604995,41894.3806002418,10.4457065487975,0.100614314916702,index,0.6,2
2016,42857.8774595849,35063.8658707263,52384.3453860083,10.6656447451598,0.102409192169788,index,0.6,2
2017,39259.0784584265,32225.8378249968,47827.3132811883,10.5779379947691,0.100723365139739,index,0.6,2
2018,27262.9976240924,22130.9915787055,33585.0762406165,10.2132856634049,0.106405743175841,index,0.6,2
2019,39106.3070757796,29687.0834504613,51514.0955377819,10.5740390392509,0.140600394644183,index,0.6,2
2021,33772.0899061332,27387.6183275225,41644.8791927909,10.4273899979359,0.106912012261788,index,0.6,2
2022,36676.8027977274,29566.3366489516,45497.2788626177,10.509899757842,0.109955102130121,index,0.6,2
2023,29869.92818008,24137.3453193391,36963.9907653095,10.3046075067908,0.108722400038287,index,0.6,2
2024,31689.0936764413,25716.1766450091,39049.298497845,10.3637278526055,0.106559273509458,index,0.6,2
2025,42560.7325220447,34776.3884620427,52087.5235446067,10.6586873353816,0.103059746996666,index,0.6,2
2003,7535.73421274653,5664.59210693288,10024.9566170275,8.92741154662501,0.145625827981129,index,0.6,2
2004,10277.0142753297,7860.25365269882,13436.8465805258,9.23766505668023,0.136783585084534,index,0.6,2
2005,10071.4429792879,7794.80844066859,13013.0155804506,9.21745927031162,0.13074019001602,index,0.6,2
2006,8145.6803048902,6329.81170933329,10482.477311551,9.00524304178272,0.128684646675806,index,0.6,2
2007,7680.89888131899,5835.2136585073,10110.3765993273,8.94649186113127,0.140219770637631,index,0.6,2
2008,6900.30705285335,5354.76479475266,8891.9381613766709,8.83932119000876,0.129379484847814,index,0.6,2
2009,7124.21337068425,5491.40046673621,9242.52683053762,8.87125459492738,0.132816725656666,index,0.6,2
2010,9757.11048580765,7583.24646450026,12554.1488698708,9.18575157879167,0.128601801035739,index,0.6,2
2011,13317.921366064,10544.0770180793,16821.4846314708,9.49686587831795,0.119158473828328,index,0.6,2
2012,16308.6423350885,12857.8515740248,20685.5564697256,9.69945045089271,0.121298417524974,index,0.6,2
2013,21478.6626022024,16224.8162240517,28433.7856779768,9.97481528421711,0.143124093930552,index,0.6,2
2014,23111.675901198,18386.3986451512,29051.3424227794,10.0480932190812,0.116699467287275,index,0.6,2
2015,20941.9907226782,16289.4901944825,26923.3088446987,9.94951154784656,0.128184060693861,index,0.6,2
2016,24532.8744450948,19088.4122936458,31530.224687107,10.1077693111903,0.128029172699083,index,0.6,2
2017,25533.9569370438,20124.1122150693,32398.0978586767,10.1477644898842,0.121476978141117,index,0.6,2
2018,16486.6660564848,12793.3576885014,21246.1938668648,9.71030721539667,0.129403311880437,index,0.6,2
2019,23194.535998353,16892.9005880229,31846.8990790327,10.0516720126035,0.161749545400684,index,0.6,2
2021,21139.2598012045,16488.7867359418,27101.3454233566,9.95888724467709,0.126763251537492,index,0.6,2
2022,19553.0379848573,14983.3183903526,25516.463341221,9.88088594898574,0.135815350262102,index,0.6,2
2023,16977.764343743,13042.7729920188,22099.9385857636,9.73965978710635,0.13452814620611,index,0.6,2
2024,19419.577657296,14860.6765164123,25377.0409423322,9.87403699378679,0.136514319986644,index,0.6,2
2025,25795.744623401,20166.3216999446,32996.6193427109,10.1579648202286,0.125612293263512,index,0.6,2
2003,18689.5377394055,14782.0138103575,23629.9888089616,9.83571916709963,0.119671958942521,index,0.6,2
2004,25004.6248452605,19950.1219584877,31339.7213788067,10.1268160805515,0.115219231999194,index,0.6,2
2005,24656.9752063375,20230.7875935427,30051.54512719,10.1128151092736,0.100947899793389,index,0.6,2
2006,19642.7991501862,15979.8434870612,24145.3903329509,9.88546609467494,0.105299215359112,index,0.6,2
2007,17823.8344399932,14400.1160154239,22061.5635182393,9.78829185408385,0.108828689510645,index,0.6,2
2008,16588.0142529717,13514.3632346481,20360.7237780419,9.71643568059979,0.104556685770248,index,0.6,2
2009,16815.3351943206,13678.0831810515,20672.158076145,9.73004655822015,0.105357290661513,index,0.6,2
2010,24517.1702836765,20137.0761060069,29849.9958759893,10.1071289789728,0.100415621533132,index,0.6,2
2011,31707.5452866079,26322.2156154455,38194.6733812315,10.3643099532023,0.094971842776735,index,0.6,2
2012,39902.6430145987,33049.7697854591,48176.4602260869,10.5941978416515,0.0961384818937645,index,0.6,2
2013,50730.5808868946,40231.4869183862,63969.5928301768,10.8342841810549,0.118307763910956,index,0.6,2
2014,57043.7538390377,47456.2828589252,68568.1569650528,10.9515738635651,0.0938842038173262,index,0.6,2
2015,51381.088956774,42422.4467288482,62231.5897821294,10.8470254646155,0.0977531021025313,index,0.6,2
2016,63178.0771206947,52123.1900143407,76577.6121448105,11.0537126389562,0.0981382341311634,index,0.6,2
2017,60361.6222094386,50132.0315668841,72678.5913492044,11.0081087880912,0.0947432474011604,index,0.6,2
2018,41169.2712022052,33781.1749150189,50173.1776820815,10.6254474124505,0.100914324382286,index,0.6,2
2019,58739.1332835057,45027.4038998117,76626.3537328181,10.9808614495111,0.13563253848258,index,0.6,2
2021,51572.2816091294,42359.1211139492,62789.3157465791,10.8507396290202,0.100410302990558,index,0.6,2
2022,52883.6807761524,43075.3028527799,64925.4562873842,10.8758500783088,0.10466773253523,index,0.6,2
2023,44180.6791583093,36016.7257988706,54195.165373713,10.6960428493845,0.10423871863426,index,0.6,2
2024,48125.9117751469,39292.8362341794,58944.6730285794,10.7815760173877,0.103460329813798,index,0.6,2
2025,64065.5731151208,52947.1700015284,77518.7353441251,11.0676624177418,0.0972530700885415,index,0.6,2
2003,1244.96040096524,814.994703086969,1901.76254410103,7.12685900193935,0.216165904751982,index,0.6,2
2004,1547.74622531087,1004.58750302478,2384.57911406543,7.34455510357283,0.220525895116407,index,0.6,2
2005,1524.35935570523,1008.63238256917,2303.78429790967,7.32932950615753,0.210707387398015,index,0.6,2
2006,1059.63007865552,689.296253220045,1628.93080928015,6.96567514379713,0.219393821999995,index,0.6,2
2007,1005.17028874134,671.435628263155,1504.78656007862,6.91291224767325,0.205868119051772,index,0.6,2
2008,928.873923225104,614.981435108521,1402.98018117465,6.8339730172522,0.21040230329207,index,0.6,2
2009,1089.49097577683,740.949809071551,1601.98514361791,6.99346587144705,0.196704115755464,index,0.6,2
2010,1903.78511477098,1328.50240175532,2728.18307173153,7.55159934909296,0.183570605818628,index,0.6,2
2011,2539.75244685453,1758.33743473751,3668.43267047118,7.83982189339457,0.187604412157238,index,0.6,2
2012,2665.98944591478,1849.06028673923,3843.84423628657,7.88833054195917,0.186685933485904,index,0.6,2
2013,3953.83961240032,2641.36805643864,5918.4662442173,8.28244243952907,0.20581509537678,index,0.6,2
2014,4634.77025179332,3231.92165546791,6646.53960610883,8.44134190865778,0.183936915381045,index,0.6,2
2015,3957.27982359013,2726.91838864735,5742.7694453157,8.28331215498072,0.189995684959333,index,0.6,2
2016,4212.67478398503,2919.7716945121,6078.0878412443,8.34585306554705,0.187040355355519,index,0.6,2
2017,4431.41318603183,3073.12591733011,6390.04822893736,8.39647381578727,0.186750002554897,index,0.6,2
2018,2580.39247837178,1738.06887675796,3830.93295753488,7.85569678974599,0.201619447054979,index,0.6,2
2019,3561.70979062729,2253.697179061,5628.87363507098,8.17799598681548,0.233508703779254,index,0.6,2
2021,3339.06809820881,2248.61375210004,4958.33299696895,8.11344703452718,0.201727094221646,index,0.6,2
2022,3346.1600064322,2260.07377702366,4954.16871009921,8.11556870061627,0.200215905637736,index,0.6,2
2023,2667.01336551384,1790.63702843125,3972.30716158093,7.88871453561072,0.203262825962155,index,0.6,2
2024,2982.75955859057,2006.73019866506,4433.50809704357,8.00060417737422,0.202219158567516,index,0.6,2
2025,4290.9040303248,2967.97462617581,6203.50903106641,8.36425271940112,0.188073692777084,index,0.6,2
2003,16822.0432343954,13148.022321609,21522.7151017825,9.73044540262937,0.125726172557994,index,0.6,3
2004,22286.6883339918,17703.5042028637,28056.393310887,10.0117448435157,0.117464896703132,index,0.6,3
2005,22314.1396520604,18203.7668267913,27352.6261432246,10.0129758216287,0.103875378874156,index,0.6,3
2006,20535.9952178728,16652.9211246583,25324.5119238592,9.92993448968539,0.106937458236954,index,0.6,3
2007,19910.876083939,16258.7463183533,24383.3674914073,9.89902139829705,0.103387165253257,index,0.6,3
2008,17310.1269093305,14036.6632825051,21346.9887812006,9.75904697970493,0.106950428663451,index,0.6,3
2009,16930.7167137736,13858.0299904425,20684.6982319816,9.73688480818113,0.10217773563746,index,0.6,3
2010,26659.858354276,22115.8786084692,32137.4547244024,10.1909142806757,0.0953400999010608,index,0.6,3
2011,38681.9803398759,32036.4647931721,46706.0149325044,10.5631291462886,0.0961747715634236,index,0.6,3
2012,38556.8273995823,31748.2650097834,46825.5175097936,10.5598884683578,0.0991319801913512,index,0.6,3
2013,55699.2131223077,44324.5682945647,69992.8383244894,10.9277212987475,0.116546482079086,index,0.6,3
2014,59366.2674484266,49468.5397589666,71244.3449499495,10.9914814559676,0.0930574598964799,index,0.6,3
2015,55609.5788321212,45956.8168661692,67289.8052728793,10.9261107465532,0.0972738669074881,index,0.6,3
2016,64198.9147219963,52934.4153996215,77860.5113585824,11.0697415848934,0.0984368107979153,index,0.6,3
2017,65407.6382871061,54062.6311273004,79133.3876485441,11.0883943240063,0.0971935384331229,index,0.6,3
2018,50325.1763376844,41672.6986030463,60774.1629008373,10.8262607544797,0.0962564987703962,index,0.6,3
2019,46652.1009851076,35743.6490577215,60889.6568677146,10.7504732424555,0.135892986274604,index,0.6,3
2021,55743.3829692428,45452.4530822819,68364.2913448596,10.9285139911434,0.104130443924768,index,0.6,3
2022,52262.7202541398,42506.5114170527,64258.2003863695,10.8640385900379,0.105423384652831,index,0.6,3
2023,51436.8623123649,41896.4864635133,63149.706046241,10.8481103600131,0.104671878934113,index,0.6,3
2024,48066.8782209469,39510.4123405759,58476.352056053,10.7803486164232,0.100016683091437,index,0.6,3
2025,65173.9957240511,53807.5317479725,78941.5455541441,11.0848158297693,0.0977809284323965,index,0.6,3
2003,3895.04199631725,2902.81874043777,5226.42076879629,8.26745974035641,0.150014091741444,index,0.6,3
2004,5122.39194854385,3802.71682297521,6900.04028592846,8.54137678639012,0.151995518830137,index,0.6,3
2005,4636.30934647174,3478.15662514173,6180.10247175264,8.44167392925501,0.146643614125622,index,0.6,3
2006,4329.02248790458,3213.87102736152,5831.1100667188,8.37309704213964,0.151975050248221,index,0.6,3
2007,3970.52378179933,2963.66944299525,5319.43909571135,8.28665329994063,0.149222050000202,index,0.6,3
2008,3461.78991147609,2559.32576096664,4682.47910210202,8.14954104974578,0.154105852947416,index,0.6,3
2009,3681.47307571094,2778.25586360933,4878.32822912756,8.21106824338014,0.143619792504555,index,0.6,3
2010,6326.16441306546,4871.34760645943,8215.45892723172,8.75244939357931,0.133330766247399,index,0.6,3
2011,8848.83270050682,6755.35520820509,11591.0766715054,9.08804083105482,0.137732121450213,index,0.6,3
2012,8830.14439257115,6758.18050388706,11537.3435126229,9.08592664596387,0.136440093539974,index,0.6,3
2013,13534.1406972337,10092.2175419526,18149.9223189632,9.51297071257334,0.149722571168789,index,0.6,3
2014,14119.320793651,10972.7173223588,18168.2635045927,9.55529940745762,0.12864123115876,index,0.6,3
2015,13200.3119954174,10281.4655291108,16947.8014863732,9.4879957443116,0.127501146060304,index,0.6,3
2016,15118.7354340799,11617.6099475811,19674.9729210262,9.62369001092372,0.134396697145925,index,0.6,3
2017,15588.4122991166,11853.638898331,20499.9156876176,9.65428311588535,0.139743861925009,index,0.6,3
2018,11952.8147975614,9174.31459820412,15572.8016578774,9.38872207753569,0.134981618378275,index,0.6,3
2019,10927.4375811907,7853.89218478554,15203.7854965894,9.29903211463611,0.168506977487774,index,0.6,3
2021,13327.9290237467,10011.3451278835,17743.2392743395,9.49761703904331,0.145993905811092,index,0.6,3
2022,12141.4368906323,9005.07612526041,16370.1547570142,9.40437941762863,0.152469998809007,index,0.6,3
2023,13507.165613414,10225.0661480762,17842.7718966415,9.51097560978818,0.142032283166634,index,0.6,3
2024,12448.2061157532,9413.96204667876,16460.4270478171,9.42933180442321,0.142544769320695,index,0.6,3
2025,15467.0997225276,11838.6815989618,20207.5857710029,9.64647044845562,0.136401943997674,index,0.6,3
2003,5585.45331972185,4189.98247535657,7445.68478991957,8.62792087557232,0.146670575288561,index,0.6,3
2004,7253.06699674751,5551.73372157202,9475.77522583555,8.88917969242919,0.136387277681223,index,0.6,3
2005,7494.36083255289,5924.3341156729,9480.46534713773,8.92190612772115,0.11994228232166,index,0.6,3
2006,6801.71816299543,5358.08360438406,8634.31282239954,8.82493053027699,0.121721051264649,index,0.6,3
2007,6753.15593497562,5376.41076937728,8482.44619660609,8.81776522052335,0.116323021771506,index,0.6,3
2008,5905.32004869589,4648.34330589685,7502.20080201268,8.68360892677252,0.122115902058899,index,0.6,3
2009,5724.30541794263,4495.30741449819,7289.30626906753,8.65247649668521,0.123312042314155,index,0.6,3
2010,8841.95626904294,7043.1533717612,11100.1687081135,9.08726342855208,0.116049151594674,index,0.6,3
2011,12584.383243465,10037.8497270648,15776.9548184611,9.44021189909518,0.115356047958911,index,0.6,3
2012,12317.7404055559,9767.08429326883,15534.4956737221,9.41879581162615,0.118381025177252,index,0.6,3
2013,17164.7376773303,13187.2607631854,22341.8816706855,9.75061242335907,0.13449526448687,index,0.6,3
2014,18493.7398653119,14752.6963691853,23183.4510551045,9.82518756814225,0.115311516014175,index,0.6,3
2015,18007.6784223327,14244.9681615218,22764.2826916296,9.79855352493782,0.11959123479849,index,0.6,3
2016,21270.1667095297,16975.2113093739,26651.8032444965,9.96506074594117,0.1150793316109,index,0.6,3
2017,19968.1431979037,15980.3160505795,24951.1174566243,9.90189344251282,0.113665581236094,index,0.6,3
2018,15974.3449949654,12813.8708795093,19914.3334920157,9.67873927652504,0.11247949076254,index,0.6,3
2019,14408.9568553761,10703.9341664139,19396.4232619761,9.57560529604544,0.15165516632618,index,0.6,3
2021,17872.7900111245,14086.8479071166,22676.2313959799,9.79103472417739,0.12145011721475,index,0.6,3
2022,17993.0352003837,14287.9043677695,22658.9783490263,9.79774002868827,0.117640640643573,index,0.6,3
2023,16123.1351021166,12645.80026995,20556.6654519155,9.68801048239378,0.123946174392508,index,0.6,3
2024,14991.6116348433,11874.9987048071,18926.184751413,9.61524609931632,0.11890809286327,index,0.6,3
2025,19660.0894678424,15686.0039186656,24641.0188272125,9.88634594444576,0.115217331866875,index,0.6,3
2003,7341.54791835631,5525.29148143047,9754.83845850754,8.90130498743424,0.145009657249689,index,0.6,3
2004,9911.22938870047,7626.73587445268,12880.0144140942,9.20142367499816,0.133680233837425,index,0.6,3
2005,10183.4694730359,7995.57831877451,12970.0499918495,9.2285210447165,0.123408944713355,index,0.6,3
2006,9405.25456697285,7363.35636122882,12013.3820950642,9.14902380856423,0.124876107612121,index,0.6,3
2007,9187.19636716409,7195.96012623303,11729.4392420456,9.12556609450304,0.124640576294508,index,0.6,3
2008,7943.0169491585,6212.08184500551,10156.2599831721,8.98004845047934,0.125408983496444,index,0.6,3
2009,7524.93822011997,5974.68056875948,9477.44311431516,8.92597787963254,0.117702145231793,index,0.6,3
2010,11491.7376721676,9188.59215935237,14372.1728460331,9.34938359284313,0.114117189736121,index,0.6,3
2011,17248.7643959041,13873.9047548809,21444.5665039426,9.75549579067106,0.111089179941404,index,0.6,3
2012,17408.9426014553,13841.8133408323,21895.3452873641,9.76473929579172,0.11698687081744,index,0.6,3
2013,25000.3347477439,19194.2784030822,32562.6587451647,10.1266444936704,0.134837671502846,index,0.6,3
2014,26753.2067894637,21662.241680054,33040.6282087988,10.1944096251191,0.107697701377976,index,0.6,3
2015,24401.5884143711,19484.8838119357,30558.94625246,10.1024035081121,0.114802748969396,index,0.6,3
2016,27810.0125783867,22020.7000042183,35121.3539743003,10.2331513995252,0.119090555806568,index,0.6,3
2017,29851.0827900857,23797.3446751916,37444.8139447043,10.3039763925376,0.115638404153973,index,0.6,3
2018,22398.0165451573,17849.1851185776,28106.1091486466,10.0167276868314,0.115825879494042,index,0.6,3
2019,21315.7065485408,15801.2267186086,28754.6880856043,9.9671994765993,0.152735776035235,index,0.6,3
2021,24542.6639343718,19424.2252286368,31009.8521771407,10.1081682671561,0.11933483463487,index,0.6,3
2022,22128.2481631237,17308.8502429634,28289.5374271235,10.0046102687334,0.125327325530991,index,0.6,3
2023,21806.5615968339,17019.0911716597,27940.747474716,9.98996619416903,0.126469258155963,index,0.6,3
2024,20627.0604703501,16350.7591449382,26021.7657098323,9.93435910780578,0.118537638195281,index,0.6,3
2025,30046.806533681,23817.8449999457,37904.7971331795,10.3105116625584,0.1185334504969,index,0.6,3
2003,16454.0620836101,12869.8756012527,21036.4239282114,9.70832766088391,0.12535078607092,index,0.6,3
2004,21799.7680726995,17342.049785863,27403.3285506359,9.98965460985359,0.116719060604767,index,0.6,3
2005,21813.0220985545,17807.2421395658,26719.9114463005,9.99026241440868,0.103523279356873,index,0.6,3
2006,20031.0186898426,16254.7242238369,24684.6211739735,9.90503728557145,0.106582784298969,index,0.6,3
2007,19464.9067049474,15906.2568411307,23819.7205550324,9.87636846706864,0.103012425655591,index,0.6,3
2008,16976.0166733509,13774.4888035169,20921.657870912,9.73955684302523,0.106626102210882,index,0.6,3
2009,16479.0968748532,13499.0403384508,20117.0325446973,9.70984800067864,0.101774382791192,index,0.6,3
2010,25778.8479384947,21388.3335664476,31070.6301157808,10.1573095873059,0.0952612889160506,index,0.6,3
2011,37381.9418855476,30982.1562774917,45103.6902215121,10.5289430295143,0.095806003173348,index,0.6,3
2012,37392.5956160343,30807.4306737181,45385.3559458654,10.5292279856215,0.0988369131499699,index,0.6,3
2013,54152.5246893997,43160.5795244846,67943.8497477187,10.8995598753386,0.11575571311252,index,0.6,3
2014,57081.3036827215,47576.9668555539,68484.2991359951,10.9522319109011,0.0929240939220054,index,0.6,3
2015,53642.6843164592,44361.6726504523,64865.3986369912,10.8901003793288,0.0969248587202119,index,0.6,3
2016,62250.8633892914,51362.4259382507,75447.565451271,11.0389276839383,0.0980964518768047,index,0.6,3
2017,63369.7262921083,52418.6083866857,76608.7146135819,11.0567415231053,0.0968000409447312,index,0.6,3
2018,48776.2906832211,40413.3220370513,58869.8580788006,10.7949996271242,0.0959634287277185,index,0.6,3
2019,45332.7616903338,34765.5904500264,59111.8763084615,10.7217852661985,0.135411605451255,index,0.6,3
2021,54342.1575569755,44352.4270786831,66581.9275844426,10.903055586958,0.103641126448098,index,0.6,3
2022,50874.1576539269,41392.2856141237,62528.0744611378,10.8371103654369,0.105236913757882,index,0.6,3
2023,50204.4638568678,40923.4914521474,61590.2529749397,10.8238592231781,0.104287468805376,index,0.6,3
2024,46630.9548172217,38357.8914973307,56688.3596121828,10.7500198660504,0.0996468844756251,index,0.6,3
2025,62957.0112456632,51988.001027483,76240.3859862058,11.0502074112794,0.0976748508258773,index,0.6,3
2003,367.981150785268,209.713493929837,645.691055905797,5.9080317161649,0.286887634684654,index,0.6,3
2004,486.920261292349,271.082214225898,874.610462859198,6.188100375164,0.298820912723498,index,0.6,3
2005,501.117553505977,295.801492734988,848.943661879341,6.21684071129822,0.268960102715662,index,0.6,3
2006,504.976528030236,300.139754990029,849.608522769479,6.22451194904712,0.265445557674703,index,0.6,3
2007,445.969378991599,264.556416481232,751.781754695266,6.10025029269356,0.266431308653246,index,0.6,3
2008,334.110235979511,194.713226470374,573.30286087817,5.81147098636574,0.275486257905278,index,0.6,3
2009,451.619838920415,271.916640811167,750.084578487207,6.11284076160381,0.258854353389393,index,0.6,3
2010,881.0104157813,556.571246504578,1394.57321518092,6.78106944854654,0.234327907851545,index,0.6,3
2011,1300.03845432837,809.591408332019,2087.59624341192,7.17014912326473,0.241647010231723,index,0.6,3
2012,1164.23178354808,719.033806140233,1885.07916352294,7.0598167352278,0.245876130448113,index,0.6,3
2013,1546.68843290804,886.602474844942,2698.21614124179,7.34387142945406,0.283920888418368,index,0.6,3
2014,2284.96376570492,1460.55215776648,3574.71616663701,7.73410544574302,0.228338691841094,index,0.6,3
2015,1966.89451566199,1231.68273787111,3140.96635179609,7.58421118993633,0.238817958217697,index,0.6,3
2016,1948.05133270482,1199.09089403433,3164.81762452977,7.57458483534646,0.247589179606283,index,0.6,3
2017,2037.91199499779,1260.49862459267,3294.79558194518,7.619681030808,0.245115920052726,index,0.6,3
2018,1548.88565446339,962.956214585943,2491.3352593441,7.34529101875305,0.242495821074914,index,0.6,3
2019,1319.33929477374,754.169493439994,2308.04373536036,7.18488635600901,0.285346682548139,index,0.6,3
2021,1401.22541226743,831.144228564436,2362.32483906589,7.24510242723326,0.266484022824636,index,0.6,3
2022,1388.5626002127,848.637665987432,2272.00155258959,7.23602439050745,0.251225061570203,index,0.6,3
2023,1232.39845549713,731.596443154054,2076.01604316698,7.1167175134737,0.266070429262013,index,0.6,3
2024,1435.92340372518,881.665862861881,2338.613876546,7.26956340816129,0.248856748426284,index,0.6,3
2025,2216.98447838798,1407.14394346493,3492.90504375162,7.70390320841362,0.231935818659567,index,0.6,3
2003,10864.878724598,8451.59348499409,13967.258353092,9.2932907306032,0.128155645668013,index,0.6,3
2004,14194.3698156421,11154.6144841261,18062.4919624012,9.56060067310948,0.122957426084333,index,0.6,3
2005,13920.425104467,11261.2988898899,17207.4497785548,9.54111247253611,0.108157713522001,index,0.6,3
2006,12708.5870201299,10178.2444859672,15867.9804037804,9.45003318728209,0.113280326144051,index,0.6,3
2007,12396.1622528046,10053.4663834776,15284.761766389,9.42514220794787,0.106874127179443,index,0.6,3
2008,10744.5508857454,8602.78676405082,13419.532170528,9.28215401069217,0.113426848841629,index,0.6,3
2009,10848.2343975536,8781.55130478623,13401.2984106946,9.29175761739084,0.107833236652106,index,0.6,3
2010,17335.1511799547,14222.7728559349,21128.6132089559,9.76049157916299,0.100967109332082,index,0.6,3
2011,24352.127217275,19921.2201116816,29768.5632045499,10.1003744847474,0.102468058843073,index,0.6,3
2012,24416.2853863832,19940.9214107758,29896.0604572242,10.1030056225145,0.103306169142459,index,0.6,3
2013,35055.8221655568,27679.2618652941,44398.2456498964,10.4646969889549,0.120542136569172,index,0.6,3
2014,37921.5756241733,31218.8924638103,46063.3220568893,10.5432755067761,0.0992348788469574,index,0.6,3
2015,35827.0942294111,29339.8338380607,43748.7372289749,10.486459708194,0.101919382913752,index,0.6,3
2016,41353.5936229392,33852.6807391168,50516.5224198965,10.6299146041227,0.102114699984494,index,0.6,3
2017,40428.3441067032,33112.9386104102,49359.8899946667,10.6072864047519,0.101842190349534,index,0.6,3
2018,31544.0769979154,25913.4483056349,38398.1622945198,10.3591411165231,0.100320090340889,index,0.6,3
2019,28892.1975483961,21933.8831017875,38057.970643033,10.2713268566247,0.140583686759521,index,0.6,3
2021,35283.5482974002,28407.9172542403,43823.3035288481,10.4711720803865,0.110588215008083,index,0.6,3
2022,33654.4144061813,27116.5618117867,41768.5552056482,10.423899512388,0.110205879764012,index,0.6,3
2023,33276.2894844001,26927.532803641,41121.9048519688,10.4126003948611,0.108010060432692,index,0.6,3
2024,31208.3611306513,25389.5023105535,38360.8072560095,10.3484413228528,0.105282674459219,index,0.6,3
2025,40415.4009796591,33139.4047985579,49288.8947847884,10.6069662036741,0.101271183875287,index,0.6,3
2003,5957.16450979749,4408.48043367994,8049.89599719457,8.69234989346316,0.153607188518559,index,0.6,3
2004,8092.31851834976,6172.71046291443,10608.892057365,8.9986705596422,0.138154192767083,index,0.6,3
2005,8393.71454759343,6485.72370449535,10863.0042099463,9.03523843659543,0.131573718405804,index,0.6,3
2006,7827.40819774292,6074.34725324108,10086.4037796657,8.96538672496097,0.12936814785953,index,0.6,3
2007,7514.71383113445,5802.32651564266,9732.46228243131,8.92461822177266,0.131943231773543,index,0.6,3
2008,6565.57602358502,5076.06005283363,8492.17465372789,8.78959552448494,0.131280404645566,index,0.6,3
2009,6082.48231621995,4754.77340488124,7780.93675066572,8.71316816733244,0.125647128980065,index,0.6,3
2010,9324.70717432127,7352.05293163681,11826.6509633902,9.1404228418014,0.12127160501034,index,0.6,3
2011,14329.853122601,11399.9831372899,18012.7187946116,9.57010027112565,0.116702713791414,index,0.6,3
2012,14140.5420131992,11064.2318611639,18072.192533212,9.55680127062534,0.125169872036285,index,0.6,3
2013,20643.3909567511,15659.9442281785,27212.7144250272,9.93515049664155,0.140966410965422,index,0.6,3
2014,21444.6918242531,17143.8135048734,26824.5339525224,9.97323242633027,0.114206061518893,index,0.6,3
2015,19782.48460271,15578.6021672757,25120.7838068117,9.89255220915422,0.12188928741854,index,0.6,3
2016,22845.3210990571,17838.1819179402,29257.9534461486,10.0365016094494,0.126229420994179,index,0.6,3
2017,24979.294180403,19637.0252297468,31774.9318163484,10.1258025278922,0.122772879621396,index,0.6,3
2018,18781.0993397686,14766.9011104159,23886.5073838313,9.84060628884284,0.122687328414514,index,0.6,3
2019,17759.9034367115,13057.078699522,24156.5649820939,9.78469857940928,0.156948233265602,index,0.6,3
2021,20459.8346718428,16028.6531899635,26116.0329466268,9.92621895891788,0.124535826608382,index,0.6,3
2022,18608.3058479583,14418.8893205513,24014.9597401805,9.83136331099258,0.130139598825381,index,0.6,3
2023,18160.5728279645,13966.7516395838,23613.6801133547,9.80700819504792,0.133968427948528,index,0.6,3
2024,16858.5170902953,13174.0320942466,21573.470935136,9.73261127337538,0.12582290794222,index,0.6,3
2025,24758.5947443921,19361.6878085908,31659.8439029191,10.1169279701149,0.125449464800334,index,0.6,3
2003,15952.9966249217,12468.0066846768,20412.0921452136,9.67740196673711,0.125757815780064,index,0.6,3
2004,21229.6459149801,16879.2416763231,26701.3100658209,9.96315387603632,0.116999105643133,index,0.6,3
2005,21209.0400707165,17311.3526296226,25984.300033929,9.96218278819963,0.103606496430103,index,0.6,3
2006,19438.2567374304,15766.7594130399,23964.7105084741,9.87499839999298,0.106807693108544,index,0.6,3
2007,18916.2111208794,15451.6268385678,23157.6290903262,9.84777456466995,0.103218728756483,index,0.6,3
2008,16518.7730757032,13400.7835478913,20362.2320255679,9.71225277529166,0.106728653683926,index,0.6,3
2009,15979.2738193693,13076.0156148714,19527.1403243039,9.67904777519441,0.102304335574507,index,0.6,3
2010,24921.6213994797,20650.6782280317,30075.8748124759,10.1234910349694,0.0959137997585161,index,0.6,3
2011,36084.0370265392,29884.9831281051,43568.9631327965,10.4936058588967,0.0961724111697831,index,0.6,3
2012,36330.6503015625,29905.3093709835,44136.5155250695,10.5004170249054,0.0993006564864107,index,0.6,3
2013,52498.1069238179,41845.1822404426,65863.0476203528,10.8685323893356,0.115716636395598,index,0.6,3
2014,55370.4296053662,46122.5676947486,66472.5453919576,10.9218009685979,0.0932381018182828,index,0.6,3
2015,51917.2565034041,42919.1156109792,62801.8887264941,10.8574065091383,0.0971109263382875,index,0.6,3
2016,60282.939420527,49688.8589412336,73135.7665000288,11.006804414334,0.0986081351877596,index,0.6,3
2017,61266.8577919682,50635.374784271,74130.5437096766,11.022994319795,0.0972408696666295,index,0.6,3
2018,47233.1235790051,39094.1978531738,57066.4724061719,10.7628506961893,0.0964922596643859,index,0.6,3
2019,43847.9348039161,33610.8560073831,57202.9878128109,10.6884828998592,0.135654794032651,index,0.6,3
2021,52549.0938319884,42860.1221862767,64428.3572165662,10.8695031322361,0.1039845701233,index,0.6,3
2022,49409.6613701755,40175.9049812142,60765.6414424752,10.8079012583489,0.105552216086384,index,0.6,3
2023,48646.3361049455,39612.8988154576,59739.7839390611,10.7923317734718,0.104808916502643,index,0.6,3
2024,45195.3593032864,37135.9547909021,55003.8504208212,10.7187496902681,0.100210402179139,index,0.6,3
2025,60875.3694351229,50206.1789541693,73811.8431049202,11.0165839291159,0.0983133087108413,index,0.6,3
2003,869.046609473697,573.277221660907,1317.41150860596,6.76739675958504,0.212262753659157,index,0.6,3
2004,1057.04241901178,696.11494009475,1605.10658690676,6.9632301165804,0.213123980522757,index,0.6,3
2005,1105.09958134395,746.258018011296,1636.49174308515,7.0076907287547,0.200319660360492,index,0.6,3
2006,1097.73848044241,746.483521024338,1614.27511459387,7.00100741559711,0.196755591882043,index,0.6,3
2007,994.664963059614,675.568517788925,1464.48267301808,6.9024059599124,0.197376777332348,index,0.6,3
2008,791.353833627287,529.544933308232,1182.6019863589,6.6737451921819,0.204966608583759,index,0.6,3
2009,951.442894404278,659.128225568287,1373.39526088707,6.85797966854448,0.187279756101949,index,0.6,3
2010,1738.23695479643,1242.86095080639,2431.05852594336,7.46062663415961,0.171153866783145,index,0.6,3
2011,2597.94331333678,1824.44248721202,3699.3818695952,7.86247537764561,0.18033272424729,index,0.6,3
2012,2226.17709801996,1561.26192357099,3174.26845356816,7.70804108752977,0.181019341029991,index,0.6,3
2013,3201.10619849011,2097.71852570964,4884.86933228817,8.07125171607998,0.215639727366926,index,0.6,3
2014,3995.83784306009,2841.8680391276,5618.38897802327,8.29300855913027,0.173876503158428,index,0.6,3
2015,3692.32232871705,2574.60455909933,5295.27695076863,8.21401089644817,0.183962392813932,index,0.6,3
2016,3915.97530146933,2757.68726027919,5560.76926582503,8.27281969654913,0.178917592901633,index,0.6,3
2017,4140.78049513784,2903.77122180466,5904.75688310524,8.32863957444629,0.181061481116205,index,0.6,3
2018,3092.05275867933,2181.27322820694,4383.12364486115,8.03659047252401,0.178026963937888,index,0.6,3
2019,2804.16618119143,1828.24842050156,4301.02817733079,7.93886151215847,0.218242720438681,index,0.6,3
2021,3194.28913725458,2179.36963216516,4681.85063322444,8.06911984980447,0.195069347400795,index,0.6,3
2022,2853.05888396406,1979.44949892023,4112.22665685912,7.95614699031494,0.186520231502241,index,0.6,3
2023,2790.5262074194,1921.07372469036,4053.48134962888,7.93398546184158,0.190486113248415,index,0.6,3
2024,2871.51891766054,2019.56906628133,4082.86155306644,7.96259640835876,0.179573184519013,index,0.6,3
2025,4298.6262889282,3065.26419504535,6028.25296486109,8.36605078294986,0.17253467081897,index,0.6,3
2003,18617.3358589032,15057.1120744418,23019.3673773295,9.83184846105087,0.108289101781934,index,0.8,1
2004,22937.2220350453,18867.818943069,27884.3122393984,10.0405162863604,0.0996463401989683,index,0.8,1
2005,25395.2988433741,21338.7628921859,30222.9893364833,10.1423193509698,0.0887969373314905,index,0.8,1
2006,21657.1528168401,18007.7223815227,26046.1738688968,9.98309106301547,0.0941522897361023,index,0.8,1
2007,19579.5981690534,16346.865648677,23451.6311995642,9.88224339335365,0.0920690075296906,index,0.8,1
2008,16803.8049220177,13954.9116512541,20234.2993573771,9.72936062320128,0.094784296900618,index,0.8,1
2009,17075.7868498667,14344.7745217384,20326.7396151964,9.74541676536066,0.0889178355780903,index,0.8,1
2010,24874.1827186078,21104.0137681231,29317.8810778284,10.1215857059537,0.0838623463998836,index,0.8,1
2011,33496.3214639204,28443.4857288868,39446.7669085581,10.4191909047368,0.0834283003733402,index,0.8,1
2012,40244.0348006709,33934.5887794978,47726.5938762784,10.6027170681534,0.0870051584219269,index,0.8,1
2013,59046.6254947895,48508.3638818563,71874.2852431267,10.9860826734183,0.100303455440572,index,0.8,1
2014,59241.0538106129,50481.8287403257,69520.1133588984,10.989370057059,0.0816348334638207,index,0.8,1
2015,56164.2275571957,47663.435934118,66181.1385452071,10.9360353128821,0.083733922411648,index,0.8,1
2016,60758.0243392674,51745.2163779755,71340.6529145804,11.0146544403691,0.0819235312083269,index,0.8,1
2017,60046.6556558219,50885.174903685,70857.5899026286,11.0028771332981,0.0844659563896159,index,0.8,1
2018,44317.9855192891,37461.0577446376,52430.015561135,10.6991458673035,0.0857610937686547,index,0.8,1
2019,46220.933780692,36964.4369599769,57795.4081073185,10.7411880865817,0.114020728021313,index,0.8,1
2021,54568.8961381814,46074.912823634,64628.7587594131,10.9072193316118,0.0863257909143487,index,0.8,1
2022,54764.8326651111,45895.1397218643,65348.682126548,10.9108035272453,0.0901491183559911,index,0.8,1
2023,52508.7124733732,44112.4171718552,62503.1467867628,10.868734386685,0.0888984684078965,index,0.8,1
2024,44098.9379759247,37136.9298867643,52366.1039438146,10.6941909789664,0.0876668204545194,index,0.8,1
2025,67456.883696758,57187.7215271383,79570.0726758023,11.1192439127185,0.0842614549615125,index,0.8,1
2003,4602.99314217205,3546.39225196805,5974.39435954243,8.43446205395562,0.133051401629759,index,0.8,1
2004,5389.48166932375,4161.56511940947,6979.70879477634,8.59220449403281,0.131919761254132,index,0.8,1
2005,5683.42154501734,4404.70279281046,7333.36208542625,8.64530871504052,0.130043537215247,index,0.8,1
2006,4752.50683465221,3616.60573499281,6245.17098860955,8.4664275124788,0.13935781062413,index,0.8,1
2007,3882.97781270882,2980.49973861429,5058.72102542069,8.26435761575934,0.134957251706868,index,0.8,1
2008,3546.57247138014,2696.27183056604,4665.02529609964,8.17373691505345,0.13985543760235,index,0.8,1
2009,3814.41075246985,2957.1997767158,4920.10364099115,8.24654147634213,0.129871467114838,index,0.8,1
2010,5826.8181221679,4584.15324754774,7406.34258834748,8.67022635371067,0.122382690090743,index,0.8,1
2011,8151.32353252243,6418.13838030697,10352.5463919143,9.00593558967852,0.121967652898173,index,0.8,1
2012,9622.07751011327,7461.40956980113,12408.4296331015,9.17181547773654,0.129755370005844,index,0.8,1
2013,15022.3834927398,11450.3237581532,19708.7882028009,9.6172966006606,0.138534849822993,index,0.8,1
2014,14819.8894909878,11794.1151845292,18621.9246708042,9.60372544207381,0.116517176333686,index,0.8,1
2015,13340.6274328483,10732.6294084127,16582.3614633111,9.4985693523102,0.110984434601565,index,0.8,1
2016,14823.3903225611,11709.7796630452,18764.9048041826,9.60396163939149,0.12029914884802,index,0.8,1
2017,14881.7592200477,11630.5746342262,19041.7726078423,9.60789152855255,0.12576704294318,index,0.8,1
2018,11204.3957102452,8718.78559090984,14398.6203035715,9.3240614544144,0.127974909889117,index,0.8,1
2019,11792.7984705602,8880.33985168187,15660.447470477,9.37524432504038,0.144721648172161,index,0.8,1
2021,14327.4262377471,11197.9177817442,18331.5457926242,9.56993089811371,0.125740968917075,index,0.8,1
2022,13449.7769064651,10244.83076133,17657.3437910261,9.50671779801251,0.138874621559796,index,0.8,1
2023,14463.6122349936,11258.9715902439,18580.389621511,9.57939127329814,0.127793526190732,index,0.8,1
2024,11681.2072121571,9125.67446183976,14952.3854378038,9.36573660824646,0.125966354916929,index,0.8,1
2025,18021.0229390236,14012.4716004412,23176.3015854099,9.79929429642261,0.128365244340764,index,0.8,1
2003,5975.67684933095,4597.325615989,7767.27967308621,8.69545265060674,0.133789512000145,index,0.8,1
2004,7242.06490709463,5716.5839102879,9174.62333128424,8.88766165287789,0.120683322375783,index,0.8,1
2005,8113.94024862688,6584.32530002175,9998.90244761598,9.00133887975442,0.10657937217598,index,0.8,1
2006,7016.55392692535,5657.46616209167,8702.13406477531,8.85602748289177,0.109846960541643,index,0.8,1
2007,6545.3646334466,5293.11879837155,8093.86673844426,8.7865123885487,0.108343558446432,index,0.8,1
2008,5648.52482077101,4542.40681730463,7023.99277169949,8.63914969638075,0.111194599271552,index,0.8,1
2009,5601.56299605763,4516.27486143573,6947.65242628017,8.63080094421915,0.109878629702597,index,0.8,1
2010,8419.93568052955,6833.04211916925,10375.3665831163,9.03835746831522,0.106549003511864,index,0.8,1
2011,10335.1674309041,8413.77018333149,12695.3415053377,9.2433076723624,0.104942092717972,index,0.8,1
2012,12913.3924596207,10479.4771465594,15912.5977836534,9.46602022698301,0.106556121742739,index,0.8,1
2013,17782.0560106517,14057.2679460209,22493.8101187335,9.78594513852719,0.119925829166632,index,0.8,1
2014,18161.7060446516,14834.6193230099,22234.9869093511,9.80707059293277,0.103242571224421,index,0.8,1
2015,18050.9902847046,14648.7447754643,22243.4246246311,9.80095582567462,0.106555986438143,index,0.8,1
2016,20171.4916307184,16559.5322310393,24571.2903559841,9.91202558114984,0.100669401113389,index,0.8,1
2017,18374.171230675,15076.2840090525,22393.4603653956,9.81870121997135,0.100931970604396,index,0.8,1
2018,13914.5254949759,11344.8707967206,17066.2163738614,9.5406885731253,0.104169038896887,index,0.8,1
2019,14514.6261089579,11193.9483149044,18820.3809019144,9.58291211718504,0.132545055423323,index,0.8,1
2021,16546.386583719,13396.4530907624,20436.9699295005,9.71392302365699,0.107745738769072,index,0.8,1
2022,18584.5980629078,15097.8208527382,22876.6315701245,9.8300884555353,0.10601355901117,index,0.8,1
2023,16450.8852821643,13325.8738175018,20308.7339917245,9.7081345712904,0.107487560368334,index,0.8,1
2024,13757.8173809683,11177.1627968328,16934.3099432807,9.5293624783366,0.105988957120218,index,0.8,1
2025,19499.3423775414,15852.1622928538,23985.6460041409,9.87813601975452,0.105652363576612,index,0.8,1
2003,8038.66586740013,6265.42763802896,10313.765102877,8.99201841151343,0.127153503948921,index,0.8,1
2004,10305.675458627,8221.19448779381,12918.6758464641,9.24045003786516,0.115297652068017,index,0.8,1
2005,11597.9370497298,9407.58736436907,14298.261456381,9.35858252073842,0.106793141758076,index,0.8,1
2006,9888.09205526256,7929.68626673388,12330.1680803594,9.19908648945011,0.112613160332481,index,0.8,1
2007,9151.25572289795,7332.35538080373,11421.3614802578,9.12164638632855,0.113060398282877,index,0.8,1
2008,7608.70762986665,6077.13593256432,9526.26902527793,8.93704861118631,0.114675480114592,index,0.8,1
2009,7659.81310133928,6229.33650855713,9418.77785328358,8.943742863134,0.105470181127595,index,0.8,1
2010,10627.4289159103,8713.01826053816,12962.4708666398,9.27119357151712,0.101338613910211,index,0.8,1
2011,15009.8305004939,12375.1115532394,18205.4933957004,9.61646063212496,0.0984803965011717,index,0.8,1
2012,17708.564830937,14480.2610632131,21656.6032202401,9.78180369027901,0.102686578356508,index,0.8,1
2013,26242.1859913979,20885.7086053289,32972.4185384553,10.1751235471871,0.116483335265436,index,0.8,1
2014,26259.4582749736,21652.5645212144,31846.5347704878,10.1757815183589,0.098421368876765,index,0.8,1
2015,24772.6098396429,20249.8476141806,30305.5217974786,10.1174938798577,0.10285461068017,index,0.8,1
2016,25763.142385988,21116.3109110198,31432.5503350261,10.1567001598122,0.10148100250393,index,0.8,1
2017,26790.725205099,21807.3696165871,32912.8624696305,10.1958110321648,0.105005901298298,index,0.8,1
2018,19199.0643140679,15668.8455596709,23524.6476284406,9.86261682318605,0.103668824610196,index,0.8,1
2019,19913.5092011738,15339.5631608002,25851.3130099167,9.89915363472555,0.133146853411541,index,0.8,1
2021,23695.0833167156,19362.8507710604,28996.6069575479,10.0730228506106,0.103017836879471,index,0.8,1
2022,22730.4576957383,18412.8687043198,28060.4676737054,10.03146105284,0.107479509448491,index,0.8,1
2023,21594.2149562153,17392.433715872,26811.0907991954,9.9801807316993,0.110405184325308,index,0.8,1
2024,18659.9133827994,15087.2487495035,23078.585979106,9.83413283252558,0.108434451768541,index,0.8,1
2025,29936.5183801933,24529.8218730324,36534.9221599082,10.3068343646451,0.101629157773743,index,0.8,1
2003,18272.2149448309,14785.5109280074,22581.1499254762,9.8131368760047,0.108029478499861,index,0.8,1
2004,22384.8170343463,18434.2888751375,27181.9562476843,10.0161381970587,0.0990683825726638,index,0.8,1
2005,24785.6830865157,20837.9034158355,29481.3769795255,10.1180214705557,0.0885182508272638,index,0.8,1
2006,21194.148484928,17629.4404431709,25479.6476070334,9.9614804076991,0.0939582937057639,index,0.8,1
2007,19207.8772246912,16041.003467146,22999.9668184383,9.86307574599661,0.0919263352072864,index,0.8,1
2008,16518.347270652,13719.1041282818,19888.7473994287,9.71222699792083,0.0947376569212379,index,0.8,1
2009,16624.8477307227,13964.8127128487,19791.5695507623,9.71865370642784,0.0889596138987348,index,0.8,1
2010,24121.8241591667,20460.8703954961,28437.8127381053,10.0908722764709,0.083982510823766,index,0.8,1
2011,32413.7200161612,27527.6488049588,38167.053522451,10.3863370694366,0.0833642256023881,index,0.8,1
2012,39229.1534655229,33084.2308795439,46515.4075131629,10.5771754602179,0.0869217098824626,index,0.8,1
2013,57476.3917266637,47250.8796595813,69914.7958665997,10.9591295638082,0.0999523539569579,index,0.8,1
2014,57115.9279227687,48657.0367393972,67045.3739291835,10.9528383046047,0.081780373845863,index,0.8,1
2015,54364.3693743994,46151.7225832423,64038.4473655436,10.9034642435191,0.0835600448932226,index,0.8,1
2016,59119.8068783184,50357.2396553255,69407.1317104061,10.9873212890118,0.0818502869779942,index,0.8,1
2017,58385.5003022095,49481.186235167,68892.1771062265,10.9748228554927,0.0844275999689854,index,0.8,1
2018,43189.6931700285,36512.9244795907,51087.3785846397,10.6733571617394,0.0856829976668767,index,0.8,1
2019,45031.942455597,36034.9754977477,56275.2107726826,10.7151273492872,0.113717427281338,index,0.8,1
2021,53350.4174942002,45061.2912013985,63164.3472905439,10.88463708227,0.086153732858744,index,0.8,1
2022,53361.2827201788,44719.7889318678,63672.6281933263,10.8848407192844,0.0901390702229909,index,0.8,1
2023,51378.2643202902,43172.8753597136,61143.1604351478,10.8469704888611,0.0887785685837456,index,0.8,1
2024,43094.6864215113,36312.6710455244,51143.3597225642,10.6711549836079,0.0873653602818771,index,0.8,1
2025,65691.9475169228,55690.6964408142,77489.2799760981,11.0927316325307,0.0842685129201383,index,0.8,1
2003,345.120914072237,194.300871363365,613.010350876453,5.84389483120085,0.293110993227552,index,0.8,1
2004,552.405000699011,321.444585418065,949.31225673128,6.31428147417159,0.276258294662437,index,0.8,1
2005,609.615756858392,369.337952230741,1006.2095399767,6.4128288519032,0.255676518168251,index,0.8,1
2006,463.004331912072,278.113103229758,770.812338145189,6.13773641022405,0.260060152708504,index,0.8,1
2007,371.720944362152,222.484472983965,621.061140241676,5.91814342320607,0.261885479746197,index,0.8,1
2008,285.457651365682,173.892964552816,468.599008204626,5.65409368662515,0.252889199418226,index,0.8,1
2009,450.939119144042,288.152575622421,705.688952233617,6.11133233957916,0.228495128885534,index,0.8,1
2010,752.35855944107,494.176572492972,1145.42743114819,6.62321301808052,0.214452986828386,index,0.8,1
2011,1082.60144775922,700.389723510661,1673.39104979388,6.98712217166035,0.222190431613145,index,0.8,1
2012,1014.88133514785,642.60321592073694,1602.83064092,6.92252697345686,0.23316730605623,index,0.8,1
2013,1570.23376812581,947.479705358489,2602.3080733214,7.35897978415373,0.257746708897718,index,0.8,1
2014,2125.12588784441,1413.88476064282,3194.15002191073,7.66158632094237,0.207906869646312,index,0.8,1
2015,1799.85818279628,1141.80523310153,2837.16467946041,7.49546315344497,0.232196780304006,index,0.8,1
2016,1638.21746094906,1047.9213506934,2561.02850426951,7.40136401564334,0.227963474916435,index,0.8,1
2017,1661.15535361225,1062.30044792684,2597.60514477793,7.41526863540955,0.228104480231568,index,0.8,1
2018,1128.29234926063,709.094687340952,1795.30836731251,7.02846057335444,0.236979612304956,index,0.8,1
2019,1188.99132509494,702.159726799485,2013.36009058056,7.08086060069692,0.268729270360841,index,0.8,1
2021,1218.47864398124,728.830568812651,2037.08553039575,7.10535834642931,0.262207398391998,index,0.8,1
2022,1403.5499449324,878.441924197225,2242.55285825528,7.24675998115552,0.239091221738921,index,0.8,1
2023,1130.44815308288,679.949252755991,1879.42412118084,7.03036942873169,0.259367654536607,index,0.8,1
2024,1004.25155441337,602.77550933238,1673.12899898451,6.91199782107326,0.260439981221004,index,0.8,1
2025,1764.93617983522,1132.6922243111,2750.08484390882,7.47586980998007,0.226288460417392,index,0.8,1
2003,12274.0207398795,9860.18338296716,15278.7812631591,9.41524017268849,0.11172660738352,index,0.8,1
2004,14560.8135562577,11828.9586758351,17923.5803615765,9.58608919630627,0.106013819063944,index,0.8,1
2005,16213.7242626141,13492.863393682,19483.251760125,9.69361333927341,0.0937247590154603,index,0.8,1
2006,13607.8717836136,11179.439730384,16563.8152666983,9.51840371189827,0.100293720474866,index,0.8,1
2007,12147.3045833067,10044.0253396734,14691.0231355928,9.40486257916212,0.0970065457941118,index,0.8,1
2008,10630.3744173459,8714.35791711366,12967.6634042123,9.27147069341991,0.101401564187581,index,0.8,1
2009,10951.7957479799,9091.60743558549,13192.587884515,9.3012587170482,0.094977107426784,index,0.8,1
2010,16397.5752196054,13740.794895484,19568.0435613652,9.70488875041795,0.0901875417374967,index,0.8,1
2011,21288.8995756795,17831.0902950786,25417.2480562477,9.96594106917167,0.0904313610405605,index,0.8,1
2012,26161.9248051284,21778.9550247057,31426.958214146,10.1720603810421,0.0935532314961517,index,0.8,1
2013,38008.1019684727,30899.0421007786,46752.7702164403,10.5455546256792,0.105652024670894,index,0.8,1
2014,38218.314628912,32181.4976449849,45387.5574464489,10.5510701202472,0.0877175103825689,index,0.8,1
2015,36440.8952536654,30679.2689651899,43284.5661477578,10.5034469189554,0.087810027555269,index,0.8,1
2016,39803.7442131328,33559.1441241135,47210.3235864734,10.5917162625545,0.087068745396265,index,0.8,1
2017,37681.9140587642,31671.4904628915,44832.9594338408,10.536935525138,0.0886563864377581,index,0.8,1
2018,28370.2594354938,23709.9195592597,33946.6196173952,10.2530966724736,0.0915567263112518,index,0.8,1
2019,29746.979618915,23595.9585464383,37501.4557983157,10.3004828804051,0.118192045321005,index,0.8,1
2021,35052.1504481097,29207.4895629029,42066.3764474116,10.4645922443071,0.093068953561242,index,0.8,1
2022,36016.6641608435,29757.6305366459,43592.1837149472,10.4917370036929,0.0973977779621217,index,0.8,1
2023,34712.8079482723,28945.703542214,41628.9427512555,10.4548640029699,0.0926991220303466,index,0.8,1
2024,28868.2902634299,24121.0851997859,34549.779822553,10.2704990489923,0.0916636269243477,index,0.8,1
2025,43551.738923601,36452.4040981789,52033.7138302564,10.6817049108429,0.0907885149576065,index,0.8,1
2003,6343.31511902365,4851.7903216832,8293.36060122125,8.75515680020813,0.13676462833728,index,0.8,1
2004,8376.40847878757,6633.40935638999,10577.3992277312,9.03317451912482,0.119032971128019,index,0.8,1
2005,9181.57458075995,7325.11118838921,11508.5368145238,9.12495399186476,0.115252311049695,index,0.8,1
2006,8049.2810332265,6383.89043456405,10149.128625558,8.99333805378133,0.118270069824262,index,0.8,1
2007,7432.29358574682,5873.18627779843,9405.28451371369,8.91358978263956,0.120123232784035,index,0.8,1
2008,6173.43050467185,4873.07488924136,7820.77950005526,8.72800995990578,0.120680558849811,index,0.8,1
2009,6123.9911018868,4905.85349786992,7644.59579403917,8.71996930378612,0.113157661564887,index,0.8,1
2010,8476.60749900238,6845.62749413305,10496.1706949032,9.04506558966106,0.10903270974826,index,0.8,1
2011,12207.4218882408,9953.757708893,14971.3458490517,9.40979939724574,0.104131494666753,index,0.8,1
2012,14082.1099955425,11348.6546753043,17473.9497852632,9.55266047612246,0.110107120717878,index,0.8,1
2013,21038.5235263165,16503.7470269496,26819.3320852897,9.95411048978457,0.123863379659026,index,0.8,1
2014,21022.7391817009,17153.3133558299,25765.0258893926,9.95335994905705,0.103784211412679,index,0.8,1
2015,19723.3323035305,15890.254309054,24481.0328135429,9.88955759479022,0.110255256089558,index,0.8,1
2016,20954.2801261347,16942.8189777419,25915.5135979056,9.95009820644695,0.10841976904355,index,0.8,1
2017,22364.7415970577,17902.9643608711,27938.483070232,10.0152409619016,0.113532380587942,index,0.8,1
2018,15947.7260837951,12833.5140820132,19817.6404076428,9.67707153277029,0.110847045487915,index,0.8,1
2019,16473.954161777,12564.345768745,21600.1032381201,9.70953587703872,0.138225752259568,index,0.8,1
2021,19516.7456900719,15773.0554180291,24148.9903025102,9.87902812937117,0.108660016763327,index,0.8,1
2022,18748.1685042678,15043.7146937817,23364.8290611168,9.83885134685519,0.112316243546169,index,0.8,1
2023,17795.9045251008,14117.0377481333,22433.4753166172,9.78672362694755,0.118158257470534,index,0.8,1
2024,15230.6477124948,12126.7307158066,19129.0328101174,9.63106497371075,0.116276385913733,index,0.8,1
2025,23905.1447731573,19336.4010704263,29553.3767914863,10.0818489772292,0.108218474713284,index,0.8,1
2003,17757.8631230797,14358.2629322906,21962.3852958464,9.78458368966076,0.108421798446098,index,0.8,1
2004,21718.2664862441,17876.6662753061,26385.4060876592,9.98590895899552,0.0993168135304267,index,0.8,1
2005,24049.5057939755,20213.0030823314,28614.1909036779,10.0878697262157,0.0886691461409651,index,0.8,1
2006,20561.6372047185,17086.8746761965,24743.0224982824,9.93118234697845,0.0944489100159702,index,0.8,1
2007,18654.837920517,15566.3524476122,22356.1029478129,9.8338607973579,0.0923454866408979,index,0.8,1
2008,16118.6991584985,13379.9001312338,19418.1167283661,9.68773531544079,0.0950152386924999,index,0.8,1
2009,16122.3177175894,13530.0178319327,19211.2923882056,9.68795978473219,0.0894372279265363,index,0.8,1
2010,23335.5766883334,19770.6087801603,27543.3673000268,10.0577343715276,0.0845845454384342,index,0.8,1
2011,31315.9012636426,26563.9257227712,36917.9496354918,10.3518812751183,0.0839667860843657,index,0.8,1
2012,38171.6943412044,32167.7279285688,45296.2749533913,10.5498495340966,0.0873131061252998,index,0.8,1
2013,55562.1392309633,45656.6455527719,67616.6914705262,10.9252572992041,0.100181865147336,index,0.8,1
2014,55352.3793287091,47105.5058684948,65043.0526296185,10.9214749241814,0.0823126112832471,index,0.8,1
2015,52593.9610973514,44606.0807334416,62012.2794566868,10.8703565840997,0.0840480321931715,index,0.8,1
2016,57152.8810912298,48629.6384448296,67169.9794917054,10.9534850807472,0.0823977447893291,index,0.8,1
2017,56482.2404623358,47829.4232478954,66700.438161472,10.9416815396228,0.084840978052882,index,0.8,1
2018,41786.5569752431,35299.9979990135,49465.0550375113,10.6403299633243,0.0860688147428646,index,0.8,1
2019,43727.8560227002,34981.9904564381,54660.2799724364,10.685740615597,0.113855135963597,index,0.8,1
2021,51524.3620349768,43479.5910551296,61057.6092987001,10.8498100240222,0.0866154120821238,index,0.8,1
2022,51789.213032116,43364.0078650934,61851.3536578551,10.8549371639388,0.0905894706149557,index,0.8,1
2023,49883.3185893125,41883.9638944337,59410.4578963586,10.8174419290426,0.0891769548070821,index,0.8,1
2024,41741.5194080848,35136.7815069192,49587.7643816756,10.6392515816957,0.0878831530021725,index,0.8,1
2025,63650.4237445229,53915.9813769582,75142.4037806486,11.0611612613793,0.08468474382125,index,0.8,1
2003,859.472735823407,580.749449673685,1271.96570575974,6.75631910334643,0.200003511493844,index,0.8,1
2004,1218.95554880133,835.792215121907,1777.77754215721,7.10574966351806,0.192539062354054,index,0.8,1
2005,1345.79304939853,940.198611313954,1926.35780356902,7.20473874607936,0.182986834110583,index,0.8,1
2006,1095.51561212159,771.585230120424,1555.43990417601,6.99898041007189,0.178846792020122,index,0.8,1
2007,924.760248536447,648.761871669093,1318.17474888442,6.82953451314528,0.1808547413786,index,0.8,1
2008,685.105763519257,479.075662768717,979.740662455446,6.52957322564207,0.182510843911377,index,0.8,1
2009,953.469132277319,687.692416556084,1321.96220914924,6.860107051446,0.166720095376466,index,0.8,1
2010,1538.60603027443,1133.32737501389,2088.81261371439,7.33863211034279,0.15598192016416,index,0.8,1
2011,2180.42020027781,1601.19573006491,2969.17619783234,7.68727288962979,0.157537042343551,index,0.8,1
2012,2072.34045946638,1491.28636000118,2879.79230222285,7.63643390429552,0.167880405734793,index,0.8,1
2013,3484.48626382616,2413.01854328827,5031.724499824,8.15607589879193,0.187473928781523,index,0.8,1
2014,3888.67448190397,2887.44219806508,5237.08811776196,8.26582362839074,0.151889164339435,index,0.8,1
2015,3570.26645984446,2588.45875227752,4924.47584226511,8.18039551060026,0.164073223749091,index,0.8,1
2016,3605.14324803771,2643.35909241102,4916.87182274475,8.19011678486239,0.158324855188452,index,0.8,1
2017,3564.41519348595,2572.36109042641,4939.06385026505,8.17875527829427,0.166419287551938,index,0.8,1
2018,2531.42854404597,1818.11556815695,3524.60018815346,7.83653906428671,0.168872094251344,index,0.8,1
2019,2493.07775799175,1683.20866380377,3692.61211699524,7.82127327356733,0.200420062263309,index,0.8,1
2021,3044.53410320458,2151.49813528706,4308.24817068179,8.02110316456401,0.17713768300231,index,0.8,1
2022,2975.61963299532,2139.71624603247,4138.07775525618,7.99820757629089,0.168257720539618,index,0.8,1
2023,2625.39388406054,1855.44808304469,3714.84015610502,7.87298621483987,0.177097496435538,index,0.8,1
2024,2357.41856784001,1691.50674986082,3285.48633013383,7.76532247216766,0.169364078174172,index,0.8,1
2025,3806.45995223512,2762.96437520227,5244.05508011992,8.24445488980169,0.163470074455114,index,0.8,1
2003,19449.1235753461,15764.035443937,23995.6582941182,9.87555728763782,0.107181000555294,index,0.8,2
2004,25435.7039353111,20864.3858377804,31008.5827454976,10.1439091327265,0.101078477330203,index,0.8,2
2005,24083.3694778419,20220.9958518781,28683.4876805722,10.0892768181155,0.0891853510053687,index,0.8,2
2006,21592.2738453975,17932.3217796857,25999.2150231652,9.98009083734238,0.0947623472950342,index,0.8,2
2007,19415.3849608653,16147.3633739075,23344.8126762119,9.87382106998183,0.0940369387879302,index,0.8,2
2008,16625.3254908682,13836.1024000758,19976.8287112272,9.71868244373049,0.0936985955665367,index,0.8,2
2009,17868.2976965277,14987.8348318115,21302.3472806144,9.79078334320896,0.0896900171489338,index,0.8,2
2010,26249.5893090011,22251.8815515233,30965.5135138025,10.175405622526,0.084299393099469,index,0.8,2
2011,32849.687463778,27889.9809437503,38691.3841441581,10.3996975098273,0.0835090408607494,index,0.8,2
2012,40170.4310183775,34032.7389590945,47415.0355674211,10.6008864571533,0.0845975781199375,index,0.8,2
2013,53821.5302582716,44012.6827948826,65816.4178003449,10.8934288567691,0.102652774057183,index,0.8,2
2014,61636.538714813,52680.5090951911,72115.1516944895,11.0290101346259,0.080108265323273,index,0.8,2
2015,52937.4168647405,45021.9471476401,62244.5336520324,10.8768656809514,0.0826343330686224,index,0.8,2
2016,63817.201176054,54134.7541401599,75231.4336812266,11.0637780439043,0.0839537772497604,index,0.8,2
2017,63917.3511562976,54286.4407981942,75256.8729643694,11.0653461395987,0.0833262117082534,index,0.8,2
2018,42475.678926499,35794.6776932315,50403.6749745113,10.656686930556,0.0873140722768567,index,0.8,2
2019,48915.7094803028,38720.5890105481,61795.2023743637,10.7978538811368,0.119250725858394,index,0.8,2
2021,55358.1950009103,46633.8019550454,65714.7739468676,10.9215799850077,0.087501130303268,index,0.8,2
2022,52386.7835271171,43884.6625468463,62536.0873035641,10.8664096157307,0.0903534205823518,index,0.8,2
2023,49961.6224620205,41924.4172486715,59539.6163584498,10.8190104389328,0.0894846811340478,index,0.8,2
2024,49383.0264601853,41571.1677592236,58662.8529776211,10.8073620502107,0.0878587200190851,index,0.8,2
2025,67331.4962121642,56894.8685492983,79682.5882151475,11.1173834033653,0.0859316662520311,index,0.8,2
2003,4550.99446810542,3488.53028815123,5937.04194544984,8.42310105248205,0.135648026674242,index,0.8,2
2004,5851.70860774759,4475.58018135769,7650.96194067059,8.67448896728229,0.136787052020557,index,0.8,2
2005,5239.997974643,3995.19026711324,6872.6586065956,8.5640763907965,0.138385148685614,index,0.8,2
2006,4665.88681227676,3533.00733019473,6162.03073198218,8.4480331943096,0.141904889256793,index,0.8,2
2007,3776.65999267047,2884.68606027358,4944.44123284773,8.23659529818658,0.137463721384727,index,0.8,2
2008,3280.78704399903,2481.62854183646,4337.29845003579,8.09583862503294,0.142435439372391,index,0.8,2
2009,3985.47441417495,3056.68726577651,5196.47740345726,8.2904116341196,0.135372190803742,index,0.8,2
2010,6141.89714043795,4814.51262459756,7835.24801471946,8.72288895394389,0.124236392599264,index,0.8,2
2011,7750.90603762461,6110.00240918676,9832.49111551198,8.95556502359477,0.12137089201809,index,0.8,2
2012,9191.50914169989,7140.64534127988,11831.4012619495,9.12603541750437,0.128817153944599,index,0.8,2
2013,12606.0176802301,9586.0518023329,16577.3860846026,9.44192957259706,0.139729704777837,index,0.8,2
2014,14848.1258028898,11743.4528395901,18773.5960513412,9.60562892770626,0.119684734220638,index,0.8,2
2015,12298.6912207093,9848.1713554531,15358.9737914744,9.41724813087874,0.113373033837798,index,0.8,2
2016,15155.6050512469,11894.2702123331,19311.1775980348,9.62612571289468,0.123631682226894,index,0.8,2
2017,16096.0164633006,12459.0117175677,20794.7268900572,9.68632709571831,0.130679759908839,index,0.8,2
2018,10603.3224717841,8210.89890893758,13692.8305521165,9.26892267172222,0.130464124733356,index,0.8,2
2019,12317.2874250401,9069.19499395187,16728.6699218871,9.41875903630615,0.156186671975548,index,0.8,2
2021,14259.1703689342,10960.6405535098,18550.3701738656,9.56515551337921,0.134231808337775,index,0.8,2
2022,12629.4559837218,9554.54456839437,16693.9572371027,9.44378714107733,0.142357182049285,index,0.8,2
2023,13925.1240214281,10795.0885605002,17962.7131287906,9.54144997114205,0.129902093298996,index,0.8,2
2024,12516.3189012639,9665.6454745102,16207.7369019243,9.43478858395155,0.131867428094586,index,0.8,2
2025,18519.1527906673,14226.821391108,24106.5105588824,9.82656076150949,0.13453128283849,index,0.8,2
2003,6106.23432615726,4685.73331097589,7957.36657880252,8.71706554893535,0.135098320911019,index,0.8,2
2004,7435.94274287164,5801.87717804217,9530.23353967725,8.91408064882132,0.126606333188452,index,0.8,2
2005,7596.23808227488,6169.09681196665,9353.53014572129,8.93540841455248,0.106175773538505,index,0.8,2
2006,6691.25677897433,5366.72907439225,8342.68260266897,8.80855699481738,0.112544467934994,index,0.8,2
2007,6156.36039869522,4978.77832906596,7612.46451511191,8.72524103754259,0.108318935828339,index,0.8,2
2008,5488.81671850916,4406.79145217248,6836.51797375923,8.61046797730361,0.112025443968284,index,0.8,2
2009,5490.69529298561,4410.95370478339,6834.74296447979,8.61081017365856,0.111718363570706,index,0.8,2
2010,8695.83919708637,7044.65510590507,10734.0413696333,9.07059993703467,0.107438438374353,index,0.8,2
2011,10063.2663255965,8124.21546582611,12465.1210404088,9.21664707540807,0.10920743065315,index,0.8,2
2012,12540.4688978223,10169.4962210162,15464.2232770832,9.43671620565868,0.106924543147734,index,0.8,2
2013,15865.9424677259,12357.7774335022,20370.0165133858,9.67193010771935,0.127496838790982,index,0.8,2
2014,18899.0234977567,15488.6870798257,23060.2560002639,9.8468655329276,0.101532662788386,index,0.8,2
2015,17249.3903272794,13961.11629588,21312.1544407337,9.75553207848879,0.107910524453208,index,0.8,2
2016,20726.4058917024,16835.479502175,25516.5824728722,9.93916381324933,0.106083581760757,index,0.8,2
2017,18828.7548438076,15452.2773396376,22943.0265310346,9.84314049327292,0.100832884045073,index,0.8,2
2018,12849.7976209155,10429.9292632282,15831.1043853983,9.46108334085425,0.106455310698201,index,0.8,2
2019,14885.7271520694,11329.9140719895,19557.5069182273,9.60815812358819,0.139266004815316,index,0.8,2
2021,17003.7728540941,13818.2979047044,20923.5821421389,9.74119053100873,0.105839497384597,index,0.8,2
2022,17960.6781797027,14556.2748407981,22161.2991100379,9.79594010170579,0.107227818058918,index,0.8,2
2023,15000.8933725621,12048.8989390913,18676.1299196313,9.61586503648163,0.111806379002632,index,0.8,2
2024,14925.7784778036,12062.8428799039,18468.1890816636,9.61084509621737,0.108655019876344,index,0.8,2
2025,18216.4961935264,14775.5733034874,22458.7382670585,9.8100828468064,0.106814311216811,index,0.8,2
2003,8791.89478108343,6865.65899521195,11258.5571021731,9.08158552843717,0.126174880414613,index,0.8,2
2004,12148.0525846918,9635.19489829351,15316.2632575886,9.40492415482698,0.118240104335593,index,0.8,2
2005,11247.133420924,9077.8396505386,13934.8143454551,9.32786856813476,0.109327033806489,index,0.8,2
2006,10235.1302541464,8172.4137201816,12818.4762673781,9.23358122435993,0.114829478973757,index,0.8,2
2007,9482.36456949959,7512.16724900737,11969.2806148295,9.15718899130969,0.118833666466189,index,0.8,2
2008,7855.72172836003,6269.9290430047,9842.59366416272,8.96899742786418,0.115041456366002,index,0.8,2
2009,8392.12798936707,6790.20742901446,10371.9677088186,9.03504940131434,0.108069655211451,index,0.8,2
2010,11411.8529714768,9271.47198544709,14046.3551469518,9.34240782857329,0.105976637339255,index,0.8,2
2011,15035.5151005568,12351.7065305616,18302.4680662318,9.61817035493266,0.100318599403478,index,0.8,2
2012,18438.4529788554,15080.3005520678,22544.4146208905,9.82219359873521,0.102577919007315,index,0.8,2
2013,25349.5701103161,19977.6266525122,32166.0183141436,10.1405170507026,0.121506718283974,index,0.8,2
2014,27889.3894141666,23023.9296026128,33783.0272816138,10.2360015877382,0.0978141525524717,index,0.8,2
2015,23389.3353167518,19115.4879579076,28618.7309350453,10.0600354417632,0.10295151852968,index,0.8,2
2016,27935.1902331048,22758.1600967878,34289.8920668854,10.2376424717181,0.104575098162479,index,0.8,2
2017,28992.5798491892,23619.0757567526,35588.5935151928,10.2747952089597,0.104586232848921,index,0.8,2
2018,19022.5588337992,15377.6085521526,23531.4706677651,9.85338086089905,0.108529096638777,index,0.8,2
2019,21712.6949031934,16532.7087173434,28515.6611671627,9.98565238705223,0.13906191392485,index,0.8,2
2021,24095.2517778818,19482.5357479272,29800.0817630366,10.0897700784028,0.108418491099411,index,0.8,2
2022,21796.6493636926,17452.8850070859,27221.5122766735,9.98951153805111,0.113395601102952,index,0.8,2
2023,21035.6050680303,16834.6556297028,26284.8667838151,9.9539717604329,0.113663764446841,index,0.8,2
2024,21940.9290811176,17694.6123926215,27206.2681148853,9.99610907938285,0.109743645010626,index,0.8,2
2025,30595.8472279703,24773.2320927191,37786.9897675735,10.3286195672266,0.107706351115418,index,0.8,2
2003,19023.5850489461,15425.1272284463,23461.5107386012,9.85343480671549,0.106982429999923,index,0.8,2
2004,24847.0158074967,20400.4176619276,30262.8213191031,10.1204929360841,0.100605054170799,index,0.8,2
2005,23568.4347814683,19797.9186116979,28057.0462452612,10.06766358649,0.0889462752016666,index,0.8,2
2006,21166.7535069593,17586.3602195318,25476.0762563465,9.96018699889525,0.0945466892837663,index,0.8,2
2007,19056.980110919,15851.9901973984,22909.9618675997,9.85518872346508,0.093949883258085,index,0.8,2
2008,16338.4542889043,13596.8881328989,19632.8075910781,9.70127676717716,0.0937162809322824,index,0.8,2
2009,17395.9990959889,14589.1252828907,20742.9012144096,9.76399552175092,0.0897791166643575,index,0.8,2
2010,25472.6116743194,21587.0526823763,30057.5513970185,10.1453591019519,0.0844454807117834,index,0.8,2
2011,31836.4935761051,27036.926952906,37488.074180429,10.3683685075154,0.0833737932417129,index,0.8,2
2012,39122.3161145777,33143.0982990617,46180.2214252334,10.574448327779,0.084623264129273,index,0.8,2
2013,52359.0130251758,42833.2511429059,64003.2258075413,10.8658793700596,0.102455655225699,index,0.8,2
2014,59455.3852511251,50814.5038817385,69565.627238763,10.9929814825601,0.0801261561433466,index,0.8,2
2015,51235.4096701935,43586.0149160227,60227.2818272165,10.8441861671069,0.0824987343165981,index,0.8,2
2016,62087.6731979687,52665.2507366415,73195.8760134744,11.0363027489904,0.0839768547057139,index,0.8,2
2017,62289.8812271544,52903.8450748749,73341.1588099425,11.0395542714741,0.0833295773963319,index,0.8,2
2018,41536.2333435985,35009.3419565606,49279.9516915957,10.634321417912,0.0872216027229158,index,0.8,2
2019,47731.4368427021,37802.7030012059,60267.914254602,10.7733455131023,0.118986689511804,index,0.8,2
2021,54047.8296875066,45541.624500985,64142.812777057,10.8976246684685,0.0873703082706399,index,0.8,2
2022,51175.5007012436,42875.9711248665,61081.5756078373,10.8430161945802,0.0902819447814074,index,0.8,2
2023,48969.8002058895,41107.1565700894,58336.3465706019,10.7989590647593,0.089298351919079,index,0.8,2
2024,48207.8362823409,40596.953852453,57245.5629915337,10.783276865296,0.0876692388947196,index,0.8,2
2025,65533.301399313,55369.9825838906,77562.1264786651,11.0903137107327,0.0859815878176891,index,0.8,2
2003,425.538526400005,252.352250310035,717.580434603663,6.05335548774538,0.266601611919449,index,0.8,2
2004,588.688127814386,348.90431811421,993.262891392954,6.37789654904708,0.266892059594335,index,0.8,2
2005,514.93469637366,313.587743061459,845.561560986985,6.24404008946559,0.253045918338648,index,0.8,2
2006,425.520338438223,254.786930199165,710.662663438195,6.05331274578584,0.261680888935098,index,0.8,2
2007,358.404849946278,217.959503298852,589.348179459217,5.88166321322539,0.25375666915307,index,0.8,2
2008,286.87120196389,178.370065849567,461.372742809955,5.65903334138561,0.242439622048959,index,0.8,2
2009,472.298600538782,303.614391812908,734.701562527868,6.15761141382078,0.225439329010525,index,0.8,2
2010,776.977634681754,510.476689447905,1182.60883851242,6.65541156576001,0.214323627734642,index,0.8,2
2011,1013.1938876729,651.012726537585,1576.86910281694,6.92086288541381,0.225684603223586,index,0.8,2
2012,1048.11490379982,684.434999067041,1605.03897822984,6.95474849990121,0.217429924340922,index,0.8,2
2013,1462.51723309568,900.598267919875,2375.03971892177,7.28791436234988,0.247379585318932,index,0.8,2
2014,2181.15346368794,1433.81432733203,3318.02405755722,7.68760912763631,0.21404250129946,index,0.8,2
2015,1702.00719454708,1095.91474243055,2643.29730966604,7.43956353623783,0.224605587133839,index,0.8,2
2016,1729.52797808534,1114.44063813977,2684.09722744226,7.45560380522547,0.224236731136974,index,0.8,2
2017,1627.46992914325,1043.16303858631,2539.06462584697,7.39478189719513,0.226927199153511,index,0.8,2
2018,939.445582900448,578.937705315084,1524.44381343384,6.84528989583535,0.246991790664756,index,0.8,2
2019,1184.2726376006,698.845384983299,2006.88408381349,7.07688405718004,0.269114401163191,index,0.8,2
2021,1310.36531340388,800.220973978757,2145.72888040502,7.17806124251333,0.251623672375138,index,0.8,2
2022,1211.28282587352,750.798363242638,1954.19456952384,7.09943526366213,0.244034146924487,index,0.8,2
2023,991.822256131013,602.408863589299,1632.96300438812,6.89954391394342,0.25439626835252,index,0.8,2
2024,1175.19017784439,725.544589373866,1903.49700670192,7.06918526696598,0.246056937849914,index,0.8,2
2025,1798.19481285125,1156.71517040123,2795.41988183967,7.49453855891257,0.225105688132357,index,0.8,2
2003,12498.4167430346,10042.4043405309,15555.0818096526,9.43335725471104,0.111627262394823,index,0.8,2
2004,15788.9342169151,12762.2570063953,19533.4135318815,9.66706460762617,0.108582191646779,index,0.8,2
2005,15146.6026634721,12594.9580245443,18215.1914915493,9.62553153915497,0.094124016837475,index,0.8,2
2006,13353.5963867155,10943.7073129112,16294.1616913422,9.49954101981215,0.101543255869026,index,0.8,2
2007,11758.4659506105,9708.48543003371,14241.3069997455,9.37232876656709,0.0977432235429366,index,0.8,2
2008,10328.1001848679,8466.86768124021,12598.4788524585,9.24262363279585,0.101383356239083,index,0.8,2
2009,11166.981063872,9251.90022908042,13478.4706917739,9.32071658372232,0.0959876536644767,index,0.8,2
2010,17067.5700750051,14305.05137844,20363.5723185342,9.74493545504086,0.0900870930862804,index,0.8,2
2011,20720.7144375486,17345.3805861214,24752.8732316183,9.93888917635565,0.090719868565018,index,0.8,2
2012,25529.9830168877,21366.2763930513,30505.0829097459,10.1476088450135,0.0908382796213916,index,0.8,2
2013,33437.714318432,27061.9430614928,41315.6119758459,10.417439713141,0.107938722339063,index,0.8,2
2014,39794.374038064,33553.5180664863,47196.010920329,10.5914808254533,0.0870341646553319,index,0.8,2
2015,34517.8431972164,29031.9314713558,41040.3799748283,10.4492316634429,0.0883077833929876,index,0.8,2
2016,41362.157312708,34705.5090457236,49295.5759648196,10.6301216672202,0.0895261102479993,index,0.8,2
2017,39726.1856983048,33385.2456638787,47271.4757298822,10.5897658386198,0.0887243363734623,index,0.8,2
2018,26785.1577382186,22337.588336404,32118.2691818176,10.1956031973483,0.0926430713508415,index,0.8,2
2019,31045.3799727204,24306.4834655564,39652.6144564008,10.3432052831417,0.124852743238351,index,0.8,2
2021,35560.4891966091,29582.5042639766,42746.4957198377,10.4789904464682,0.0939058342514594,index,0.8,2
2022,34451.3166316022,28500.1879465125,41645.1014245379,10.4473024943356,0.0967551113091887,index,0.8,2
2023,32832.9506959913,27299.5854961782,39487.8761641385,10.399187884495,0.0941655500729355,index,0.8,2
2024,31543.3698152542,26314.1207056608,37811.7965799193,10.3591186973987,0.0924801250360288,index,0.8,2
2025,42985.7580528333,35823.1165139955,51580.5316562793,10.6686241317405,0.0929993900351322,index,0.8,2
2003,6950.70683231141,5323.70767583227,9074.93957417331,8.84659863587834,0.136060339293339,index,0.8,2
2004,9646.76971839589,7589.07788267344,12262.381206052,9.174378394086,0.122406852397921,index,0.8,2
2005,8936.76681436981,7071.37476368765,11294.2396299715,9.0979291488814,0.119450643190931,index,0.8,2
2006,8238.67745868203,6502.36894031655,10438.6273512329,9.01659510743447,0.120753884998818,index,0.8,2
2007,7656.91901025476,5964.6160214919,9829.36848212003,8.94336496384088,0.127433465753365,index,0.8,2
2008,6297.2253060003,4967.48910187094,7982.91566248128,8.74786438774389,0.121019880506662,index,0.8,2
2009,6701.31663265565,5329.29000527969,8426.57175094948,8.8100592984097,0.116882758659999,index,0.8,2
2010,9182.01923399606,7341.73086246448,11483.5968238112,9.12500241955714,0.114120726292614,index,0.8,2
2011,12128.9730262293,9840.36198033884,14949.8551948527,9.40335233439919,0.106687959604917,index,0.8,2
2012,14640.4480014899,11768.79096663,18212.8069308129,9.59154338824176,0.111398432112833,index,0.8,2
2013,20383.8159398398,15793.4781635195,26308.324738056,9.92249652869218,0.130177988659633,index,0.8,2
2014,21842.1646767489,17855.2280619816,26719.3539119247,9.99159754018301,0.102831434058007,index,0.8,2
2015,18419.5736675243,14858.0481985695,22834.8090919519,9.8211691644559,0.109630688368236,index,0.8,2
2016,22455.0438633461,18009.0628574841,27998.6248532222,10.0192705389088,0.112573566860409,index,0.8,2
2017,24191.1654579925,19391.292416657,30179.1378130772,10.0937427817735,0.112840533667775,index,0.8,2
2018,15690.5211882802,12490.3196537111,19710.6608946331,9.660812063039,0.116381152549234,index,0.8,2
2019,17870.3295075825,13468.8090117847,23710.2387026318,9.79089704713191,0.144270609919549,index,0.8,2
2021,19797.7058043008,15802.7322896721,24802.6194413104,9.8933213414997,0.114993545538069,index,0.8,2
2022,17935.466895515,14173.0542568758,22696.6585275053,9.79453542227404,0.120123415933087,index,0.8,2
2023,17128.6717660292,13511.0963935416,21714.8474056191,9.74850904984309,0.12104429970695,index,0.8,2
2024,17839.6566449309,14123.632102346,22533.3927493171,9.78917915958841,0.119172827877186,index,0.8,2
2025,24345.7381593306,19469.6938457168,30442.952581562,10.1001120889347,0.114031541837551,index,0.8,2
2003,18466.6739569864,14960.3553049172,22794.7826159952,9.82372297884984,0.107432574749138,index,0.8,2
2004,24155.3077293192,19820.0706128387,29438.789744783,10.0922594166846,0.100924837221993,index,0.8,2
2005,22921.3444335489,19245.7542900987,27298.9056558661,10.0398238267676,0.0891741221343463,index,0.8,2
2006,20582.7346648839,17088.3194238144,24791.7279504158,9.93220788029228,0.0949290126255544,index,0.8,2
2007,18543.8321025241,15412.5997464145,22311.207369581,9.82789251153316,0.0943649443324216,index,0.8,2
2008,15944.7644415511,13263.5393239829,19167.9993466637,9.67688580614915,0.0939362468563367,index,0.8,2
2009,16861.2322913957,14124.0786264612,20128.828357821,9.7327723185288,0.0903771681643146,index,0.8,2
2010,24573.3690948958,20793.2608892655,29040.6815886063,10.1094185784142,0.0852231787158739,index,0.8,2
2011,30791.617988252,26117.1764121816,36302.6892100106,10.3349977886854,0.0840062945251383,index,0.8,2
2012,38111.6859392908,32254.689654749,45032.2300627461,10.5482762316533,0.0851329441082558,index,0.8,2
2013,50582.1834494056,41331.8335364408,61902.8255848735,10.8313546875288,0.103045984145548,index,0.8,2
2014,57674.967873549,49253.7457961225,67536.0191483503,10.9625785260162,0.0805309825992134,index,0.8,2
2015,49688.8931358355,42230.4138941523,58464.6436867237,10.8135367089576,0.0829815044611443,index,0.8,2
2016,60261.5119974177,51050.3180480833,71134.7150627842,11.0064489035978,0.0846351520762173,index,0.8,2
2017,60291.4904333952,51152.7307422235,71062.9474895199,11.0069462522493,0.0838663856307492,index,0.8,2
2018,40310.9253256222,33952.1344296542,47860.6346229772,10.6043778110852,0.0875887575640924,index,0.8,2
2019,46388.9207548125,36720.4019132795,58603.1703541363,10.7448159328667,0.119251243739693,index,0.8,2
2021,52482.3589203255,44189.02924874,62332.1680668152,10.8682323715469,0.0877569907857513,index,0.8,2
2022,49701.3843719326,41601.5248724881,59378.2948115007,10.8137880662628,0.0907649153248965,index,0.8,2
2023,47576.8104349152,39901.5540324776,56728.4394316434,10.7701007457738,0.0897619532091422,index,0.8,2
2024,46866.1471530826,39426.1829274505,55710.0785794083,10.755050884702,0.0881982884295343,index,0.8,2
2025,63485.873835792,53566.6601862347,75241.879233864,11.0585727008542,0.0866804492917153,index,0.8,2
2003,982.449618359687,675.870007259786,1428.09599811713,6.89004906340538,0.190844477631871,index,0.8,2
2004,1280.39620599179,882.01926885891,1858.70592877083,7.15492484494838,0.190162138356274,index,0.8,2
2005,1162.02504429298,814.346092991023,1658.14291391093,7.05791948992743,0.181398250899616,index,0.8,2
2006,1009.53918051358,704.865117092758,1445.90692925142,6.9172492488012,0.183290504519425,index,0.8,2
2007,871.552858341134,612.211499404466,1240.75484635867,6.7702765152621,0.180206732355841,index,0.8,2
2008,680.561049317107,477.817587339068,969.330878812823,6.52291753051008,0.180456625778853,index,0.8,2
2009,1007.06540513201,728.539143992714,1392.07445279542,6.91479584108803,0.165183894772219,index,0.8,2
2010,1676.22021410542,1233.76141880119,2277.35619169039,7.4242966650751,0.156367066653787,index,0.8,2
2011,2058.06947552596,1502.81411341018,2818.47896442774,7.62952367458315,0.160425891495009,index,0.8,2
2012,2058.7450790867,1512.114257886,2802.9834905394,7.62985189124574,0.157445632884334,index,0.8,2
2013,3239.34680886581,2274.16252796439,4614.16790536154,8.08312698626001,0.180493032022073,index,0.8,2
2014,3961.57084126402,2905.88972681748,5400.77050602376,8.28439590267984,0.15811566357288,index,0.8,2
2015,3248.52372890514,2361.74892304116,4468.25922701007,8.08595593486683,0.162655153223573,index,0.8,2
2016,3555.68917863631,2608.04779322195,4847.65868475608,8.17630418523094,0.158139098052421,index,0.8,2
2017,3625.86072290248,2632.58706639349,4993.89598532725,8.19584697990485,0.163331910848873,index,0.8,2
2018,2164.75360087673,1536.49988119571,3049.89164650114,7.68006182374112,0.1749009278721,index,0.8,2
2019,2526.78872549025,1701.32754647168,3752.75253522202,7.83470449704303,0.201810015480282,index,0.8,2
2021,2875.83608058489,2035.37380773354,4063.34852643272,7.96409872159246,0.176362399517122,index,0.8,2
2022,2685.39915518462,1919.39224296386,3757.11043383751,7.89558465704283,0.171340282220644,index,0.8,2
2023,2384.81202710534,1683.70184771921,3377.87145172436,7.77687558558552,0.17761829260762,index,0.8,2
2024,2516.87930710271,1803.50280433817,3512.43226862987,7.83077504289413,0.170048526523212,index,0.8,2
2025,3845.62237637235,2804.48803793634,5273.26601561757,8.25469073525752,0.161081761766632,index,0.8,2
2003,18521.8368538482,15031.2719408882,22822.9814342844,9.82670568545518,0.106541539094762,index,0.8,3
2004,22124.1191098539,18180.8741205204,26922.6134641424,10.0044236548396,0.100153986693451,index,0.8,3
2005,23842.7241356356,19972.4756409731,28462.9459275347,10.0792343820856,0.0903710459761772,index,0.8,3
2006,21409.8951577224,17777.6785849074,25784.2219655054,9.97160848468815,0.0948535528659512,index,0.8,3
2007,18393.5206219077,15297.3993008915,22116.2822656283,9.81975374146747,0.0940403141705597,index,0.8,3
2008,17503.7912352942,14529.22808745,21087.3355256503,9.77017277846492,0.0950298833113976,index,0.8,3
2009,17290.9124355643,14473.2248415427,20657.155273108,9.75793634972935,0.0907571222606842,index,0.8,3
2010,25448.069507703,21494.6437822726,30128.6333576267,10.144395164787401,0.0861424543748891,index,0.8,3
2011,35200.4309390537,29809.6795816942,41566.0401481131,10.468813604098,0.0848103166588846,index,0.8,3
2012,39109.8242823019,32956.7951366585,46411.6231280982,10.5741289748298,0.0873364162891171,index,0.8,3
2013,54173.031267524,44503.8769888576,65942.9585752023,10.8999384855047,0.100311484981918,index,0.8,3
2014,56134.7615664131,47814.4047402226,65902.9736590501,10.9355105353808,0.0818526815629251,index,0.8,3
2015,52773.8320110611,44712.7838516559,62288.1669450906,10.8737707409901,0.0845709463932878,index,0.8,3
2016,61629.5073764031,52064.211098481,72952.1508022802,11.0288960506808,0.0860541251802533,index,0.8,3
2017,64116.9975273178,54381.0347671269,75596.0122774851,11.0684647797899,0.0840291120823035,index,0.8,3
2018,47640.3346821327,40221.6202141156,56427.4008989102,10.7714350486782,0.0863664351519497,index,0.8,3
2019,47195.5251968085,37294.6676009093,59724.8277538819,10.762054361927,0.12012910856176,index,0.8,3
2021,50042.6485725288,42110.5841440989,59468.8182805593,10.8206308922874,0.0880508523254403,index,0.8,3
2022,53329.4810851899,44545.4101464974,63845.7148214013,10.8842445732865,0.0918283060961728,index,0.8,3
2023,51678.174344908,43132.0315929194,61917.6422949001,10.8527908116891,0.0922310923275798,index,0.8,3
2024,45807.1587646178,38507.6839242919,54490.3141464509,10.7321956627923,0.0885641681940925,index,0.8,3
2025,69830.3636928948,59018.4439464541,82622.9796554119,11.1538242040879,0.0858275570965216,index,0.8,3
2003,4347.4799422976,3365.63370252349,5615.75724491606,8.37735163260022,0.130604484862962,index,0.8,3
2004,5094.23556644241,3942.79182979572,6581.94424830979,8.53586489837329,0.13072717804433,index,0.8,3
2005,5194.28115394953,4020.62052825878,6710.54542865793,8.5553135212832,0.130676886585334,index,0.8,3
2006,4542.90742906203,3480.82017352947,5929.06466871588,8.42132248894208,0.135869466987171,index,0.8,3
2007,3597.80623063881,2753.36381187015,4701.23476506048,8.1880795583184,0.136482564453365,index,0.8,3
2008,3541.41423336869,2698.89247761285,4646.94865628708,8.17228142730017,0.138617165968274,index,0.8,3
2009,3768.74799883157,2899.79641934047,4898.0891844564,8.23449812948539,0.133728128817586,index,0.8,3
2010,5986.71805462779,4729.1887726817,7578.63447376888,8.69729863688639,0.120303066179734,index,0.8,3
2011,8400.19734153537,6591.07374745314,10705.8907365441,9.03601047759537,0.123746624633894,index,0.8,3
2012,8939.9351613019,6987.03148745634,11438.6833423844,9.09828361549046,0.125753611961702,index,0.8,3
2013,13074.0187163767,10063.152586252,16985.7272789134,9.47838223574399,0.133546567637236,index,0.8,3
2014,13928.6980780239,11066.4888752317,17531.1819616937,9.54170660067049,0.11736429948133,index,0.8,3
2015,12371.2759812552,9898.14954737868,15462.3314864861,9.42313261134047,0.113792655810965,index,0.8,3
2016,14718.847447888,11621.1842842803,18642.202454981,9.59688409084021,0.120563005105853,index,0.8,3
2017,15552.4205645213,12116.8284125157,19962.1367226678,9.65197156880637,0.127360006373819,index,0.8,3
2018,11587.3039986604,9061.09235290683,14817.8176237547,9.35766529483659,0.125471863898351,index,0.8,3
2019,11549.1141379346,8615.26409815081,15482.0601958876,9.35436401499418,0.14952989605704,index,0.8,3
2021,12118.6629535817,9390.56177299944,15639.3190665957,9.40250193617666,0.13012562528961,index,0.8,3
2022,12360.1486706831,9428.92543630771,16202.6178055359,9.42223275931176,0.138112406107207,index,0.8,3
2023,13610.8425269274,10580.1083886391,17509.7482452771,9.51862199872047,0.128518202719363,index,0.8,3
2024,11829.313098591,9167.94099957686,15263.2579540984,9.37833589092408,0.130037025922089,index,0.8,3
2025,17663.5455681731,13783.7788540278,22635.3633022601,9.77925822230642,0.126538288384602,index,0.8,3
2003,5944.7242925807,4596.42118325895,7688.53538564161,8.69025943169635,0.131240246090939,index,0.8,3
2004,6749.28418222684,5325.78729086902,8553.25879247133,8.81719173116568,0.12085727356953,index,0.8,3
2005,7726.16146922856,6273.40576467264,9515.3371689655,8.95236744246791,0.106273775332982,index,0.8,3
2006,6968.89054846671,5610.30871404478,8656.46401149557,8.84921131582899,0.110639935884177,index,0.8,3
2007,6070.96625917983,4929.41917707016,7476.87100572484,8.71127305741112,0.106275734115386,index,0.8,3
2008,5788.32466414141,4649.54376125491,7206.019372633,8.66359817880806,0.111774401278556,index,0.8,3
2009,5695.69134128387,4561.13306702336,7112.46512181835,8.64746526294446,0.113338262051644,index,0.8,3
2010,8476.2305896628,6857.74551986969,10476.6916183995,9.04502112402791,0.108107649126287,index,0.8,3
2011,11143.7137496521,9078.7618918902,13678.3360564962,9.31863082863046,0.104561983519905,index,0.8,3
2012,12360.1580709267,10030.790381905501,15230.4555993793,9.42223351983983,0.106542182331147,index,0.8,3
2013,16309.952025255,12912.0608580901,20602.0199246077,9.6995307541794,0.119192828147126,index,0.8,3
2014,17062.2623893882,13927.9678709544,20901.8860857252,9.74462442593369,0.103558153560305,index,0.8,3
2015,17193.3842059958,13859.4247814284,21329.3455620975,9.75227994962263,0.109981194298318,index,0.8,3
2016,20185.7504094145,16450.5571871522,24769.0406443744,9.9127322091833,0.10439864386183,index,0.8,3
2017,19410.8738296811,15940.4037231268,23636.9184480035,9.87358869471081,0.100500017636483,index,0.8,3
2018,14747.3746644941,12062.3540869933,18030.0675909915,9.59882035707821,0.102540510695332,index,0.8,3
2019,14205.7253078514,10894.8487561007,18522.7565833926,9.56140035302359,0.13538768558467,index,0.8,3
2021,15876.9821599803,12884.2097450937,19564.9222960162,9.67262567643767,0.106567206471853,index,0.8,3
2022,18530.513433614,15019.4665030305,22862.3252393196,9.82717402713159,0.107181368232848,index,0.8,3
2023,15642.0579232819,12610.1375168688,19402.9585916886,9.65771858621581,0.1099317403961,index,0.8,3
2024,13824.2187260285,11201.3820052773,17061.2004210766,9.53417731311402,0.107341191865933,index,0.8,3
2025,20337.8062794066,16607.7713431553,24905.5912266725,9.9202368112495,0.103374753235482,index,0.8,3
2003,8229.63261896989,6433.00827174556,10528.0220671683,9.01549665342444,0.125665113301499,index,0.8,3
2004,10280.5993611846,8144.53171074997,12976.893820143,9.23801384092675,0.11883474260586,index,0.8,3
2005,10922.2815124577,8794.73165252169,13564.5109084334,9.29856015718836,0.110538771915576,index,0.8,3
2006,9898.09718019372,7896.61092836666,12406.8829878166,9.20009781362828,0.11526174226143,index,0.8,3
2007,8724.74813208903,6930.92121287228,10982.8445065884,9.07391887927161,0.117436272598569,index,0.8,3
2008,8174.05233778407,6529.85611464503,10232.2517445647,9.00872006706238,0.114583676698572,index,0.8,3
2009,7826.47309544877,6360.07072268304,9630.97484047208,8.96526725270003,0.105855249456362,index,0.8,3
2010,10985.1208634123,8921.98689376698,13525.3371049088,9.30429698734465,0.106136154683271,index,0.8,3
2011,15656.519847866,12851.0835416572,19074.3926729631,9.65864271291058,0.100746394011178,index,0.8,3
2012,17809.7310500732,14476.1090116488,21911.0342303104,9.78750027510698,0.10573937152794,index,0.8,3
2013,24789.0605258924,19634.0374544651,31297.5628767894,10.1181577270095,0.118950034268414,index,0.8,3
2014,25143.8010990008,20768.7092489947,30440.5404364125,10.1323666679705,0.0975343932379611,index,0.8,3
2015,23209.1718238102,19042.4236027832,28287.6627462702,10.0523028167624,0.100960133970042,index,0.8,3
2016,26724.9095191008,21671.9067135198,32956.0660372614,10.1933513502599,0.10693016434364,index,0.8,3
2017,29153.7031331155,23812.0212313143,35693.6690975273,10.2803372208667,0.103262813280144,index,0.8,3
2018,21305.6560189782,17318.0993463593,26211.3624203482,9.9667278572449,0.10572664614897,index,0.8,3
2019,21440.6857510226,16279.9734197806,28237.3314513864,9.97304559932915,0.140489618501931,index,0.8,3
2021,22047.0034589667,17978.90266525,27035.59669741,10.0009319740876,0.104072166829122,index,0.8,3
2022,22438.8189808929,17984.325181734,27996.6355239542,10.0185477281666,0.112906102182325,index,0.8,3
2023,22425.2738946986,17905.061636821,28086.6337939923,10.0179439006628,0.114851689916536,index,0.8,3
2024,20153.6269399981,16323.0962575459,24883.0658367802,9.91113954819955,0.107554637572813,index,0.8,3
2025,31829.0118453151,25795.2551056663,39274.121961549,10.3681334750351,0.107240558158212,index,0.8,3
2003,18147.4656494594,14734.0576023689,22351.6507391256,9.80628619630471,0.106312800248902,index,0.8,3
2004,21622.1648037572,17785.0821889471,26287.0874496935,9.98147421586406,0.0996747449352415,index,0.8,3
2005,23312.5493260393,19537.0797240555,27817.6146975462,10.0567470922462,0.0901433038495708,index,0.8,3
2006,20972.9895143261,17422.5576345787,25246.9412582127,9.95099067521936,0.0946290928408209,index,0.8,3
2007,18068.7779588828,15032.2291609617,21718.7173925787,9.80194075312466,0.0938736470281094,index,0.8,3
2008,17206.7468065966,14287.3788062012,20722.6349691112,9.75305684208667,0.0948614454100885,index,0.8,3
2009,16870.4203113243,14124.5597967456,20150.0850700012,9.73331708994952,0.0906377365369665,index,0.8,3
2010,24740.224953767,20893.8223654658,29294.7226245526,10.1161857386201,0.086214301024049,index,0.8,3
2011,34090.1717132297,28873.9531346566,40248.7252790683,10.436764402175,0.0847307457661907,index,0.8,3
2012,38117.3808024767,32130.8755890729,45219.2693975365,10.5484256461336,0.0871714706459659,index,0.8,3
2013,52745.5646818701,43366.7980119613,64152.6402950479,10.873234965943,0.0998924280976113,index,0.8,3
2014,54233.0718696534,46204.2944273902,63656.9851540771,10.9010461834393,0.0817454601101129,index,0.8,3
2015,51148.3115553601,43349.4369503318,60350.2596345525,10.8424847611646,0.0844075548344169,index,0.8,3
2016,60086.0263935694,50773.9726023094,71105.9305137867,11.003532587559,0.0859165969197394,index,0.8,3
2017,62428.7143791355,52964.6088556406,73583.9358250377,11.0417806148458,0.0838798080466398,index,0.8,3
2018,46388.4081945135,39175.4400758556,54929.4254424226,10.7448048836092,0.086225861389257,index,0.8,3
2019,46011.9731326759,36383.5850851362,58188.3744168739,10.7366569270958,0.119789922792023,index,0.8,3
2021,48958.9477488138,41222.9659533349,58146.6789018652,10.7987374248967,0.0877498873285798,index,0.8,3
2022,52072.9570911224,43502.2761979838,62332.2064315233,10.8604010352324,0.091752957989354,index,0.8,3
2023,50610.0516639072,42255.7567794241,60616.0562404267,10.8319054850317,0.0920474089406799,index,0.8,3
2024,44673.8413934402,37572.0736815563,53117.9652675372,10.707143405577,0.0883317626006627,index,0.8,3
2025,67942.9295722196,57425.8643593054,80386.1070331031,11.1264233607764,0.0858042712468972,index,0.8,3
2003,374.371204388821,223.982111654057,625.736571731253,5.92524783029096,0.262087285462335,index,0.8,3
2004,501.954306096623,299.446853716786,841.411830785979,6.21850909183691,0.263562057328404,index,0.8,3
2005,530.174809596352,328.650044649963,855.272449544026,6.27320678159148,0.243990856360262,index,0.8,3
2006,436.90564339625,266.595186931053,716.016457119529,6.07971725278001,0.252038253058116,index,0.8,3
2007,324.742663024915,199.164399174532,529.501244326796,5.78303306260855,0.24944461035506,index,0.8,3
2008,297.044428697616,181.432875897247,486.325271447852,5.69388171918946,0.251533174866667,index,0.8,3
2009,420.49212423997,265.915702462965,664.923601390059,6.04142574972505,0.233803479460778,index,0.8,3
2010,707.844553936039,459.700567122529,1089.93538048727,6.56222451300013,0.220233218525373,index,0.8,3
2011,1110.25922582388,722.051858148964,1707.18423422812,7.01234880381918,0.21952027956043,index,0.8,3
2012,992.443479825268,631.273854997645,1560.24846087022,6.90017006366046,0.230836024160828,index,0.8,3
2013,1427.46658565385,865.482991905179,2354.36267635114,7.2636565336582,0.255294900498261,index,0.8,3
2014,1901.68969675971,1243.12278863941,2909.14440295975,7.55049808403311,0.216900012781863,index,0.8,3
2015,1625.5204557009,1049.4430123059,2517.82776283983,7.39358332391633,0.223253329873851,index,0.8,3
2016,1543.48098283371,979.406616612066,2432.4254134715,7.34179552305887,0.232069890885804,index,0.8,3
2017,1688.2831481822,1080.05790129999,2639.02517171095,7.43146740290291,0.227911061341138,index,0.8,3
2018,1251.92648761912,799.172937894777,1961.1774324229,7.13243883397702,0.229015161630304,index,0.8,3
2019,1183.55206413255,699.761745688775,2001.81775746202,7.07627541964891,0.268135287173312,index,0.8,3
2021,1083.70082371488,664.807834441719,1766.53675615381,6.9881371510236,0.249310256079446,index,0.8,3
2022,1256.52399406749,795.229092822464,1985.40591876938,7.13610445275635,0.233409499434883,index,0.8,3
2023,1068.12268100076,660.814183307854,1726.48543340474,6.97365788277401,0.244996949301936,index,0.8,3
2024,1133.31737117761,709.365267042557,1810.64442183334,7.03290433758191,0.239052228087171,index,0.8,3
2025,1887.43412067501,1216.39340584357,2928.66398549549,7.54297357756042,0.224151079448421,index,0.8,3
2003,12005.2332677541,9673.27389964129,14899.3636806392,9.39309793934989,0.110193782833745,index,0.8,3
2004,13806.7916131611,11225.0348075569,16982.3522080236,9.53291589596247,0.105621370644454,index,0.8,3
2005,14932.0285765457,12403.3464741199,17976.2355164395,9.61126375381149,0.0946661077177805,index,0.8,3
2006,13268.0149442499,10905.9847159188,16141.6162910888,9.49311152640411,0.10002456876928,index,0.8,3
2007,11333.1501732784,9365.96960902019,13713.5073261801,9.33548735361827,0.0972717918305674,index,0.8,3
2008,10891.9372987863,8928.81406152866,13286.6803254252,9.29577809714711,0.10139943260365,index,0.8,3
2009,11023.745443010699,9097.67094700904,13357.5905635773,9.30780690182307,0.0979779136148351,index,0.8,3
2010,16708.6569994658,13966.7020398915,19988.9149155191,9.72368224729224,0.0914562200010311,index,0.8,3
2011,22350.6183543802,18689.6006609924,26728.7755305434,10.0146092665216,0.091270418316049,index,0.8,3
2012,24890.1945088206,20776.6624021868,29818.1570598036,10.1222292100688,0.0921667824573427,index,0.8,3
2013,33953.5136111059,27644.8518508449,41701.8363042637,10.4327476213315,0.104875815668403,index,0.8,3
2014,36103.5522308539,30354.1916605405,42941.8940969679,10.4941465392267,0.0884999127113744,index,0.8,3
2015,34453.1865701046,28848.583336383,41146.6327823938,10.4473567705706,0.0905836054634548,index,0.8,3
2016,40049.0068258572,33560.1035526306,47792.5506166035,10.5978591538334,0.0901883448137104,index,0.8,3
2017,39823.845679519,33467.4265525553,47387.5301471321,10.5922211495376,0.0887226744173285,index,0.8,3
2018,29899.5332697307,25012.71993636,35741.0986099193,10.3055981495489,0.091051865771718,index,0.8,3
2019,29499.8580207244,23167.2567803097,37563.4297791585,10.2921407294595,0.123290793235942,index,0.8,3
2021,31859.2335343222,26446.7550686031,38379.4064247781,10.3690825258715,0.0949985710431915,index,0.8,3
2022,34703.5997876434,28680.513757598,41991.5712947043,10.4545987008322,0.0972596916769314,index,0.8,3
2023,33102.0817262509,27449.6969232463,39918.3939143402,10.4073514514193,0.0955329011486883,index,0.8,3
2024,29510.3427492163,24554.5998210369,35466.2806774852,10.2924960825499,0.0937984590069,index,0.8,3
2025,44286.4623591165,37121.4048163299,52834.4969159857,10.6984343192434,0.0900451687806308,index,0.8,3
2003,6516.60358609407,5002.25559181996,8489.39473779343,8.78210859681529,0.134933290021867,index,0.8,3
2004,8317.32749669277,6534.65603503268,10586.3164512982,9.02609626787507,0.123074341863763,index,0.8,3
2005,8910.69555908997,7062.77326052133,11242.1130366183,9.0950075824112009,0.118581013622208,index,0.8,3
2006,8141.88021347254,6424.69449082329,10318.0335664554,9.00477641677987,0.120855311669917,index,0.8,3
2007,7060.37044862934,5527.73509843573,9017.94857824952,8.86225280058795,0.12485910873034,index,0.8,3
2008,6611.85393650783,5221.73356003968,8372.04962203814,8.79661936802962,0.12042805098622,index,0.8,3
2009,6267.16699255345,5023.20074900221,7819.19419014925,8.7430796962002,0.112888343376196,index,0.8,3
2010,8739.41250823707,6978.84641352074,10944.1197675819,9.07559824765312,0.114777280398532,index,0.8,3
2011,12849.8125846733,10422.1943576121,15842.890450477,9.46108450536668,0.106834422948826,index,0.8,3
2012,14219.6297734813,11374.949235979,17775.7163306999,9.56237866739813,0.113884687739503,index,0.8,3
2013,20219.5176564183,15809.4877317746,25859.7179867206,9.91440363751339,0.125531954315392,index,0.8,3
2014,20031.2093355589,16357.7981401427,24529.5451140395,9.90504680305092,0.103362506434187,index,0.8,3
2015,18320.6454409568,14822.9438496568,22643.6835204649,9.81578386910078,0.108089919672212,index,0.8,3
2016,21580.5005505462,17225.9370566557,27035.8589190468,9.97954543365648,0.114988816154311,index,0.8,3
2017,24293.1518477989,19527.340941055,30222.0987732869,10.0979497726478,0.111419858885639,index,0.8,3
2018,17740.8014124019,14230.5323231774,22116.9544193134,9.78362243028862,0.112490501421388,index,0.8,3
2019,17695.6671760842,13300.7009314575,23542.8672834936,9.78107509628377,0.145667514352951,index,0.8,3
2021,18183.4150382065,14659.1022296583,22555.0362683692,9.80826519597659,0.109924704515444,index,0.8,3
2022,18625.8812975467,14781.1899666646,23470.603848046,9.83230736011738,0.117959645547979,index,0.8,3
2023,18576.092618657,14608.6256504166,23621.0595872914,9.82963068985639,0.122585547762003,index,0.8,3
2024,16296.8160154013,13007.479661261,20417.9609852331,9.69872503123575,0.115025175700724,index,0.8,3
2025,25543.901333778,20393.8132282875,31994.5508986394,10.1481538717884,0.114883239106415,index,0.8,3
2003,17619.5021878736,14290.613387772,21723.8301061397,9.77676164641646,0.106840459211882,index,0.8,3
2004,21025.3639573555,17281.794282857,25579.8629646794,9.95348479538599,0.100040574292001,index,0.8,3
2005,22637.5013093377,18963.9695674041,27022.636991102,10.027363160031,0.0903419869768615,index,0.8,3
2006,20365.2013540394,16905.0110918229,24533.6382175569,9.92158290729312,0.0950106927950957,index,0.8,3
2007,17560.025430209,14599.5571209896,21120.8114434011,9.77338031537764,0.0942026709554163,index,0.8,3
2008,16732.0392301909,13888.149761893,20158.2746154437,9.72508067717988,0.0950473877381826,index,0.8,3
2009,16371.2795197698,13692.6830239731,19573.8696824566,9.70328382978896,0.0911582804062043,index,0.8,3
2010,23907.767346401,20163.3717202045,28347.5079178792,10.0819586786939,0.0869075777976289,index,0.8,3
2011,32990.9064193392,27911.2099776136,38995.0814472949,10.4039872394238,0.0853095068671862,index,0.8,3
2012,37093.6549624732,31237.5154791423,44047.6528741137,10.5212012086988,0.0876680078717084,index,0.8,3
2013,51114.2305615314,42005.3153690948,62198.4275785163,10.8418182219923,0.100137950429415,index,0.8,3
2014,52606.5588552653,44785.2146822147,61793.8320543882,10.8705960840181,0.0821253608593155,index,0.8,3
2015,49657.4263506062,42044.5138610224,58648.7930367502,10.8129032323186,0.084909234955562,index,0.8,3
2016,58268.1913313835,49184.8925647883,69028.9628376935,10.9728116202077,0.0864657860595645,index,0.8,3
2017,60451.296417643,51244.3728564341,71312.4004622277,11.0095933019278,0.0843036964872703,index,0.8,3
2018,44922.6357493882,37903.1037079319,53242.162389195,10.7126970836534,0.0866897582028187,index,0.8,3
2019,44547.2152231828,35213.1449313553,56355.4998569164,10.7043049219257,0.119966589362888,index,0.8,3
2021,47390.2788776051,39864.9864549565,56336.1167734186,10.7661723996796,0.0882254551001165,index,0.8,3
2022,50558.9949939891,42210.5753040739,60558.5675245584,10.8308961511309,0.0920782648571775,index,0.8,3
2023,49058.7268351589,40925.6546860805,58808.0678769281,10.8007733662968,0.0924817845627547,index,0.8,3
2024,43279.7745519359,36355.0771994163,51523.4467799859,10.675440704448,0.088956510044623,index,0.8,3
2025,65929.8161742923,55655.3400281416,78101.0529911073,11.0963460639083,0.0864366670844528,index,0.8,3
2003,902.334665974552,627.850223724335,1296.81860203795,6.80498547782861,0.185046174276901,index,0.8,3
2004,1098.75515249842,765.407447688819,1577.28134052942,7.00193313840675,0.184454835834243,index,0.8,3
2005,1205.22282629797,850.010811124522,1708.8748072604,7.09441974691912,0.178151578957485,index,0.8,3
2006,1044.69380368291,735.664777226061,1483.5359490347,6.9514791106331,0.178934186623844,index,0.8,3
2007,833.495191698733,584.55776448781,1188.44411414776,6.72562793336645,0.181009616989868,index,0.8,3
2008,771.752005103295,536.441818820816,1110.28099690323,6.64866326150432,0.185567262458415,index,0.8,3
2009,919.632915794413,660.619904239617,1280.19863522879,6.82397458584829,0.168776541511674,index,0.8,3
2010,1540.30216130199,1130.5208594139,2098.61740131145,7.33973388479893,0.157809094553225,index,0.8,3
2011,2209.52451971441,1620.84210091504,3012.01369366151,7.70053262191334,0.158080207497884,index,0.8,3
2012,2016.16931982865,1461.55897267707,2781.23483363301,7.60895461367471,0.164133464536438,index,0.8,3
2013,3058.80070599284,2121.10007476086,4411.04211456743,8.02577819197717,0.186783052440446,index,0.8,3
2014,3528.20271114766,2581.97726013585,4821.19442457629,8.16854387328434,0.159305533904212,index,0.8,3
2015,3116.4056604549,2275.01258673696,4268.98044306876,8.0444355847992,0.160561481374197,index,0.8,3
2016,3361.31604501956,2450.72647687963,4610.24339562022,8.12008785633598,0.161200959848102,index,0.8,3
2017,3665.70110967475,2657.46243509002,5056.46456109379,8.20677489470892,0.164109097188329,index,0.8,3
2018,2717.69893274445,1965.28037504392,3758.18513369893,7.90754082063784,0.165386009421134,index,0.8,3
2019,2648.3099736258,1784.00529219698,3931.34804424755,7.88167696973233,0.201565280400473,index,0.8,3
2021,2652.36969492351,1885.6932327007,3730.75793906997,7.88320874389917,0.174063376475414,index,0.8,3
2022,2770.48609120073,1984.69554302118,3867.39074843319,7.92677806797382,0.170185405486001,index,0.8,3
2023,2619.4475097491,1858.29291904519,3692.37012421931,7.8707187003765,0.175158902540924,index,0.8,3
2024,2527.38421268195,1835.67886745169,3479.7322515247,7.83494013883912,0.163151208019482,index,0.8,3
2025,3900.54751860212,2855.95151562989,5327.21611750388,8.26887221164923,0.159039588029507,index,0.8,3
2003,18558.038277799,15453.6899126725,22285.9903794131,9.82865830451467,0.0933972373210338,index,1,1
2004,23617.3580321402,19898.8882821725,28030.6915898419,10.0697372304953,0.0874087931778748,index,1,1
2005,24095.6988286685,20684.1365595136,28069.9511130839,10.0897886317113,0.0778923986563423,index,1,1
2006,22033.5175955085,18691.1745121158,25973.5361904034,10.0003201000191,0.0839369300159868,index,1,1
2007,18678.2270188964,15940.2108498855,21886.5464111436,9.83511379394297,0.0808757789504218,index,1,1
2008,17207.3478938325,14656.953053216,20201.5262288375,9.75309177470607,0.081849290587713,index,1,1
2009,16916.7257753584,14495.1670752611,19742.8294184404,9.73605810233967,0.0788216191024434,index,1,1
2010,25370.9050526362,21973.4441268233,29293.6700989957,10.1413583260854,0.0733525764439555,index,1,1
2011,33040.7356951502,28655.2193994619,38097.4300024822,10.4054964941894,0.0726572588937733,index,1,1
2012,38227.9734634558,33001.2572526857,44282.4933587569,10.5513228162207,0.0750125405830317,index,1,1
2013,56656.4601571219,47658.8536140681,67352.7421269743,10.9447612962673,0.0882350903825952,index,1,1
2014,59263.2930579198,51517.4981924663,68173.6890822562,10.9897453892414,0.0714648792916167,index,1,1
2015,54553.9726780966,47185.9517551158,63072.4998492765,10.9069458149724,0.0740290745908631,index,1,1
2016,61288.1944246524,52973.5318840002,70907.9165055349,11.0233425165035,0.0743864929535937,index,1,1
2017,62792.4767560275,54381.0926443235,72504.8899429907,11.0475905484015,0.0733782553101533,index,1,1
2018,43992.9486515636,37848.537561085,51134.8563451239,10.6917846421387,0.0767549929275503,index,1,1
2019,46538.079661548,37881.7691530289,57172.4316738099,10.7480261738981,0.105002400639315,index,1,1
2021,54406.3671465828,46843.955490661,63189.6421872165,10.9042364691307,0.0763581419406629,index,1,1
2022,55149.9809349794,47168.7911243145,64481.6270383651,10.9178116789877,0.0797585732864654,index,1,1
2023,53602.8936871186,45977.7411753275,62492.6353096788,10.8893583323016,0.0782900413706476,index,1,1
2024,44828.2460569014,38585.3545945064,52081.2019393549,10.7105937120678,0.0765144892681028,index,1,1
2025,66194.6833788548,57208.7348537484,76592.0819404335,11.1003554272023,0.0744368546618184,index,1,1
2003,4478.65869423261,3569.5165005379,5619.35592576829,8.40707888197153,0.115764091678501,index,1,1
2004,5528.01349960669,4404.75789992948,6937.71007308325,8.61758380748626,0.115891533062061,index,1,1
2005,5234.98171749179,4166.45848334687,6577.53669981589,8.56311863093785,0.116480181963208,index,1,1
2006,4910.15138786924,3854.34061989481,6255.17800044673,8.49906005287318,0.123525140685366,index,1,1
2007,3858.01811190633,3075.3432178024,4839.8837780563,8.25790888809082,0.115684318855721,index,1,1
2008,3769.45949044735,2975.72754569269,4774.90786100044,8.23468689892929,0.120636429821586,index,1,1
2009,3838.426068212,3064.00388960543,4808.58223813376,8.252817683489,0.114971440778153,index,1,1
2010,6091.82496691163,4937.58216902247,7515.89141347593,8.71470298197255,0.107181526156262,index,1,1
2011,8008.23247566997,6523.38176095427,9831.06458190691,8.988225351002,0.104633124471325,index,1,1
2012,9058.33489220156,7274.51604485209,11279.5724847349,9.11144059541345,0.111893907419103,index,1,1
2013,13901.6584719818,11028.1173052244,17523.9438358234,9.53976342653243,0.118145036968343,index,1,1
2014,14930.4423015905,12173.3140664416,18312.0312270299,9.61115751511723,0.104163164936163,index,1,1
2015,13448.6720781094,11078.1020548486,16326.513311489,9.50663564990374,0.098935490903594,index,1,1
2016,15276.4603600827,12368.9051251493,18867.493830046,9.63406838405804,0.107720057486444,index,1,1
2017,15393.4570406184,12399.9818296898,19109.5860393929,9.64169783062765,0.110332407171214,index,1,1
2018,10928.0690306729,8770.85172344033,13615.8604095417,9.29908989865307,0.112196296411008,index,1,1
2019,11962.3065967942,9231.48510720355,15500.9489214301,9.38951586817339,0.132217048701675,index,1,1
2021,14343.5793554424,11481.9344797365,17918.4325680454,9.57105768938386,0.11353653780055,index,1,1
2022,13656.4894954248,10760.2902724064,17332.2187986793,9.52197010854663,0.121610550033256,index,1,1
2023,14965.3410556477,12029.6094992784,18617.5148017306,9.61349221024747,0.111413201519723,index,1,1
2024,12079.7365246533,9673.61257854896,15084.3372442492,9.39928466037788,0.113332467968351,index,1,1
2025,17750.9447808551,14307.5887990836,22023.0008730155,9.78419402057748,0.110026848219407,index,1,1
2003,5756.92554393313,4603.25447591552,7199.73051496317,8.65815885145567,0.114104149940877,index,1,1
2004,7055.04515889773,5714.59464747692,8709.91999687363,8.86149826524414,0.107511985433617,index,1,1
2005,7664.34397830479,6397.85711909902,9181.53805629992,8.94433420099017,0.092152618249272,index,1,1
2006,6966.28182346754,5745.05011845716,8447.11211274982,8.84883690710838,0.0983400687688867,index,1,1
2007,5945.47671345651,4947.56010868292,7144.67183293376,8.69038599320299,0.0937446646699017,index,1,1
2008,5583.52713516123,4624.37245042518,6741.62291279444,8.62757595875784,0.096165034612274,index,1,1
2009,5298.24806270418,4388.28313840718,6396.90549779286,8.57513149068837,0.0961436777636541,index,1,1
2010,8262.09497962938,6901.67064251005,9890.679661235,9.01943346385158,0.0917948910741703,index,1,1
2011,10142.5894570189,8479.03275192843,12132.5301957624,9.22449861505835,0.0914031872338883,index,1,1
2012,11971.7335432807,9990.66893620859,14345.6263986366,9.3903036120661,0.0922959725335301,index,1,1
2013,16725.0333550794,13591.4340846424,20581.1056424573,9.72466187931907,0.105852380138432,index,1,1
2014,17817.0064730979,14966.7238671402,21210.1006526466,9.78790869999411,0.0889424981562404,index,1,1
2015,17049.5458017253,14185.6795125009,20491.5817947928,9.74387884316184,0.0938234553906706,index,1,1
2016,19654.7884507538,16462.7479178487,23465.7489121272,9.8860762746718,0.0904204723051723,index,1,1
2017,18922.2205933357,15954.0363702746,22442.6235388289,9.8480922032313,0.0870552032651623,index,1,1
2018,13333.5819286857,11153.5121589128,15939.7689728527,9.49804108890558,0.091089107348052,index,1,1
2019,14142.625654338,11188.5749830153,17876.6161644685,9.55694861205237,0.119543097764162,index,1,1
2021,16684.489019549,13915.0536231954,20005.1096734132,9.72223476557711,0.0926079455699187,index,1,1
2022,18220.6349843758,15190.1830669138,21855.6641333033,9.81031002116033,0.0928105696192678,index,1,1
2023,15937.3589342358,13237.70325791,19187.5739204905,9.67642125067641,0.0946940390963286,index,1,1
2024,13398.9194380437,11175.2256177575,16065.0932918893,9.50292934373555,0.092590851862856,index,1,1
2025,18548.5583173646,15476.4416027338,22230.4987466823,9.82814734627487,0.0923859303579883,index,1,1
2003,8322.4540396333,6710.99896343209,10320.8541111719,9.02671244701078,0.109802707094688,index,1,1
2004,11034.2993736357,9050.9362104374,13452.2838119895,9.30876382538707,0.10109387057075,index,1,1
2005,11196.3731328719,9305.95338480551,13470.8144503687,9.32334517741761,0.094356608406636,index,1,1
2006,10157.0843841718,8359.47205285079,12341.2534350186,9.22592670988685,0.0993774165808621,index,1,1
2007,8874.73219353362,7304.65200822387,10782.289343595,9.09096343851184,0.0993369033693423,index,1,1
2008,7854.36126822401,6471.57021632932,9532.61555844922,8.96882423207142,0.0988029288750321,index,1,1
2009,7780.05164444226,6482.24398002641,9337.69290028204,8.95931825525352,0.0931120337304224,index,1,1
2010,11016.9851060951,9247.03747964254,13125.7130832581,9.3071934614371,0.089356210665774,index,1,1
2011,14889.9137624611,12571.0375677187,17636.5340298449,9.60843933401999,0.0863732670609323,index,1,1
2012,17197.9050279736,14446.1217296227,20473.8643967472,9.75254285468403,0.0889616293748932,index,1,1
2013,26029.7683300604,21272.2325761163,31851.3271652239,10.1669960978361,0.102980581850468,index,1,1
2014,26515.8442832316,22424.6887901867,31353.3893215171,10.1854977307853,0.0855015311929343,index,1,1
2015,24055.7547982618,20154.6250269218,28711.987354819,10.0881295316609,0.0902774041500995,index,1,1
2016,26356.9456138162,22022.6373107177,31544.2956394501,10.1794871098928,0.0916654282047271,index,1,1
2017,28476.7991220736,23844.7798509017,34008.6213129063,10.256844968833,0.0905753228372016,index,1,1
2018,19731.297692205,16407.6708949828,23728.1763578926,9.88996136939327,0.094112508644084,index,1,1
2019,20433.1474104157,16106.3916860497,25922.2252403933,9.92491373421393,0.121401344498176,index,1,1
2021,23378.2987715914,19536.5856621873,27975.4539971442,10.0595634681182,0.0915931593742981,index,1,1
2022,23272.856455179,19286.7420539934,28082.8066278421,10.0550430014564,0.0958537015498445,index,1,1
2023,22700.1936972352,18744.0625264539,27491.3078829493,10.0301287363509,0.0977040506191449,index,1,1
2024,19349.5900942041,16120.165415828,23225.9798305855,9.87042651447149,0.0931650981222377,index,1,1
2025,29895.1802806348,25000.2692125069,35748.4872028719,10.3054525517579,0.0912316149050335,index,1,1
2003,18125.1099938809,15098.2501616032,21758.7871954692,9.80505354833238,0.0932259046712873,index,1,1
2004,23042.6975156363,19429.3423958607,27328.0432234408,10.0451041876283,0.0870242983841519,index,1,1
2005,23531.6580271823,20207.7772518983,27402.2680775658,10.0661019436325,0.0776948571874177,index,1,1
2006,21552.8356657957,18289.2660949944,25398.7624666872,9.97826267229505,0.0837735075928949,index,1,1
2007,18283.2316528314,15606.9777061712,21418.4043806841,9.81373961564321,0.080749562135165,index,1,1
2008,16883.5077123374,14381.0743597789,19821.3864653808,9.73409254942551,0.0818505901750893,index,1,1
2009,16464.8066833526,14107.5620508409,19215.9253415449,9.7089804536758,0.0788352268876843,index,1,1
2010,24573.4316714681,21277.9055945941,28379.3694556915,10.1094211249308,0.0734690069620792,index,1,1
2011,31905.2678615446,27674.4915429572,36782.8299839521,10.3705264118649,0.072582980100915,index,1,1
2012,37209.2389672885,32123.6646977956,43099.9226753788,10.5243123687609,0.0749830682675036,index,1,1
2013,55006.4378013256,46292.3334172407,65360.8918850532,10.9152055082979,0.0879984878474848,index,1,1
2014,57169.3818908462,49689.6565038479,65775.0215183781,10.953773752425,0.071542988412461,index,1,1
2015,52778.6300484301,45662.0290893865,61004.380342715,10.8738616538362,0.0738989577260259,index,1,1
2016,59642.4498621898,51555.1703001426,68998.3527327031,10.9961228455365,0.0743457866921006,index,1,1
2017,61028.8883022498,52857.2484682074,70463.8496203357,11.0191026097778,0.0733444478069387,index,1,1
2018,42860.8252753283,36873.6494605909,49820.1390465998,10.6657135239828,0.0767672554168221,index,1,1
2019,45377.3808374991,36955.1511179163,55719.0710735087,10.7227690404386,0.104751269720242,index,1,1
2021,53117.6628334319,45744.9693886349,61678.60953006,10.8802647853178,0.0762400128558672,index,1,1
2022,53767.0985884665,45991.2977429199,62857.5628976878,10.8924170086764,0.079700204613847,index,1,1
2023,52386.0582266316,44942.5623037343,61062.363956405,10.8663957705305,0.0781928706450238,index,1,1
2024,43732.6415018301,37656.3370955728,50789.4309495238,10.685850047381,0.0763246230772528,index,1,1
2025,64370.6315387751,55629.5751338741,74485.167192615,11.0724127760716,0.0744618327371515,index,1,1
2003,432.928283918095,266.715739243789,702.72155496962,6.07057208822977,0.247141604548117,index,1,1
2004,574.660516503849,357.786389531645,922.994051452766,6.35377946035879,0.241761243096477,index,1,1
2005,564.040801486243,360.098935454411,883.485049295625,6.33512659194214,0.228957154866745,index,1,1
2006,480.681929712786,301.454445443829,766.467773305606,6.17520578258274,0.238058900350656,index,1,1
2007,394.995366065072,248.598637398693,627.603356339635,5.97887403335148,0.236246348933769,index,1,1
2008,323.840181495118,209.905682963721,499.61707405948,5.78025012710577,0.221224384448453,index,1,1
2009,451.919092005796,300.529562805075,679.569969134144,6.11350316382264,0.20814516959756,index,1,1
2010,797.473381168036,552.243791947526,1151.59971546047,6.68144845625622,0.187482452891135,index,1,1
2011,1135.46783360557,776.509118994018,1660.36324573139,7.03480003318802,0.193876851794952,index,1,1
2012,1018.73449616733,684.586950409402,1515.97977884425,6.92631644595321,0.202810247944525,index,1,1
2013,1650.02235579623,1072.06921552123,2539.55037157154,7.40854411577025,0.220003129091922,index,1,1
2014,2093.91116707376,1450.59439568068,3022.52923949757,7.64678896792974,0.187279098673419,index,1,1
2015,1775.34262966655,1194.43030670742,2638.78221693798,7.48174871407952,0.202209886151523,index,1,1
2016,1645.74456246263,1099.295204182,2463.8287828161,7.40594818235507,0.205883197637026,index,1,1
2017,1763.58845377764,1185.01459555997,2624.64635115157,7.47510590650025,0.20285859292049,index,1,1
2018,1132.12337623526,740.99315791209,1729.71008616303,7.03185024243132,0.216258489496811,index,1,1
2019,1160.69882404883,718.798956449652,1874.26782977348,7.05677753723443,0.244492163070882,index,1,1
2021,1288.70431315081,816.059842562417,2035.09438905697,7.16139258418935,0.233119026188586,index,1,1
2022,1382.88234651306,897.920324186988,2129.7697944737,7.23192525683346,0.220332578416564,index,1,1
2023,1216.835460487,768.260433339568,1927.32629931516,7.10400888293252,0.234637016284401,index,1,1
2024,1095.60455507127,704.187995755193,1704.58648589377,6.99906159498458,0.225522631301798,index,1,1
2025,1824.05184007955,1221.30120261518,2724.27891512195,7.50881559132665,0.204668792698942,index,1,1
2003,11972.0877906904,9914.75709736343,14456.3184615096,9.39033320194691,0.0962026145793007,index,1,1
2004,14784.296895128,12315.9260957788,17747.3811537573,9.60132087587192,0.0932019001134465,index,1,1
2005,15288.6177898309,13020.641477626,17951.6373540569,9.63486389521817,0.0819263584948384,index,1,1
2006,13795.2244032325,11571.8336965025,16445.813284809,9.53207775351672,0.0896692286734605,index,1,1
2007,11486.7159164269,9730.86161596167,13559.3997481441,9.34894650896355,0.0846386905568196,index,1,1
2008,10876.5674281649,9158.91588433272,12916.3451781212,9.29436597689648,0.0876969581212579,index,1,1
2009,10717.2814285658,9089.19109437781,12637.001469815,9.27961280438182,0.0840686925815965,index,1,1
2010,16602.7574235054,14239.1152573314,19358.7557290006,9.71732407039964,0.078356551130859,index,1,1
2011,20982.610912209,17994.2701394864,24467.2308062682,9.95144932188173,0.0783895329076204,index,1,1
2012,24583.3740124746,20999.8404492919,28778.422354994,10.1098256402773,0.0803869471562552,index,1,1
2013,35615.6819215137,29703.8277547345,42704.1527848968,10.4805413232603,0.0926089089262985,index,1,1
2014,38042.3210243569,32710.702220536,44242.9569124827,10.5464545301596,0.0770406716550354,index,1,1
2015,35602.1391364675,30560.6754648298,41475.2714661391,10.4801610031379,0.0779053382610153,index,1,1
2016,39908.7838378915,34191.3530874293,46582.2754468621,10.5943517249624,0.0788910759585705,index,1,1
2017,38945.3575052781,33473.2996408267,45311.9616974952,10.5699148530597,0.0772521739591374,index,1,1
2018,27572.2949996938,23528.5692683653,32310.9936213711,10.2245667431973,0.0809178480573774,index,1,1
2019,29752.4180596445,24045.4460710511,36813.8889077039,10.3006656869866,0.10865749759537,index,1,1
2021,35291.7003249997,30041.692364856,41459.1860106599,10.4714030970048,0.0821758241162695,index,1,1
2022,36046.567686959,30492.4417256798,42612.3645229839,10.4925669283873,0.0853754508220488,index,1,1
2023,34938.5450495365,29756.6523586742,41022.824592789,10.4613459414225,0.0819086207791658,index,1,1
2024,29050.4746707489,24783.0367197976,34052.7308310713,10.2767901019314,0.0810603706508908,index,1,1
2025,42174.4605791145,36091.0099827172,49283.3291723073,10.6495701172699,0.0794764782111468,index,1,1
2003,6585.95048710862,5229.97301980747,8293.4928448719,8.79269394500775,0.117620807584793,index,1,1
2004,8833.06113701198,7189.92896295998,10851.7023536865,9.08625690815353,0.105012305883415,index,1,1
2005,8807.08103883745,7213.32232144532,10752.975254419,9.08331134040244,0.101852087225977,index,1,1
2006,8238.29319227607,6717.4407225785,10103.4720699181,9.01654846458801,0.104127397276089,index,1,1
2007,7191.51110246953,5849.07553642233,8842.05232346451,8.88065659587499,0.105419128988384,index,1,1
2008,6330.78046566762,5165.80753271325,7758.47358823841,8.75317880385186,0.103758073635242,index,1,1
2009,6199.44434679262,5099.25612113014,7537.00329930892,8.73221494553188,0.0996778500017386,index,1,1
2010,8768.14762913068,7263.43965863143,10584.5737638737,9.07888084631004,0.0960589429167937,index,1,1
2011,12058.1247829409,10087.9946184033,14413.0105913943,9.39749396755618,0.0910183170629044,index,1,1
2012,13644.5994509813,11315.0569093502,16453.7479280262,9.52109907770837,0.0955168011151115,index,1,1
2013,21040.7782356076,16991.1116388684,26055.6435723297,9.95421765455198,0.109069357755179,index,1,1
2014,21220.9720335629,17789.5915505484,25314.2211146145,9.96274521854406,0.089989611562243,index,1,1
2015,18951.8335416291,15681.7925421735,22903.7588415793,9.84965596264413,0.0966346098581877,index,1,1
2016,21379.4105867612,17659.6414008551,25882.6998047188,9.97018361575941,0.097525489775684,index,1,1
2017,23847.1192507496,19697.0075747534,28871.6493813194,10.0794187028892,0.0975511289839335,index,1,1
2018,16420.6536518697,13483.4312071296,19997.7188456367,9.70629519048874,0.100551999617687,index,1,1
2019,16785.6616019036,13120.9799448454,21473.8865997818,9.72828032489612,0.125671990001883,index,1,1
2021,19114.6668215829,15821.978241779,23092.5919702846,9.85821121577107,0.0964588823415619,index,1,1
2022,19103.4132480206,15692.7043619863,23255.417887606,9.8576223021539,0.100344246470936,index,1,1
2023,18664.3486375821,15226.1751569635,22878.8849776168,9.83437049320866,0.103879060639765,index,1,1
2024,15777.7713861522,12972.6372686739,19189.4727924609,9.66635735414406,0.0998792646138158,index,1,1
2025,24020.2227997398,19859.4040119501,29052.7904564485,10.0866513711838,0.097052009630847,index,1,1
2003,17566.8932815609,14619.3289062979,21108.748667171,9.77377134605675,0.0937116792437549,index,1,1
2004,22362.4927918346,18844.2420495335,26537.6066891073,10.0151404054842,0.0873371766952736,index,1,1
2005,22873.0336397153,19635.6252106487,26644.2072646518,10.0377139253435,0.077865266096581,index,1,1
2006,20904.6379878702,17724.7964824889,24654.9453944726,9.94772632662901,0.0841885149641424,index,1,1
2007,17748.8941040702,15140.0978241036,20807.2131090175,9.78407848896654,0.0811119499891494,index,1,1
2008,16453.991931548,14007.2417046193,19328.134417368,9.70832339736459,0.0821411307333442,index,1,1
2009,15991.3576250963,13689.7166580019,18679.9716226596,9.67980370685772,0.0792889497052954,index,1,1
2010,23721.6514598873,20514.0541770937,27430.7917453349,10.0741434737862,0.0741227772993826,index,1,1
2011,30831.9758725924,26717.7662792043,35579.7234796542,10.3363076081095,0.073074598522346,index,1,1
2012,36218.2484077173,31240.8912351363,41988.6074264039,10.497318370459,0.0754275279672995,index,1,1
2013,53148.6786575536,44695.0206797951,63201.2694049578,10.8808485228318,0.088384860124659,index,1,1
2014,55435.856856842,48145.6345152499,63829.9662346102,10.9229818990518,0.0719381332111279,index,1,1
2015,51113.4163217494,44184.3327740064,59129.1338819867,10.8418022920593,0.0743262376786811,index,1,1
2016,57740.4573264588,49853.9379772835,66874.5649298107,10.9637133736299,0.0749302568736786,index,1,1
2017,58969.8415432647,51025.5868117495,68150.9499237548,10.9847814319173,0.0738273483448964,index,1,1
2018,41509.5245976125,35683.4465878205,48286.833170087,10.633678188262,0.0771626469842766,index,1,1
2019,43980.6065431117,35799.914128705,54030.6813291779,10.6915040553532,0.10500360375503,index,1,1
2021,51413.4083992955,44238.4441849132,59752.0688608264,10.8476542812237,0.0766875383639507,index,1,1
2022,52212.3289541092,44632.6859409853,61079.1673711208,10.8630739328433,0.0800281004434433,index,1,1
2023,50865.4607277104,43608.6014799507,59329.9259145416,10.8369394010402,0.0785370092126406,index,1,1
2024,42365.7594696675,36442.7779155791,49251.392953621,10.6540957552904,0.0768367048680446,index,1,1
2025,62379.1518505865,53858.1189295322,72248.3195280122,11.0409863935735,0.0749391081476013,index,1,1
2003,991.144996238127,712.340479106333,1379.07143056128,6.8988608366829,0.168525973531119,index,1,1
2004,1254.86524030552,902.999677183358,1743.8397943162,7.13478346755781,0.167891488940612,index,1,1
2005,1222.66518895317,890.491041775095,1678.74812226966,7.10878833610869,0.161745468641178,index,1,1
2006,1128.87960763835,820.54065686638,1553.08473489722,7.02898092218225,0.162767001876546,index,1,1
2007,929.332914826291,676.24030999357,1277.1490457109,6.83446703288181,0.162206313157449,index,1,1
2008,753.355962284571,552.456195074031,1027.31259232899,6.62453784157792,0.158249691682932,index,1,1
2009,925.368150262132,690.528481896112,1240.07370582056,6.83019165861471,0.149357049774794,index,1,1
2010,1649.25359274887,1262.27622344235,2154.86702726385,7.40807809651435,0.136434241620282,index,1,1
2011,2208.75982255786,1679.93855641113,2904.04665999693,7.70018647073567,0.139632143616259,index,1,1
2012,2009.72505573847,1518.3870621849,2660.05612156038,7.60575320350695,0.143037983651005,index,1,1
2013,3507.78149956822,2564.96583300395,4797.15202845515,8.16273906522615,0.159716520632778,index,1,1
2014,3827.43620107792,2923.11410646691,5011.52789106407,8.24995045883065,0.137525821472892,index,1,1
2015,3440.5563563474,2592.89708558464,4565.3289160659,8.14338846878665,0.144317638278098,index,1,1
2016,3547.73709819353,2695.92246751617,4668.69454502334,8.17406524209145,0.14008906846159,index,1,1
2017,3822.63521276268,2878.53283630629,5076.38467261811,8.24869531003901,0.144726791302831,index,1,1
2018,2483.4240539509,1847.88184875609,3337.54835889183,7.81739355383053,0.150818199038475,index,1,1
2019,2557.47311843634,1800.6506491149,3632.39185498836,7.84677498689521,0.179019430644262,index,1,1
2021,2992.95874728715,2195.13443329641,4080.75329104597,8.00401772469294,0.15817594520457,index,1,1
2022,2937.6519808703,2171.50818633907,3974.10390391393,7.98536589528265,0.154180727706195,index,1,1
2023,2737.43295940812,1994.80149399255,3756.53378535212,7.91477588411095,0.161470345369639,index,1,1
2024,2462.48658723368,1837.9038763259,3299.32390393988,7.80892692622275,0.149260866503224,index,1,1
2025,3815.53152826828,2872.38666977312,5068.3569160134,8.24683525990307,0.144868327538096,index,1,1
