Year,est,lwr,upr,log_est,se,type,effort,replicate
2003,53498.3073671444,38642.5071858716,74065.3000951211,10.8874052943863,0.165970969348427,index,0.2,1
2004,70049.0689287475,51123.2737417115,95981.1784076124,11.1569512601529,0.160694857306289,index,0.2,1
2005,57794.01036344,44145.8633689197,75661.6221541834,10.9646404223607,0.137444319268797,index,0.2,1
2006,57944.374220395,44022.0791958988,76269.6938700245,10.9672387641657,0.140202666674235,index,0.2,1
2007,58814.3408036046,44939.5832270951,76972.8251969403,10.9821409953679,0.137281463220409,index,0.2,1
2008,60665.6252582896,45995.3112860467,80015.0707773491,11.0131325111713,0.141246355363178,index,0.2,1
2009,54391.0977346157,40835.8398163977,72445.9574255791,10.9039557748685,0.14624777570193,index,0.2,1
2010,61442.1160932411,47500.0434545196,79476.4247664307,11.0258508088502,0.131311037358836,index,0.2,1
2011,41746.3235971989,32331.3528687642,53902.9573230679,10.6393666688496,0.13039727025883,index,0.2,1
2012,53808.1347082784,41993.0982660737,68947.4099395844,10.893179937476,0.126491804271635,index,0.2,1
2013,70200.5011746054,51401.3443424643,95875.1259953816,11.1591107292278,0.159029005666688,index,0.2,1
2014,68171.0525738617,52218.7463288333,88996.6292902392,11.1297753046639,0.136011922817199,index,0.2,1
2015,66409.0040625538,51852.0596086856,85052.6643273695,11.1035879296229,0.126246194451851,index,0.2,1
2016,73974.7542753027,56936.706509711,96111.3595349614,11.2114791555367,0.133565534805499,index,0.2,1
2017,61259.1531717815,47772.0791446678,78553.915059036,11.0228685567813,0.126875763656467,index,0.2,1
2018,61979.9186749214,47512.2396716624,80853.0674516078,11.0345657192228,0.135626515176699,index,0.2,1
2019,33750.9319680707,21795.8447252198,52263.4209902983,10.4267633097882,0.223110573236723,index,0.2,1
2021,59955.1588348131,46217.1000111752,77776.8633263118,11.0013522090438,0.132781557414337,index,0.2,1
2022,104618.115843135,79430.8435069888,137792.19355268,11.558072007234,0.140528081298662,index,0.2,1
2023,78732.1972109089,60753.4358870034,102031.412497997,11.2738074639678,0.132261892870649,index,0.2,1
2024,45341.4832851674,34239.9772595755,60042.3911182414,10.7219776382412,0.143282465570167,index,0.2,1
2025,68990.9517703832,53160.5118270139,89535.4702692053,11.1417306412181,0.132991984774007,index,0.2,1
2003,11482.974686074,8072.63316307331,16334.0393372733,9.34862075530402,0.179791955207882,index,0.2,1
2004,15067.5335994756,10778.788578015,21062.7165685754,9.62029761528507,0.170902198502872,index,0.2,1
2005,12432.761326316,9257.75632141642,16696.6540088721,9.42809030997917,0.150448330646347,index,0.2,1
2006,12459.0909107897,9275.7708696954,16734.8836559198,9.43020582906891,0.150535843892333,index,0.2,1
2007,12653.1649610912,9437.18163806267,16965.084457721,9.44566265741489,0.149620095295087,index,0.2,1
2008,13051.8139776864,9673.69850969331,17609.5883014582,9.4766824052125,0.15281730668918,index,0.2,1
2009,11692.5643929769,8544.86868372936,15999.7850340566,9.36670839678838,0.160014250999322,index,0.2,1
2010,13184.6925978319,9967.53722067111,17440.2277163124,9.48681178397877,0.142718423773794,index,0.2,1
2011,8963.40918308619,6803.75624438594,11808.5806277566,9.10090592278505,0.140653500485538,index,0.2,1
2012,11543.7465311945,8787.29196140162,15164.8635964077,9.35389914345542,0.139205252824564,index,0.2,1
2013,15076.9032550689,10844.2892409847,20961.5408360378,9.62091926603544,0.168128284737158,index,0.2,1
2014,14664.626567472,10948.9338230294,19641.2980331545,9.59319351688495,0.149082409904225,index,0.2,1
2015,14222.6683470391,10878.5293726312,18594.8199412676,9.56259233322475,0.136760671125506,index,0.2,1
2016,15905.7062566076,11897.2668478968,21264.6732023337,9.67443320788821,0.148150289549211,index,0.2,1
2017,13154.8349046297,10008.6984107152,17289.9286467457,9.48454464338649,0.13945909750757,index,0.2,1
2018,13320.4434288485,9970.78284360973,17795.414454831,9.49705523399436,0.147778661488127,index,0.2,1
2019,7254.90149970743,4580.23072184257,11491.4725844386,8.88943258834224,0.234661422445783,index,0.2,1
2021,12889.8752237952,9715.82904708805,17100.8446607863,9.46419741580843,0.144230058847931,index,0.2,1
2022,22492.3106210124,16701.0887155056,30291.6801227706,10.0209287796054,0.15189033733704,index,0.2,1
2023,16909.6173770671,12845.8742789147,22258.9100306039,9.73563781461517,0.140237190990192,index,0.2,1
2024,9745.76960895313,7126.5192288374,13327.6880649474,9.1845885835748,0.159702106026532,index,0.2,1
2025,14836.7215405096,11144.4661718856,19752.2521649304,9.60486057186402,0.146003818380583,index,0.2,1
2003,15427.5536020176,11219.6231743953,21213.6723705923,9.64391038463531,0.162498287623952,index,0.2,1
2004,19539.5142715451,14367.1238189212,26574.0466066772,9.88019406712737,0.156888729738325,index,0.2,1
2005,16154.3991429021,12429.619363777,20995.382403158,9.68994768430799,0.133732111774901,index,0.2,1
2006,16079.3008658351,12320.0425765092,20985.6349706952,9.6852880632949,0.135872583592583,index,0.2,1
2007,16471.4060716033,12640.0815849094,21464.0400976173,9.70938119120978,0.135080578579897,index,0.2,1
2008,17125.1702623435,13041.4448687677,22487.6506756237,9.74830460540763,0.138990805644565,index,0.2,1
2009,15533.062379531,11750.5590535781,20533.1530003188,9.65072608791566,0.142385264550033,index,0.2,1
2010,16793.7962302521,13013.6737617654,21671.942680156,9.72876482518485,0.130108979403626,index,0.2,1
2011,11450.5163559901,8882.71450158542,14760.6145391024,9.34579010455859,0.129557292977134,index,0.2,1
2012,14687.2161568271,11451.977963934,18836.4245125791,9.59473274520715,0.12694876291848,index,0.2,1
2013,19289.6313857403,14254.7799726095,26102.814614656,9.86732299663167,0.154327035033663,index,0.2,1
2014,19041.7616681437,14658.9807823593,24734.9179871173,9.8543898286526,0.133462339821402,index,0.2,1
2015,17973.8616733631,14056.2861540747,22983.290174378,9.7966738522592,0.125435399014742,index,0.2,1
2016,20524.6722987818,15851.8011287101,26575.0351995907,9.92938296823857,0.131810870784484,index,0.2,1
2017,16817.6883178591,13156.6924983797,21497.3968869065,9.73018648756914,0.125257732348819,index,0.2,1
2018,17119.4445255049,13206.5716341658,22191.632240395,9.74797020322922,0.13240057955923001,index,0.2,1
2019,9645.4244015569,6332.96170837564,14690.4744052229,9.17423892660679,0.214654779267054,index,0.2,1
2021,16615.4851623325,12868.8255462273,21452.9559195578,9.71809038062314,0.130373487146668,index,0.2,1
2022,28996.4885830484,22118.3187033587,38013.574242385,10.2749300182943,0.138149769928497,index,0.2,1
2023,21637.2127950138,16744.2051274391,27960.0598519609,9.98216992591347,0.130799551972491,index,0.2,1
2024,12963.9394117717,9785.51808605419,17174.7396095056,9.46992689067537,0.143506751909865,index,0.2,1
2025,19182.2633321599,14768.4462386287,24915.2294424775,9.86174134628041,0.133417335963847,index,0.2,1
2003,26587.7790790527,18792.9460023699,37615.7094405192,10.1882069560797,0.177028809227276,index,0.2,1
2004,35442.0210577267,25317.430828441,49615.4947620209,10.4756534306812,0.171638372080264,index,0.2,1
2005,29206.8498942221,21804.2157523636,39122.7132602166,10.2821585461641,0.149135359247766,index,0.2,1
2006,29405.9824437702,21801.2484397801,39663.407619607,10.2889534171086,0.152671632974702,index,0.2,1
2007,29689.7697709101,22188.3727864973,39727.2227905812,10.2985578132956,0.148591572749559,index,0.2,1
2008,30488.6410182599,22589.1904616293,41150.5331596233,10.325109467597,0.153004186444822,index,0.2,1
2009,27165.4709621077,19921.3536732798,37043.808603375,10.2097019959275,0.158245005550242,index,0.2,1
2010,31463.627265157,23823.8993950722,41553.2245273626,10.3565874676506,0.141912268678992,index,0.2,1
2011,21332.3980581226,16163.926675838,28153.5060159881,9.96798223168715,0.141556142842906,index,0.2,1
2012,27577.1720202567,21116.9871645793,36013.6799207066,10.2247436087534,0.136181346395518,index,0.2,1
2013,35833.966533796,25653.7696406707,50053.9755182599,10.4866515084362,0.170516247606144,index,0.2,1
2014,34464.6643382463,25833.5026679753,45979.5600780249,10.4476898560658,0.147075342607488,index,0.2,1
2015,34212.4740421518,26136.0662766161,44784.6040676807,10.4403455946245,0.137387272232865,index,0.2,1
2016,37544.3757199135,28348.7357078261,49722.8575808725,10.5332788648798,0.143339956641154,index,0.2,1
2017,31286.6299492929,23878.8417330928,40992.4913664232,10.3509461271007,0.137858688496864,index,0.2,1
2018,31540.0307205673,23645.2532729518,42070.7499459213,10.3590128345358,0.146990031606375,index,0.2,1
2019,16850.6060668062,10650.4767827363,26660.1139658779,9.73214190349012,0.234076732348849,index,0.2,1
2021,30449.7984486856,22943.7759804808,40411.4050954112,10.3238346540254,0.144407079241202,index,0.2,1
2022,53129.3166390736,39484.030222104,71490.2777314439,10.8804841573083,0.151447980006577,index,0.2,1
2023,40185.3670388275,30267.4189394481,53353.2022428448,10.6012582043323,0.144610348010471,index,0.2,1
2024,22631.7742644427,16794.2287798171,30498.4059150271,10.0271101387554,0.152206652645798,index,0.2,1
2025,34971.9668977137,26454.8106581156,46231.2312305132,10.4623020737635,0.142405053247325,index,0.2,1
2003,47051.1739294499,34377.2232832352,64397.6667312442,10.7589910953813,0.160126200098066,index,0.2,1
2004,60357.0994650682,44569.780184449,81736.5362979112,11.0080338578018,0.15470821208064,index,0.2,1
2005,49862.7960720597,38488.8970494958,64597.8093091754,10.8170304339661,0.132096990377949,index,0.2,1
2006,49762.3379506533,38203.0244742341,64819.2207919336,10.8150137108482,0.134871735784228,index,0.2,1
2007,50805.0609245174,39193.4459382966,65856.7817590602,10.8357512531028,0.132393471921593,index,0.2,1
2008,52665.1852906591,40330.2644059254,68772.7140537158,10.8717098955529,0.136151711843281,index,0.2,1
2009,47556.468561188,36086.3703219202,62672.351966567,10.76967309576,0.140820228492328,index,0.2,1
2010,52252.2720835324,40752.3074141397,66997.4318299379,10.8638386537339,0.126824224816777,index,0.2,1
2011,35583.7057079073,27804.7418595504,45538.9990061007,10.4796431072272,0.125860094140685,index,0.2,1
2012,45719.3550534888,35974.7766743434,58103.4719250311,10.7302770113676,0.122300047002655,index,0.2,1
2013,59907.0384056171,44414.6742931681,80803.3224974954,11.0005492797986,0.15266815423340999,index,0.2,1
2014,58790.0017618013,45492.9701100551,75973.591057944,10.981727081364,0.130825868975177,index,0.2,1
2015,56112.0515741664,44228.7959539978,71188.0634312704,10.9351058915085,0.121417814448052,index,0.2,1
2016,63523.2376399348,49224.8274410112,81974.92871042,11.0591610650241,0.130108343341824,index,0.2,1
2017,52246.4109996523,41107.8427461737,66403.0822341964,10.863726478466,0.122335041359024,index,0.2,1
2018,53069.6392212046,41068.4497531047,68577.8651008346,10.8793602776305,0.130800779947574,index,0.2,1
2019,29522.5542330294,19344.3857508214,45056.0291584938,10.2929098004804,0.215693905364015,index,0.2,1
2021,51445.99849134,40046.8320653377,66089.8908670927,10.8482879635309,0.127799855319218,index,0.2,1
2022,89777.0393127676,68845.1304013557,117073.157400941,11.4050845346566,0.135446244290329,index,0.2,1
2023,67194.2831989049,52340.7369200215,86263.0516936323,11.1153434514476,0.12745805430729,index,0.2,1
2024,39672.4389845144,30102.8422030128,52284.1798248041,10.5884119934565,0.140837854167413,index,0.2,1
2025,59323.3268315531,45956.5077115957,76577.9925761264,10.9907578774769,0.130261135307811,index,0.2,1
2003,6447.13343769437,3658.61019347572,11361.0161688062,8.77139088273787,0.289062585580674,index,0.2,1
2004,9691.96946367918,5811.44059557584,16163.6810253899,9.17905293125865,0.26095844879606,index,0.2,1
2005,7931.2142913804,4964.57555118286,12670.6018444637,8.97856142918374,0.239023955661828,index,0.2,1
2006,8182.03626974164,5141.89682683152,13019.6539864492,9.00969633134943,0.237003849143415,index,0.2,1
2007,8009.27987908753,5019.78357008548,12779.1493967666,8.98835613328527,0.238378887950507,index,0.2,1
2008,8000.43996763029,4924.03943823154,12998.8885098459,8.98725181510354,0.247640937420668,index,0.2,1
2009,6834.62917342778,4093.68073144281,11410.7960543876,8.82975749361569,0.261513843612364,index,0.2,1
2010,9189.84400970865,5998.13023416382,14079.9265147252,9.12585424128931,0.217683167981575,index,0.2,1
2011,6162.61788929173,4012.41723138592,9465.08228315543,8.72625694827616,0.218936578491937,index,0.2,1
2012,8088.77965478942,5330.84620432294,12273.5404091526,8.99823315254178,0.212742626260066,index,0.2,1
2013,10293.4627689882,6251.64983885015,16948.3861872908,9.23926429009895,0.254424883273842,index,0.2,1
2014,9381.05081206046,5898.66899388918,14919.3172950762,9.14644706259785,0.236721213282497,index,0.2,1
2015,10296.9524883874,6803.85795738212,15583.3985971252,9.23960325552427,0.211411118691419,index,0.2,1
2016,10451.5166353679,6751.57215505018,16179.0761426825,9.25450237943333,0.222948847159441,index,0.2,1
2017,9012.74217212929,5885.56024256659,13801.4935050355,9.10639465192615,0.217421055553637,index,0.2,1
2018,8910.27945371695,5693.01759017336,13945.6937706235,9.09496088402654,0.228557855564655,index,0.2,1
2019,4228.37773504117,2166.68139307941,8251.87234602176,8.34957368430529,0.341139799292687,index,0.2,1
2021,8509.16034347315,5439.13760711513,13312.0018247414,9.04889854965757,0.228332129573978,index,0.2,1
2022,14841.0765303673,9348.9269707159,23559.6612606071,9.60515405656788,0.235788620100379,index,0.2,1
2023,11537.914012004,7452.14526519353,17863.7768066831,9.35339376219797,0.223032943801014,index,0.2,1
2024,5669.04430065315,3509.37690766492,9157.76906509368,8.64277582883834,0.244689214242448,index,0.2,1
2025,9667.62493882997,6300.70184133294,14833.7398454193,9.17653794699039,0.218433420617138,index,0.2,1
2003,31069.6199857429,22549.13035721,42809.6902526363,10.343985771406,0.163540756278011,index,0.2,1
2004,40184.3128130319,29468.739578252502,54796.3373855082,10.6012319699166,0.158241001978304,index,0.2,1
2005,33182.5834976034,25459.8299075895,43247.8870272103,10.4097804238116,0.135167398269796,index,0.2,1
2006,33166.9471465267,25359.418250322102,43378.2183866354,10.409309091122,0.136943140081744,index,0.2,1
2007,33795.2400640369,25909.965955561,44080.2683008064,10.4280752450463,0.135559779432983,index,0.2,1
2008,34968.997222155,26612.4681931461,45949.5435691312,10.4622171542718,0.139330131782812,index,0.2,1
2009,31486.2371293045,23737.615177631,41764.2261509497,10.3573058128079,0.1441299981985,index,0.2,1
2010,34930.3172766245,27051.5188786765,45103.8283845653,10.4611104209725,0.130416675769353,index,0.2,1
2011,23771.7172244,18493.1587732387,30556.9506392051,10.0762518010936,0.128112381880656,index,0.2,1
2012,30570.8406787505,23856.7721826412,39174.4655417202,10.3278019146294,0.126521972657229,index,0.2,1
2013,40007.1714516077,29554.9200487694,54155.916000354,10.5968140033164,0.154496969137075,index,0.2,1
2014,39129.3546168054,30080.4543873532,50900.3744761061,10.5746282217591,0.134184780904836,index,0.2,1
2015,37577.3884221923,29414.2488891811,48005.9894084763,10.5341577767313,0.124963155777173,index,0.2,1
2016,42339.9593410734,32669.1528693269,54873.5427629312,10.6534865843925,0.132298354512964,index,0.2,1
2017,34897.2632461356,27296.3245213435,44614.7605373702,10.4601636880996,0.125337174991925,index,0.2,1
2018,35404.7934411834,27226.6319971575,46039.4586720727,10.4746024978981,0.134008384422427,index,0.2,1
2019,19542.7300596844,12697.2731482146,30078.7652378254,9.8803586323002,0.220012254841408,index,0.2,1
2021,34298.3942036873,26544.0648006862,44317.9992885309,10.4428538158391,0.130763812079169,index,0.2,1
2022,59851.7392944222,45599.1509302248,78559.1534818042,10.9996257714565,0.138768568312429,index,0.2,1
2023,44872.4412840735,34823.7213306241,57820.816094744,10.7115791054256,0.129351879140235,index,0.2,1
2024,26258.2820667696,19805.0079840469,34814.2943266383,10.1757367255633,0.143903977113473,index,0.2,1
2025,39523.2265620292,30463.6231279568,51277.0733576973,10.5846437923052,0.132836739810831,index,0.2,1
2003,22428.6873814014,15747.4790543541,31944.5427370511,10.0180961051332,0.180442363492902,index,0.2,1
2004,29864.7561157155,21225.8459683389,42019.6989642513,10.3044343389089,0.174217217281269,index,0.2,1
2005,24611.4268658367,18263.4715070934,33165.7829748946,10.1109661208119,0.152200689243109,index,0.2,1
2006,24777.4270738682,18262.4425718186,33616.5816804933,10.1176883190364,0.155659190671221,index,0.2,1
2007,25019.1007395677,18595.4095436692,33661.8239220089,10.127394841711,0.151392991676143,index,0.2,1
2008,25696.6280361349,18941.1482006422,34861.4923146575,10.1541150574556,0.155626874730864,index,0.2,1
2009,22904.860605311,16707.9070934826,31400.260751592,10.0391044205268,0.160955536945721,index,0.2,1
2010,26511.7988166165,19986.4791783651,35167.5485321894,10.185345151248,0.144152581701008,index,0.2,1
2011,17974.6063727988,13524.6178671776,23888.7691637592,9.79671528375692,0.14512941895779,index,0.2,1
2012,23237.2940295277,17708.5464253763,30492.1601606411,10.0535137682799,0.13863066847347,index,0.2,1
2013,30193.3297229974,21428.7931114035,42542.6273436045,10.3153763088681,0.174944816539682,index,0.2,1
2014,29041.6979570568,21633.3776688176,38986.9872906914,10.2764879368251,0.15025545148788,index,0.2,1
2015,28831.615640362,21917.9785841823,37926.0367118648,10.2692278293107,0.139882830775731,index,0.2,1
2016,31634.7949342294,23713.6831280081,42201.8058151731,10.3620128993166,0.147046269163147,index,0.2,1
2017,26361.8899256461,19996.1132863775,34754.2160068338,10.1796746827704,0.141013552790304,index,0.2,1
2018,26575.1252337373,19831.5065595484,35611.8824895219,10.1877309156633,0.149341378509903,index,0.2,1
2019,14208.2019083861,8953.59290803408,22546.5914681386,9.56157467602527,0.235598463398635,index,0.2,1
2021,25656.764631126,19226.2732891803,34238.022181212,10.1525625441377,0.147211644359941,index,0.2,1
2022,44766.3765487119,33097.7835911288,60548.7211487541,10.7092126131531,0.154079879735075,index,0.2,1
2023,33859.7559268349,25352.522810508,45221.6562428115,10.4299824473574,0.147629714841662,index,0.2,1
2024,19083.2012183981,14092.9053551627,25840.5601658614,9.85656370967104,0.154664539056352,index,0.2,1
2025,29467.725208354,22180.2265755986,39149.5923630631,10.2910508826728,0.14494878923823,index,0.2,1
2003,40803.1265638594,29800.6025398793,55867.8347244275,10.6165139889234,0.160324424149546,index,0.2,1
2004,52426.3942967656,38700.0300858323,71021.30961821,10.8671654514444,0.154885394532588,index,0.2,1
2005,43306.7734401168,33404.1698898717,56144.9852511455,10.6760643322443,0.132465859637222,index,0.2,1
2006,43234.2678370437,33177.9597024176,56338.6637445648,10.6743886967546,0.135077801826411,index,0.2,1
2007,44121.0929435888,33946.5869459851,57345.1123564879,10.6946932451275,0.133752278636007,index,0.2,1
2008,45719.0825351685,34986.898590757,59743.3494265124,10.7302710506726,0.136503582906221,index,0.2,1
2009,41260.89568852,31250.3766422415,54478.1118163451,10.6276704947881,0.141780047662272,index,0.2,1
2010,45428.6653216156,35392.8469264159,58310.1901125407,10.7238985795329,0.12736640419077,index,0.2,1
2011,30932.0434468606,24153.369133867,39613.1614805195,10.3395479303206,0.126210876461402,index,0.2,1
2012,39751.2441194071,31168.9767736198,50696.608378177,10.5903964181941,0.124093031898569,index,0.2,1
2013,52071.5553615392,38612.7262599731,70221.5860002768,10.8603741162993,0.152572660359376,index,0.2,1
2014,51061.8957109612,39468.4354546818,66060.819577985,10.8407938172305,0.131398990103046,index,0.2,1
2015,48804.9010269358,38391.0397832355,62043.6012595089,10.7955860176782,0.122454620187702,index,0.2,1
2016,55190.3178664009,42730.60950334,71283.1204983463,10.9185428159096,0.130549349544312,index,0.2,1
2017,45414.7118267278,35679.8589683937,57805.6110628617,10.7235913805838,0.123088867183334,index,0.2,1
2018,46117.5874076717,35614.1082105175,59718.8017662098,10.7389496618194,0.131865956453792,index,0.2,1
2019,25613.4477377507,16750.8062821286,39165.2016007385,10.1508727948006,0.216672921446095,index,0.2,1
2021,44699.7775210022,34753.8410907248,57492.0655593475,10.7077238034305,0.128409718518509,index,0.2,1
2022,78003.9560576778,59788.6137063318,101768.828267777,11.2645148230738,0.135688364485762,index,0.2,1
2023,58405.2781873173,45494.1045884815,74980.6277317434,10.9751615446521,0.127463320531615,index,0.2,1
2024,34418.5823474632,26107.7839457446,45374.9277713858,10.4463518820336,0.14100417145263,index,0.2,1
2025,51536.2832315166,39897.0594680316,66571.0336734783,10.8500413673553,0.130606208458588,index,0.2,1
2003,12695.1808032848,8373.74224967469,19246.7848690175,9.4489777361236,0.212310824654935,index,0.2,1
2004,17622.6746319816,11847.857039712,26212.2221886833,9.77694168320208,0.202574841504668,index,0.2,1
2005,14487.2369233235,10185.888149811,20604.9811843262,9.58102332860986,0.179730242382347,index,0.2,1
2006,14710.1063833512,10309.9081451123,20988.2791159584,9.59629004561224,0.181344851612053,index,0.2,1
2007,14693.2478600162,10400.0646637262,20758.6721483441,9.59514333799224,0.176317543557932,index,0.2,1
2008,14946.5427231212,10420.9787933122,21437.4430468523,9.61223529609653,0.184013101233733,index,0.2,1
2009,13130.2020460956,9060.54564117115,19027.7950797904,9.48267035530454,0.18928191319455,index,0.2,1
2010,16013.4507716252,11502.2363514834,22293.9781255837,9.68118432128067,0.168823286090402,index,0.2,1
2011,10814.2801503383,7763.99656806815,15062.9452427877,9.28862277587034,0.169069572822127,index,0.2,1
2012,14056.8905888711,10247.0649203672,19283.1971460186,9.55086798791036,0.161289389027333,index,0.2,1
2013,18128.945813066,12220.924229181799,26893.111366184,9.80526515606089,0.201207928718771,index,0.2,1
2014,17109.1568629007,12084.2725379061,24223.4894687391,9.74736908822617,0.177405806994293,index,0.2,1
2015,17604.1030356183,12778.7233725457,24251.596552632,9.77588728088013,0.163447110797518,index,0.2,1
2016,18784.4364089018,13453.6028832018,26227.5506615892,9.84078395537018,0.170299932288249,index,0.2,1
2017,15844.4413450539,11457.4436685236,21911.1984138783,9.67057401401239,0.165400546518926,index,0.2,1
2018,15862.3312672495,11285.2541032716,22295.7809305347,9.67170247475563,0.173702308582223,index,0.2,1
2019,8137.48423031958,4832.96073577305,13701.4664962115,9.00423634861259,0.265832334218238,index,0.2,1
2021,15255.3813138109,10871.2990225675,21407.4379286835,9.63268759282729,0.172863438934942,index,0.2,1
2022,26614.1597854569,18671.106045517,37936.3439615782,10.1891986758978,0.180853424886002,index,0.2,1
2023,20326.9190235916,14497.3923382655,28500.5487435876,9.91970134686389,0.172440553007291,index,0.2,1
2024,10922.9009377043,7660.3583936909,15574.9586067887,9.29861686765514,0.181025172465182,index,0.2,1
2025,17454.6685388668,12563.0853034005,24250.8465431848,9.76736242989259,0.167780825288079,index,0.2,1
2003,57977.4296202664,41795.2261605229,80425.0306593122,10.967809069314,0.166978407047677,index,0.2,2
2004,65737.9388452986,47955.0218728517,90115.2045157277,11.0934314935977,0.160927797557327,index,0.2,2
2005,50946.0286638106,38438.1165393322,67524.0638796113,10.8385220898585,0.143735919441754,index,0.2,2
2006,51413.3451104724,38784.3124811895,68154.6709569895,10.847653050244,0.143819950830521,index,0.2,2
2007,60928.8343180151,46750.4088757153,79407.2809335473,11.0174618115646,0.135147141973421,index,0.2,2
2008,50754.9520101062,38763.6749360098,66455.6484337643,10.8347644686976,0.137515585348878,index,0.2,2
2009,44957.7104937148,33191.0077453328,60895.8832568405,10.7134775600884,0.154820851458673,index,0.2,2
2010,51690.878265033,39204.3812024274,68154.2933177333,10.8530366090504,0.141070359623986,index,0.2,2
2011,51895.1353355791,39665.3880806272,67895.5936602419,10.8569803332692,0.13711786836108,index,0.2,2
2012,54199.5579630017,41272.3972878748,71175.7076502024,10.9004280317303,0.139022362101617,index,0.2,2
2013,64101.9896258914,47121.3484957562,87201.7717058319,11.0682306818325,0.157017806456168,index,0.2,2
2014,60845.008589212,46253.6763174006,80039.3690831563,11.0160850669363,0.139894835503988,index,0.2,2
2015,55593.0287017519,42319.4144113805,73029.9528767274,10.9258130893155,0.139192282200694,index,0.2,2
2016,48543.1247383985,36841.8131912844,63960.8845290269,10.7902078517121,0.14072663922664,index,0.2,2
2017,77715.9759686953,59891.3972217372,100845.41688693,11.2608161261434,0.132924876891523,index,0.2,2
2018,71618.5063117273,55322.5456999721,92714.6497223737,11.1791087875925,0.131723331242017,index,0.2,2
2019,42953.1228274007,30053.597462043,61389.3482454446,10.667864633207,0.182210993340195,index,0.2,2
2021,57237.7507053121,43273.431325485,75708.3504925117,10.9549689370442,0.142693849907781,index,0.2,2
2022,55690.7200328794,42597.6264033513,72808.1951894051,10.927568805803,0.136744856254075,index,0.2,2
2023,59156.7072899352,45112.8648662321,77572.4624841224,10.9879452575668,0.138279337205961,index,0.2,2
2024,47303.9070556962,35328.6538038141,63338.3778266799,10.764348172669,0.14893056139347,index,0.2,2
2025,84159.6648523968,65556.6096343832,108041.724969757,11.3404710456965,0.127452203245514,index,0.2,2
2003,11808.9508965077,8377.6535235756,16645.6300542507,9.37661307345119,0.175151141047805,index,0.2,2
2004,13370.2914212523,9571.45763754424,18676.8514743257,9.50079046651157,0.170538684933275,index,0.2,2
2005,10344.3812417606,7633.39181408161,14018.1751285832,9.24419877609122,0.155059591099712,index,0.2,2
2006,10435.1525821802,7684.56482071503,14170.2766459649,9.25293544155871,0.156108181938853,index,0.2,2
2007,12296.5403895247,9325.84746860659,16213.5297687647,9.41707323265259,0.141088363408379,index,0.2,2
2008,10272.7690849533,7699.67429876352,13705.7465781014,9.23725189510452,0.147104022978722,index,0.2,2
2009,9157.13908483981,6613.81414331391,12678.4929848491,9.12228908190139,0.166009830699861,index,0.2,2
2010,10514.404061688,7773.99734636124,14220.8297542301,9.26050141146537,0.15406489291794,index,0.2,2
2011,10478.642072888,7900.22762246641,13898.5792484571,9.25709437628199,0.144108528268604,index,0.2,2
2012,10993.3437561049,8209.37455314135,14721.4146653407,9.30504525554432,0.148989083170154,index,0.2,2
2013,12935.6826785629,9421.84015770359,17760.0005476272,9.46774487085117,0.161716837161292,index,0.2,2
2014,12269.4581190402,9173.4310418075,16410.3923438028,9.41486837365233,0.148370950315344,index,0.2,2
2015,11221.6574465727,8410.65775641301,14972.1459956214,9.32560089067773,0.147117973502183,index,0.2,2
2016,9853.07331415974,7315.04824671194,13271.6901461101,9.19553869709046,0.151966970016461,index,0.2,2
2017,15691.921005516,11845.2394031772,20787.7930079916,9.66090127325585,0.14348220056985,index,0.2,2
2018,14402.4056083285,10884.9058904316,19056.5990551331,9.57515052774569,0.142869053781814,index,0.2,2
2019,8651.27994448245,5996.69963316427,12480.9727443879,9.06546255943977,0.186992223632112,index,0.2,2
2021,11636.2924319666,8641.93193200191,15668.1749668533,9.36188415095679,0.151789886579482,index,0.2,2
2022,11255.7233860827,8433.17664947036,15022.9639683838,9.32863202369506,0.147300266337336,index,0.2,2
2023,11948.313071714,8928.70368660314,15989.12790374,9.38834538184792,0.148634814051066,index,0.2,2
2024,9629.20679387993,6998.63277726333,13248.5338822936,9.17255613316295,0.162801992410666,index,0.2,2
2025,16843.7564785891,12908.3184359479,21979.0156028312,9.73173533172,0.135771938307682,index,0.2,2
2003,18030.7108674091,13012.0413984381,24985.052262678,9.79983174234244,0.166432279250478,index,0.2,2
2004,20073.9586964173,14723.0380161092,27369.610626867,9.90717866680549,0.158171227277062,index,0.2,2
2005,15411.379977701,11716.3062571509,20271.8013343259,9.64286147509649,0.139862073780446,index,0.2,2
2006,15524.6569241704,11808.1911158007,20410.8292497643,9.65018480827541,0.139612808420623,index,0.2,2
2007,18042.0692621139,13862.5412404991,23481.7164913405,9.80046149114691,0.134449350397721,index,0.2,2
2008,15162.5828148389,11604.4225197812,19811.7499793676,9.62658601505694,0.136453761918453,index,0.2,2
2009,14012.1815424167,10359.9664303578,18951.9177400328,9.5476823404436,0.154073272432704,index,0.2,2
2010,15796.2011894132,11969.7772172187,20845.8325905582,9.66752475905708,0.141525341601895,index,0.2,2
2011,15389.1215459357,11750.2644552731,20154.8707994656,9.64141614566748,0.137647998455448,index,0.2,2
2012,16319.5552474639,12453.1884365607,21386.3208472078,9.70011937615312,0.137955294004755,index,0.2,2
2013,18976.5031870431,14026.5436624398,25673.3006985998,9.85095681846965,0.154212032191143,index,0.2,2
2014,17976.0622362633,13685.0658066275,23612.5144071663,9.7967962760456,0.139153498771027,index,0.2,2
2015,16470.2738949701,12559.6216813693,21598.5743087891,9.70931245296481,0.138303630293473,index,0.2,2
2016,14661.1478349704,11221.0518618451,19155.8918437718,9.59295626944042,0.136435846801076,index,0.2,2
2017,23044.1757641234,17771.4349368171,29881.3257643968,10.0451683381502,0.132564002087158,index,0.2,2
2018,21011.1424010054,16253.8612749323,27160.8141307437,9.95280816651625,0.130983218105474,index,0.2,2
2019,12650.4457077149,8947.57742265834,17885.7101810129,9.44544772734642,0.17669183438162,index,0.2,2
2021,17428.5508858515,13184.4609795717,23038.8171690414,9.76586499597873,0.142385667065965,index,0.2,2
2022,16561.3576276874,12689.7045920542,21614.259377157,9.71482740692715,0.135860213446779,index,0.2,2
2023,17557.1383885602,13454.3274602738,22911.075213921,9.77321589198228,0.135798319021185,index,0.2,2
2024,14547.4219070833,10931.9872454215,19358.5557128527,9.58516906838329,0.145778539967736,index,0.2,2
2025,24426.5013729686,18951.3199633989,31483.504604216,10.1034239437207,0.129489665410786,index,0.2,2
2003,28137.7678563495,19834.9357962032,39916.1352510842,10.2448680047201,0.178405272458702,index,0.2,2
2004,32293.6887276295,23025.8227151922,45291.8596888588,10.3826270946891,0.172582509415898,index,0.2,2
2005,25190.2674443491,18545.7339940033,34215.3928295862,10.1342129863744,0.156236502594573,index,0.2,2
2006,25453.5356041216,18750.392973392,34553.0078046723,10.1446099358708,0.155941613479546,index,0.2,2
2007,30590.224666376602,22892.6910715495,40876.0089504,10.3284357815566,0.147891906395513,index,0.2,2
2008,25319.600110314,18908.5746457888,33904.3085877966,10.1393340827019,0.148963604371635,index,0.2,2
2009,21788.3898664584,15735.2905089684,30170.0138743678,9.98913253197568,0.166059816719889,index,0.2,2
2010,25380.2730139319,18883.6050922811,34112.038200006,10.1417274982606,0.150858960387653,index,0.2,2
2011,26027.371716755,19452.403164087398,34824.6986641106,10.1669040215789,0.148562997313876,index,0.2,2
2012,26886.6589594327,20014.4866481354,36118.4597291779,10.1993854931029,0.150601680791259,index,0.2,2
2013,32189.8037602855,23073.3598280241,44908.2176955945,10.3794050279799,0.169886311077102,index,0.2,2
2014,30599.4882339086,22755.8160475748,41146.7854292529,10.3287385634185,0.151106103788488,index,0.2,2
2015,27901.0973602089,20755.0022117614,37507.6439867934,10.2364212989431,0.150961310628458,index,0.2,2
2016,24028.9035892682,17783.2317785939,32468.1258666022,10.0870127009425,0.153574987061402,index,0.2,2
2017,38979.879199056,29401.7794101412,51678.198151807,10.5708008740074,0.143875295965626,index,0.2,2
2018,36204.9583023933,27387.8009957312,47860.6882634478,10.4969513581137,0.142399751328309,index,0.2,2
2019,21651.3971752032,14773.7781804613,31730.7457789217,9.98282526599978,0.195011809003442,index,0.2,2
2021,28172.9073874938,20820.1703537692,38122.2966564543,10.2461160641885,0.154308212916702,index,0.2,2
2022,27873.6390191092,20867.2888658579,37232.4242579879,10.2354366831439,0.147706080111303,index,0.2,2
2023,29651.2558296611,22094.0437570596,39793.3932757369,10.2972597586608,0.150102972838284,index,0.2,2
2024,23127.2783547333,16898.6422982806,31651.714655901,10.0487680809754,0.160094533953885,index,0.2,2
2025,42889.4070008387,32725.4727717742,56210.0735935027,10.6663801513682,0.137998002014553,index,0.2,2
2003,52546.7862746915,38281.0222930711,72128.8142897344,10.869459218863,0.161609943080887,index,0.2,2
2004,58946.9641031689,43478.9406212083,79917.8758114764,10.9843934051172,0.155289296802022,index,0.2,2
2005,45421.3256259555,34658.8758660354,59525.7858216011,10.723737001186,0.137975939228424,index,0.2,2
2006,45786.4931219556,34868.7684616198,60122.6554563981,10.7317444166068,0.138980918884945,index,0.2,2
2007,53584.6441007429,41531.8192202666,69135.2831951589,10.8890178153548,0.130003753503939,index,0.2,2
2008,44894.5279682629,34616.4394878634,58224.3197541962,10.7120711947725,0.132648976669362,index,0.2,2
2009,40796.9526391394,30375.6915169833,54793.5293492694,10.6163626673856,0.150494969977685,index,0.2,2
2010,46371.6716946396,35503.1911013023,60567.2861805531,10.7444440279464,0.136260751958604,index,0.2,2
2011,45683.0380923741,35222.0898214185,59250.8843152242,10.7294823502701,0.132682863470253,index,0.2,2
2012,48182.026050723,37061.096411696,62640.0149786155,10.7827413269809,0.133889318822119,index,0.2,2
2013,56365.1347196364,41940.8976306902,75750.129144541,10.939606067605,0.150813669524091,index,0.2,2
2014,53429.9006386755,41021.5752792808,69591.5323295888,10.8861258052959,0.134835320331687,index,0.2,2
2015,48908.1181043718,37619.6965918908,63583.8199988779,10.7976986760884,0.133887989988849,index,0.2,2
2016,43236.2357596865,33136.9427975435,56413.5350110142,10.6744342133773,0.13573217665265,index,0.2,2
2017,68409.239687868,53228.1292656687,87920.1305631942,11.1332631776437,0.128023217995135,index,0.2,2
2018,62595.4663816649,48792.6122339114,80302.9850657383,11.0444481324475,0.12710128486083,index,0.2,2
2019,37639.8576310673,26673.6961229729,53114.4568774937,10.5358188113082,0.17571017588224,index,0.2,2
2021,51236.4738341581,39150.99796177,67052.6011500851,10.8442069369791,0.13726055544132,index,0.2,2
2022,49114.9703584565,37920.1684550898,63614.7045646436,10.8019191625957,0.131982406766669,index,0.2,2
2023,52103.9189872926,40122.9379075851,67662.5021848443,10.860995445398,0.133314683360815,index,0.2,2
2024,42596.2248734616,32089.9048108426,56542.3420283081,10.6595209103368,0.144504768857861,index,0.2,2
2025,73016.4561657043,57419.9138823191,92849.370723976,11.1984401216532,0.122601062907321,index,0.2,2
2003,5430.64334557489,2972.43865424641,9921.78160000207,8.59981288575785,0.307492841666341,index,0.2,2
2004,6790.97474212983,3831.21673399038,12037.2563470749,8.82334976579158,0.292052330281705,index,0.2,2
2005,5524.70303785509,3248.87623659048,9394.73880621466,8.61698477613693,0.270882698943011,index,0.2,2
2006,5626.85198851675,3354.94518512045,9437.25204247659,8.63530541528721,0.263838880897292,index,0.2,2
2007,7344.19021727231,4529.75582985663,11907.2930138898,8.9016648330096,0.246556324754367,index,0.2,2
2008,5860.42404184324,3580.295823462,9592.66263004056,8.67597724204234,0.25142121880629,index,0.2,2
2009,4160.75785457542,2366.02916870471,7316.86073586679,8.3334525132438,0.288007404705637,index,0.2,2
2010,5319.20657039362,3142.28669376695,9004.2575028697,8.57907943030962,0.268562776754804,index,0.2,2
2011,6212.09724320488,3845.24478524248,10035.8115839952,8.7342538382357,0.244729647505698,index,0.2,2
2012,6017.53191227827,3613.25785821681,10021.6180898747,8.70243247288841,0.26024323852467,index,0.2,2
2013,7736.854906255,4536.61865151808,13194.612207577,8.95375054114303,0.272358738337532,index,0.2,2
2014,7415.10795053692,4558.70307382464,12061.2869554554,8.91127481286618,0.248209338683379,index,0.2,2
2015,6684.91059738022,4080.72726721416,10950.9964201734,8.80760811583109,0.251829939959581,index,0.2,2
2016,5306.88897871191,3170.87309256401,8881.80315333935,8.57676106282613,0.262759323343374,index,0.2,2
2017,9306.73628082738,5755.59619516303,15048.8910729456,9.13849374821182,0.245191156664293,index,0.2,2
2018,9023.03993006239,5690.17614756945,14308.0367756764,9.10753657734904,0.235228859790734,index,0.2,2
2019,5313.26519633347,2981.21471226623,9469.55847574909,8.57796183981723,0.294839969695997,index,0.2,2
2021,6001.276871154,3521.54795103644,10227.1286902818,8.69972753742796,0.271980307234734,index,0.2,2
2022,6575.74967442283,4042.00130732646,10697.7906469983,8.79114386946993,0.248294689039947,index,0.2,2
2023,7052.78830264261,4315.92905225668,11525.1715771101,8.86117832153619,0.250571152060182,index,0.2,2
2024,4707.68218223469,2753.4044684304,8049.0432056151,8.45695096020407,0.273656838049038,index,0.2,2
2025,11143.2086866923,7152.32606923426,17360.9394528722,9.31858550492448,0.22622487008533,index,0.2,2
2003,34745.1027692479,25233.8365099516,47841.4039803066,10.4557939135581,0.163193214045366,index,0.2,2
2004,39063.9167535705,28648.790562162,53265.410587536,10.5729544747125,0.158211053948818,index,0.2,2
2005,30130.8573936091,22888.5394224025,39664.7663059454,10.313305088195,0.140264559960222,index,0.2,2
2006,30378.6766388795,23054.8184071629,40029.1157375968,10.3214962149271,0.140750620419017,index,0.2,2
2007,35616.8436409679,27530.4558770556,46078.4070053266,10.4805739409288,0.131393120321498,index,0.2,2
2008,29817.5247758295,22888.1571969257,38844.7517249935,10.3028515793682,0.134939559427837,index,0.2,2
2009,26967.9736060559,19970.3917657,36417.4929039722,10.2024052782,0.153267731774911,index,0.2,2
2010,30727.7674642592,23365.0993692167,40410.5147775043,10.332922002445,0.139759350973431,index,0.2,2
2011,30361.0653370228,23310.7124123962,39543.8059588763,10.3209163210462,0.134822899321315,index,0.2,2
2012,31977.1139919444,24477.4319674175,41774.6363513512,10.3727757381614,0.136364194667752,index,0.2,2
2013,37465.855747121,27769.5341020033,50547.8536913163,10.5311852837793,0.152804073445714,index,0.2,2
2014,35520.7882981595,27131.8742506864,46503.4737248476,10.4778733899387,0.137456047525276,index,0.2,2
2015,32507.0567811561,24891.3551992834,42452.8408402501,10.389212476476,0.136194663351803,index,0.2,2
2016,28685.9906605724,21916.3429465041,37546.6866067501,10.2641641522797,0.137337350911456,index,0.2,2
2017,45465.2829772793,35160.2454977686,58790.600774823,10.7247043022093,0.131141679214055,index,0.2,2
2018,41637.5954998699,32294.0206365837,53684.5312177329,10.6367587761017,0.129656159828749,index,0.2,2
2019,25029.7875996361,17697.9215085205,35399.0872307395,10.1278218985583,0.176849890366806,index,0.2,2
2021,33964.8849190249,25797.4333770772,44718.1465962297,10.4330824733972,0.140335328156202,index,0.2,2
2022,32633.9496284304,25083.056379967,42457.9306531994,10.3931084251195,0.134268065456002,index,0.2,2
2023,34625.9155912995,26569.8514282755,45124.6042444886,10.45235768621,0.135117400763659,index,0.2,2
2024,28205.2919098629,21133.6702978339,37643.1770018724,10.2472648956991,0.147269083336883,index,0.2,2
2025,48608.2788994615,38025.4116546907,62136.4680815066,10.7915491431066,0.12527740411488,index,0.2,2
2003,23232.3268510184,16239.0329412918,33237.2631340705,10.053299986526,0.182721175163554,index,0.2,2
2004,26674.0220917284,18927.6563350816,37590.6790547161,10.1914454153941,0.175036882553647,index,0.2,2
2005,20815.1712702015,15221.2975758475,28464.8107593218,9.94343738780572,0.159689926875147,index,0.2,2
2006,21034.6684715927,15399.9004732944,28731.1777421611,9.9539272351014,0.159090122039576,index,0.2,2
2007,25311.9906770475,18806.2980249512,34068.2079580413,10.1390335022459,0.151577483333586,index,0.2,2
2008,20937.4272342767,15535.069020006,28218.4687191343,9.94929361318355,0.152267261464495,index,0.2,2
2009,17989.7368876589,12946.6634388933,24997.2230153888,9.79755670136008,0.167841511135337,index,0.2,2
2010,20963.1108007738,15491.9780603415,28366.423753884,9.95051954348986,0.154309937036915,index,0.2,2
2011,21534.0699985558,16001.3851257877,28979.7518813156,9.97739161097667,0.151513520392418,index,0.2,2
2012,22222.4439710571,16429.5747365108,30057.8087970432,10.0088580468417,0.154094525144677,index,0.2,2
2013,26636.1338787705,18975.0182728381,37390.4055219478,10.1900239894519,0.173036559277769,index,0.2,2
2014,25324.2202910525,18713.9962893701,34269.3310094343,10.1395165405305,0.154334240507274,index,0.2,2
2015,23085.9719205954,17055.1040483276,31249.419411826,10.0469804358783,0.154480206105988,index,0.2,2
2016,19857.1340778261,14609.4704651743,26989.7375626788,9.89631862093355,0.156581122893012,index,0.2,2
2017,32250.692991416,24175.9901856392,43022.3205105537,10.381294810099,0.147033075002581,index,0.2,2
2018,29980.9108118575,22518.3072076068,39916.6333784147,10.3083161518441,0.14603954107048,index,0.2,2
2019,17923.3352277645,12142.6818437097,26455.9303967304,9.79385878683197,0.198665302011045,index,0.2,2
2021,23272.865786287,17101.3517798728,31671.5478915524,10.0550434024001,0.157212384518151,index,0.2,2
2022,23056.770404449,17135.5095942217,31024.1524222158,10.0457147321696,0.151434700169961,index,0.2,2
2023,24530.7916986358,18145.3825904567,33163.2435062761,10.1076844114417,0.153835993529737,index,0.2,2
2024,19098.6151458338,13903.1342939748,26235.6021869648,9.85737110595234,0.161993549872131,index,0.2,2
2025,35551.3859529348,26907.4856635779,46972.0976153989,10.4787344204893,0.14213251791987,index,0.2,2
2003,45784.1747675707,33255.8937465513,63032.1552962273,10.731693781301,0.163118556213958,index,0.2,2
2004,51460.1486710582,37890.2361143566,69889.9551128434,10.8485629748922,0.156183604259593,index,0.2,2
2005,39686.5000719083,30207.6964257224,52139.6357325818,10.5887663602791,0.139244569289735,index,0.2,2
2006,40011.7632626447,30397.9507379895,52666.0896711421,10.5969287714287,0.140205788682164,index,0.2,2
2007,46895.4662722125,36280.4737437767,60616.2083885537,10.7556762817918,0.130941854893837,index,0.2,2
2008,39265.772302546,30221.1803244992,51017.2289090081,10.5781084845967,0.133579083019486,index,0.2,2
2009,35537.4349794986,26358.7545050786,47912.3277497336,10.4783419263269,0.152444733990766,index,0.2,2
2010,40479.1389111246,30895.2110257304,53036.0736368326,10.6085420317767,0.137852310562458,index,0.2,2
2011,39976.4000043895,30747.0370562719,51976.1482833665,10.5960445590874,0.133928811171725,index,0.2,2
2012,42115.1460092036,32310.5071837981,54895.0071655309,10.6481627176603,0.135214199664121,index,0.2,2
2013,49329.751521093,36688.3483917528,66326.8991874212,10.8062826571402,0.151057957367905,index,0.2,2
2014,46767.0334532998,35860.9626708285,60989.8690701135,10.752933820299,0.135476585457757,index,0.2,2
2015,42801.3046072174,32839.7106846396,55784.6472422392,10.6643238625824,0.13517090670599,index,0.2,2
2016,37782.4565528163,28913.3286412651,49372.178515901,10.5396001615148,0.136503628221938,index,0.2,2
2017,59864.0262975368,46441.0375589033,77166.7006794756,10.9998310410481,0.129539249478834,index,0.2,2
2018,54813.157094839,42681.351884912,70393.3230326191,10.9116855370899,0.127639160334039,index,0.2,2
2019,32952.5426896907,23323.3692051373,46557.1701997801,10.4028237050775,0.176336198374466,index,0.2,2
2021,44741.0449842859,34085.4663491699,58727.701882672,10.7086465915949,0.138788379832535,index,0.2,2
2022,42971.2557314953,33117.4541229592,55756.9676789083,10.6682866997885,0.132895790211732,index,0.2,2
2023,45592.6062930174,35043.3295063699,59317.5870521162,10.7275008396589,0.134267915655368,index,0.2,2
2024,37159.8390812927,27904.3476276385,49485.2507922412,10.5229838624903,0.146148643614255,index,0.2,2
2025,63975.4150723116,50254.2311386626,81442.9679041644,11.0662541490462,0.123167633083763,index,0.2,2
2003,12193.2548526957,8136.30218195234,18273.1000616686,9.40863819689975,0.206405383828913,index,0.2,2
2004,14277.7901742405,9586.92076385286,21263.8966442977,9.56646047421556,0.203220798581994,index,0.2,2
2005,11259.5285919023,7808.35744824741,16236.0630839613,9.32897003508925,0.186748394963629,index,0.2,2
2006,11401.5818478274,7950.01860884137,16351.6684713337,9.34150738333786,0.183971663664051,index,0.2,2
2007,14033.3680458027,9915.86122356798,19860.6469240292,9.54919320457194,0.177198310508345,index,0.2,2
2008,11489.1797075603,8095.74695701361,16305.0118850686,9.34916097643704,0.178608812952235,index,0.2,2
2009,9420.27551421629,6491.98694357367,13669.4037642185,9.15061961493636,0.189950274799316,index,0.2,2
2010,11211.7393539088,7868.40842711808,15975.6703664184,9.3247166649496,0.180669430498674,index,0.2,2
2011,11918.7353311892,8441.18161026909,16828.9533922738,9.38586683861398,0.176018162745716,index,0.2,2
2012,12084.411953798,8485.86620758442,17208.9694436351,9.39967163277272,0.180367790518266,index,0.2,2
2013,14772.2381047983,9939.67016516313,21954.3521061368,9.60050489449935,0.202154621770475,index,0.2,2
2014,14077.9751359124,9860.1015155033,20100.1362527301,9.55236680800033,0.181694698257544,index,0.2,2
2015,12791.7240945343,8979.9317108927,18221.542276564,9.4565536856863,0.180516648156497,index,0.2,2
2016,10760.668185582,7517.9555843839,15402.0569156748,9.28365293081949,0.182964287836214,index,0.2,2
2017,17851.9496711584,12715.5893626838,25063.1015182694,9.78986800651812,0.173107251280115,index,0.2,2
2018,16805.3492168886,11970.3746257423,23593.2267060577,9.72945252047817,0.173096254848282,index,0.2,2
2019,10000.58013771,6431.6066353161395,15550.0186441119,9.21039838406445,0.225217777470569,index,0.2,2
2021,12496.7057210262,8710.52367629428,17928.618264702,9.43322034623911,0.184152952542472,index,0.2,2
2022,12719.4643013841,8977.8752150671,18020.3854741341,9.4508887213362,0.177743164571703,index,0.2,2
2023,13564.100996918,9537.11590489474,19291.4543232264,9.51518194917166,0.179715315823757,index,0.2,2
2024,10144.0679744038,7050.67633156615,14594.6445745395,9.22464437760131,0.185598080225033,index,0.2,2
2025,20184.2497800849,14494.4258948299,28107.6285560353,9.91265786539716,0.168951284082464,index,0.2,2
2003,41468.4201836586,30255.3554652984,56837.2060444243,10.6326874571123,0.160849368475456,index,0.2,3
2004,63753.3500732216,45583.8772367692,89165.0708966067,11.0627770118081,0.171160108472031,index,0.2,3
2005,63829.9358308979,48672.3946010214,83707.8336000145,11.063977572937,0.138324108349774,index,0.2,3
2006,66843.2442979002,51027.2282235539,87561.4738212717,11.1101055198004,0.137752971969918,index,0.2,3
2007,57828.3856914441,44173.6856219383,75703.9433000721,10.9652350360375,0.137426246250537,index,0.2,3
2008,64569.2712372221,50407.3001748365,82710.0593296053,11.0754938991579,0.12633018402464,index,0.2,3
2009,44378.9931883968,32688.6633990764,60250.0938129949,10.7005215100733,0.155991590025233,index,0.2,3
2010,68374.7946986523,53020.5628171818,88175.4606453903,11.1327595371407,0.129759752818763,index,0.2,3
2011,55842.7366765305,43102.4488185275,72348.8183386901,10.9302947454855,0.132124700206308,index,0.2,3
2012,54677.9341110527,42304.0057503671,70671.2384707606,10.9092155086877,0.130909777715579,index,0.2,3
2013,78836.1855124329,57737.7890478666,107644.304512564,11.2751273774533,0.158911193747554,index,0.2,3
2014,59877.7834813173,46049.4836652293,77858.6135883803,11.0000608218384,0.133976437715445,index,0.2,3
2015,49258.4228798179,38380.5293549351,63219.3527652576,10.8048356549179,0.127313611347598,index,0.2,3
2016,46085.5896892615,35458.9278279644,59896.9485854558,10.7382555920335,0.133739829419323,index,0.2,3
2017,56722.4801289234,43860.6001941943,73356.0356614087,10.9459258860773,0.131203523079678,index,0.2,3
2018,85025.0098554466,66572.6351453116,108591.95050848,11.3507007257877,0.124824659702372,index,0.2,3
2019,55957.6420108096,39375.1016537721,79523.7997591293,10.9323502908439,0.179320301703751,index,0.2,3
2021,52333.2589406483,40914.8401932345,66938.3035205356,10.865387374145,0.125583561206296,index,0.2,3
2022,79818.2035761684,60771.1542450906,104835.027428187,11.2875068724132,0.139102736554641,index,0.2,3
2023,65194.0720135486,50733.8208808542,83775.8117152124,11.0851238237437,0.127949176629072,index,0.2,3
2024,53190.9200746499,41030.1128518218,68956.0369625493,10.8816429854745,0.132441948739208,index,0.2,3
2025,71499.5327199575,56268.0174209083,90854.1550510125,11.1774461932755,0.122229090269866,index,0.2,3
2003,8552.72055597885,5874.01908661362,12452.9777363787,9.05400470499967,0.191692473367655,index,0.2,3
2004,13018.2198206929,8780.62312212703,19300.9134935776,9.47410517989335,0.200923347703963,index,0.2,3
2005,13138.3278669887,9367.73869111725,18426.609113699,9.48328902876508,0.172585833372233,index,0.2,3
2006,13923.1950279163,10028.2343439006,19330.9562917522,9.54131143541847,0.167427366035685,index,0.2,3
2007,11899.6414688139,8632.35937124901,16403.5648884052,9.38426354997464,0.163773627470756,index,0.2,3
2008,13406.7679576494,9990.61626066903,17991.0250159302,9.50351492989972,0.150060600462559,index,0.2,3
2009,9552.95249632717,6763.54885892689,13492.7540704663,9.16460554761315,0.176178001188789,index,0.2,3
2010,14034.3899415896,10261.1759539786,19195.0807505861,9.54926602091786,0.15976992221972,index,0.2,3
2011,11313.6565225182,8367.5645654868,15297.0225574915,9.33376581681739,0.153904699228728,index,0.2,3
2012,11415.3559482233,8407.97558800456,15498.4217140863,9.34271474097649,0.156012423830555,index,0.2,3
2013,16099.8939673469,11257.5734166983,23025.0850840851,9.68656796507179,0.182539880405136,index,0.2,3
2014,12134.322115096,8751.70289644231,16824.356920613,9.40379325463877,0.166732491037538,index,0.2,3
2015,10472.2025524372,7880.16911818797,13916.8366382077,9.25647964969041,0.145091954552695,index,0.2,3
2016,9947.5646027806,7265.18721743179,13620.301661197,9.20508303665352,0.16032625787134,index,0.2,3
2017,11427.1972733716,8204.62686287892,15915.5120283838,9.34375151879148,0.169032694331034,index,0.2,3
2018,17477.6293317955,12812.3596554205,23841.6291202382,9.76867701826124,0.158427113259741,index,0.2,3
2019,11350.770238206,7583.81730682969,16988.8038949085,9.337040883004,0.205753234156119,index,0.2,3
2021,10595.1231923576,7820.07484835362,14354.9310765059,9.26814909803995,0.154951670306816,index,0.2,3
2022,16121.8469799789,11333.5321587405,22933.1815011797,9.68793058641895,0.17980408364854,index,0.2,3
2023,13955.5059580529,10462.7601307119,18614.2226441351,9.54362940171253,0.146967916933941,index,0.2,3
2024,11829.3107440173,8779.64296750318,15938.3010444124,9.37833569187838,0.152117422932894,index,0.2,3
2025,14767.5782596212,11011.6590232578,19804.5877731435,9.6001893986169,0.149737188670483,index,0.2,3
2003,13445.872109723,9784.33749955534,18477.641107458,9.5064274315843,0.162191378143229,index,0.2,3
2004,19972.391265073,14100.8546728414,28288.8110047294,9.90210616210921,0.177613198625447,index,0.2,3
2005,19863.7594818355,15014.3316610674,26279.4874696513,9.89665221887041,0.142804537771518,index,0.2,3
2006,20201.4155862966,15235.5841138857,26785.7923030552,9.91350795946345,0.143940873782535,index,0.2,3
2007,17656.6990080482,13195.8346842639,23625.5627112839,9.77887053754983,0.148581318479606,index,0.2,3
2008,19402.1987516769,14881.5800413604,25296.0583051878,9.87314167634449,0.135340337940776,index,0.2,3
2009,14000.2927056835,10111.1143868812,19385.4196822389,9.54683351592766,0.166045389790189,index,0.2,3
2010,20656.3383554132,15688.9047970549,27196.5646915909,9.93577749344283,0.140343626174464,index,0.2,3
2011,16925.7381536104,12792.9850491825,22393.5704562469,9.73659071004129,0.142828366033656,index,0.2,3
2012,16876.7355585795,12797.5591544675,22256.1349141951,9.73369135836807,0.141166684634956,index,0.2,3
2013,23429.7444040858,17005.6516273343,32280.6167543983,10.0617616225258,0.163503313630915,index,0.2,3
2014,18608.3263460188,14185.3144905239,24410.4429007376,9.83136441254634,0.138472899017663,index,0.2,3
2015,14591.9619693844,11087.4149837871,19204.2378162372,9.58822610604594,0.140135303187771,index,0.2,3
2016,13945.1142436176,10500.6509837091,18519.4433725343,9.54288449247103,0.144743455510651,index,0.2,3
2017,17086.8044703449,12982.4403439926,22488.7524434416,9.74606177620055,0.140160124251707,index,0.2,3
2018,25197.761615555,19268.9453334608,32950.8013773736,10.1345104447748,0.136870074138589,index,0.2,3
2019,17758.6952353157,12476.5848601467,25277.0497693002,9.7846305473674,0.180116366782248,index,0.2,3
2021,16086.0209933338,12359.6645270943,20935.8490945068,9.68570591253178,0.134447533621967,index,0.2,3
2022,24224.2836646891,18095.7491125599,32428.3849989954,10.0951108662367,0.148818312237408,index,0.2,3
2023,19800.8348124895,15138.1494806822,25899.6688975638,9.89347937804077,0.136995418183825,index,0.2,3
2024,16488.853543988,12600.967077092,21576.3035909645,9.71043988881822,0.137202034728659,index,0.2,3
2025,21577.9204645403,16699.8575127151,27880.8757032518,9.97942587015307,0.130752608710569,index,0.2,3
2003,19469.8275179569,13787.2158098029,27494.614489857,9.87662123946501,0.176087005169972,index,0.2,3
2004,30762.738987456,21615.5991971602,43780.7021391604,10.3340594634609,0.180048688735402,index,0.2,3
2005,30827.8484820738,22973.0040604725,41368.3922020842,10.3361737319407,0.150053095474526,index,0.2,3
2006,32718.6336836875,24421.6802822115,43834.3708441338,10.3957000320113,0.149223904824454,index,0.2,3
2007,28272.0452145824,21151.7359792969,37789.2642664294,10.2496287938289,0.148039216848955,index,0.2,3
2008,31760.3045278957,24150.3641866461,41768.1876724014,10.3659725037249,0.139756529572048,index,0.2,3
2009,20825.7479863861,14911.423760393,29085.8730971398,9.94394538410364,0.170443178159121,index,0.2,3
2010,33684.0664016497,25617.0425390549,44291.4644663195,10.4247801974592,0.139679640271573,index,0.2,3
2011,27603.3420004022,20764.5416368666,36694.5007944873,10.2256921313459,0.145252694234612,index,0.2,3
2012,26385.8426042496,19885.0423553622,35011.8786520209,10.1805828803024,0.14431887263148999,index,0.2,3
2013,39306.5471410008,28109.2394757012,54964.2991758381,10.5791463779007,0.171070883089863,index,0.2,3
2014,29135.1350202028,21835.3316600767,38875.3468855011,10.2797001138621,0.147153448203316,index,0.2,3
2015,24194.2583579964,18329.5338366787,31935.4623368614,10.0938706260606,0.141636131813726,index,0.2,3
2016,22192.910842863,16660.8847085496,29561.7729967561,10.0075281854607,0.146282875428756,index,0.2,3
2017,28208.4783852072,21436.0667603686,37120.5343640671,10.2473778636972,0.140077940640063,index,0.2,3
2018,42349.6189080958,32608.6529030539,55000.4389016935,10.6537147014115,0.133360482572022,index,0.2,3
2019,26848.1765372879,18364.1620979185,39251.7001066484,10.1979531846806,0.193777464997674,index,0.2,3
2021,25652.1147549569,19553.3163573534,33653.1654976273,10.1523812937874,0.13851331466006,index,0.2,3
2022,39472.0729315011,29743.6488217271,52382.4279545562,10.5833486864443,0.144379073022635,index,0.2,3
2023,31437.7312430063,23619.9584686759,41843.0433321121,10.3557640824574,0.145878573930251,index,0.2,3
2024,24872.7557866444,18261.2592583968,33877.9473895038,10.1215283383244,0.157651480495653,index,0.2,3
2025,35154.0339957958,26910.0451616547,45923.5983720503,10.4674946558258,0.136349308439422,index,0.2,3
2003,38224.6263772962,28099.6836057385,51997.8118680843,10.5512352564472,0.157003732312591,index,0.2,3
2004,58192.956944607,41990.419845531,80647.4488803497,10.9715196116992,0.166494303947479,index,0.2,3
2005,58194.5986174929,44738.0977081422,75698.5987724453,10.9715478221531,0.134169356633003,index,0.2,3
2006,60124.859883128804,46248.2565342118,78165.0822510835,11.0041786769792,0.133879822984777,index,0.2,3
2007,52346.7950609715,40297.9229120931,67998.2181496766,10.8656459930487,0.133467139778288,index,0.2,3
2008,57826.8641959844,45507.3967293319,73481.3780412422,10.9652087251616,0.12223620936144,index,0.2,3
2009,41020.9862611816,30390.3142851784,55370.3162806948,10.6218390747596,0.153043550564278,index,0.2,3
2010,61398.6015623571,47915.5730878645,78675.6378119547,11.0251423380185,0.126505636204204,index,0.2,3
2011,50090.7684895754,38964.1650072472,64394.683869385,10.8215920084096,0.128162738522193,index,0.2,3
2012,49255.0318183604,38344.5036156989,63270.0369195659,10.8047668102821,0.127757620730716,index,0.2,3
2013,69935.9668485945,51817.6320256403,94389.4822640204,11.1553353430781,0.152987293908809,index,0.2,3
2014,54084.8118954339,41872.3623013825,69859.1318232812,10.898308684115,0.130577606939729,index,0.2,3
2015,44159.8948387326,34699.0347409008,56200.3043234308,10.6955722995789,0.123015092725037,index,0.2,3
2016,41647.3856465741,32270.3512278003,53749.1742482252,10.6369938760348,0.130150201241177,index,0.2,3
2017,51089.0674528009,39763.7569126332,65639.995207988,10.8413258091303,0.127866973600591,index,0.2,3
2018,75653.6103119175,59610.2190909967,96014.8920857081,11.233920441963,0.121603327524887,index,0.2,3
2019,50843.6360511876,36193.3426685993,71424.0558153361,10.8365102422422,0.173411230106298,index,0.2,3
2021,47088.6388509034,37074.6684812053,59807.4102794709,10.7597870375513,0.121990921421598,index,0.2,3
2022,71715.705951399,54965.4250629812,93570.5031702081,11.1804650535256,0.135719546023154,index,0.2,3
2023,58257.2336932845,45716.1043201991,74238.7245821032,10.9726235472935,0.12368474230751,index,0.2,3
2024,48323.5936070033,37580.2882250154,62138.1529889491,10.7856752008492,0.128288203383298,index,0.2,3
2025,63336.3535156172,50080.334506725,80101.1757642426,11.0562147484262,0.119813968562419,index,0.2,3
2003,3243.79380636257,1830.03803412093,5749.7156135613,8.08449885167467,0.292049663615052,index,0.2,3
2004,5560.39312861467,3075.39507564487,10053.3333065386,8.62342409133041,0.302166490879215,index,0.2,3
2005,5635.33721340477,3342.77069541519,9500.21057452169,8.63681226734616,0.266462536993251,index,0.2,3
2006,6718.38441477127,4081.35992909743,11059.2277889647,8.81260299014444,0.254299296446189,index,0.2,3
2007,5481.59063047291,3297.380814494,9112.63743271925,8.60915059885968,0.259324591233585,index,0.2,3
2008,6742.40704123768,4195.87133188486,10834.4725359607,8.81617226793148,0.242002387338014,index,0.2,3
2009,3358.00692721509,1947.76440968796,5789.3092548246,8.11910290053443,0.277895597841193,index,0.2,3
2010,6976.19313629531,4357.19525758506,11169.4032050028,8.85025865102772,0.240144622524429,index,0.2,3
2011,5751.96818695523,3539.54855765107,9347.2762090601609,8.6572973686059,0.247730519809237,index,0.2,3
2012,5422.90229269223,3373.98843605555,8716.05514761831,8.59838642947282,0.242114445717003,index,0.2,3
2013,8900.21866383847,5142.32280780053,15404.3017571703,9.09383112438903,0.2798882858125,index,0.2,3
2014,5792.97158588361,3553.87500301499,9442.79688125916,8.6644006661793,0.249293779236011,index,0.2,3
2015,5098.52804108532,3147.71246067662,8258.37445779453,8.53670715765879,0.246063650360998,index,0.2,3
2016,4438.20404268747,2705.74514582632,7279.93734181196,8.39800507870594,0.252490586284893,index,0.2,3
2017,5633.41267612239,3490.81192296926,9091.10518692812,8.63647069666264,0.244178500020235,index,0.2,3
2018,9371.39954352934,5936.70595608612,14793.2422548953,9.14541772838282,0.232916536372997,index,0.2,3
2019,5114.00595962185,2736.35147307937,9557.63804918533,8.53973832120474,0.319065856955953,index,0.2,3
2021,5244.62008974458,3266.03986657968,8421.83225232882,8.56495808536518,0.241649647186898,index,0.2,3
2022,8102.49762476958,4965.36012408482,13221.6931136484,8.99992764186781,0.249844660073708,index,0.2,3
2023,6936.8383202642,4299.11289615013,11192.9430661328,8.84460137624678,0.244105199301268,index,0.2,3
2024,4867.32646764657,2946.69798697326,8039.8015159291,8.4903000853826,0.256055516004779,index,0.2,3
2025,8163.17920434054,5332.16690594373,12497.2634761109,9.00738898045558,0.217287664628553,index,0.2,3
2003,25186.9096380214,18422.974136017,34434.2022319644,10.1340796797254,0.159556973032144,index,0.2,3
2004,38007.4639262206,27041.6106664145,53420.1653859731,10.5455378385319,0.173679591445772,index,0.2,3
2005,38079.2464195739,29005.5387832478,49991.4522780766,10.5474246993075,0.138871233449613,index,0.2,3
2006,39499.8270284802,30119.2597715853,51801.94822556,10.5840515718538,0.13833492266042,index,0.2,3
2007,34210.6131369892,26060.3511387423,44909.8342910979,10.4402912005526,0.138839732703851,index,0.2,3
2008,37821.2848604991,29438.4128679806,48591.2605042265,10.5406273146787,0.127845029806656,index,0.2,3
2009,27027.8962449193,19914.8875438452,36681.4612343562,10.2046248058649,0.155820188269145,index,0.2,3
2010,39979.222995859,30734.5890583743,52004.5434255488,10.5961151730446,0.134171442100288,index,0.2,3
2011,32718.7172856753,25219.1620684052,42448.4547867314,10.3957025871877,0.132830605643323,index,0.2,3
2012,32579.9030229119,25187.9030421646,42141.2643682752,10.3914509055682,0.131294139771411,index,0.2,3
2013,45732.2469292287,33566.7025407519,62306.936663106,10.7305589501319,0.157793252218916,index,0.2,3
2014,35695.3594865997,27476.6936375752,46372.3439830158,10.482775972949,0.133513959838687,index,0.2,3
2015,28894.9711497809,22500.319190127,37107.0006025972,10.2714228503012,0.127623812454956,index,0.2,3
2016,27666.3445650651,21255.2636829154,36011.1562487059,10.2279719558163,0.13449844563007,index,0.2,3
2017,33005.3692924319,25257.4372115544,43130.0449449981,10.4044255330447,0.136507405640637,index,0.2,3
2018,49325.1214756283,38252.6114611483,63602.6539274725,10.8061887936476,0.129707323825667,index,0.2,3
2019,33672.2189460923,23800.3980541124,47638.628823591,10.4244284127485,0.177029185741638,index,0.2,3
2021,30898.4327960093,24099.6747175281,39615.1881898692,10.3384607430239,0.126791677191212,index,0.2,3
2022,46658.7364445108,35050.1496482174,62112.0796472557,10.7506154651511,0.145962020419803,index,0.2,3
2023,38921.9635022445,30443.636480495,49761.4417331729,10.5693139847254,0.125350117626282,index,0.2,3
2024,32352.1142154206,25169.6528821787,41584.1767507531,10.3844346522115,0.128084167409143,index,0.2,3
2025,42264.7417599307,33250.5662509345,53722.6458807576,10.6517084893226,0.122390725121727,index,0.2,3
2003,16281.5105456372,11441.3685298749,23169.220094215,9.69778542061079,0.180000519844848,index,0.2,3
2004,25745.8861470012,18003.5488673647,36817.7773381064,10.1560301320472,0.182506392018285,index,0.2,3
2005,25750.689411324,19002.9180612772,34894.5358297202,10.1562166789888,0.155037976645049,index,0.2,3
2006,27343.4172694199,20211.5070326752,36991.920828115,10.2162310940333,0.15419860779937,index,0.2,3
2007,23617.7725544553,17503.9030802759,31867.1314549572,10.0697547819368,0.152847509493955,index,0.2,3
2008,26747.986376723,20240.354953864,35347.936181958,10.1942144738543,0.14223772250888,index,0.2,3
2009,17351.0969434775,12335.4080572412,24406.2104589418,9.76141100778435,0.174075595678006,index,0.2,3
2010,28395.5717027936,21507.4444288504,37489.7396571627,10.2539884860336,0.141754686073965,index,0.2,3
2011,23124.0193908552,17275.5532793975,30952.4253226867,10.0486271567617,0.148767774912066,index,0.2,3
2012,22098.0310881406,16492.2738682657,29609.1965166826,10.0032437925026,0.149286668017131,index,0.2,3
2013,33103.9385832044,23449.3046374857,46733.613924258,10.4074075447155,0.175927428762077,index,0.2,3
2014,24182.423994718,17922.4607065865,32628.8694300445,10.0933813670648,0.152845346195193,index,0.2,3
2015,20363.451730037,15335.737830645,27039.4663067939,9.92149699116916,0.144673985774649,index,0.2,3
2016,18419.2451241962,13678.1384845419,24803.7107775042,9.82115132765555,0.15183810711673,index,0.2,3
2017,23717.1108364915,17912.0986656807,31403.4305487702,10.073952042847,0.143227313584053,index,0.2,3
2018,35699.8883798181,27284.4719629579,46710.8922636192,10.4829028411471,0.137160588910841,index,0.2,3
2019,22285.4230647175,15110.8456641487,32866.4650683151,10.0116880694821,0.198228157079501,index,0.2,3
2021,21434.8261446389,16220.5317435851,28325.3212110387,9.97277226818225,0.142216469304466,index,0.2,3
2022,33159.4671316582,24858.4077213679,44232.5298056143,10.4090835395079,0.147008939241487,index,0.2,3
2023,26272.1085113039,19480.3358587905,35431.8165062983,10.176263142546,0.152606030848714,index,0.2,3
2024,20838.8058592292,15184.0322961002,28599.5064532481,9.94457219380471,0.161519573049292,index,0.2,3
2025,29234.7909600267,22097.6803119492,38677.0462062618,10.2831147502516,0.142802027854966,index,0.2,3
2003,33185.443891932,24394.3506203858,45144.6198934378,10.409866621773,0.157023175771759,index,0.2,3
2004,50617.9046502829,36455.5481755699,70282.0942054062,10.8320606395301,0.167458026241241,index,0.2,3
2005,50255.3476345308,38495.7516770507,65607.2386131165,10.8248722408467,0.136007128096599,index,0.2,3
2006,52178.4577021277,40082.9786764401,67923.8803620402,10.862425000993,0.13455244678038,index,0.2,3
2007,45139.3998300265,34550.9978796595,58972.6937587099,10.7175107545372,0.136389773320912,index,0.2,3
2008,49853.9615697669,39008.6468661532,63714.5270054557,10.8168532420372,0.125162823867525,index,0.2,3
2009,35602.8655589807,26275.4540531838,48241.375142184,10.4801814068305,0.15499822079625,index,0.2,3
2010,52988.4742359533,41090.6866538153,68331.2602076845,10.8778297016387,0.129743674340576,index,0.2,3
2011,43419.6426913735,33731.1554606955,55890.9217812984,10.678667214273,0.128823811367564,index,0.2,3
2012,42927.225145508,33453.8286327995,55083.2814659195,10.6672615224072,0.127216625911379,index,0.2,3
2013,60099.8125684584,44269.255443186,81591.3309271568,11.0037620018572,0.155980567614999,index,0.2,3
2014,47002.3580061189,36374.8125916771,60734.9289447847,10.7579530497767,0.130778524226369,index,0.2,3
2015,38204.181310375,29909.6459770536,48798.9550500117,10.5507002469913,0.124881851728775,index,0.2,3
2016,36393.3692218065,28194.2576649709,46976.8468123311,10.5021418727948,0.130241304186743,index,0.2,3
2017,43770.8021309002,33713.2483194656,56828.7903030754,10.68672225606,0.133204535300461,index,0.2,3
2018,65768.9030365602,51789.2531015554,83522.1276149768,11.0939024073751,0.121922888185229,index,0.2,3
2019,44192.7244119122,31378.3230978404,62240.3206461227,10.6963154484514,0.174718956500264,index,0.2,3
2021,40871.9144732981,32057.5315632835,52109.8572238757,10.6181984184585,0.123936455699346,index,0.2,3
2022,62042.4302793683,47305.9220966584,81369.5830113028,11.0355737893048,0.138361225977561,index,0.2,3
2023,50891.718132725,39961.7411643073,64811.1643547208,10.8374554807093,0.123358223989211,index,0.2,3
2024,42206.6915856503,32924.9065153002,54105.0834503776,10.6503340558338,0.126711189852465,index,0.2,3
2025,55193.2112076591,43692.5254896952,69721.0914057079,10.9185952393334,0.11921796326248,index,0.2,3
2003,8282.97629172675,5483.91246903098,12510.720518745,9.0219576383132,0.210403641171619,index,0.2,3
2004,13135.4454229389,8570.63420662848,20131.5237938359,9.48306961269342,0.217847166631847,index,0.2,3
2005,13574.588196367,9494.74813036528,19407.5126765746,9.51595480889943,0.182381265869658,index,0.2,3
2006,14664.7865957724,10218.84338949,21045.0398056527,9.5932044293638,0.184297133081251,index,0.2,3
2007,12688.985861418,8960.66770116269,17968.567472977,9.44848964115704,0.177497964498129,index,0.2,3
2008,14715.3096674551,10599.4511867868,20429.3915593513,9.5966437047856,0.16739399470865,index,0.2,3
2009,8776.12762941598,5988.4605161918,12861.4718189338,9.07979054485478,0.195004040265798,index,0.2,3
2010,15386.3204626993,11103.0398797859,21321.9856853694,9.64123411200289,0.166462191002402,index,0.2,3
2011,12423.0939851572,8748.74870852326,17640.6100238875,9.42731243760059,0.178904549257608,index,0.2,3
2012,11750.7089655446,8222.0215653218,16793.8213365081,9.37166885524523,0.182195932031043,index,0.2,3
2013,18736.3729439746,12624.1926953543,27807.851128959,9.83822199084726,0.201458642498147,index,0.2,3
2014,12875.425475199,9012.57589602627,18393.9179075869,9.46307577160331,0.181992920106421,index,0.2,3
2015,11054.2415694428,7895.11286901157,15477.4553198878,9.31056948573166,0.17172267732163,index,0.2,3
2016,9692.22046745498,6744.05780117133,13929.1714809202,9.17907882904202,0.185034909571167,index,0.2,3
2017,12951.6779980229,9376.42538432258,17890.1826750462,9.46898063387046,0.164812596630597,index,0.2,3
2018,19256.1068188866,13753.3301184014,26960.5722125624,9.86558352675156,0.171710942244684,index,0.2,3
2019,11764.9175988974,7525.72731743072,18392.0145217406,9.37287729721831,0.227960596376758,index,0.2,3
2021,11461.3444673503,8233.29827962662,15955.0173621571,9.34673530165539,0.168775206004285,index,0.2,3
2022,17775.7732968002,12575.3652508878,25126.7545709599,9.78559175846777,0.176583202985037,index,0.2,3
2023,14302.3538808234,10004.2593707709,20447.0235078025,9.56817940975233,0.182357019926765,index,0.2,3
2024,10984.2284889995,7524.05974711106,16035.6615382906,9.30421574921611,0.193041617570754,index,0.2,3
2025,16306.3215122986,11702.3941778939,22721.5146935262,9.69930813445142,0.169268112387373,index,0.2,3
2003,56270.5604902972,45195.3003161614,70059.8503769635,10.9379267731081,0.111827763024512,index,0.4,1
2004,61826.2785591581,49286.3145623014,77556.797549606,11.0320837724695,0.115656230343288,index,0.4,1
2005,49628.8793678543,40953.9262397517,60141.3806551791,10.8123281885936,0.098024875229002,index,0.4,1
2006,56199.5378371211,46260.8035073979,68273.5234506017,10.9366638123092,0.0992944303223501,index,0.4,1
2007,51991.102126603,43133.1384377441,62668.1664780857,10.8588278699721,0.0952981878849298,index,0.4,1
2008,52155.3785235647,43101.5112660681,63111.0935332282,10.8619825907496,0.0972820177302153,index,0.4,1
2009,47241.3250370004,38769.1175833934,57564.962278313,10.7630243189654,0.100841163619644,index,0.4,1
2010,58917.7952441787,48843.7415998781,71069.6290401229,10.9838984503954,0.0956736538273792,index,0.4,1
2011,50468.8534412488,41918.1614525435,60763.7615632995,10.8291116614469,0.0947145985117686,index,0.4,1
2012,63995.1147552701,53474.5707238536,76585.4621571251,11.0665620274795,0.0916346027693244,index,0.4,1
2013,74852.9103641745,60094.0919523169,93236.4232149966,11.2232802717128,0.112049742431944,index,0.4,1
2014,61448.6127879221,50827.8439603385,74288.6520330545,11.025956540092,0.0968165480202149,index,0.4,1
2015,61136.1282512741,50946.543912607,73363.684570394,11.0208582674873,0.093025211431282,index,0.4,1
2016,68491.6610615324,56688.2046910715,82752.7994674118,11.1344672805119,0.0965047542041953,index,0.4,1
2017,60992.719236459,50734.7242485477,73324.7663204556,11.0185097792525,0.093952709916706,index,0.4,1
2018,57551.5539452206,47693.504996932,69447.2205748499,10.9604364154401,0.0958619203735806,index,0.4,1
2019,45967.6099461564,35071.710582412,60248.5915021672,10.7356922958488,0.138034259714672,index,0.4,1
2021,60955.7618411589,50688.7175935569,73302.4049144296,11.0179036643406,0.0941063374897435,index,0.4,1
2022,88784.0344916046,73235.4665913855,107633.707375514,11.3939621210546,0.098229877532523,index,0.4,1
2023,72595.7373393784,60332.671835601,87351.3623631404,11.1926614847555,0.0944060343690392,index,0.4,1
2024,55066.5819807279,45390.572778862,66805.2475524688,10.9162983135195,0.0985929336553164,index,0.4,1
2025,68369.7293481434,57160.3833087914,81777.2663609736,11.1326854522653,0.0913634718619046,index,0.4,1
2003,11966.6811446905,9315.86474888661,15371.7836699815,9.38988149567025,0.127761216481318,index,0.4,1
2004,12722.4540344743,9824.60171709927,16475.0532713811,9.4511237455246,0.131879386227235,index,0.4,1
2005,10435.8841731895,8220.83790123301,13247.758900573,9.25300554742055,0.121725772509386,index,0.4,1
2006,11956.2855248484,9494.57331153226,15056.259914078,9.38901240442081,0.117622937069188,index,0.4,1
2007,11124.6501119714,8921.50828681667,13871.8517245186,9.31691865593055,0.112603270234153,index,0.4,1
2008,11090.0327552666,8844.92041965229,13905.0235250983,9.31380203392586,0.115412031225865,index,0.4,1
2009,9895.99644020727,7823.88061068331,12516.90183141,9.19988555435189,0.119874448702967,index,0.4,1
2010,12347.9527350058,9847.29297469972,15483.6397310082,9.42124555786981,0.115458084007421,index,0.4,1
2011,10702.068079183,8583.55747314144,13343.4489755389,9.27819228020245,0.112547246522843,index,0.4,1
2012,13396.2211760279,10752.439238987,16690.0493746911,9.50272794438006,0.112165341988579,index,0.4,1
2013,15503.3190724052,12002.1474928235,20025.8247454897,9.64880941368755,0.130598595286543,index,0.4,1
2014,12822.8588264849,10188.2090598679,16138.8235672987,9.45898470300016,0.117348251661075,index,0.4,1
2015,13129.8757351168,10655.1055747238,16179.439575762,9.48264550305684,0.106558616256654,index,0.4,1
2016,14445.8041575922,11438.2190430948,18244.2089081593,9.57815928165833,0.119106120692089,index,0.4,1
2017,12659.526958299,10022.5770718669,15990.2609537178,9.44616532993681,0.119170452828539,index,0.4,1
2018,12284.0646884771,9773.67784713174,15439.2489327826,9.41605814762281,0.11663991396077,index,0.4,1
2019,9669.86995262193,7164.15313621316,13051.9802023727,9.17677013981729,0.153025771612866,index,0.4,1
2021,12913.0488427273,10322.3124005185,16154.0189779845,9.46599361728566,0.114252371624506,index,0.4,1
2022,18903.3058385773,14942.6354072679,23913.7850778978,9.84709209784643,0.119960497823038,index,0.4,1
2023,15130.1104497958,12151.4880190178,18838.864990423,9.62444210680835,0.111856746637606,index,0.4,1
2024,12085.9409012781,9593.89899104295,15225.29761941,9.39979814705998,0.11781619214506,index,0.4,1
2025,14569.0165581887,11714.4941768083,18119.1129782616,9.58665239918906,0.111262364153236,index,0.4,1
2003,16351.1257126486,12960.6757814151,20628.5009038045,9.70205202488181,0.11856182794185,index,0.4,1
2004,17699.7517901936,13956.1550330046,22447.5303329312,9.78130589531069,0.12124201579265,index,0.4,1
2005,14278.3913972781,11666.4689312006,17475.0785431427,9.5665025822989591,0.103077648868531,index,0.4,1
2006,15998.6308478072,13063.5755955791,19593.1188311895,9.68025842554838,0.103407654214328,index,0.4,1
2007,15013.8481710424,12360.5035979692,18236.7680342853,9.61672826558964,0.0992195738134169,index,0.4,1
2008,14948.1959695239,12188.0838656275,18333.3627506005,9.61234590060265,0.104150831918819,index,0.4,1
2009,13842.3151184913,11263.8603355435,17011.0141755738,9.53548549253001,0.10517071488213,index,0.4,1
2010,16777.2337935972,13713.4323690886,20525.5377493597,9.72777811503703,0.102883022471922,index,0.4,1
2011,14266.6732709645,11661.0802753497,17454.4691756142,9.56568155581975,0.102894468380998,index,0.4,1
2012,17576.8047533615,14466.3357384727,21356.0690780986,9.77433540007596,0.0993670524939262,index,0.4,1
2013,21019.6946026038,16797.6578297758,26302.9266141819,9.95321511542929,0.114400252463828,index,0.4,1
2014,17500.1817595908,14356.5382408266,21332.1872223901,9.76996654612,0.101025224811218,index,0.4,1
2015,17146.8449433465,14073.8544128408,20890.8151872675,9.74956946735185,0.100764815497585,index,0.4,1
2016,19383.6122525614,15895.4605311715,23637.2153685537,9.8721832588172,0.101223499064877,index,0.4,1
2017,16978.9213687608,13934.3271779554,20688.7470894637,9.73972793421752,0.100826994737621,index,0.4,1
2018,16117.4640272884,13188.38061989,19697.0844380362,9.68765868527835,0.102332094879168,index,0.4,1
2019,13331.1748915049,10148.2693238589,17512.3677068823,9.49786054818634,0.139187296486748,index,0.4,1
2021,17452.3910001871,14381.4388060316,21179.1014606736,9.76723193831221,0.0987458226359172,index,0.4,1
2022,24928.2824550143,20368.5145837242,30508.8161241531,10.1237582794397,0.103069595274393,index,0.4,1
2023,20559.5597797934,16923.1841213162,24977.3030482175,9.93108130785122,0.099308715411211,index,0.4,1
2024,16040.281276444,13120.7493074887,19609.4458782618,9.68285841720466,0.10250608994393,index,0.4,1
2025,19387.6517450834,16004.2766581138,23486.2873354588,9.87239163440882,0.0978489295127064,index,0.4,1
2003,27952.7536329577,21961.6140971702,35578.2790922235,10.2382709936932,0.123073485523667,index,0.4,1
2004,31404.0727344898,24523.8252805127,40214.5983765754,10.3546928684054,0.126171953121319,index,0.4,1
2005,24914.6037973867,20142.0711740605,30817.9569527168,10.1232094084171,0.108493528594526,index,0.4,1
2006,28244.6214644654,22683.0913532129,35169.7495393608,10.2486583278096,0.111881278398116,index,0.4,1
2007,25852.6038435893,20843.4362552343,32065.5921273885,10.1601666038227,0.109885812065651,index,0.4,1
2008,26117.1497987741,21095.4026931615,32334.3205879033,10.1703474579408,0.108949473429791,index,0.4,1
2009,23503.0134783022,18817.1789290798,29355.7097290283,10.0648839250303,0.113450258463452,index,0.4,1
2010,29792.6087155755,24185.2405373337,36700.0498799769,10.3020156120504,0.106388577934882,index,0.4,1
2011,25500.1120911013,20724.3199831459,31376.4561243771,10.1464381268663,0.105805494624034,index,0.4,1
2012,33022.0888258807,27027.3861783689,40346.4228182409,10.4049319748882,0.102209041919641,index,0.4,1
2013,38329.8966891658,30085.714059594,48833.1763471515,10.5539854630714,0.123563362832588,index,0.4,1
2014,31125.5722018459,25152.2283659893,38517.5114822959,10.3457850175931,0.108717938007807,index,0.4,1
2015,30859.4075728112,25053.6920931403,38010.4869256223,10.3371969284811,0.106338915166345,index,0.4,1
2016,34662.2446513792,28092.9053299852,42767.7803402435,10.4534063231859,0.107213183895105,index,0.4,1
2017,31354.2709093992,25578.0154015106,38434.9719408622,10.3531057699369,0.103888277239228,index,0.4,1
2018,29150.0252294546,23652.8280733111,35924.8360595252,10.2802110572827,0.106620882778092,index,0.4,1
2019,22966.5651020296,17125.0378265436,30800.6976643405,10.041794746061,0.149746564936308,index,0.4,1
2021,30590.3219982446,24834.426813067,37680.2656650775,10.328438963348,0.106355431794217,index,0.4,1
2022,44952.4461980134,36298.7440496804,55669.2103842387,10.713360458842,0.109094881363434,index,0.4,1
2023,36906.0671097894,29912.2864307601,45535.0610748236,10.5161312368326,0.107199237382833,index,0.4,1
2024,26940.3598030057,21587.911364799,33619.8798508529,10.2013808055918,0.113008213095389,index,0.4,1
2025,34413.0610448716,28142.7051903445,42080.4880862826,10.4461914528377,0.10262841312489,index,0.4,1
2003,49761.8973015881,40309.5997506312,61430.687438543,10.8150048557374,0.107481530589031,index,0.4,1
2004,53828.8528097295,43260.4116443622,66979.1452432732,10.8935648999723,0.111518214949889,index,0.4,1
2005,43568.4732515704,36248.1698855556,52367.1089455255,10.6820890772207,0.0938511654188645,index,0.4,1
2006,49135.8185407435,40788.1324014116,59191.9394570102,10.8023435496736,0.0950002681559938,index,0.4,1
2007,45410.9058803184,37978.7843451701,54297.429694676,10.72350757281,0.091187694329319,index,0.4,1
2008,45596.3491601487,37964.3140692156,54762.666143362,10.7275829300199,0.0934614296139439,index,0.4,1
2009,41677.4405579451,34482.5874882925,50373.5124880288,10.6377152675827,0.0966882575146797,index,0.4,1
2010,51329.7902438118,42859.4497441785,61474.1295606947,10.8460265691211,0.0920145166161859,index,0.4,1
2011,44028.5441284553,36838.2753596106,52622.2435536903,10.6925934327581,0.0909714460234518,index,0.4,1
2012,55100.0442937009,46389.7001376265,65445.8828610815,10.9169057990191,0.0877939934589305,index,0.4,1
2013,64318.1738316215,52071.4356187782,79445.2358740584,11.0715975115285,0.107770191941805,index,0.4,1
2014,53495.7523499851,44626.6767239167,64127.4620827239,10.8873575344047,0.0924866190467381,index,0.4,1
2015,52696.3311557932,44285.7939264713,62704.1556913617,10.8723011145689,0.0887168795939079,index,0.4,1
2016,59491.442726043,49568.2926457187,71401.1229501516,10.9935877614603,0.0931043201692699,index,0.4,1
2017,52830.3027458005,44239.1392201843,63089.8552144413,10.8748402207079,0.0905501545687411,index,0.4,1
2018,50078.4142904958,41776.89918316,60029.5289235214,10.8213453417442,0.0924744171574257,index,0.4,1
2019,40098.3148406203,30881.7818948021,52065.4817955351,10.5990895884869,0.133251367997514,index,0.4,1
2021,53138.3893760822,44539.864572404,63396.8794605097,10.8806549097856,0.0900603332280023,index,0.4,1
2022,76933.7790784664,63941.6960795698,92565.6766428097,11.2507003188454,0.0943759027874555,index,0.4,1
2023,62317.2986496231,52183.750204728,74418.6781469469,11.0399943331614,0.0905465140757632,index,0.4,1
2024,48557.5330798809,40258.2620267406,58567.705114483,10.7905046229578,0.0956313967547197,index,0.4,1
2025,59446.26136808,49906.8897103624,70809.0207815202,10.9928280131453,0.0892433085343933,index,0.4,1
2003,6508.66318870916,4276.2705874186,9906.45835852733,8.78088936675945,0.214316599401738,index,0.4,1
2004,7997.42574942867,5342.64437501086,11971.3786148259,8.98687498755784,0.205819586504838,index,0.4,1
2005,6060.40611628362,4124.10748978436,8905.81110828623,8.70953209270628,0.196395028937861,index,0.4,1
2006,7063.71929637761,4813.71840293412,10365.4028178308,8.86272700428836,0.195667821513542,index,0.4,1
2007,6580.19624628468,4525.29370246519,9568.21490194805,8.79181984853794,0.191014779272067,index,0.4,1
2008,6559.029363416,4512.67747386622,9533.33501879882,8.78859790809664,0.190795330827473,index,0.4,1
2009,5563.88447905528,3752.06402305969,8250.60828014016,8.62405179061631,0.201019212612198,index,0.4,1
2010,7588.00500036674,5262.41316301575,10941.3339663726,8.93432399003818,0.18672741752406,index,0.4,1
2011,6440.30931279348,4458.59686731167,9302.83344263494,8.77033184788187,0.187627149788663,index,0.4,1
2012,8895.07046156939,6274.84856568088,12609.4323533207,9.0932525215491,0.178037909651401,index,0.4,1
2013,10534.7365325533,7138.44386872837,15546.9001159328,9.26243331715037,0.198566521730195,index,0.4,1
2014,7952.86043793683,5468.59239975589,11565.6798901531,8.98128694644868,0.191080253536521,index,0.4,1
2015,8439.79709548097,5902.27047711182,12068.2668286907,9.04071354648123,0.182463130346242,index,0.4,1
2016,9000.21833548933,6263.74305910789,12932.1923524136,9.10500411552291,0.184937529573822,index,0.4,1
2017,8162.41649065842,5705.84280912922,11676.6348453157,9.00729554267886,0.182681703570383,index,0.4,1
2018,7473.13965472466,5200.95201872326,10737.9987544526,8.91907049166209,0.18493886937985,index,0.4,1
2019,5869.29510553622,3730.05271930074,9235.42577766285,8.67748982137572,0.231285971861022,index,0.4,1
2021,7817.37246507638,5408.66088866457,11298.7879099263,8.96410377516968,0.187935575385402,index,0.4,1
2022,11850.2554131384,8200.78690551817,17123.7900672829,9.38010470018234,0.187819424413076,index,0.4,1
2023,10278.4386897555,7248.31907103727,14575.2830226808,9.23780364904601,0.178206733952749,index,0.4,1
2024,6509.04890084679,4475.46137559806,9466.6703693657,8.78094862634902,0.191117746661133,index,0.4,1
2025,8923.46798006353,6373.78651645948,12493.0887762854,9.09643993701861,0.171682203410065,index,0.4,1
2003,32945.7148199105,26534.8468937403,40905.4602553945,10.4026164804842,0.110411393739794,index,0.4,1
2004,35230.1391239396,28087.9145870226,44188.4960468227,10.4696572203465,0.115595258482446,index,0.4,1
2005,28577.9371643202,23558.4361391687,34666.9230395127,10.2603902712834,0.0985482463140888,index,0.4,1
2006,32427.3287933812,26770.7051194459,39279.1914886929,10.3867568275272,0.0978045275115643,index,0.4,1
2007,30224.8218569023,25192.2404934602,36262.7475122203,10.3164187815666,0.0929238872989644,index,0.4,1
2008,30084.1749466916,24868.3923628128,36393.8918535214,10.311754563203,0.0971454943155648,index,0.4,1
2009,27354.906229458,22492.5512261047,33268.3868228333,10.2166511785797,0.0998547439442067,index,0.4,1
2010,33698.356695968,27877.0544579041,40735.2665513309,10.4252043524206,0.0967595044318464,index,0.4,1
2011,28891.6898349092,23991.4303119073,34792.8293838448,10.2713092837853,0.0948268998936891,index,0.4,1
2012,36059.5515435466,30076.0006457205,43233.5160794296,10.4929270602836,0.0925752971724287,index,0.4,1
2013,42365.4566144176,34106.5932600289,52624.1920576554,10.6540886066795,0.11063601835245,index,0.4,1
2014,35160.2348193451,29122.4220739586,42449.8384582145,10.4676710303702,0.096127968364697,index,0.4,1
2015,34875.0508657558,29102.3160773101,41792.8652021384,10.4595269776389,0.0923251339250219,index,0.4,1
2016,39159.5567209433,32391.7306346896,47341.4310545828,10.5753997768905,0.0968085824571973,index,0.4,1
2017,34336.8191923467,28408.1503244844,41502.7778570905,10.443973503264,0.0967069489669924,index,0.4,1
2018,32852.7975769777,27177.8825068101,39712.6710796335,10.3997921824473,0.096753514641711,index,0.4,1
2019,26601.5790587017,20375.0118913728,34730.9740082158,10.188725856117,0.136054201243388,index,0.4,1
2021,35107.7312084131,29213.2447769901,42191.574404395,10.4661766475477,0.0937768118843505,index,0.4,1
2022,50857.615600508,41917.1906459194,61704.9240350469,10.8367851562513,0.0986415352840329,index,0.4,1
2023,41424.1935161849,34557.9826218233,49654.6290691954,10.6316203735762,0.0924642120991162,index,0.4,1
2024,32364.2235490684,26750.8968128547,39155.4336761802,10.3848088802413,0.0971883178810697,index,0.4,1
2025,39524.1219459894,33038.0994410488,47283.4770168561,10.5846664466757,0.0914556313686625,index,0.4,1
2003,23324.8456703864,18137.7527549338,29995.3601142432,10.0572744092043,0.128330713525278,index,0.4,1
2004,26596.1394352182,20656.3746414749,34243.8905730006,10.1885213502225,0.128952420615738,index,0.4,1
2005,21050.942203534,16890.3110627582,26236.4716676901,9.95470059837171,0.112351641917108,index,0.4,1
2006,23772.2090437399,18931.5895110237,29850.5269454636,10.0762724901438,0.116168094634094,index,0.4,1
2007,21766.2802697009,17387.4900198633,27247.8061087564,9.988117274664,0.114599561108058,index,0.4,1
2008,22071.2035768729,17702.3174399042,27518.3195073471,10.0020290322846,0.112541962620144,index,0.4,1
2009,19886.4188075425,15819.2415004127,24999.2803370923,9.89779230573978,0.116741946783071,index,0.4,1
2010,25219.4385482106,20357.5888447319,31242.4072191416,10.1353703471066,0.109267982084384,index,0.4,1
2011,21577.1636063397,17400.5473412163,26756.2841653812,9.97939079395211,0.109764186765391,index,0.4,1
2012,27935.5632117234,22698.6211141305,34380.7532639231,10.2376558231979,0.105918459258336,index,0.4,1
2013,32487.4537497573,25312.3597223064,41696.4148234874,10.3886092553168,0.127329468952781,index,0.4,1
2014,26288.3779685766,21085.6145353547,32774.8956550446,10.1768822181628,0.112520387378757,index,0.4,1
2015,26261.0773855186,21205.736805326,32521.5856340811,10.1758431746435,0.109091875285341,index,0.4,1
2016,29332.1043405895,23595.2043317472,36463.8649850387,10.2864379064346,0.11104241918153,index,0.4,1
2017,26655.9000441123,21607.1889377685,32884.2872253371,10.1907657951138,0.107136884798694,index,0.4,1
2018,24698.7563682424,19919.7455077812,30624.3152503881,10.1145081718846,0.109717024515581,index,0.4,1
2019,19366.0308874547,14353.1941961193,26129.5950719632,9.87127582510229,0.152833439279085,index,0.4,1
2021,25848.0306327461,20841.3376497626,32057.4762915465,10.1599896926145,0.109846922625332,index,0.4,1
2022,37926.418891097,30419.5011492383,47285.8921270961,10.5434032165979,0.112534746268147,index,0.4,1
2023,31171.5438231935,25029.0601007281,38821.4795286302,10.3472609006716,0.111975561587758,index,0.4,1
2024,22702.3584316594,18053.8753210605,28547.7255821252,10.0302240937405,0.1168942162221,index,0.4,1
2025,28845.6074021544,23393.2108821132,35568.8268101512,10.2697130039196,0.106895779497089,index,0.4,1
2003,43191.4606809665,34915.7539746003,53428.6693941234,10.673398085271,0.108524787866695,index,0.4,1
2004,46814.3733125423,37615.845449623,58262.2967116652,10.7539455568163,0.111616793167871,index,0.4,1
2005,37879.5627322066,31440.725619094,45637.0279161682,10.542167003733,0.0950566844279115,index,0.4,1
2006,42567.8833990571,35289.4346071492,51347.5128532841,10.6588553371035,0.0956734120498751,index,0.4,1
2007,39559.730637802,33001.065862659,47421.870997998,10.58556697676,0.0924873310909819,index,0.4,1
2008,39536.6837870353,32852.2714201404,47581.1655421096,10.5849842233802,0.0944956428327324,index,0.4,1
2009,36047.8114140382,29719.8391729127,43723.1406328203,10.4926014311348,0.0984871891778205,index,0.4,1
2010,44538.5172696342,37063.9987666593,53520.3859968263,10.7041096503972,0.0937304246535975,index,0.4,1
2011,38136.6701640386,31815.6150590451,45713.5783325736,10.5489315697332,0.0924604142332183,index,0.4,1
2012,47643.2688186119,39930.5945187287,56845.6616056112,10.7714966361156,0.0901029552267991,index,0.4,1
2013,55786.5625619305,45124.5957533265,68967.7217163051,10.9292883050667,0.108219115004002,index,0.4,1
2014,46503.9095667527,38724.6656587119,55845.8948116493,10.7472916647456,0.0933994882937308,index,0.4,1
2015,45740.4908553818,38331.372024968,54581.7275293062,10.7307391989442,0.090162496625385,index,0.4,1
2016,51791.7825542106,43070.2736287896,62279.3521875754,10.8549867777136,0.0940825688748562,index,0.4,1
2017,45779.0456813401,38220.9548197276,54831.7286519625,10.7315817475344,0.0920642161153579,index,0.4,1
2018,43500.2642583585,36187.6998162481,52290.5020257022,10.6805222919631,0.0939036316086597,index,0.4,1
2019,34880.2861425859,26811.7648682941,45376.8846387052,10.4596770816184,0.134227478616246,index,0.4,1
2021,46099.840063809,38529.6290033324,55157.4284228109,10.738564759647,0.0915230852517003,index,0.4,1
2022,67234.1003643064,55794.9953600143,81018.4537632779,11.1159358437015,0.095152966949447,index,0.4,1
2023,54298.7713012858,45448.7261765119,64872.1496259024,10.9022568776971,0.0907755483299741,index,0.4,1
2024,42260.9792842549,35043.5525702964,50964.8776756172,10.6516194637424,0.095548968843259,index,0.4,1
2025,51845.9901679573,43493.0606369033,61803.1165692484,10.8560328754301,0.0896323596009901,index,0.4,1
2003,13079.0998093307,9705.92623599801,17624.5777747604,9.47877080072624,0.152185893709324,index,0.4,1
2004,15011.9052466155,11062.9408744884,20370.4694520282,9.61659884839216,0.155738936642053,index,0.4,1
2005,11749.3166356474,8954.73168562163,15416.0332493667,9.37155035921272,0.138580611598251,index,0.4,1
2006,13631.6544380639,10348.2461223643,17956.8595993475,9.52014989942737,0.140603385594529,index,0.4,1
2007,12431.3714888011,9530.81125118594,16214.673968425,9.42797851540932,0.135560346229444,index,0.4,1
2008,12618.6947365293,9659.37969698979,16484.6462038689,9.44293470257889,0.136354541769273,index,0.4,1
2009,11193.5136229623,8530.59842812327,14687.6855455271,9.32308974870944,0.138612217942359,index,0.4,1
2010,14379.2779745443,11091.379697384,18641.8318289096,9.57354341962115,0.132461585988738,index,0.4,1
2011,12332.1832772104,9506.29601356868,15998.1073770094,9.41996765081666,0.132787161664472,index,0.4,1
2012,16351.8459366583,12740.2273906372,20987.291461745,9.70209607127719,0.127337183601485,index,0.4,1
2013,19066.3478022445,14168.7966463178,25656.7743606248,9.85568016490143,0.151473578492094,index,0.4,1
2014,14944.703221169,11408.2301944845,19577.4586032459,9.61211221645255,0.1377688048319,index,0.4,1
2015,15395.6373958925,11888.6602918707,19937.1203320426,9.64183946228766,0.131889747051617,index,0.4,1
2016,16699.8785073219,12821.8185118975,21750.8882925249,9.72315672336772,0.134825514874336,index,0.4,1
2017,15213.673555119,11757.3016857992,19686.1379615092,9.62994987845305,0.131492279372013,index,0.4,1
2018,14051.289686862,10832.2225806896,18226.9834646939,9.55046946320842,0.132751888239258,index,0.4,1
2019,11087.3238035705,7860.95071686902,15637.8984620046,9.31355773504358,0.175459806048935,index,0.4,1
2021,14855.92177735,11449.0240974078,19276.6134455697,9.60615383762759,0.132907576873768,index,0.4,1
2022,21549.9341272984,16421.6406629454,28279.735893795,9.97812803878933,0.138662110297212,index,0.4,1
2023,18296.9660380926,14050.2508687805,23827.258981047202,9.81449053481663,0.134744825347849,index,0.4,1
2024,12805.6026964729,9733.92226728792,16846.5964610176,9.45763806480228,0.139934132614029,index,0.4,1
2025,16523.7391801862,12851.8276589181,21244.7570681014,9.71255336408963,0.128222791641247,index,0.4,1
2003,49147.0333831292,39243.3308585026,61550.0987689245,10.8025717653229,0.114815870473932,index,0.4,2
2004,63207.9859459832,50549.8221559675,79035.8762296054,11.054185932057,0.11401802663618,index,0.4,2
2005,52039.6854271073,42759.727813505,63333.6318501301,10.8597618877793,0.100210967985347,index,0.4,2
2006,59325.0747975839,49082.1068123733,71705.6525954116,10.9907873421137,0.0967045923382823,index,0.4,2
2007,66769.2981189831,55497.7750610695,80330.0522659858,11.1089986448749,0.0943386900943879,index,0.4,2
2008,50415.9941165086,41795.9622202242,60813.8281244287,10.8280637472982,0.0956694778743346,index,0.4,2
2009,46805.8905510957,38149.9242893702,57425.8384804076,10.7537643404616,0.104331145834915,index,0.4,2
2010,57919.8787851979,47637.898556081,70421.0819573144,10.9668159342604,0.099712047884108,index,0.4,2
2011,54653.2931668235,45551.8986924865,65573.1712555694,10.9087647510174,0.0929390371129004,index,0.4,2
2012,70424.4498952542,58651.7748180696,84560.1545466141,11.1622957815001,0.0933296061261943,index,0.4,2
2013,71131.2385695148,57162.7947017696,88513.046411228,11.1722818803345,0.111544578674501,index,0.4,2
2014,63077.7233089654,52355.9637238495,75995.1473499464,11.052122948304,0.0950536947295361,index,0.4,2
2015,53738.6436003779,44694.0057425291,64613.6269960801,10.8918876418133,0.0940287532715994,index,0.4,2
2016,53980.8292711736,44474.6081252833,65518.9568077847,10.8963842490174,0.0988337281570681,index,0.4,2
2017,69348.3422118794,57610.4654769825,83477.7592529153,11.146897520798,0.0946129621625891,index,0.4,2
2018,66129.7249335232,55052.4428608508,79435.9031594089,11.0993736211791,0.093538506905367,index,0.4,2
2019,46978.3172469554,36445.893281276,60554.4848173446,10.7574414390732,0.129521448948346,index,0.4,2
2021,55972.1028465095,46434.3789567096,67468.8962671599,10.9326086821375,0.0953146557566994,index,0.4,2
2022,60141.50223799,49535.8260558678,73017.8656425918,11.004455435246,0.0989834462786742,index,0.4,2
2023,71122.7385014929,58880.6385301147,85910.1405526467,11.1721623748105,0.0963766570995369,index,0.4,2
2024,53969.1913518471,44422.9510692839,65566.864538773,10.8961686322106,0.0993166726051515,index,0.4,2
2025,78534.4121015348,65736.6609887106,93823.6562576993,11.2712921784343,0.0907568328171705,index,0.4,2
2003,10872.5446368495,8479.58914252321,13940.7965283927,9.29399604994504,0.126828234838877,index,0.4,2
2004,13909.5908249806,10800.0260047165,17914.4676905307,9.54033386859559,0.129099335313265,index,0.4,2
2005,11420.7494347114,9093.95943676357,14342.8743615422,9.34318710581261,0.116237560319517,index,0.4,2
2006,13003.3243609594,10413.718061523,16236.8947802676,9.47296032382667,0.113308747123181,index,0.4,2
2007,14764.16404194,11989.6452791032,18180.7330227886,9.59995817502964,0.106205784298245,index,0.4,2
2008,11205.0184928042,9063.84157873679,13852.0116810759,9.32411703664011,0.108200310736233,index,0.4,2
2009,10338.9080986015,8169.89912603191,13083.7626049424,9.24366954273797,0.120133688012802,index,0.4,2
2010,12799.0213267558,10240.7443770437,15996.3905836735,9.45712398813738,0.113774743247411,index,0.4,2
2011,12088.8407891866,9856.76954433675,14826.3658766647,9.40003805722418,0.10414696256719,index,0.4,2
2012,15396.8798100863,12430.8811357606,19070.5634859841,9.64192015813894,0.109176030785134,index,0.4,2
2013,15498.2047348243,12101.8515807655,19847.7355633985,9.64847947263955,0.126209324002379,index,0.4,2
2014,13738.8783034994,11089.4358264883,17021.3146991211,9.52798492514393,0.109306456678185,index,0.4,2
2015,11976.8100280508,9739.50123083047,14728.0620483876,9.39072756142494,0.105503150090639,index,0.4,2
2016,11929.1043141424,9509.22132223264,14964.7931113965,9.3867364338277,0.115675167156314,index,0.4,2
2017,15231.7054449904,12312.8704298546,18842.4666762038,9.6311344189365,0.108539774155683,index,0.4,2
2018,14462.7512750296,11641.4698768663,17967.7632340081,9.57933174559678,0.110717725383811,index,0.4,2
2019,10337.1234880694,7861.26369626312,13592.7410828862,9.24349691671648,0.139693520273791,index,0.4,2
2021,12321.0108752049,9966.54110445737,15231.6944660997,9.41906128528031,0.108202198885683,index,0.4,2
2022,13277.5698622517,10630.2803926698,16584.1214845603,9.49383141398497,0.113455944734435,index,0.4,2
2023,15712.3356751314,12702.0111609659,19436.0947443249,9.66220139461828,0.108515144796308,index,0.4,2
2024,12193.396604352,9782.89123198976,15197.8507401622,9.40864982224786,0.112379348627123,index,0.4,2
2025,17028.3135268598,13741.1658089764,21101.8093806581,9.74263273920864,0.109431260425496,index,0.4,2
2003,14556.0316955639,11527.1761251821,18380.7427266939,9.58576073622102,0.119031813960364,index,0.4,2
2004,18475.9119678595,14727.4418086597,23178.4533579605,9.82422310686387,0.115693597671855,index,0.4,2
2005,15085.0473595599,12332.7168840555,18451.6239186814,9.62145929110165,0.102781670150797,index,0.4,2
2006,17085.7192740953,14102.2813553669,20700.324703286,9.74599826340541,0.0979132287061582,index,0.4,2
2007,19050.6982718623,15756.3518341768,23033.8284182203,9.85485903457402,0.096869219056557307,index,0.4,2
2008,14531.7627273302,11894.3722122956,17753.953230514,9.58409206560871,0.102181174393418,index,0.4,2
2009,13985.3879046697,11328.0247028834,17266.1236159112,9.54576834244622,0.107518988861502,index,0.4,2
2010,16960.8708481725,13774.7325183148,20883.9728499919,9.73866425520765,0.106161664665525,index,0.4,2
2011,15480.2296110089,12759.0109256318,18781.8248770478,9.64731897978622,0.0986374959345846,index,0.4,2
2012,19882.4590958628,16438.9462551575,24047.2943680702,9.89759316953572,0.0970347419042239,index,0.4,2
2013,20192.4306544708,16124.9043745749,25285.9952694362,9.91306309308848,0.114768885283268,index,0.4,2
2014,18097.6728313054,14895.6445945376,21988.0220577416,9.80353863613167,0.0993459561277989,index,0.4,2
2015,15348.7674570493,12627.8679117646,18655.933376615,9.63879045383375,0.0995574743713047,index,0.4,2
2016,15742.8132392393,12988.9375715238,19080.5573836084,9.6641392378457,0.0981068638117833,index,0.4,2
2017,19637.8966962016,16152.9535232654,23874.7041582972,9.88521648331218,0.0996744288290137,index,0.4,2
2018,18786.622388434,15502.9507970427,22765.8066768126,9.84090032044503,0.0980194856482805,index,0.4,2
2019,13462.0704988796,10448.3883646819,17345.0043960271,9.50763141743703,0.129302577706613,index,0.4,2
2021,16020.7795554469,13112.519705763,19574.0699212389,9.68164188082712,0.102205513407933,index,0.4,2
2022,17243.2435359644,14098.6645419427,21089.1922959116,9.7551756666587,0.102726534621846,index,0.4,2
2023,20204.1567579772,16575.819497047,24626.7130487055,9.91364364231736,0.100993379620436,index,0.4,2
2024,15616.2152810704,12756.2372784478,19117.4069893445,9.65606509448705,0.103210807343889,index,0.4,2
2025,22108.8842038435,18219.2567764505,26828.907827391,10.0037348068993,0.0987265225669899,index,0.4,2
2003,23718.4570507159,18607.9303418776,30232.5510968078,10.0740088025438,0.123811291001642,index,0.4,2
2004,30822.4831531429,24239.2006449887,39193.7622712898,10.335999675166,0.122590626212312,index,0.4,2
2005,25533.8886328362,20617.1051704824,31623.2304837598,10.1477618148464,0.109127238164784,index,0.4,2
2006,29236.0311625294,23736.8206107527,36009.2672962777,10.2831571714955,0.106315442199383,index,0.4,2
2007,32954.435805181,26791.2193325213,40535.4764095986,10.4028811531819,0.105640551993328,index,0.4,2
2008,24679.2128963743,20113.7613169272,30280.9374928794,10.1137165851434,0.10436777631499,index,0.4,2
2009,22481.5945478244,17981.3964392867,28108.0557407931,10.0204522333348,0.113960901236288,index,0.4,2
2010,28159.9866102696,22796.9933554287,34784.6241619283,10.2456573347843,0.107794531215799,index,0.4,2
2011,27084.2227666281,22154.4121415889,33111.0172630256,10.2067066515986,0.102509384761837,index,0.4,2
2012,35145.1109893049,28792.5544828258,42899.2442191026,10.4672407976447,0.101720588448803,index,0.4,2
2013,35440.6031802199,28069.9338073332,44746.6802878485,10.4756134243321,0.118960917112026,index,0.4,2
2014,31241.1721741605,25484.2815091869,38298.5425138903,10.3494921248297,0.103917723363208,index,0.4,2
2015,26413.066115278,21544.4744175458,32381.8556948356,10.1816140953067,0.103950604091882,index,0.4,2
2016,26308.9117177917,21212.3696124158,32629.9630084433,10.1776630093549,0.109860817986054,index,0.4,2
2017,34478.7400706873,28170.565687726,42199.4904198879,10.4480981832367,0.10309640531678,index,0.4,2
2018,32880.3512700593,26967.8193875879,40089.1701366141,10.400630532509,0.101140109954716,index,0.4,2
2019,23179.1232600064,17651.5025587871,30437.7348791258,10.0510072930553,0.138998015094533,index,0.4,2
2021,27630.3124158577,22557.1582433758,33844.4300457081,10.2266687249783,0.103502407845254,index,0.4,2
2022,29620.6888397739,23984.3779176146,36581.5286248611,10.2962283434519,0.107690941173705,index,0.4,2
2023,35206.2460683844,28617.7816599874,43311.5248747823,10.4689787909692,0.105713805269071,index,0.4,2
2024,26159.5794664245,21090.2939537623,32447.3238429235,10.1719707299994,0.109901263624827,index,0.4,2
2025,39397.2143708314,32641.4777350996,47551.171328013,10.5814503915386,0.0959769216283033,index,0.4,2
2003,44691.6717351581,35922.5328341995,55601.4669595233,10.7075424485932,0.111442055662436,index,0.4,2
2004,56896.8411660804,45791.5878897668,70695.3107298035,10.9489951030388,0.110787454283783,index,0.4,2
2005,46605.8556331959,38532.8580285103,56370.2224655946,10.7494814695842,0.0970501802628231,index,0.4,2
2006,52705.9628443819,43857.8733350662,63339.1067125069,10.872483875081,0.0937641422530717,index,0.4,2
2007,58974.5010026385,49333.4135106625,70499.7185681972,10.9848604430724,0.0910749152471683,index,0.4,2
2008,45149.8139893548,37651.8416124236,54140.9295262922,10.7177414389995,0.0926569541030506,index,0.4,2
2009,42669.9912818272,34983.8957153156,52044.7514138374,10.6612511718658,0.101332504713971,index,0.4,2
2010,52531.5125454518,43466.2426109966,63487.4248278091,10.8691685074694,0.0966490328835272,index,0.4,2
2011,48269.3747909955,40450.4224617873,57599.7085052606,10.7845525762399,0.0901650291294337,index,0.4,2
2012,62032.8041073879,51920.6003588058,74114.4894094608,11.0354186226102,0.0907913153260058,index,0.4,2
2013,62873.0215056829,50784.6353267681,77838.8346754648,11.0488724398005,0.108942464180032,index,0.4,2
2014,55912.4420965726,46692.0677871957,66953.581825731,10.9315422121327,0.0919469127943174,index,0.4,2
2015,47657.471886972,39910.6909939406,56907.9254228485,10.7717947044907,0.0905094145568534,index,0.4,2
2016,48291.5098257595,39993.5836054937,58311.1017071017,10.7850110441846,0.096193978718662,index,0.4,2
2017,61248.4772260733,51149.5277959043,73341.3605983123,11.0226942664828,0.0919331826087299,index,0.4,2
2018,58424.614624417,48869.3056761373,69848.2523290362,10.975492563312,0.0911178889641339,index,0.4,2
2019,41664.7648223144,32573.7020109714,53293.0714204384,10.6374110823101,0.125589311448495,index,0.4,2
2021,49873.0928087557,41619.5408051255,59763.4029158834,10.8172369140376,0.0923036589507821,index,0.4,2
2022,53423.5395451066,44262.4116695084,64480.7743156411,10.8860067432691,0.0959791322393511,index,0.4,2
2023,62943.2608324418,52432.0026953896,75561.75390129,11.049988977863,0.0932244454277271,index,0.4,2
2024,48482.0010413341,40119.0509835278,58588.2359464832,10.7889478954965,0.0966044833692434,index,0.4,2
2025,69181.6067832384,58019.6800743217,82490.8843168344,11.1444903083451,0.0897734683552458,index,0.4,2
2003,4455.36164797107,2911.24862452593,6818.46519290118,8.40186351460591,0.217109176103497,index,0.4,2
2004,6311.14477990267,4208.90489002268,9463.39950026241,8.75007236220253,0.206694915668714,index,0.4,2
2005,5433.82979391162,3740.58104955229,7893.56141146459,8.60039946706504,0.190515351723915,index,0.4,2
2006,6619.11195320188,4646.32473294614,9429.52668339206,8.79771649389066,0.180556729933406,index,0.4,2
2007,7794.79711634479,5514.88152479678,11017.2560936776,8.96121175374389,0.176537072810565,index,0.4,2
2008,5266.18012715383,3660.72435406233,7575.72831203608,8.56906054515941,0.185536178352344,index,0.4,2
2009,4135.89926926851,2759.91601876598,6197.89248992589,8.32746006126609,0.206383655103792,index,0.4,2
2010,5388.36623974615,3650.23285046929,7954.14756346384,8.59199750844701,0.198703278390869,index,0.4,2
2011,6383.91837582803,4551.8824374983,8953.30984242933,8.76153735330668,0.1725752141683,index,0.4,2
2012,8391.64578786643,6008.65903220842,11719.7062858024,9.03499194087581,0.170429183208278,index,0.4,2
2013,8258.21706383185,5703.58140042249,11957.074736991,9.01896399137932,0.188837357176088,index,0.4,2
2014,7165.28121239273,5048.18245853327,10170.2454842699,8.87700258755807,0.178686466708235,index,0.4,2
2015,6081.17171340612,4268.38530695064,8663.84985153785,8.71295267241361,0.180596066434967,index,0.4,2
2016,5689.319445414,3947.82166776128,8199.04202266594,8.64634591459169,0.186445612375633,index,0.4,2
2017,8099.86498580617,5746.88805752676,11416.2329475622,8.99960267210262,0.175099591069267,index,0.4,2
2018,7705.1103091061505,5504.19055943832,10786.0954729649,8.94963906421321,0.17162257360934,index,0.4,2
2019,5313.55242464124,3482.46609157325,8107.42692878763,8.57801589707465,0.215575353224261,index,0.4,2
2021,6099.01003775358,4269.12739702992,8713.23808853724,8.71588174809828,0.182001823625578,index,0.4,2
2022,6717.96269288346,4695.93535612066,9610.65673192253,8.8125402168498,0.18270112307857,index,0.4,2
2023,8179.47766905068,5755.07751161209,11625.1874633324,9.00938357291872,0.179363389357059,index,0.4,2
2024,5487.19031051293,3809.13218479258,7904.49268838554,8.61017162034905,0.186235540077283,index,0.4,2
2025,9352.80531829618,6864.43342077962,12743.217387344699,9.14343161132389,0.157820669428888,index,0.4,2
2003,29921.5485193843,23966.4127332274,37356.4068917421,10.3063341860762,0.113229389987481,index,0.4,2
2004,38055.084280893,30452.3715540916,47555.883687203,10.5467899754118,0.113711692416118,index,0.4,2
2005,31139.821849752,25575.4309439878,37914.8451870855,10.346242724426,0.100438214730507,index,0.4,2
2006,35410.5274448311,29339.3297971782,42738.0401184809,10.4747644403588,0.0959610651207006,index,0.4,2
2007,39779.2366798314,33164.1976491315,47713.7329710578,10.5911003636827,0.09279465140658,index,0.4,2
2008,30230.3966708379,25035.0152244918,36503.9475583047,10.3166032094485,0.0962122151446629,index,0.4,2
2009,28491.7600920129,23217.3622293024,34964.367834873,10.2573702048751,0.104448120870307,index,0.4,2
2010,34991.6455159713,28729.6349039053,42618.5456240851,10.4628646124346,0.100603975344535,index,0.4,2
2011,32443.2047998168,27040.8776636394,38924.8289488099,10.3872462949594,0.0929309460740845,index,0.4,2
2012,41660.5345823739,34688.6083423508,50033.7207120013,10.6373095467627,0.0934419846574213,index,0.4,2
2013,42069.2701128572,33757.4882083705,52427.5821975908,10.6470728270843,0.112305779233415,index,0.4,2
2014,37488.989146845,31110.9493092028,45174.5876760028,10.5318025460921,0.0951484024895725,index,0.4,2
2015,32058.2421713057,26665.8220193131,38541.129179132004,10.3753095953187,0.0939668517181413,index,0.4,2
2016,32487.791310358,26836.2187621444,39329.5565809823,10.388619645754,0.0975078862650004,index,0.4,2
2017,40994.888131337,33980.5283082234,49457.1725800429,10.6212026581898,0.0957465121513212,index,0.4,2
2018,39187.2152090214,32542.1517348907,47189.1916781794,10.5761058299555,0.0948049693732065,index,0.4,2
2019,27982.6273300931,21786.9000175012,35940.2866707001,10.2393391441004,0.12769366914314,index,0.4,2
2021,33357.6308245364,27624.8637060341,40280.0732726514,10.4150418355016,0.0962111201529027,index,0.4,2
2022,35995.9171296319,29684.3516065575,43649.4644443269,10.491160797940699,0.0983617533055445,index,0.4,2
2023,42321.9772445364,35085.2505474027,51051.360042793,10.65306178672,0.0956781243858876,index,0.4,2
2024,32619.6811180819,26882.4625789689,39581.3290214636,10.3926711004706,0.0986965565463186,index,0.4,2
2025,46695.3855676896,39005.9590375124,55900.6645937926,10.7514006286612,0.0918031763885287,index,0.4,2
2003,19225.484863745,14951.740891194,24720.8181934037,9.8639920145367,0.12827225240307,index,0.4,2
2004,25152.90166509,19676.8551454671,32152.9257341425,10.1327285432302,0.125272804423421,index,0.4,2
2005,20899.8635773554,16785.9543027537,26022.0115981379,9.94749791053234,0.111838865389925,index,0.4,2
2006,23914.5473527531,19294.5902960038,29640.7213790654,10.082242228599,0.109523537286008,index,0.4,2
2007,26990.0614391519,21817.8706813714,33388.3827220211,10.2032239823767,0.108542460508371,index,0.4,2
2008,20185.5974456708,16367.6414679731,24894.1391486337,9.91272463134645,0.106972908429996,index,0.4,2
2009,18314.1304590828,14589.2994181961,22989.957561223,9.81542819710429,0.116014669901081,index,0.4,2
2010,22928.2332692266,18452.9706347187,28488.848286518,10.0401243240055,0.110789626339307,index,0.4,2
2011,22210.0883670067,18083.0053023007,27279.0953176068,10.0083018955841,0.10488664822444,index,0.4,2
2012,28763.9153128803,23408.4207944774,35344.6664083272,10.2668769400128,0.105117156241353,index,0.4,2
2013,29061.9684566576,22900.4520337585,36881.281178673,10.2771856724991,0.121570470460471,index,0.4,2
2014,25588.7341621204,20755.2334255449,31547.8656681249,10.1499074618155,0.106815102894305,index,0.4,2
2015,21680.4014290722,17612.1756634962,26688.344194746,9.98416397148328,0.106031657834869,index,0.4,2
2016,21493.0379608154,17234.1456820343,26804.3852772239,9.97548434590008,0.112673721916358,index,0.4,2
2017,28353.4540805419,23059.8442991921,34862.2630693809,10.2525041387905,0.105438721633053,index,0.4,2
2018,26942.5097245018,21974.4662108691,33033.7412198812,10.2014606054063,0.10399383636696,index,0.4,2
2019,18995.6899168625,14392.6368533769,25070.8913935341,9.8519673859341,0.14158186729911,index,0.4,2
2021,22614.4720219732,18360.9282818432,27853.4035416028,10.0263453352752,0.106310684282535,index,0.4,2
2022,24145.5851083582,19403.9433914832,30045.9173922795,10.0918568311206,0.111545539023932,index,0.4,2
2023,28800.7612569566,23260.8373108473,35660.1027682438,10.2681570983079,0.10899724519504,index,0.4,2
2024,21349.5102337648,17138.0847277677,26595.8299577736,9.96878407852314,0.11210697603915,index,0.4,2
2025,31839.026533845,26102.967960484,38835.5688961314,10.3684480658052,0.101350721526129,index,0.4,2
2003,38912.2308454222,31202.3265158138,48527.2054505305,10.5690638978078,0.11266327377313,index,0.4,2
2004,49572.4665234289,39858.336376504,61654.0894733654,10.8111908481674,0.111279591695444,index,0.4,2
2005,40608.0125412765,33483.674536403,49248.1994698548,10.6117206793516,0.0984239552941787,index,0.4,2
2006,45978.1703810354,38168.4186485256,55385.8982488704,10.7359220058994,0.094980464772937,index,0.4,2
2007,51538.5410409362,43021.0762419855,61742.3236389421,10.8500851764898,0.0921648347410294,index,0.4,2
2008,39287.3573739138,32656.4944370757,47264.6092617108,10.5786580507821,0.0943175622268658,index,0.4,2
2009,37120.0131804675,30341.2254400159,45413.3067644932,10.5219115419773,0.102883982173458,index,0.4,2
2010,45601.8977441452,37580.7100876546,55335.1193475881,10.7277046118327,0.0987051013227899,index,0.4,2
2011,42141.5029322042,35236.717063979,50399.311211668,10.6487883519382,0.0912998590811716,index,0.4,2
2012,54166.9781668038,45250.9961648375,64839.7112195052,10.899826742839,0.0917602469633944,index,0.4,2
2013,54688.2665188562,44058.3095753589,67882.915247165,10.9094044593465,0.110275090693021,index,0.4,2
2014,48773.4470223506,40668.1981592819,58494.0873240804,10.7949413253607,0.0927260055804791,index,0.4,2
2015,41570.4944229407,34689.6618152858,49816.1675881852,10.63514592592,0.0923225815360221,index,0.4,2
2016,42200.8955393325,34948.4242597032,50958.3943209452,10.6501967211101,0.0962099617703362,index,0.4,2
2017,53421.9556159688,44465.2997383938,64182.7528123086,10.8859770943048,0.0936306549228196,index,0.4,2
2018,50969.9296684748,42530.4745325388,61084.0522934129,10.8389911234719,0.09235627752284,index,0.4,2
2019,36406.580358729,28415.8052305678,46644.4319512287,10.5025048163722,0.126432948143706,index,0.4,2
2021,43486.1603623943,36180.6801659054,52266.7383363867,10.6801980138669,0.0938371608076135,index,0.4,2
2022,46760.5557325729,38708.7953158296,56487.1511649676,10.7527953003009,0.0964166583939819,index,0.4,2
2023,54963.4234178292,45689.1252540967,66120.2834811705,10.9144232142181,0.0942913372589417,index,0.4,2
2024,42229.4056098659,34865.1301020337,51149.176639916,10.6508720727606,0.0977720014397129,index,0.4,2
2025,60575.788036698,50741.4842149837,72316.0970365034,11.0116505548729,0.0903850642999073,index,0.4,2
2003,10234.8025377069,7682.71293731237,13634.6605477227,9.23354920506188,0.14634003303823,index,0.4,2
2004,13635.5194225541,10231.5150792635,18172.0291161642,9.52043338935088,0.146536080278423,index,0.4,2
2005,11431.6728858309,8842.66453983836,14778.7066194676,9.34414310529469,0.131022599686675,index,0.4,2
2006,13346.9044165485,10401.812031148,17125.8485512952,9.4990397580301,0.127198487461926,index,0.4,2
2007,15230.7570780467,11896.28352424,19499.8682317712,9.63107215430879,0.126069068015619,index,0.4,2
2008,11128.6367425949,8696.07227844302,14241.6658674332,9.31727695182564,0.12584425699462,index,0.4,2
2009,9685.87737062821,7435.5181893976,12617.3076373643,9.1784241624069,0.134900749236004,index,0.4,2
2010,12317.9810410526,9563.59904919304,15865.6439011351,9.41881534712034,0.129132955675367,index,0.4,2
2011,12511.7902346192,9827.80458595193,15928.7757002089,9.43442669750862,0.123194022629538,index,0.4,2
2012,16257.4717284506,12768.0171132182,20700.5821387682,9.69630788075675,0.123272275742242,index,0.4,2
2013,16442.9720506586,12505.7513696176,21619.7589307269,9.70765343394137,0.139650273708344,index,0.4,2
2014,14304.2762866148,11144.4775519455,18359.9741782503,9.56831381256615,0.127356648980739,index,0.4,2
2015,12168.1491774371,9531.17315408367,15534.6935797639,9.40657709367965,0.124621679465204,index,0.4,2
2016,11779.933731841,9079.99374397156,15282.7020193373,9.37415283170936,0.132820833014064,index,0.4,2
2017,15926.3865959105,12504.5721275526,20284.563711181,9.6757325470368,0.123411920998426,index,0.4,2
2018,15159.7952650485,11918.0800798721,19283.2562743322,9.62640215416114,0.122752405420238,index,0.4,2
2019,10571.7368882266,7716.05618545972,14484.2932902039,9.26593938780821,0.160656386857443,index,0.4,2
2021,12485.9424841152,9763.248411389,15967.9189904432,9.43235868918109,0.125501406175694,index,0.4,2
2022,13380.9465054173,10325.5802003664,17340.4037261252,9.50158707149543,0.132251134995089,index,0.4,2
2023,16159.3150836635,12583.2052142003,20751.7448478417,9.69025194774022,0.127621561114885,index,0.4,2
2024,11739.7857419808,9117.82944450499,15115.7213574199,9.37073884295838,0.128957363357738,index,0.4,2
2025,17958.6240648366,14271.1892445795,22598.8299065282,9.79582572783213,0.117261176150861,index,0.4,2
2003,46696.909739563,37508.5589510702,58136.1012047805,10.7514332688671,0.11179228087057,index,0.4,3
2004,68690.0211288118,54222.5579242286,87017.6395822207,11.1373592148045,0.120669011249497,index,0.4,3
2005,53973.2141275886,44193.7058823813,65916.8038773572,10.8962431678062,0.10199448168861,index,0.4,3
2006,59542.79642487,48982.9362797028,72379.1768188182,10.9944506006296,0.0996055666919448,index,0.4,3
2007,58484.9147975665,48312.0848241009,70799.7858368611,10.9765241332583,0.0974952208423567,index,0.4,3
2008,61722.451438196,51114.38698955,74532.0688736683,11.0304030243888,0.0962169425190379,index,0.4,3
2009,44813.8197229233,36054.3714093979,55701.3854257681,10.7102718467923,0.110965534838064,index,0.4,3
2010,67089.188846804,55464.5410172322,81150.2119655823,11.1137781899607,0.0970829038193873,index,0.4,3
2011,59451.9309838787,49312.8973398372,71675.6120281038,10.9929233823968,0.0954009607969022,index,0.4,3
2012,58850.8784926183,48758.1561831888,71032.7496048152,10.9827620402341,0.0959886370180155,index,0.4,3
2013,68725.0553016508,55124.6295048646,85680.9971992313,11.1378691177134,0.112510856182267,index,0.4,3
2014,64404.8160885637,53112.1639160483,78098.50003397,11.0729436932802,0.0983601934386584,index,0.4,3
2015,52836.395139571,44141.4177008592,63244.1094271998,10.8749555341207,0.0917372655643142,index,0.4,3
2016,55471.0020088313,45990.8537373142,66905.3042902582,10.9236156768636,0.0956231106478958,index,0.4,3
2017,62467.4634074424,51928.4915491743,75145.3367534264,11.0424011146919,0.0942763374763194,index,0.4,3
2018,69255.4520080078,57559.1400850933,83328.5143895959,11.1455571503081,0.0943838408921922,index,0.4,3
2019,64493.9447784301,50220.4508509006,82824.2049326129,11.0743266189727,0.127629390518224,index,0.4,3
2021,50909.9330329539,42182.7139224417,61442.7342485655,10.8378133314949,0.0959443844699826,index,0.4,3
2022,74005.3114877237,60614.406062831,90354.5292965164,11.2118921464716,0.101840789132547,index,0.4,3
2023,67490.5927191748,56020.1810845094,81309.6283768539,11.1197435000248,0.0950406334951778,index,0.4,3
2024,60009.1860073572,49519.4968193027,72720.9005860067,11.0022529296082,0.0980279152974105,index,0.4,3
2025,70189.9655204667,58980.0075400094,83530.5295005652,11.1589606384929,0.0887806253870521,index,0.4,3
2003,10201.938126745,7827.67744229058,13296.3503298722,9.23033299364827,0.135161601797632,index,0.4,3
2004,14602.8355452685,10920.6713370656,19526.5290365798,9.5889710042684,0.14824674402071,index,0.4,3
2005,11685.8435367785,8992.88484925517,15185.220477651,9.36613343407887,0.133647589853061,index,0.4,3
2006,12771.245745925,9909.05312934381,16460.1719027828,9.4549514968078,0.129465348873098,index,0.4,3
2007,12557.5876487033,9884.43445405821,15953.670216319,9.43808035538907,0.122126649187178,index,0.4,3
2008,13346.0087161272,10476.3084997749,17001.7853764779,9.49897264655245,0.123523184623233,index,0.4,3
2009,10180.5428434852,7840.28550714232,13219.3467308838,9.2282336131902,0.133269328335528,index,0.4,3
2010,14644.1531203014,11569.0182308082,18536.6827445867,9.59179643036556,0.120262652969385,index,0.4,3
2011,12446.2043188906,9836.64823353191,15748.0473297306,9.42917098142464,0.120053571358656,index,0.4,3
2012,13000.7057726349,10237.6484568714,16509.4895862711,9.4727589251727,0.121906166500753,index,0.4,3
2013,14459.9851081659,11020.6580631889,18972.6573612499,9.57914046584818,0.138580949299948,index,0.4,3
2014,13759.9678745038,10738.905602167,17630.913514052,9.52951877678285,0.126476973611234,index,0.4,3
2015,11985.6726166873,9661.58947587808,14868.8110204924,9.39146726683627,0.109978455139562,index,0.4,3
2016,12276.078332552,9608.6812456127,15683.9523941709,9.41540779667007,0.124994914885294,index,0.4,3
2017,13539.57379175,10652.7533852835,17208.7019976916,9.51337206825665,0.122348368947214,index,0.4,3
2018,15024.8130945125,11700.5836111788,19293.4827891284,9.61745831969293,0.127586180575896,index,0.4,3
2019,13621.6064506155,10160.1058809091,18262.4240800578,9.51941252066417,0.149588655990269,index,0.4,3
2021,11229.6376741409,8876.87941289986,14205.9789737854,9.32631178311056,0.119954462534337,index,0.4,3
2022,16781.9452926542,13008.7072769203,21649.6291145936,9.72805890254234,0.129943561098483,index,0.4,3
2023,15077.1284550311,12010.4964488497,18926.7615554126,9.6209342026757,0.116021495271913,index,0.4,3
2024,14088.2992585961,11137.3917000078,17821.0645136616,9.55309989204271,0.119918807728044,index,0.4,3
2025,15744.1044835603,12605.1306288148,19664.7566208182,9.66422125567501,0.113452111674911,index,0.4,3
2003,14389.3145496646,11380.7242167345,18193.2510854391,9.57424116495012,0.119678127615135,index,0.4,3
2004,20519.3261929657,15987.774994954,26335.2935318528,9.92912246214546,0.127320102691706,index,0.4,3
2005,16121.9346671863,13035.491185656,19939.1625302952,9.68793602543404,0.108422919702762,index,0.4,3
2006,17098.2495760543,13838.7818284552,21125.4243465212,9.74673137327777,0.10791074112761,index,0.4,3
2007,17213.9391015865,13924.6996807874,21280.1501063593,9.75347474747727,0.10819344207157,index,0.4,3
2008,17782.122382275,14440.988955682,21896.2757598254,9.78594887102581,0.106187141871069,index,0.4,3
2009,13215.4798056525,10337.7997435482,16894.2048430186,9.48914413403365,0.125299138816262,index,0.4,3
2010,19042.5146766262,15288.884518265,23717.712353463,9.85442937297665,0.112016360215084,index,0.4,3
2011,16931.2098395621,13707.6563852046,20912.8284642951,9.73691393385936,0.107759183117345,index,0.4,3
2012,16779.9410394375,13584.3005161448,20727.3404289283,9.72793946627471,0.10779250885862,index,0.4,3
2013,19224.3809855281,15222.3751623149,24278.5255478181,9.8639345954434,0.119090413243095,index,0.4,3
2014,18783.6772670023,15169.6963059002,23258.641739167,9.84074354120905,0.109026742399015,index,0.4,3
2015,14692.5468053707,11963.3840266451,18044.3034468521,9.59509562414589,0.104843605756011,index,0.4,3
2016,16013.094481726,13043.8890253347,19658.1858663969,9.68116207161894,0.104638168905646,index,0.4,3
2017,17531.2083866894,14249.1883786476,21569.1770878744,9.77173790803752,0.105758412645421,index,0.4,3
2018,19252.0284622023,15645.8362508195,23689.4080934813,9.86537170882427,0.105824190725675,index,0.4,3
2019,19025.6847020763,14662.3312596169,24687.5256037748,9.85354517167893,0.132914782686721,index,0.4,3
2021,15147.7552203836,12248.2905368638,18733.5928655567,9.6256076296875,0.108402997779238,index,0.4,3
2022,21250.7718432704,17048.8702430696,26488.2832408387,9.96414849572919,0.11240475761505,index,0.4,3
2023,19280.3720684544,15722.8786100054,23642.791903353,9.86684286613468,0.104068595565813,index,0.4,3
2024,17544.5937564051,14297.1682726138,21529.6318968913,9.77250113336937,0.104432714702494,index,0.4,3
2025,19791.4936747658,16262.541577571,24086.22416182,9.89300751198722,0.100199714926249,index,0.4,3
2003,22105.6570631535,17251.5993725281,28325.4939812653,10.003588830458,0.126496556571472,index,0.4,3
2004,33567.8593905776,25937.418862304,43443.073115622,10.4213243223937,0.131575057327581,index,0.4,3
2005,26165.4359236241,20938.5706947385,32697.0759873936,10.1721945792303,0.11369920879616,index,0.4,3
2006,29673.3011028908,23906.4918643097,36831.2006353946,10.2980029677258,0.110255924227546,index,0.4,3
2007,28713.3880472767,23142.6058020309,35625.1435212685,10.2651187754621,0.110047007225262,index,0.4,3
2008,30594.3203397937,24796.1045050536,37748.366355818,10.3285696609022,0.107210040160678,index,0.4,3
2009,21417.7970737857,16896.8514776314,27148.373299081,9.97197749435182,0.120969015638115,index,0.4,3
2010,33402.5210498763,27078.4960051199,41203.4853145638,10.4163866566515,0.107089452549865,index,0.4,3
2011,30074.516825426,24386.678487879,37088.9607919499,10.3114334750588,0.106961749366353,index,0.4,3
2012,29070.2316805455,23584.7694792143,35831.5297804958,10.2774699632682,0.106692542969797,index,0.4,3
2013,35040.6892079569,27513.7447124621,44626.7824681998,10.4642652140337,0.123381985293068,index,0.4,3
2014,31861.1709470578,25735.9523972377,39444.2062391518,10.3691433356781,0.108930122237765,index,0.4,3
2015,26158.175717513,21268.1304536101,32172.5578259345,10.1719170675704,0.105589725525412,index,0.4,3
2016,27181.8291945534,22041.3946282121,33521.1020366277,10.2103039847252,0.106954233838797,index,0.4,3
2017,31396.6812290031,25577.8402449482,38539.2817671667,10.3544574729666,0.104581428234812,index,0.4,3
2018,34978.6104512933,28583.174365794,42805.0143572407,10.4624920236925,0.103021540440095,index,0.4,3
2019,31846.6536257378,24158.2685109548,41981.8724466042,10.3686875887846,0.140974838862589,index,0.4,3
2021,24532.5401384294,19831.1757412216,30348.4540451447,10.1077556842122,0.108545450375214,index,0.4,3
2022,35972.5943517995,28871.7731010868,44819.8155294594,10.490512659521,0.112192353406139,index,0.4,3
2023,33133.0921956896,26679.3858209022,41147.9411789151,10.408287826154,0.11053333035928,index,0.4,3
2024,28376.2929923559,22572.1527971038,35672.8935527736,10.2533093217581,0.116755754277327,index,0.4,3
2025,34654.3673621406,28431.3149865643,42239.5227880845,10.4531790388728,0.100987866804798,index,0.4,3
2003,42508.8434860068,34374.2752387066,52568.4327005994,10.6574674152901,0.108371207932313,index,0.4,3
2004,62119.9446266169,49415.9399505188,78089.934629958,11.0368223858684,0.116733810152168,index,0.4,3
2005,48868.5316415951,40278.9574629655,59289.8509600541,10.7968889436003,0.098626546649646707,index,0.4,3
2006,52868.8594094406,43780.8887323529,63843.2972967422,10.8755697755041,0.0962349850092525,index,0.4,3
2007,52306.1063000855,43510.981765183,62879.0398488571,10.8648683984974,0.0939301744123918,index,0.4,3
2008,54873.3201542285,45740.3366370578,65829.8885869798,10.9127825376853,0.0928826814042506,index,0.4,3
2009,41030.6000989018,33175.1539577545,50746.113993014,10.622073411186,0.108428987928529,index,0.4,3
2010,60083.1087305863,49974.4918357072,72236.4514800749,11.0034840282849,0.0939895012312067,index,0.4,3
2011,52629.028920488,43933.5416210849,63045.5588807857,10.8710231271133,0.092139332748332,index,0.4,3
2012,52464.2833379203,43713.2810501414,62967.1568923028,10.8678878996859,0.0931040835562692,index,0.4,3
2013,60358.9004785036,48828.023585439,74612.8268042439,11.008063696654,0.108167301800251,index,0.4,3
2014,57587.4203068056,47780.3405209623,69407.4370637384,10.9610594253805,0.095251687861218,index,0.4,3
2015,46750.8091394392,39330.1154277919,55571.6181205975,10.7525868423625,0.088185825581873,index,0.4,3
2016,49275.3963878146,41070.3246714067,59119.685773185,10.8051801763887,0.0929298015617008,index,0.4,3
2017,55447.1892633637,46362.8994083328,66311.4437716704,10.9231863019241,0.0912932414442749,index,0.4,3
2018,61138.3179176671,51078.3034197637,73179.6803641571,11.0208940830884,0.091725658782544,index,0.4,3
2019,56804.8368488375,44610.5411502382,72332.4444452703,10.9473767568731,0.12329374418966,index,0.4,3
2021,45847.9387810501,38176.3196324683,55061.187424761,10.7330855209718,0.0934276471155617,index,0.4,3
2022,66439.8146483521,54728.7183440852,80656.903798743,11.1040517739634,0.098934424011918,index,0.4,3
2023,59111.0687775984,49372.7437175604,70770.1899659105,10.9871734748189,0.0918484584099892,index,0.4,3
2024,53781.1231060174,44636.0990975803,64799.7755409006,10.8926778129447,0.0950933828299189,index,0.4,3
2025,61769.1531938773,52095.3782780922,73239.2855642856,11.0311593795767,0.0869035685285201,index,0.4,3
2003,4188.06625355616,2723.88711324138,6439.28996136105,8.33999439172111,0.219483199816413,index,0.4,3
2004,6570.07650219487,4206.49649658078,10261.7238073965,8.79028075558055,0.227501813791317,index,0.4,3
2005,5104.68248599348,3400.48543932729,7662.95981786751,8.53791353199327,0.207269142959876,index,0.4,3
2006,6673.93701542945,4553.30128591573,9782.22886846847,8.80596522196224,0.195083898877018,index,0.4,3
2007,6178.80849748121,4190.55096200998,9110.41884340529,8.72888073210315,0.198112432871879,index,0.4,3
2008,6849.13128396753,4704.04631678501,9972.3931666310309,8.8318771033552,0.191686566964166,index,0.4,3
2009,3783.21962402147,2491.87129392611,5743.77607642426,8.23833067846505,0.213035265386104,index,0.4,3
2010,7006.08011621767,4787.9781150118,10251.7508258785,8.85453363906425,0.194223029708226,index,0.4,3
2011,6822.90206339067,4715.37887366244,9872.37586074682,8.82804018281979,0.188501237231507,index,0.4,3
2012,6386.59515469761,4402.78578625712,9264.27031660833,8.76195656572165,0.189780942840451,index,0.4,3
2013,8366.15482314717,5573.07994168824,12559.0422633819,9.03194965806413,0.207272444463075,index,0.4,3
2014,6817.39578175809,4650.47748276624,9994.00285612979,8.82723282773206,0.195160550384428,index,0.4,3
2015,6085.58600013197,4217.81620789428,8780.45773917005,8.71367830318944,0.187047067841215,index,0.4,3
2016,6195.60562101681,4284.2386849144,8959.70832492076,8.73159554893267,0.188216419482208,index,0.4,3
2017,7020.27414407896,4868.7823998394,10122.4998389021,8.85655754812045,0.186716892125397,index,0.4,3
2018,8117.13409034052,5667.05147115851,11626.4809267912,9.0017324263168,0.183323872485031,index,0.4,3
2019,7689.10792959255,4967.21251018357,11902.5269467962,8.94756005181656,0.222935705276812,index,0.4,3
2021,5061.99425190384,3469.52070458509,7385.39642448159,8.52951580556587,0.192730106585921,index,0.4,3
2022,7565.49683937162,5127.07337455867,11163.6284962411,8.93135330012293,0.198505186885269,index,0.4,3
2023,8379.52394157642,5856.80340595763,11988.8643378446,9.03354638298135,0.18275190051216,index,0.4,3
2024,6228.06290133984,4270.05419670761,9083.90519561869,8.73682063266844,0.192574372318126,index,0.4,3
2025,8420.81232658977,6055.55838361112,11709.9160387189,9.03846157842489,0.16823253421614,index,0.4,3
2003,28225.8776137604,22716.3847737374,35071.6091051623,10.2479944820247,0.110794251546324,index,0.4,3
2004,40454.2877935856,31833.1655475659,51410.1997943268,10.6079279191824,0.122279773528039,index,0.4,3
2005,32106.5929987651,26240.8921985413,39283.4704776408,10.3768166773982,0.10293170437863,index,0.4,3
2006,34734.5238984918,28479.311880672,42363.6341885669,10.4554893963537,0.101306041426828,index,0.4,3
2007,34509.60047199,28481.9938243864,41812.8215348712,10.4489928388587,0.0979433649897108,index,0.4,3
2008,36051.4929965329,29723.3120145774,43726.962413934,10.4927035564612,0.0984796785873796,index,0.4,3
2009,27052.0639856932,21694.3308480831,33732.9678896596,10.2055185839772,0.112610400783901,index,0.4,3
2010,38963.5861551173,32020.5304652605,47412.1141657639,10.570382800623,0.100129517211695,index,0.4,3
2011,34063.011294978,28130.8537691502,41246.1259798034,10.4359673617877,0.097626849999766993,index,0.4,3
2012,34336.0991079066,28311.3317715266,41642.9616049959,10.4439525318401,0.0984380906591744,index,0.4,3
2013,39121.2176036562,31328.668238626102,48852.0499861421,10.5744202485022,0.113334415711846,index,0.4,3
2014,37737.4882396358,30971.4557505652,45981.6299920183,10.538409262379,0.100812049042993,index,0.4,3
2015,30646.6168384451,25559.8073909293,36745.7825200895,10.3302775547971,0.0926043454531989,index,0.4,3
2016,32907.7976063703,27210.7074995292,39797.6841771044,10.4014649179834,0.0969911113626736,index,0.4,3
2017,36063.7345968592,29799.6801200008,43644.5273182571,10.493043057586,0.0973436863550713,index,0.4,3
2018,39802.2805561879,32812.5007044105,48281.0362960403,10.5916794900377,0.0985296927694533,index,0.4,3
2019,37828.8447810191,29527.3014931029,48464.3507907656,10.5408271800479,0.126408746956138,index,0.4,3
2021,30435.8159239418,25139.7124945391,36847.6326512203,10.3233753493067,0.097538171574398,index,0.4,3
2022,43910.5412181318,35748.6731583403,53935.8655782561,10.6899096891034,0.104920936172343,index,0.4,3
2023,39739.2174767086,33063.5250117908,47762.7659209956,10.5900938248377,0.093832251980769,index,0.4,3
2024,36055.6659538813,29828.7417337615,43582.497008463,10.4928192996804,0.0967321878318533,index,0.4,3
2025,41208.4884607049,34492.5333027783,49232.0905023021,10.6263995447159,0.0907676837582669,index,0.4,3
2003,18471.0321258027,14284.49214987,23884.5752591588,9.82395895283408,0.131139751605257,index,0.4,3
2004,28235.7333352264,21709.7453875794,36723.444828337,10.2483435943295,0.134097902556256,index,0.4,3
2005,21866.6211288239,17341.7514668018,27572.1354043662,9.9927166037386,0.118290107890271,index,0.4,3
2006,24808.2725263785,19814.7497024443,31060.214990611,10.1189324461431,0.11467076644897,index,0.4,3
2007,23975.3143255766,19139.2441556336,30033.3541040597,10.0847800102216,0.114942844905647,index,0.4,3
2008,25670.9584416632,20667.5885629012,31885.5828442665,10.1531156102022,0.110611026358495,index,0.4,3
2009,17761.7557372301,13878.2672973548,22731.9419715426,9.7848028707382,0.125881639101801,index,0.4,3
2010,28125.6026916865,22643.9077078328,34934.3203910414,10.2444355683149,0.110608894176463,index,0.4,3
2011,25388.9196889006,20440.8591096813,31534.7432077426,10.142068125109,0.110602568505452,index,0.4,3
2012,24514.7793847114,19746.3693653195,30434.6787585448,10.1070314548489,0.110362502948336,index,0.4,3
2013,29603.8376979945,23060.0651186672,38004.5417018256,10.2956592838673,0.127452171641378,index,0.4,3
2014,26667.3278489282,21392.7889385462,33242.3405216165,10.1911944190153,0.112443515298187,index,0.4,3
2015,22189.7783011261,17947.4671219785,27434.8607358722,10.0073870249405,0.108258493556538,index,0.4,3
2016,22563.204402461,18087.2238124292,28146.8399012894,10.0240757346416,0.112815661455824,index,0.4,3
2017,26403.7288105834,21358.8957170089,32640.1188684891,10.1812605219857,0.108184094484604,index,0.4,3
2018,29453.1714518202,23874.1671407593,36335.8982726268,10.2905568726474,0.107147168886809,index,0.4,3
2019,26665.0999974105,20073.0325725758,35422.0297955039,10.1911108731649,0.144889572078574,index,0.4,3
2021,20474.1171090122,16417.1892847941,25533.5711930791,9.92691678735259,0.112671761860079,index,0.4,3
2022,30094.7702695923,24010.4857664731,37720.8194115004,10.3121066904453,0.115237204038643,index,0.4,3
2023,27751.3752424662,22093.59199007,34858.0180259645,10.2310406762337,0.116327538552668,index,0.4,3
2024,23953.5200534757,18955.0425901943,30270.1046553745,10.0838705671322,0.119413057647801,index,0.4,3
2025,28981.4770597617,23579.6194805172,35620.8467765769,10.2744121828216,0.10524384522886,index,0.4,3
2003,36873.8660854661,29788.4070579694,45644.6696677299,10.5152583429447,0.108871271474627,index,0.4,3
2004,53938.2338850251,42876.5447715112,67853.7202598644,10.8955948539446,0.117101458128585,index,0.4,3
2005,42291.0990452622,34764.1107405685,51447.8012051957,10.6523319184301,0.0999972891993119,index,0.4,3
2006,45488.2122191809,37535.7623002947,55125.4943044275,10.7252084992682,0.0980421486977616,index,0.4,3
2007,45003.098649425,37256.2465576259,54360.7871210884,10.7144866252579,0.096385303085674,index,0.4,3
2008,47089.044472998,39033.1395992261,56807.5776672584,10.7597956515261,0.0957310212839335,index,0.4,3
2009,35437.860616732,28530.1208081635,44018.1089149674,10.4755360365519,0.110624664349902,index,0.4,3
2010,51301.383691218,42386.8514374903,62090.7635122378,10.8454730033335,0.097389298639527,index,0.4,3
2011,45119.7641328206,37497.7651533426,54291.0519353951,10.7170756586055,0.0944094104755893,index,0.4,3
2012,45474.9985790766,37811.6588998024,54691.4776007837,10.7249179721401,0.0941574452602749,index,0.4,3
2013,51626.7646561554,41558.4176036676,64134.3675372959,10.8517955118807,0.110685779987556,index,0.4,3
2014,49831.1559777135,41226.2421120229,60232.123493765,10.8163956894353,0.0967188243709621,index,0.4,3
2015,40336.8597708873,33783.1189188861,48161.9906108383,10.6050209644248,0.0904631153346453,index,0.4,3
2016,43095.7695807412,35870.271650912,51776.7295946619,10.6711801176954,0.0936323194910279,index,0.4,3
2017,47608.0828930373,39594.5087378028,57243.5327272123,10.7707578344809,0.0940385213936551,index,0.4,3
2018,52978.1421908889,44188.9275520374,63515.5389705456,10.8776346959766,0.092555357443553,index,0.4,3
2019,49476.9259435232,38797.3030156248,63096.2982100847,10.8092616973235,0.124061302122181,index,0.4,3
2021,39880.0368485555,33099.9198328031,48048.9785798812,10.5936311480612,0.0950757310534941,index,0.4,3
2022,57770.4636626968,47421.6102529993,70377.7550782745,10.9642329147548,0.100715931524615,index,0.4,3
2023,51741.455127225,43210.3256944595,61956.9081152727,10.8540145791796,0.0919301651583616,index,0.4,3
2024,46792.0288849028,38833.4798064622,56381.6062345572,10.753468144427,0.0951191505275663,index,0.4,3
2025,53706.2416961521,45224.9170502447,63778.1246546234,10.8912845064455,0.0876960146699381,index,0.4,3
2003,9823.04365409681,7238.64053883189,13330.1531016296,9.19248629773471,0.155766944328482,index,0.4,3
2004,14751.7872437865,10685.630582981,20365.2208632907,9.59911952349786,0.164525646546735,index,0.4,3
2005,11682.1150823265,8832.53325776509,15451.0386560665,9.36581432580379,0.142664448631673,index,0.4,3
2006,14054.5842056892,10741.4281695302,18389.6716597833,9.5507038995298,0.137166073330607,index,0.4,3
2007,13481.8161481416,10357.9159449814,17547.8704034432,9.50909710448177,0.134487559258952,index,0.4,3
2008,14633.4069651983,11326.038306818,18906.5755922976,9.59106234217281,0.13071807202777,index,0.4,3
2009,9375.95910619129,7057.18184959796,12456.6166827598,9.14590415026625,0.144953209934013,index,0.4,3
2010,15787.805155586,12242.2132192633,20360.2720493826,9.66699309540851,0.129771638217284,index,0.4,3
2011,14332.1668510578,11062.1128601575,18568.8764201992,9.57026172021152,0.132135299037369,index,0.4,3
2012,13375.8799135411,10249.8485473814,17455.2982548392,9.50120835752858,0.135813796088141,index,0.4,3
2013,17098.2906454956,12771.3714865605,22891.162731073,9.74673377524247,0.14886622161429,index,0.4,3
2014,14573.6601108503,11137.4115430789,19070.101540656,9.58697107634789,0.137199432735243,index,0.4,3
2015,12499.5353686837,9705.19729259556,16098.4243516797,9.43344675209425,0.129099274134446,index,0.4,3
2016,12375.2324280902,9445.91404004611,16212.9760021094,9.42345236932841,0.13781621559769,index,0.4,3
2017,14859.3805144053,11543.2015424962,19128.2451804215,9.60638662927392,0.12884660108794,index,0.4,3
2018,16277.3098171189,12523.5672029904,21156.1778355939,9.69752738125342,0.133757486812341,index,0.4,3
2019,15017.0188349066,10787.6355977165,20904.567330368,9.61693942591846,0.168770203596776,index,0.4,3
2021,11029.8961843983,8468.09227205383,14366.7081002529,9.30836470009068,0.134851544937565,index,0.4,3
2022,16234.8478250269,12350.4808068074,21340.89255509,9.69491531122704,0.139525542489808,index,0.4,3
2023,15749.1375919498,11979.920250296,20704.2559305885,9.66454088668793,0.139570764617063,index,0.4,3
2024,13217.1571224543,10006.9784197497,17457.1419135742,9.4892710465932,0.141958259547221,index,0.4,3
2025,16483.7238243146,12869.231840729,21113.3931285897,9.71012873815156,0.126295241815783,index,0.4,3
2003,43671.2323382323,36543.1844730674,52189.6644050129,10.6844448654135,0.0909174302967985,index,0.6,1
2004,62380.5287287914,51897.1094716492,74981.6397117332,11.0410084660603,0.0938742212083979,index,0.6,1
2005,53450.2889289831,45888.6852883551,62257.9045060757,10.8865073220323,0.0778246260920306,index,0.6,1
2006,60474.1194087686,51823.0929749599,70569.2946585236,11.0099707741282,0.0787665671996248,index,0.6,1
2007,61820.2710514965,53479.8640433884,71461.3991871763,11.0319866002041,0.0739432521873056,index,0.6,1
2008,58763.6486064002,50583.7831197582,68266.2739827314,10.9812787217297,0.0764771244315424,index,0.6,1
2009,50444.7038166445,43081.4709893095,59066.4172952784,10.8286330414137,0.0805039105023121,index,0.6,1
2010,56201.6466155929,48153.6450074335,65594.7245907633,10.9367013346624,0.0788530913993425,index,0.6,1
2011,59380.7556154633,51329.8126660727,68694.4672952995,10.9917254733204,0.0743373187064367,index,0.6,1
2012,61470.0974144064,53087.2079249678,71176.7113741817,11.0263061146469,0.074804865274862,index,0.6,1
2013,63446.6999552814,53452.0397329625,75310.1987375253,11.0579554616289,0.0874584358392387,index,0.6,1
2014,63051.6514328429,54637.5430189065,72761.5212681334,11.0517095334821,0.0730794076265588,index,0.6,1
2015,49312.1256496104,42785.7227532135,56834.0460229883,10.80592528617,0.0724327293270141,index,0.6,1
2016,61503.6548266682,53140.1353357773,71183.476164224,11.0268518801047,0.074574897890575,index,0.6,1
2017,58227.1347317086,50484.5373423819,67157.1811398637,10.9721067575705,0.0727994909899406,index,0.6,1
2018,64135.0298713452,55565.3637222411,74026.3678855739,11.0687459814912,0.0731802477681504,index,0.6,1
2019,58315.2811139655,48223.6762802851,70518.7217920813,10.9736194497251,0.0969477310064957,index,0.6,1
2021,53433.6372946674,46171.2434404502,61838.3517918578,10.8861957385222,0.0745336612062781,index,0.6,1
2022,59238.8833956736,50866.4555399889,68989.381483587,10.9893334193802,0.0777435003991668,index,0.6,1
2023,61111.8685085183,52677.0325996317,70897.3206783965,11.0204613735714,0.0757802435436412,index,0.6,1
2024,62017.9543188014,53281.7119910865,72186.6192762793,11.0351792078925,0.077466102656585,index,0.6,1
2025,69433.9796952392,60251.0492411031,80016.4909498367,11.1481316476385,0.0723770348670236,index,0.6,1
2003,9491.01238907669,7652.66647057143,11770.9711400608,9.15810056547962,0.109844437369723,index,0.6,1
2004,13251.6519394612,10422.4613238674,16848.8300093268,9.49187749831944,0.12253235329648,index,0.6,1
2005,11529.4498961656,9424.38021036911,14104.7169088042,9.35265990147145,0.102861406169096,index,0.6,1
2006,12758.380459513,10303.7341460954,15797.7942405828,9.45394362560769,0.109023421002005,index,0.6,1
2007,13237.1900620882,10893.1636085546,16085.611768673,9.49078557600672,0.0994379988457018,index,0.6,1
2008,12761.1262917462,10431.5439245866,15610.9532214186,9.45415882038167,0.102843346942277,index,0.6,1
2009,11423.6277197775,9292.36710512014,14043.7058505969,9.34343909649389,0.105354229648534,index,0.6,1
2010,12612.1162889725,10334.1319017423,15392.2437606732,9.44241324112455,0.101637463784498,index,0.6,1
2011,13223.2880999803,10964.3448152655,15947.633088995,9.48973480411197,0.0955787447589013,index,0.6,1
2012,13497.4542788916,11055.0878649841,16479.4051603888,9.51025637471064,0.101843878274952,index,0.6,1
2013,14043.8500306015,11352.0821377885,17373.8809575288,9.54993985869254,0.108564956306681,index,0.6,1
2014,13189.5674726347,10843.6714977621,16042.9694085704,9.48718145310657,0.0999225179379647,index,0.6,1
2015,10865.5767561209,9022.31294292475,13085.420444847001,9.29335497513998,0.0948481566972904,index,0.6,1
2016,13382.0996231087,10987.9784917477,16297.8650219694,9.50167324387556,0.100571314395664,index,0.6,1
2017,12815.6730582067,10596.4921718966,15499.608103372,9.45842415854319,0.0970149767500483,index,0.6,1
2018,13574.6504100072,11117.6219322032,16574.6897023139,9.51595939198488,0.101875699575726,index,0.6,1
2019,12565.7042358435,9993.04928114394,15800.6748991654,9.43872649582798,0.116880432099175,index,0.6,1
2021,11780.032641321,9694.25672656674,14314.5754176591,9.37416122811184,0.0994264846480307,index,0.6,1
2022,12802.2349786145,10347.7102723348,15838.9842906455,9.45737504236982,0.108601229183947,index,0.6,1
2023,13432.6532895556,11079.9524541598,16284.9231658632,9.50544383437897,0.0982421956457014,index,0.6,1
2024,14021.1605489057,11503.8042258355,17089.3853266971,9.54832293525865,0.100966076379296,index,0.6,1
2025,15069.4044511952,12430.0726791581,18269.1570978879,9.62042177200722,0.098240448274598,index,0.6,1
2003,13254.8411019485,10853.2022750891,16187.9239126647,9.49211813086919,0.101993034801447,index,0.6,1
2004,18825.274544731,15474.0705419175,22902.2454514789,9.8429556366112,0.100019492358084,index,0.6,1
2005,15305.3784078148,12856.305632899,18220.9893647013,9.63595957553089,0.0889658668274679,index,0.6,1
2006,17140.3527886404,14494.2328567865,20269.5580112397,9.74919077470777,0.08555496976151,index,0.6,1
2007,18385.0498378412,15663.6282196353,21579.295218217,9.81929310451991,0.0817343971605714,index,0.6,1
2008,17037.4585491429,14370.6982370396,20199.0876870267,9.74316964308285,0.0868501036859057,index,0.6,1
2009,14673.7334788638,12210.7759788854,17633.4783785284,9.59381433629475,0.0937467320442847,index,0.6,1
2010,16220.434456289,13497.1998694384,19493.1168313294,9.69402711253196,0.0937719203759236,index,0.6,1
2011,16747.9724982583,14140.6915165557,19835.9876866006,9.72603248504659,0.0863386486368266,index,0.6,1
2012,17492.7213246251,14782.4544689464,20699.8979759281,9.76954014908396,0.0858913239151857,index,0.6,1
2013,17547.6209800436,14441.1077354937,21322.3949089761,9.7726736630127,0.0994097555162826,index,0.6,1
2014,17821.4573300469,15068.7645670446,21076.9993753359,9.7881584782672,0.085603190138202,index,0.6,1
2015,13970.8050932814,11847.3115323925,16474.9103136853,9.5447250807466,0.084118298156179,index,0.6,1
2016,18270.2246529823,15557.4369718734,21456.0476429328,9.81302794557353,0.0820085887842539,index,0.6,1
2017,16613.488071595,14101.9089875683,19572.3845720707,9.71797017885067,0.083626395052314,index,0.6,1
2018,18201.251835892,15392.7762621475,21522.1453720619,9.80924565289137,0.0855077183803836,index,0.6,1
2019,16766.4631218439,13674.4048434052,20557.6980377119,9.72713592749577,0.104009473779451,index,0.6,1
2021,15230.4919369001,12841.1742039493,18064.382661255,9.63105474588627,0.0870642140691432,index,0.6,1
2022,17358.0819596867,14682.2295682526,20521.6113750672,9.76181349591713,0.0854201039688172,index,0.6,1
2023,17838.2613092499,15056.505815332,21133.9583326869,9.7891009411406,0.0864992855065063,index,0.6,1
2024,18336.3839498352,15502.4782030896,21688.3373065324,9.81664255896775,0.0856584029576474,index,0.6,1
2025,19641.2037064178,16631.5846418818,23195.4375571366,9.88538486854454,0.084861769941856,index,0.6,1
2003,20925.3788472074,17153.6090575372,25526.4929048127,9.94871800019772,0.10140703127108,index,0.6,1
2004,30303.6022445993,24758.4060692329,37090.768542651,10.3190218703915,0.103114915627108,index,0.6,1
2005,26615.4606250029,22470.1528574266,31525.4973464478,10.189247552427,0.0863813753071267,index,0.6,1
2006,30575.3861606149,25764.7191429655,36284.2782676311,10.3279505904221,0.0873430490503467,index,0.6,1
2007,30198.0311515672,25509.5143490317,35748.2730934717,10.315532007581,0.0860858850609245,index,0.6,1
2008,28965.0637655111,24519.4478209888,34216.7134050202,10.273845684996,0.0850137125218782,index,0.6,1
2009,24347.3426180033,20464.046389833,28967.540498391,10.1001779898245,0.0886512203690299,index,0.6,1
2010,27369.0958703314,23103.0882110085,32422.8259840374,10.2171697678878,0.0864547475676965,index,0.6,1
2011,29409.4950172251,24913.3760605347,34717.028919188,10.2890728609561,0.0846509083132935,index,0.6,1
2012,30479.9218108896,25896.0411654364,35875.1991342183,10.3248234445378,0.0831535990323825,index,0.6,1
2013,31855.2289446361,26379.4900368616,38467.5977320717,10.3689568216111,0.0962337718677555,index,0.6,1
2014,32040.6266301614,27342.675663651,37545.7679227114,10.3747599587364,0.0808973982348525,index,0.6,1
2015,24475.743800208,20838.1987628298,28748.2637722987,10.1054378571395,0.0820906904426706,index,0.6,1
2016,29851.3305505773,25181.7106883128,35386.870521604404,10.303984692386,0.0867931503134831,index,0.6,1
2017,28797.973601907,24504.3812393377,33843.8777733669,10.2680603026037,0.0823755422224348,index,0.6,1
2018,32359.127625446,27608.9449767642,37926.5901526174,10.3846514123865,0.0809996107476356,index,0.6,1
2019,28983.1137562781,23504.9361740414,35738.0627111452,10.274468655109,0.10689121265875,index,0.6,1
2021,26423.1127164463,22440.8523201783,31112.0484937302,10.1819943878074,0.0833464533011771,index,0.6,1
2022,29078.5664573723,24544.5024441597,34450.2003713266,10.2777566339183,0.0864880478098673,index,0.6,1
2023,29840.9539097127,25192.4211885608,35347.2389007985,10.3036370212904,0.0863988016339082,index,0.6,1
2024,29660.4098200602,24897.7621309202,35334.0957339049,10.2975684328608,0.0893053291222829,index,0.6,1
2025,34723.371537626,29674.7215578914,40630.9635825168,10.4551682705582,0.080163429234944,index,0.6,1
2003,39991.4693872085,33601.4145808504,47596.7349499476,10.596421445032,0.088827142090177,index,0.6,1
2004,56683.4236047217,47377.5023324848,67817.2202705859,10.9452370943221,0.0914987903164328,index,0.6,1
2005,47944.0368322528,41321.0273509116,55628.5943292673,10.7777897103726,0.0758498244540939,index,0.6,1
2006,53696.3535519933,46181.6416649982,62433.8650777321,10.8911003741317,0.0769211800729581,index,0.6,1
2007,55125.1688075753,47890.5140418547,63452.7379139817,10.9173616750134,0.0717813944748366,index,0.6,1
2008,53240.365424103,46009.6612214783,61607.4197296806,10.8825721361989,0.0744735400128066,index,0.6,1
2009,46308.3635290618,39688.7255816219,54032.0834522525,10.743077861538,0.0787031939360777,index,0.6,1
2010,51113.6688162525,43951.587134241,59442.839501515,10.8418072319341,0.0770234649178139,index,0.6,1
2011,52835.3313239801,45809.2872151953,60939.0018011188,10.874935399774,0.072804027895162493,index,0.6,1
2012,54933.6429683119,47607.6671625283,63386.9565477299,10.9138812443326,0.0730279450899171,index,0.6,1
2013,56513.1106205017,47856.181133882,66736.0327617931,10.9422279365965,0.0848344010747078,index,0.6,1
2014,55875.299967625,48608.4722291101,64228.4976939138,10.9308777004496,0.0710852756229463,index,0.6,1
2015,43999.2218211856,38360.2128598221,50467.173577589,10.6919272268619,0.0699763617887688,index,0.6,1
2016,54911.0170914731,47633.8667354759,63299.9167328658,10.9134692829838,0.0725370521256929,index,0.6,1
2017,52004.853507879,45281.5386535125,59726.4330850244,10.8590923298979,0.0706327452067518,index,0.6,1
2018,57418.1089149043,49949.856673249,66002.9768039244,10.9581150188747,0.0710931962554539,index,0.6,1
2019,51621.4960054475,42940.1014347554,62058.0473916531,10.8516934539733,0.093946634607461,index,0.6,1
2021,48110.6308596834,41737.8357376413,55456.4643999802,10.7812584474673,0.0724988419889465,index,0.6,1
2022,53392.3525081747,46023.6198002574,61940.8755488905,10.8854228032351,0.0757732217527193,index,0.6,1
2023,54846.4724341327,47479.5437906272,63356.4541338728,10.912293150675,0.0735926331242877,index,0.6,1
2024,56149.6606863318,48376.2356559662,65172.1729158842,10.9357759171623,0.0760278990103871,index,0.6,1
2025,61913.4308612495,53815.6383713602,71229.7212672429,11.0334924118935,0.0715181671907223,index,0.6,1
2003,3679.76295102372,2625.68460779153,5156.99994414633,8.21060361360553,0.172200444639285,index,0.6,1
2004,5697.10512406972,4045.87993399965,8022.23677523107,8.64771345184126,0.174625203569283,index,0.6,1
2005,5506.25209672998,4086.95029386714,7418.44406530697,8.61363947047533,0.152087054326395,index,0.6,1
2006,6777.76585677518,5062.59699118051,9074.02072282182,8.82140280698123,0.148863927755656,index,0.6,1
2007,6695.10224392127,5010.74803151374,8945.64918743642,8.8091315296922,0.147855287830302,index,0.6,1
2008,5523.28318229699,4077.58134651787,7481.55696216743,8.61672774186161,0.154833690752896,index,0.6,1
2009,4136.34028758282,3013.75357596714,5677.07695516884,8.32756668736454,0.161546372186772,index,0.6,1
2010,5087.97779934054,3744.82514659825,6912.87765734483,8.53463574167328,0.156383249415062,index,0.6,1
2011,6545.42429148342,4942.66941591339,8667.90301969326,8.78652150305466,0.143298893979827,index,0.6,1
2012,6536.45444609445,4894.10961913253,8729.9304778222,8.78515016381897,0.14763665234217,index,0.6,1
2013,6933.58933477962,5036.17140619113,9545.87467064163,8.84413289962517,0.163131298015886,index,0.6,1
2014,7176.35146521793,5404.76228238818,9528.63746110577,8.87854638041243,0.144650939812865,index,0.6,1
2015,5312.90382842475,3966.1231828154,7117.0122028467,8.577893825106,0.149160626982548,index,0.6,1
2016,6592.63773519521,4929.40759358363,8817.05792884591,8.79370881071988,0.148336763721142,index,0.6,1
2017,6222.28122382962,4663.19637856612,8302.62774400412,8.7358918747373,0.147163655495636,index,0.6,1
2018,6716.92095644094,5015.93473570292,8994.73966715256,8.81238513750981,0.148987465488416,index,0.6,1
2019,6693.78510851772,4775.66058458881,9382.31649535696,8.80893477915227,0.172272141808172,index,0.6,1
2021,5323.00643498389,3954.29472214264,7165.47437605431,8.57979354207375,0.151653808817976,index,0.6,1
2022,5846.53088749901,4320.63534542402,7911.31874960984,8.67360375364159,0.154312025579513,index,0.6,1
2023,6265.39607438597,4648.77486846119,8444.20069366042,8.7427970855052,0.152267129977929,index,0.6,1
2024,5868.2936324695,4389.8673221986,7844.62664343917,8.67731917762741,0.148097055373612,index,0.6,1
2025,7520.54883398954,5758.98872654137,9820.93514157449,8.92539439752403,0.136164352846223,index,0.6,1
2003,26228.4977058809,21921.5231527074,31381.6739427816,10.1746017973313,0.091520850997659,index,0.6,1
2004,37097.894985558,30738.0384260933,44773.6382290158,10.5213155080521,0.0959503879928788,index,0.6,1
2005,31472.5824466588,26915.6454185815,36801.0289353092,10.3568720472782,0.0798019953020946,index,0.6,1
2006,34966.3664099941,29794.8771489027,41035.4697489663,10.4621419187393,0.0816597498938933,index,0.6,1
2007,36554.9858636054,31580.474421582,42313.0752771464,10.5065728680116,0.074633288478403,index,0.6,1
2008,34446.4696922995,29413.4293290287,40340.7321529651,10.447161794915,0.0805908512745033,index,0.6,1
2009,30080.4609186899,25518.5179269445,35457.9420196434,10.3116311010411,0.0839155420860445,index,0.6,1
2010,33432.7628086649,28441.661771653,39299.7300226135,10.4172916205899,0.0824919788657208,index,0.6,1
2011,34484.6202491585,29633.4054467037,40130.0159668607,10.4482687137461,0.0773540476197758,index,0.6,1
2012,35956.2580162351,30869.8240099483,41880.7859129171,10.4900584235557,0.0778198009171278,index,0.6,1
2013,36653.7565439117,30740.0025659341,43705.1970278366,10.5092711998498,0.0897726186158999,index,0.6,1
2014,36191.0224184323,31112.1459206119,42098.9959044816,10.4965663675661,0.0771508062203545,index,0.6,1
2015,28633.8432578493,24703.3831562222,33189.6637205568,10.262344627918,0.075332580577295,index,0.6,1
2016,36525.0242672246,31496.8936890236,42355.8402581858,10.5057529010191,0.0755670488249136,index,0.6,1
2017,34097.6878045561,29412.8558245719,39528.7122254099,10.4369848546547,0.0754083876668253,index,0.6,1
2018,37106.9871712809,31885.2821685117,43183.8266210918,10.5215605643207,0.0773793586196722,index,0.6,1
2019,34150.8187684283,28216.6620203113,41332.9692121099,10.438541840361,0.0973864354857786,index,0.6,1
2021,31442.1394989716,26997.0810716959,36619.0749898979,10.3559042944496,0.077766869679864,index,0.6,1
2022,35258.4553318755,30133.0724023286,41255.6229179533,10.4704606470477,0.0801453750307952,index,0.6,1
2023,36176.4210145502,31089.6704964666,42095.4425223236,10.496162832402,0.0773136287081695,index,0.6,1
2024,37243.677286807,31910.9187781455,43467.6139376401,10.5252374721338,0.0788453061883532,index,0.6,1
2025,41269.2699397873,35635.2368535066,47794.0598055949,10.6278734327377,0.0748907670384918,index,0.6,1
2003,17442.7346323516,14200.7964519751,21424.7836368586,9.76667848748451,0.104912722337105,index,0.6,1
2004,25282.6337432336,20573.2480137982,31070.036610932,10.1378730257152,0.105168338109339,index,0.6,1
2005,21977.7064823247,18402.0775219519,26248.1006096741,9.99778387685011,0.0905960682061635,index,0.6,1
2006,25507.7529987743,21383.4368586376,30427.543867143,10.1467377241036,0.089984205183968,index,0.6,1
2007,25265.2851878913,21197.8436281112,30113.1873045314,10.1371866055266,0.0895587199966842,index,0.6,1
2008,24317.1789141007,20525.7858570813,28808.8940641647,10.0989383307539,0.0864817469626551,index,0.6,1
2009,20364.242897955,17023.7882069948,24360.1708247589,9.92153584276267,0.0914143795296584,index,0.6,1
2010,22768.883806928,19114.6742359566,27121.6795752755,10.0331501375193,0.0892559941095704,index,0.6,1
2011,24896.1353663049,21035.5335176857,29465.2643659486,10.1224678642346,0.0859707150380563,index,0.6,1
2012,25513.8393981711,21534.1767473272,30228.9708343024,10.1469763054234,0.0865218639693996,index,0.6,1
2013,26792.9434113696,22078.4238331398,32514.178642016,10.195893826282,0.09874554549689,index,0.6,1
2014,26860.6290144108,22799.2282233604,31645.5181719947,10.1984168880611,0.083641804052094,index,0.6,1
2015,20678.282391761,17535.9154791015,24383.7490653393,9.93683926868173,0.0840999631096762,index,0.6,1
2016,24978.6305594437,20944.4514380682,29789.8460826302,10.1257759606974,0.0898725280871517,index,0.6,1
2017,24129.4469271525,20429.1285710054,28500.0021898446,10.0911882378074,0.0849358491273825,index,0.6,1
2018,27028.0427000643,22929.8451916956,31858.7014473636,10.2046302245163,0.0838972559330767,index,0.6,1
2019,24164.462345537,19481.9907814607,29972.3599604892,10.0926383347263,0.109896185989606,index,0.6,1
2021,21991.4977956957,18581.2836522038,26027.5869175879,9.99841119381205,0.0859715266772426,index,0.6,1
2022,23980.4280637979,20088.8025832839,28625.943619034,10.0849932792895,0.0903462651750532,index,0.6,1
2023,24935.4474939681,20920.7549071946,29720.5595344274,10.1240456642386,0.0895672893306004,index,0.6,1
2024,24774.2770319945,20699.7870254675,29650.7786144311,10.11756117742,0.0916764227616186,index,0.6,1
2025,28164.7097554517,23818.1449160267,33304.4776747108,10.2458250461258,0.0855230437045841,index,0.6,1
2003,34544.5282139265,28961.4139087857,41203.9423655611,10.4500044436847,0.0899428647414549,index,0.6,1
2004,49186.3048655045,41015.1702884478,58985.3112716141,10.8033705073399,0.0926921231649479,index,0.6,1
2005,41501.1258749388,35655.7136138462,48304.8374109298,10.6334758353674,0.0774560930155453,index,0.6,1
2006,46553.7971993401,39936.0840226441,54268.1158335011,10.7483638518669,0.0782301600524399,index,0.6,1
2007,47864.9184234043,41488.3236053635,55221.5711936592,10.7761381230732,0.0729456339391563,index,0.6,1
2008,45396.4579394358,38982.5271901724,52865.6950174978,10.7231893620306,0.0777159984961187,index,0.6,1
2009,39797.4596090655,33942.2343518629,46662.743970132,10.5915583603174,0.081196895731385,index,0.6,1
2010,43998.3872785222,37655.0757553232,51410.2825257801,10.6919082594678,0.0794326948535808,index,0.6,1
2011,45725.3947803607,39538.9169816041,52879.8431376513,10.7304091070186,0.0741689144626526,index,0.6,1
2012,47685.9815194128,41229.1082445841,55154.0629979182,10.7723927452008,0.0742324602294899,index,0.6,1
2013,48597.1740570867,41047.305472817,57535.6969021701,10.7913206612245,0.0861445363059446,index,0.6,1
2014,48184.2090540192,41772.4862390961,55580.0770122334,10.7827866333747,0.0728551425728861,index,0.6,1
2015,37934.8545654253,32902.4250298491,43736.9947532576,10.5436256139814,0.072615605160598,index,0.6,1
2016,47697.2337904972,41299.3152149043,55086.2913689263,10.7726286833814,0.0734847611786229,index,0.6,1
2017,45131.2421103708,39157.0935169769,52016.859053694,10.7173300153843,0.0724468119439067,index,0.6,1
2018,49699.4378650226,43114.5486661263,57290.037829849,10.8137489014578,0.0725182336959923,index,0.6,1
2019,44980.1647485449,37341.0584172018,54182.0533901688,10.7139768882132,0.0949650746586793,index,0.6,1
2021,41929.5231746393,36261.9297720772,48482.9385722983,10.6437454681621,0.0740940986694916,index,0.6,1
2022,46389.544025595504,39866.6098247911,53979.754093975,10.7448293685446,0.0773151770695044,index,0.6,1
2023,47453.5264209829,40932.1136972542,55013.9478855688,10.7675061199485,0.0754278707165698,index,0.6,1
2024,48689.3700771281,41868.3810462345,56621.6008182801,10.7932160116753,0.0770064250157023,index,0.6,1
2025,53977.2854194614,46829.0091179524,62216.7198523331,10.8963185966721,0.0724811552501423,index,0.6,1
2003,9126.70412430575,7184.34374214444,11594.2013859928,9.11895991436303,0.122094313527806,index,0.6,1
2004,13194.223863287,10315.1910802405,16876.812266523,9.4875344266911,0.125594898067914,index,0.6,1
2005,11949.1630540445,9676.61281559441,14755.4211802335,9.38841651758847,0.107629178883373,index,0.6,1
2006,13920.3222094284,11253.1865250483,17219.599975792,9.54110508084957,0.108521619953502,index,0.6,1
2007,13955.3526280924,11335.0164877407,17181.4365850317,9.54361841459365,0.106107254371385,index,0.6,1
2008,13367.1906669642,10939.6766553014,16333.3699849698,9.50055852587544,0.102250351590754,index,0.6,1
2009,10647.2442075793,8627.84775749702,13139.2917912032,9.27305637780176,0.107300959239301,index,0.6,1
2010,12203.2593370709,9919.41311015254,15012.9384464681,9.4094583538171,0.105720982225078,index,0.6,1
2011,13655.3608351029,11142.4551279585,16734.9903944399,9.52188745868521,0.103761896945006,index,0.6,1
2012,13784.1158949936,11195.5760903633,16971.154451816,9.53127218610869,0.106123480037324,index,0.6,1
2013,14849.5258981947,11779.2915518742,18720.0069231726,9.6057232176737,0.118178142053852,index,0.6,1
2014,14867.4423788237,12158.5027830088,18179.9393257976,9.6069290259266,0.102626888030103,index,0.6,1
2015,11377.2710841853,9344.41957594718,13852.3635706841,9.33937287964314,0.100429535383363,index,0.6,1
2016,13806.4210361711,11193.6384003016,17029.0708893089,9.53288905540648,0.107036742064774,index,0.6,1
2017,13095.8926213378,10707.9376602559,16016.380463828,9.4800539196693,0.102712773512934,index,0.6,1
2018,14435.5920063224,11752.7624793486,17730.8370639809,9.57745210312461,0.104904226904917,index,0.6,1
2019,13335.1163654202,10359.469983399,17165.4851806378,9.49815616289376,0.128828800061768,index,0.6,1
2021,11504.1141200279,9339.52100908638,14170.3885625256,9.35045999994187,0.106353869510865,index,0.6,1
2022,12849.339370078,10387.9681815063,15893.9187493251,9.46104767811291,0.108493916223488,index,0.6,1
2023,13658.3420875357,11102.5688846615,16802.4454987057,9.52210575588593,0.105702944515879,index,0.6,1
2024,13328.5842416736,10785.8972829256,16470.6888288856,9.49766619910565,0.107997620419843,index,0.6,1
2025,15456.6942757777,12667.0568339846,18860.6872982433,9.64579747494252,0.101551622511175,index,0.6,1
2003,46398.0697021889,38848.8121979083,55414.3293010406,10.7450131361031,0.0906038867202706,index,0.6,2
2004,64436.670541872,53508.7108074304,77596.4221127371,11.0734381683874,0.0948172677621754,index,0.6,2
2005,51826.4730061259,44641.3280199166,60168.0869139097,10.8556563595942,0.0761447733778023,index,0.6,2
2006,56892.3218995571,48732.3115272194,66418.6899756429,10.9489156707553,0.0789902783216206,index,0.6,2
2007,53904.1411807783,46429.756635123,62581.7718423969,10.894962584758,0.0761579021241709,index,0.6,2
2008,63739.1053703639,54810.500371798,74122.1759673034,11.0625535522651,0.0769996215495356,index,0.6,2
2009,47391.3672633447,40523.7623065734,55422.8325123924,10.7661953658505,0.079874713222589,index,0.6,2
2010,60400.9585653043,52136.57800248,69975.3596301251,11.0087602540835,0.0750718895124109,index,0.6,2
2011,58589.553088849,50582.4083204487,67864.2208849382,10.9783116847379,0.074977169336296,index,0.6,2
2012,56934.0591506732,49350.1123252593,65683.479502705,10.9496490201354,0.0729369010397686,index,0.6,2
2013,66766.6896416939,56119.954129461,79433.2588980163,11.108959577095,0.0886306389374587,index,0.6,2
2014,63153.7017078612,54626.1705988477,73012.4406613566,11.0533267437624,0.0740107384682081,index,0.6,2
2015,53894.201235038,46862.099882367,61981.5359118316,10.894778167344,0.0713348028631115,index,0.6,2
2016,68925.7127507687,59604.8434230477,79704.1583430194,11.1407845768,0.0741301690781465,index,0.6,2
2017,54285.3818120476,46963.2948103339,62749.0615890804,10.9020102581136,0.0739241359309629,index,0.6,2
2018,59112.8932776978,51115.4170593701,68361.6480640635,10.9872043399678,0.0741661105612958,index,0.6,2
2019,61243.9462319763,50167.1694121145,74766.4457456802,11.0226202864933,0.101789722724648,index,0.6,2
2021,57883.9548615885,49954.0641833411,67072.6653615459,10.9661955070495,0.075172994204517,index,0.6,2
2022,75427.9881123496,64646.4135254822,88007.6879815479,11.2309336802442,0.0786982689700176,index,0.6,2
2023,62497.6746675457,53958.0165988211,72388.8605448802,11.0428846297131,0.0749621309904864,index,0.6,2
2024,61689.5712506874,52950.7346907149,71870.6401964422,11.0298701721177,0.077936608636986,index,0.6,2
2025,64103.0137995809,55546.9579468697,73976.9832601755,11.0682466589576,0.0730945205891562,index,0.6,2
2003,9929.87612035,7933.67675613513,12428.3409567005,9.20330328166936,0.1145079321848,index,0.6,2
2004,12806.6823879501,10017.7595809946,16372.0353298346,9.45772237523959,0.125312313006868,index,0.6,2
2005,10986.6577856562,8860.40572660614,13623.1514699898,9.30443688701057,0.109741328455953,index,0.6,2
2006,11951.9479360604,9589.7096231732,14896.0776790476,9.38864955127713,0.112350872119025,index,0.6,2
2007,10957.9227571039,8849.37256922981,13568.8796252259,9.30181801307771,0.109040867795006,index,0.6,2
2008,13350.3190268326,10755.9087109466,16570.5216460991,9.49929556068388,0.110249490451598,index,0.6,2
2009,10421.7638162892,8383.28183415033,12955.9238483508,9.25165157317909,0.111051443342192,index,0.6,2
2010,13108.0395578593,10665.9940739548,16109.2064986209,9.48098102765511,0.105188255356929,index,0.6,2
2011,12488.5637514886,10205.2734019133,15282.7090889847,9.43256860463314,0.10301655559203,index,0.6,2
2012,12103.8219949039,9846.85071442539,14878.1078471817,9.40127654905667,0.105292542141041,index,0.6,2
2013,14419.6381689015,11544.4290101239,18010.9353818798,9.57634631821493,0.11346537853082,index,0.6,2
2014,12702.9096542044,10251.0577651368,15741.1964091811,9.44958635283603,0.109415366142811,index,0.6,2
2015,11787.9154105366,9755.42156214538,14243.8693029076,9.37483016793572,0.0965587645096829,index,0.6,2
2016,14502.9845051487,11787.663480229,17843.7872704266,9.58210973517029,0.105767728902948,index,0.6,2
2017,11302.126173536,9138.81607774635,13977.5278280935,9.33274614395122,0.108399961195263,index,0.6,2
2018,12648.4192392866,10272.6076041966,15573.7000201777,9.44528752502613,0.106150598168108,index,0.6,2
2019,12801.0077107845,9968.86636934855,16437.7565452584,9.45727917421391,0.127582457572145,index,0.6,2
2021,12791.1567015389,10320.0814329635,15853.9146058212,9.45650932844601,0.109523644487236,index,0.6,2
2022,16389.0187571745,13030.6826512484,20612.8829173262,9.70436680156098,0.116994365146684,index,0.6,2
2023,13230.5460028275,10812.6302886988,16189.1549844159,9.49028352631241,0.102967874366515,index,0.6,2
2024,13628.6674143954,11006.6916370814,16875.2411366232,9.51993075134125,0.109018357255785,index,0.6,2
2025,14131.6792731855,11573.0451713104,17255.9906337572,9.55617431314547,0.101910205349231,index,0.6,2
2003,13734.2305284769,11155.6805917979,16908.7924898133,9.52764657427908,0.106095039832605,index,0.6,2
2004,19092.7941695288,15488.492181269099,23535.847449427,9.85706627423995,0.106743638478053,index,0.6,2
2005,14767.1146019495,12360.6274039417,17642.1201400805,9.60015800112285,0.0907600914944804,index,0.6,2
2006,15550.1994006042,13025.5174917009,18564.2299089168,9.65182874071515,0.0903910202592695,index,0.6,2
2007,16504.6494312195,13929.4034516385,19556.0027960431,9.71139740390537,0.0865526938798268,index,0.6,2
2008,18556.6905065141,15577.4172393846,22105.7674236217,9.82858567721389,0.0892915109769645,index,0.6,2
2009,13615.3243807025,11298.1121937354,16407.7905063237,9.51895123006844,0.0951855765194465,index,0.6,2
2010,17149.6128337007,14302.2006771038,20563.9136931331,9.74973087704484,0.0926354670624624,index,0.6,2
2011,16361.8697167904,13671.6584261899,19581.4415693993,9.70270888949399,0.0916489536968627,index,0.6,2
2012,15721.8737907399,13193.0249475976,18735.4542626683,9.66280825676392,0.0894734302736578,index,0.6,2
2013,18334.4529864356,14995.8774306284,22416.3052723572,9.81653724566908,0.102556293331522,index,0.6,2
2014,17653.7757548214,14830.5625491388,21014.4286414554,9.77870496326893,0.0889095907096121,index,0.6,2
2015,15192.1742233771,12815.4087449929,18009.7382944279,9.62853572052649,0.0868037309635854,index,0.6,2
2016,20397.3356890838,17201.5851090861,24186.8002614135,9.92315956782665,0.0869417770481769,index,0.6,2
2017,15305.3609765371,12893.8856539266,18167.8417902494,9.63595843663141,0.0874760660471127,index,0.6,2
2018,16455.1953888723,13782.8717547114,19645.6486068229,9.70839653544078,0.0904172800043884,index,0.6,2
2019,17739.1932812989,14196.0166474563,22166.7095838231,9.7835317802692,0.113683259271407,index,0.6,2
2021,16834.7959213611,14187.8821645204,19975.5220988936,9.73120320923843,0.0872769601995068,index,0.6,2
2022,21302.1136604265,17910.5351339233,25335.9289942293,9.96656157965813,0.0884797921594194,index,0.6,2
2023,18386.4567636779,15471.4593138974,21850.6726135996,9.81936962713034,0.0880716980068443,index,0.6,2
2024,18781.1954323242,15829.3565817887,22283.489543281,9.84061140527974,0.0872413473288753,index,0.6,2
2025,18364.3727121371,15523.394641224,21725.2857963607,9.81816780096674,0.0857486696640607,index,0.6,2
2003,22733.9630533622,18632.5997710631,27738.1086086705,10.0316152550743,0.101505566032194,index,0.6,2
2004,32537.1939843928,26526.0877867466,39910.4836298913,10.3901391442457,0.104213737266404,index,0.6,2
2005,26072.7006185202,22066.6370078554,30806.0406894348,10.1686440926065,0.0851148208442394,index,0.6,2
2006,29390.1745628927,24659.3450542072,35028.6010815984,10.2884156989289,0.0895447482618226,index,0.6,2
2007,26441.568992455,22192.1010959421,31504.7488185154,10.1826926338258,0.0893898750949763,index,0.6,2
2008,31832.0958370171,26822.3800939275,37777.4948318791,10.3682303628153,0.0873681700373816,index,0.6,2
2009,23354.2790663533,19586.3514936376,27847.0623222647,10.0585355039671,0.089770656536382,index,0.6,2
2010,30143.3061737441,25567.8654729463,35537.5347248092,10.3137181600512,0.083994692931897,index,0.6,2
2011,29739.1196205699,25161.6004993582,35149.4029892544,10.3002186170397,0.0852792687594453,index,0.6,2
2012,29108.3633650297,24793.0645094296,34174.7514700471,10.278780812728,0.0818696556823175,index,0.6,2
2013,34012.5984863567,27989.0159304739,41332.5305422599,10.4344862786803,0.0994502226688654,index,0.6,2
2014,32797.0162988353,27871.419648939,38593.0925533969,10.3980928237356,0.0830299778943582,index,0.6,2
2015,26914.1116011246,22860.0428874217,31687.1410454073,10.2004060228755,0.0832975558357475,index,0.6,2
2016,34025.3925565361,28745.1571039742,40275.5613559099,10.4348623647503,0.0860412653505101,index,0.6,2
2017,27677.8946619745,23491.4471425044,32610.4155385673,10.2283893469391,0.0836738152994925,index,0.6,2
2018,30009.2786495387,25476.955762238,35347.8968786556,10.3092619011425,0.083538409616202,index,0.6,2
2019,30703.7452398929,24672.9862917468,38208.5881542271,10.3321399209193,0.111571269126941,index,0.6,2
2021,28258.0022386883,23856.5306487079,33471.5345780994,10.2491319615489,0.0863886695375887,index,0.6,2
2022,37736.8556947488,31754.4021390572,44846.389218417,10.5383925005271,0.0880658303569775,index,0.6,2
2023,30880.6719010401,26017.9956784956,36652.1660178409,10.3378857623554,0.0874210162238314,index,0.6,2
2024,29279.7084039679,24424.1454588569,35100.5657768266,10.2846500091448,0.0925131893276735,index,0.6,2
2025,31606.9618142583,26736.9274455234,37364.05528135,10.361132685888,0.0853749089058083,index,0.6,2
2003,41862.1622886836,35214.0113060209,49765.436157069,10.642137649914,0.08823545760313,index,0.6,2
2004,57348.8575665673,47874.262589902,68698.5299880973,10.9569082019854,0.0921317329641283,index,0.6,2
2005,46039.7121459327,39825.5090188386,53223.5531120941,10.7372596105559,0.0739792647280804,index,0.6,2
2006,50262.5266350702,43230.2380475085,58438.7617982765,10.8250150811247,0.0768991665826747,index,0.6,2
2007,47927.5115762556,41450.2761714457,55416.9134215445,10.777444972931,0.0740805192207459,index,0.6,2
2008,57017.1010904466,49219.6556297644,66049.8285728004,10.9511065209506,0.075031069316019,index,0.6,2
2009,42945.4008923896,36864.998890566,50028.6861063768,10.6676848411757,0.0778927582602007,index,0.6,2
2010,53527.4792378492,46366.5175102815,61794.3979278374,10.887950431635,0.0732756113979054,index,0.6,2
2011,51929.6931526205,44986.9211641316,59943.9339510838,10.8576460279555,0.0732252956566649,index,0.6,2
2012,50454.0110091228,43891.47396989,57997.7612202088,10.8288175272621,0.0710942461029856,index,0.6,2
2013,58458.2456873748,49423.6968778209,69144.2911948384,10.9760680294461,0.0856560369107221,index,0.6,2
2014,55689.7864469656,48354.0771691817,64138.3828639224,10.9275520419017,0.0720657213821931,index,0.6,2
2015,47523.2953011738,41501.6686079167,54418.6215166239,10.7689752971957,0.0691269765333358,index,0.6,2
2016,60968.8347900482,52941.6297373355,70213.1542625093,11.0181181075178,0.0720282865973791,index,0.6,2
2017,48344.4610903433,41979.0952413702,55675.0188320504,10.7861069356912,0.0720318821149481,index,0.6,2
2018,52790.4960508099,45843.0847480598,60790.7711404287,10.8740864544549,0.0719945941035589,index,0.6,2
2019,53886.7851063151,44401.6769215373,65398.1067928018,10.8946405525571,0.098781425512944,index,0.6,2
2021,51613.0240728243,44704.9088834343,59588.6295370365,10.8515293241331,0.0733129446628099,index,0.6,2
2022,67113.3582996999,57716.8071295713,78039.7095104756,11.1141383836183,0.0769578879947693,index,0.6,2
2023,55253.1822321318,47886.1063315061,63753.6517511454,10.919681214683,0.0730118156235261,index,0.6,2
2024,55432.9786783693,47693.9278774624,64427.8058425253,10.9229299786278,0.0767211077381865,index,0.6,2
2025,56804.8402815838,49282.4863783669,65475.387232749,10.9473768173036,0.0724772329405036,index,0.6,2
2003,4535.90741350537,3249.58015141813,6331.4197850803,8.41978043371456,0.170155856712375,index,0.6,2
2004,7087.81297530478,5068.29350733126,9912.03305416924,8.8661321058342,0.171111640253307,index,0.6,2
2005,5786.76086019315,4306.41018631614,7775.98970006825,8.6633279770969,0.150751772376132,index,0.6,2
2006,6629.79526448696,4930.49159253762,8914.76730546282,8.79932920253523,0.151092177353694,index,0.6,2
2007,5976.62960452251,4449.76169551349,8027.41896620441,8.69561207677227,0.150516160981986,index,0.6,2
2008,6722.00427991726,4986.06011704011,9062.33388257852,8.8131416449878,0.152421333333327,index,0.6,2
2009,4445.96637095545,3249.91302958114,6082.19875170454,8.39975253060787,0.159885088829612,index,0.6,2
2010,6873.47932745505,5153.34909336935,9167.76977630724,8.83542570933512,0.146953525634478,index,0.6,2
2011,6659.85993622855,4996.37575218193,8877.18149516933,8.80385373271698,0.146628027842182,index,0.6,2
2012,6480.0481415506,4869.7339632741,8622.85788782213,8.77648321857036,0.145762184358387,index,0.6,2
2013,8308.44395431914,6043.29501437391,11422.616433233,9.02502762053497,0.162412650785667,index,0.6,2
2014,7463.91526089568,5607.20932358718,9935.42916036373,8.91783538942089,0.145934804773909,index,0.6,2
2015,6370.90593386422,4792.88625968771,8468.47603280929,8.75949695727106,0.145211285076329,index,0.6,2
2016,7956.87796072049,5953.75025000276,10633.9541000683,8.98179198591173,0.147969755614624,index,0.6,2
2017,5940.92072170429,4449.73741929863,7931.82511590506,8.68961940399879,0.147461402229024,index,0.6,2
2018,6322.39722688774,4699.73146758369,8505.3171591332,8.75185372327365,0.151325776444817,index,0.6,2
2019,7357.16112566118,5212.62196271804,10383.9910540369,8.90342942069301,0.175815045304103,index,0.6,2
2021,6270.93078876422,4675.14774110844,8411.40753942195,8.74368007376775,0.149831340006529,index,0.6,2
2022,8314.62981264973,6190.92427824103,11166.8413009641,9.02577187020899,0.150478376150006,index,0.6,2
2023,7244.49243541398,5436.01461277514,9654.6228046244,8.88799679507692,0.146530922979389,index,0.6,2
2024,6256.59257231831,4689.63649795487,8347.11829649475,8.74139099837855,0.147084664811405,index,0.6,2
2025,7298.17351799702,5593.96444834375,9521.57225714282,8.89537939281638,0.135684061794836,index,0.6,2
2003,27341.3842585244,22827.3341754246,32748.0768199855,10.2161567402517,0.0920643325371677,index,0.6,2
2004,36668.9264312328,30201.8208016972,44520.8311925221,10.5096849841501,0.098995437001977,index,0.6,2
2005,30272.6335104249,25911.7228584317,35367.4799882438,10.3179993989062,0.0793630060707111,index,0.6,2
2006,32235.1189988202,27428.3820908614,37884.2212940555,10.3808117893408,0.0823883457150813,index,0.6,2
2007,31601.9165674333,27160.4979247912,36769.6179024557,10.360973048604,0.0772739373147668,index,0.6,2
2008,36641.2106052555,31215.4617346201,43010.0418194254,10.5089288587787,0.0817668286669494,index,0.6,2
2009,27557.931185374,23384.6561417923,32475.9776929352,10.2240456564673,0.0837823000481871,index,0.6,2
2010,34859.2405369864,29775.8416447909,40810.4887617195,10.4590735327491,0.0804202900363575,index,0.6,2
2011,32919.0647633406,28162.9270561172,38478.416065692,10.4018072450114,0.0796165121491575,index,0.6,2
2012,32136.5356378427,27574.9791825108,37452.6818666593,10.3777488437445,0.0781059018284159,index,0.6,2
2013,37707.8117683694,31562.8308266066,45049.1616601188,10.5376225606814,0.0907603887044421,index,0.6,2
2014,35329.1136413889,30243.5791937244,41269.7935879613,10.4724626520506,0.0792991454976828,index,0.6,2
2015,30741.8355974309,26548.2789580644,35597.804942169,10.3333797289543,0.0748276642907038,index,0.6,2
2016,40130.837689301,34521.5991439173,46651.4927924129,10.5999003374339,0.076817670811614,index,0.6,2
2017,30768.8513079991,26362.0176436998,35912.3578327478,10.3342581360625,0.0788680862119352,index,0.6,2
2018,33636.0621756628,28801.8561806151,39281.6585011118,10.4233540494367,0.0791641764326338,index,0.6,2
2019,35281.8627624242,28769.2886077476,43268.7042407893,10.4711243081153,0.104114453307355,index,0.6,2
2021,34079.8229121166,29176.1019072279,39807.7280307794,10.436460784689,0.0792644969946712,index,0.6,2
2022,43820.3756172527,37238.7943568606,51565.1849744526,10.687854184935,0.0830361324503203,index,0.6,2
2023,36498.4050782538,31394.0253959354,42432.7099330427,10.5050238421297,0.0768641482909028,index,0.6,2
2024,36836.0920991057,31524.9619790228,43042.0084895487,10.5142334070853,0.0794394455913606,index,0.6,2
2025,37868.9681459251,32646.9772672495,43926.2335590162,10.5418872732557,0.075705331259725,index,0.6,2
2003,19056.6854436648,15462.5426608227,23486.2576010164,9.8551732609138,0.106633329428141,index,0.6,2
2004,27767.7441106391,22568.6581246757,34164.5306838558,10.2316303422384,0.105773845726265,index,0.6,2
2005,21553.8394957009,18036.2120103611,25757.5147564001,9.97830924651594,0.0909059827658793,index,0.6,2
2006,24657.2029007371,20559.9103386416,29571.0265693836,10.1128243437132,0.092719043078347,index,0.6,2
2007,22302.2246133451,18546.1572597504,26818.9908959497,10.0124417109186,0.09409551481869,index,0.6,2
2008,27097.8947651082,22751.8710472862,32274.088543081,10.2072113199059,0.0891897282045714,index,0.6,2
2009,19833.4360779711,16516.1070500124,23817.0644854637,9.8951244832541,0.0933859581698993,index,0.6,2
2010,25541.7180283175,21550.3693060296,30272.3053407512,10.148068395465,0.0866955537190959,index,0.6,2
2011,25670.4883255085,21597.5645244522,30511.4944846672,10.1530972968829,0.0881452232939301,index,0.6,2
2012,24797.5235128309,20982.6492434269,29305.9834931013,10.1184990688133,0.0852300967987793,index,0.6,2
2013,29058.877873324,23763.8725025368,35533.7028157604,10.2770793222467,0.102633303225885,index,0.6,2
2014,27824.5880664723,23505.7586188309,32936.937438328,10.2336753715947,0.0860600782475477,index,0.6,2
2015,23152.3656376074,19587.5649277487,27365.9353061338,10.0498522416633,0.0853087309609281,index,0.6,2
2016,28794.8750614674,24142.3338560108,34344.0213672251,10.2679527010346,0.0899151884487531,index,0.6,2
2017,23516.5305040487,19854.1977959455,27854.4221545323,10.0654588785485,0.0863730865771662,index,0.6,2
2018,25476.8311020349,21501.6933687526,30186.8746740141,10.1455247338997,0.0865514687444548,index,0.6,2
2019,25962.0834695522,20741.1743715216,32497.184875195,10.1643924245141,0.114551248185298,index,0.6,2
2021,23804.1319494718,19975.7053031991,28366.2924170751,10.0776144559132,0.0894620401132844,index,0.6,2
2022,31607.6124950969,26428.111416234,37802.2156750302,10.3611532723064,0.0913127612224828,index,0.6,2
2023,25999.2695892915,21717.8046265561,31124.7858980231,10.1658237238895,0.0918057844403452,index,0.6,2
2024,24853.4791515818,20585.589002578,30006.2060823596,10.1207530278247,0.0961275218948784,index,0.6,2
2025,26234.0456536558,22004.6060253353,31276.4132457404,10.1748132986212,0.0896987009931048,index,0.6,2
2003,36021.4787801743,30245.3590443861,42900.6953300291,10.4918706723063,0.0891713531555864,index,0.6,2
2004,49743.6660628575,41410.7943596505,59753.3167773302,10.814638419162,0.0935433311300164,index,0.6,2
2005,39997.4441628349,34500.6838969704,46369.9660081109,10.5965708351255,0.0754281253982531,index,0.6,2
2006,43199.1724185066,37096.5269814317,50305.7469120481,10.6735766170697,0.0777044815199232,index,0.6,2
2007,41425.5425676562,35726.1564399088,48034.1505504833,10.6316529397988,0.0755190238626143,index,0.6,2
2008,48314.1572350534,41450.2997346861,56314.6178501608,10.7854799071488,0.0781797607431826,index,0.6,2
2009,36710.1107606386,31362.8550917807,42969.0545747389,10.5108074936653,0.0803218743401942,index,0.6,2
2010,45976.0464381587,39622.9463855867,53347.7956311862,10.7358758102392,0.0758749282165169,index,0.6,2
2011,44264.4144233825,38179.294490494,51319.3973433112,10.6979363470721,0.075454309180928,index,0.6,2
2012,43313.6110363054,37503.8132736213,50023.4172807144,10.6762222072351,0.0734831426933903,index,0.6,2
2013,50419.9960655097,42566.9593519263,59721.8133958862,10.8281431227076,0.0863839819445542,index,0.6,2
2014,47795.5181969296,41325.3486163547,55278.7002699105,10.7746871525131,0.0742135034313867,index,0.6,2
2015,40846.4069718712,35503.1733491809,46993.79816284,10.6175741397948,0.0715302828594978,index,0.6,2
2016,52693.4543295759,45589.4198624815,60904.484802803,10.8722465205453,0.0738868538736791,index,0.6,2
2017,41516.316993717,35903.0663290102,48007.1691071718,10.6338418095151,0.0741155586366118,index,0.6,2
2018,45503.982367226,39372.8285195045,52589.8821379083,10.7255551256634,0.0738400811998491,index,0.6,2
2019,46701.8303962297,38379.5288755491,56828.7580973336,10.751538637669,0.100134056028563,index,0.6,2
2021,44998.300323425,38830.141628533704,52146.2695492523,10.7143799974486,0.0752197124501385,index,0.6,2
2022,58177.1009697564,49831.306358292,67920.6572051272,10.9712471021682,0.0790057348791088,index,0.6,2
2023,47914.1924612695,41412.9378473518,55436.0535269869,10.7771670330674,0.0743985169292165,index,0.6,2
2024,48355.1702275546,41608.448673257,56195.8583483221,10.7863284285162,0.0766697301407594,index,0.6,2
2025,49490.2476631103,42852.8828925024,57155.655545978,10.8095309122395,0.0734721213796575,index,0.6,2
2003,10376.5909220148,8083.40743939189,13320.3280881435,9.24730767522418,0.127420147400039,index,0.6,2
2004,14693.0044790148,11401.5449495827,18934.6603091934,9.59512677371595,0.129401677083325,index,0.6,2
2005,11829.028843291,9502.29119484843,14725.4930948938,9.37831186089689,0.111748805442156,index,0.6,2
2006,13693.1494810506,10929.2031790488,17156.0853649273,9.52465094887607,0.115031334418733,index,0.6,2
2007,12478.5986131222,10038.7319418885,15511.4634247441,9.43177034500314,0.111004213372721,index,0.6,2
2008,15424.9481353104,12526.198949898,18994.5110985925,9.64374148638935,0.106207992655379,index,0.6,2
2009,10681.2565027064,8584.20170904223,13290.6057363996,9.2762457556601,0.11151581105173,index,0.6,2
2010,14424.9121271453,11738.1555610226,17726.6427245865,9.57671199965205,0.105161129223121,index,0.6,2
2011,14325.1386654666,11621.3388341826,17657.9997118104,9.56977122149886,0.106722869038399,index,0.6,2
2012,13620.4481143682,11105.7392168907,16704.570782109,9.51932748036404,0.104139760592236,index,0.6,2
2013,16346.6935761839,12792.686426702,20888.0591582312,9.70178092811827,0.125079856749364,index,0.6,2
2014,15358.1835109316,12484.1946160422,18893.793953865,9.63940373870122,0.105708598641971,index,0.6,2
2015,13047.794263167,10662.0490706247,15967.3749394926,9.47637437648547,0.103026626163304,index,0.6,2
2016,16232.2584211925,13147.2208603318,20041.2099447857,9.69475580185653,0.107547959895532,index,0.6,2
2017,12769.0648183308,10368.3247705088,15725.6856766777,9.45478071363788,0.106262141989939,index,0.6,2
2018,13608.9109104716,10995.99732335,16842.7156467087,9.51848007117043,0.108774174927347,index,0.6,2
2019,14542.1158357469,11155.4532257803,18956.9288401088,9.5848042587777,0.135268058492545,index,0.6,2
2021,12885.6545381633,10384.7702808072,15988.8074928109,9.46386992025675,0.11009095380394,index,0.6,2
2022,17250.8871425932,13897.9269622105,21412.7695458225,9.75561884969323,0.110269312503141,index,0.6,2
2023,14583.4822062761,11764.5252830515,18077.9035399894,9.5876448114959,0.109594289882222,index,0.6,2
2024,13334.4010231331,10580.9570918899,16804.363641359,9.49810251795698,0.118007961416186,index,0.6,2
2025,14612.7661364705,11875.6488109313,17980.7383629118,9.58965081854658,0.105821104909203,index,0.6,2
2003,49105.299463043,41066.6123680765,58717.5395365604,10.8017222399959,0.0912116356215665,index,0.6,3
2004,56056.2283394672,46771.7980749493,67183.663339415,10.9341105434591,0.0923868243790894,index,0.6,3
2005,48265.7311067874,41603.3390250049,55995.0440004963,10.7844770869311,0.0757878104140433,index,0.6,3
2006,56174.5290284303,48094.6501955771,65611.8237420127,10.9362187130118,0.0792323159373022,index,0.6,3
2007,58194.3774406406,50356.106732378,67252.7283275103,10.9715440215036,0.0738119915490767,index,0.6,3
2008,58948.5510704437,50540.9219216039,68754.813746667,10.9844203267058,0.0785125164130814,index,0.6,3
2009,50403.5667668767,43287.7869384091,58689.0604141466,10.8278172207395,0.0776501020348203,index,0.6,3
2010,53900.2655157572,46404.0990253222,62607.3705489632,10.8948906829658,0.0764032445348496,index,0.6,3
2011,53521.4990511197,46213.8478271429,61984.6863086038,10.8878387035862,0.0749013431206637,index,0.6,3
2012,62420.8455221014,54168.9976985642,71929.7406493701,11.0416545614251,0.0723434394461668,index,0.6,3
2013,71687.9130584892,59917.7910345395,85770.1325424207,11.180077435787,0.0915061118136664,index,0.6,3
2014,59969.4581589227,52065.4578529459,69073.3561209103,11.0015906809195,0.0721103404128855,index,0.6,3
2015,54797.5073341635,47453.4949626989,63278.0960053216,10.9113999852987,0.0734169247056106,index,0.6,3
2016,67022.794385391,57808.8021621096,77705.3804821903,11.1127880552205,0.0754563485754548,index,0.6,3
2017,57378.00604623,49655.8373559113,66301.0786474893,10.957416338953,0.0737488583574326,index,0.6,3
2018,58493.6388239768,50518.3328183666,67728.0027266837,10.9766732892559,0.0747879629015584,index,0.6,3
2019,50138.7832163191,41129.1178910722,61122.088469559,10.8225501036938,0.101062310895227,index,0.6,3
2021,61878.7823995677,53469.775486759,71610.2447858835,11.0329326276926,0.0745221849862842,index,0.6,3
2022,70564.9859222615,60590.6712422297,82181.2522641022,11.1642893503478,0.0777530256880247,index,0.6,3
2023,65767.1158633188,56561.2262036588,76471.3535984022,11.0938752334762,0.0769382777608383,index,0.6,3
2024,60961.5935519976,52267.5809777021,71101.7387620134,11.0179993309637,0.0785053913766935,index,0.6,3
2025,69428.5553245401,60149.1054797884,80139.5840553686,11.1480535218762,0.0732011777803724,index,0.6,3
2003,10352.306993203,8172.14511347729,13114.0916605576,9.24496467174948,0.120654236728013,index,0.6,3
2004,11163.7156075247,8581.83377497528,14522.367763532,9.32042412026552,0.134196967907264,index,0.6,3
2005,10114.0269582077,8008.93671973805,12772.4247164107,9.22167854707119,0.119066095991269,index,0.6,3
2006,11723.7611441054,9192.34899197647,14952.2799323662,9.36937292838079,0.12410745532388,index,0.6,3
2007,12689.2997414019,10129.5801910467,15895.8540127321,9.44851437726323,0.114950695422872,index,0.6,3
2008,12762.0363312418,10097.6438039343,16129.4629204961,9.45423013125403,0.119478084406942,index,0.6,3
2009,10818.8899538106,8586.97251575083,13630.925173915,9.28904895506829,0.117883515668943,index,0.6,3
2010,11989.0596471539,9576.33082580344,15009.6685084972,9.39174981685199,0.114644975414687,index,0.6,3
2011,12744.5800985436,10245.038962194,15853.9486757998,9.45286136989976,0.111385978472674,index,0.6,3
2012,12846.5375017534,10173.5747828167,16221.7833266139,9.46082959889735,0.119022936504072,index,0.6,3
2013,15619.5934236156,12181.2759576831,20028.4189904734,9.65628139383696,0.126852381773602,index,0.6,3
2014,12018.7534216973,9625.34689844022,15007.2963952052,9.39422349403366,0.113302232021815,index,0.6,3
2015,11429.6580931685,9182.21436352077,14227.1873596992,9.34396684323283,0.111707752980875,index,0.6,3
2016,14065.8897928809,11109.1263908716,17809.6142490597,9.55150798183663,0.120403097628788,index,0.6,3
2017,12398.3714229542,9881.41180604681,15556.4424354282,9.42532040610916,0.115772397868929,index,0.6,3
2018,12424.7482519685,9898.66387682134,15595.4754142401,9.42744558934858,0.115966684114685,index,0.6,3
2019,10872.3934713631,8297.87045908443,14245.6959745286,9.29398214643465,0.137873939978569,index,0.6,3
2021,13995.2418548388,11053.99801573,17719.0908028671,9.54647268331783,0.120372227394256,index,0.6,3
2022,14850.2515311061,11476.1439640764,19216.3823691513,9.60577208220902,0.131505661544671,index,0.6,3
2023,13458.308227541,10716.1795691085,16902.1113522237,9.50735190640924,0.116248013014524,index,0.6,3
2024,13620.372223264,10702.2601899497,17334.1458913954,9.51932190849776,0.12301842255803,index,0.6,3
2025,14003.3572854012,11165.9541189803,17561.7787045418,9.5470523859486,0.115526494806082,index,0.6,3
2003,14031.472979935,11096.3430991485,17742.9836323063,9.54905815546414,0.119740604839072,index,0.6,3
2004,16913.8582325309,13636.1732935863,20979.3901962738,9.7358885786428,0.109903671000915,index,0.6,3
2005,13150.2312150388,10865.5653703064,15915.286054195,9.48419462034402,0.0973694897403026,index,0.6,3
2006,15476.3254540832,12928.7350764985,18525.9151915093,9.64706674519887,0.0917665366375442,index,0.6,3
2007,17576.8125346566,14825.4199485923,20838.8254733921,9.77433584277835,0.0868573573806982,index,0.6,3
2008,17098.3796988764,14084.3055746106,20757.472690309,9.74673898354959,0.0989419236584037,index,0.6,3
2009,15006.2140704093,12411.7546483559,18142.9996891517,9.61621966565828,0.0968489263455512,index,0.6,3
2010,15301.2479401889,12570.2465560724,18625.5844292914,9.63568966877254,0.1003088599013,index,0.6,3
2011,14405.3294167711,11925.7685235226,17400.4312758868,9.57535351548146,0.0963776665665778,index,0.6,3
2012,16665.4102732748,13937.0125796166,19927.936348624102,9.72109060929717,0.0912196626991887,index,0.6,3
2013,18908.1646125043,15157.8570333145,23586.3610685728,9.84734909784648,0.112795340642604,index,0.6,3
2014,16356.0058851493,13637.8116168683,19615.9718311514,9.70235044130039,0.0927307658988775,index,0.6,3
2015,15820.1277994124,13080.4944369771,19133.5614105104,9.66903831963367,0.0970226472755371,index,0.6,3
2016,20243.7503470492,17028.7222325377,24065.7767809853,9.91560140006316,0.0882386926345854,index,0.6,3
2017,15817.4039982646,13189.5813826079,18968.7801293091,9.66886613166579,0.0926974298372382,index,0.6,3
2018,16146.7688983655,13414.302893277,19435.8326281635,9.68947524042182,0.0945927808342512,index,0.6,3
2019,14285.5966021338,11323.053826311,18023.253568281,9.56700707803035,0.118579214641794,index,0.6,3
2021,16610.0988656153,13859.381401004,19906.7603627338,9.71776615476394,0.0923733886981417,index,0.6,3
2022,19821.4471894352,16605.1318221776,23660.7437321773,9.89451982183975,0.0903346953072189,index,0.6,3
2023,19163.2350866646,15824.2702083651,23206.7308097813,9.86074888313131,0.097679730376417,index,0.6,3
2024,18235.4843531118,15137.4968965731,21967.4951456383,9.81112466461812,0.0949989302054952,index,0.6,3
2025,18956.2116697882,15724.5020622041,22852.1042795708,9.84988694939928,0.0953647797444016,index,0.6,3
2003,24721.5194899049,20154.4012342329,30323.5764132592,10.1154293777208,0.104211818315471,index,0.6,3
2004,27978.6544994115,22665.260858593,34537.6615112136,10.2391971591222,0.107455283954787,index,0.6,3
2005,25001.4729335409,21016.3714335289,29742.2250469629,10.1266900194564,0.0885899005143476,index,0.6,3
2006,28974.4424302415,24031.2817474079,34934.3960495961,10.2741694248905,0.0954393854123385,index,0.6,3
2007,27928.2651645822,23242.0969265567,33559.2781308814,10.2373945433181,0.0937130011947407,index,0.6,3
2008,29088.1350403249,24233.6516465403,34915.0682061973,10.2780856394418,0.0931589206583917,index,0.6,3
2009,24578.4627426571,20480.9495721355,29495.7432839962,10.109625840182,0.0930503813922501,index,0.6,3
2010,26609.9579284147,22295.2332486878,31759.6973780786,10.1890407829263,0.0902631912559591,index,0.6,3
2011,26371.5895358051,22083.0304844181,31492.9934610065,10.1800425557182,0.0905515692864498,index,0.6,3
2012,32908.8977470734,27854.3053155024,38880.7237753867,10.4014983484282,0.0850809131750865,index,0.6,3
2013,37160.1550223694,30151.4469741113,45798.0382325324,10.5229923646728,0.106636740679858,index,0.6,3
2014,31594.698852076,26710.5471523472,37371.9411234768,10.3607446276564,0.0856805727869457,index,0.6,3
2015,27547.721441583,23246.5243072082,32644.7492362435,10.2236751048661,0.0866159779097014,index,0.6,3
2016,32713.154245461,27226.5401076419,39305.415100722,10.3955325464997,0.0936675531470122,index,0.6,3
2017,29162.2306250113,24543.9155023171,34649.5527555926,10.2806296792535,0.0879661152728553,index,0.6,3
2018,29922.1216736428,25132.8134263846,35624.0803710561,10.3063533411265,0.0889933505621847,index,0.6,3
2019,24980.793142822,19921.579788818,31324.8262768166,10.1258625342893,0.115463192901905,index,0.6,3
2021,31273.4416791138,26299.0628414949,37188.7074589514,10.3505245076865,0.088387299422455,index,0.6,3
2022,35893.2872017203,29990.3330382945,42958.1113520854,10.4883055709678,0.0916727020116281,index,0.6,3
2023,33145.5725491132,27711.27358116,39645.560727871,10.4086644285982,0.0913638373679669,index,0.6,3
2024,29105.7369756218,24211.3912251156,34989.4773504506,10.2786905806573,0.0939364544109709,index,0.6,3
2025,36468.9863693512,30816.921061669,43157.6848364064,10.5042174898698,0.0859190719697046,index,0.6,3
2003,44017.5611511523,37009.4773946028,52352.6897998833,10.692343950346,0.0884784858738117,index,0.6,3
2004,49711.8699670223,41706.2676193018,59254.1638627576,10.8139990159033,0.0895895629585995,index,0.6,3
2005,42408.7678343064,36727.8657473574,48968.3664603765,10.6551104083872,0.0733785819130414,index,0.6,3
2006,49443.516397296,42512.0043735339,57505.1999959715,10.8085862141431,0.0770649075479535,index,0.6,3
2007,51262.3394139064,44580.8403330742,58945.2200217268,10.8447116370723,0.0712524216822156,index,0.6,3
2008,52755.9137924298,45419.1518638267,61277.8162044657,10.8734311548636,0.0764003898780544,index,0.6,3
2009,45344.2065957981,39142.094445153,52529.0509092068,10.722037698668199,0.0750442093228241,index,0.6,3
2010,47977.7768978382,41469.2167705205,55507.8502880016,10.7784932013861,0.0743822519834239,index,0.6,3
2011,47016.2113490335,40744.0145800399,54253.9598122934,10.75824774354,0.0730541572498195,index,0.6,3
2012,54479.0059280484,47497.6514084396,62486.5019406197,10.9055706941086,0.0699681986112195,index,0.6,3
2013,62159.1047336204,52219.3795592518,73990.8121064729,11.0374525823255,0.0889014404362896,index,0.6,3
2014,52501.5284181827,45824.9313776814,60150.8917389833,10.8685975608832,0.0693961658151936,index,0.6,3
2015,48057.0370571371,41830.3966902161,55210.5405027446,10.7801438564773,0.0707999278508607,index,0.6,3
2016,59211.7600487077,51311.9774915713,68327.7608749664,10.9888754506153,0.0730605095145484,index,0.6,3
2017,50260.1272719611,43692.0060469491,57815.6194219906,10.8249673433658,0.0714538165535578,index,0.6,3
2018,51894.8710646238,45053.4448199243,59775.177094182,10.856975240853,0.0721291387311331,index,0.6,3
2019,44041.6013108197,36376.1988795131,53322.3015534371,10.6928899505484,0.0975630109732269,index,0.6,3
2021,54489.065518734,47329.5566689609,62731.5882519561,10.9057553278381,0.0718712552379395,index,0.6,3
2022,61859.1008522701,53315.2527309211,71772.1132742946,11.0326145109293,0.0758364823672145,index,0.6,3
2023,58165.3323107589,50259.8000803398,67314.3521743619,10.9710447914772,0.0745340012617258,index,0.6,3
2024,54781.2505154642,47082.996748449,63738.1988251821,10.9111032705131,0.0772647151162656,index,0.6,3
2025,61193.6917707643,53034.5391970015,70608.0974631533,11.0217993875467,0.0730119152351745,index,0.6,3
2003,5087.73831189057,3517.0144229879,7359.9587653349,8.53458867128582,0.188381491087466,index,0.6,3
2004,6344.35837244499,4419.8969590947,9106.74695146221,8.75532125170106,0.184416444472517,index,0.6,3
2005,5856.96327248092,4250.7139816459,8070.17807439203,8.67538653536514,0.163546011255,index,0.6,3
2006,6731.01263113402,4866.1929957457,9310.46735715069,8.81448087657024,0.16552023122822,index,0.6,3
2007,6932.03802673418,5029.13449915916,9554.95447817568,8.84390913650051,0.163730537145042,index,0.6,3
2008,6192.63727801367,4410.24975181894,8695.37069668859,8.73111632954956,0.173181615746064,index,0.6,3
2009,5059.36017107877,3570.72172336008,7168.61388924227,8.52899530588283,0.17779525077192,index,0.6,3
2010,5922.48861791909,4258.58379064661,8236.51081057052,8.68651201419388,0.168278639971867,index,0.6,3
2011,6505.28770208609,4765.69836222448,8879.8670982524,8.78037061780657,0.158763760002281,index,0.6,3
2012,7941.839594053,5815.87397164145,10844.9420405626,8.97990021431435,0.158958974268594,index,0.6,3
2013,9528.80832486893,6780.44432945759,13391.1855448203,9.16207494421975,0.173613919846737,index,0.6,3
2014,7467.92974073983,5437.35791462655,10256.8150723727,8.91837309657502,0.161903256726094,index,0.6,3
2015,6740.47027702662,4906.66842690588,9259.63109843349,8.81588497551182,0.162010381648536,index,0.6,3
2016,7811.03433668301,5651.61061564438,10795.5521988637,8.96329267154008,0.165103453869302,index,0.6,3
2017,7117.87877426895,5204.29423754821,9735.07567647768,8.87036503505534,0.159760923588455,index,0.6,3
2018,6598.76775935295,4731.84734800915,9202.26979853783,8.79463820745498,0.169680282397067,index,0.6,3
2019,6097.18190549947,4188.93923260016,8874.71150200347,8.71558196070951,0.191523491885657,index,0.6,3
2021,7389.71688083377,5335.65468396009,10234.5295588638,8.90784470208979,0.166165211992458,index,0.6,3
2022,8705.88506999134,6335.07038663154,11963.9451854927,9.07175452078359,0.162195999438169,index,0.6,3
2023,7601.78355256037,5479.5773029268,10545.9070992778,8.93613817671032,0.167020892642836,index,0.6,3
2024,6180.3430365334,4483.9700898554,8518.4868060658,8.72912905644093,0.163709611614244,index,0.6,3
2025,8234.86355377605,6218.24947214377,10905.4771850333,9.01613207341267,0.143313022510657,index,0.6,3
2003,28955.5618110131,24038.9192762526,34877.7975480644,10.2735175823732,0.0949446782865051,index,0.6,3
2004,32721.9292334676,27057.2014195204,39572.6311882199,10.3958007508815,0.0969876371751179,index,0.6,3
2005,28041.509448092602,23941.1348440704,32844.151175324,10.2414411716573,0.0806585178284019,index,0.6,3
2006,32291.6759575696,27422.9829953194,38024.759608634,10.3825647657058,0.0833831798754539,index,0.6,3
2007,34844.1668255856,30033.6743650031,40425.1556773883,10.4586410227125,0.0758006340498843,index,0.6,3
2008,34025.829332578,28772.9535333218,40237.6857290278,10.4348752014351,0.0855546792202806,index,0.6,3
2009,29492.499554072,25065.9882703668,34700.7076108477,10.2918912575959,0.0829730044313514,index,0.6,3
2010,31659.6325304838,26881.968695230302,37286.4183917867,10.3627977266236,0.0834641329171683,index,0.6,3
2011,30575.9989404095,26102.5807279139,35816.0643558189,10.3279706318257,0.0807061589838787,index,0.6,3
2012,35010.2249703144,30029.6640348118,40816.835348245,10.4633954398154,0.0782945338602941,index,0.6,3
2013,40248.633958454,33360.2341861323,48559.3873976768,10.6028313433504,0.0957729164489655,index,0.6,3
2014,33381.5082139229,28637.8783429564,38910.8815007686,10.4157573793564,0.0782013559631076,index,0.6,3
2015,31252.2575165863,26688.7766929036,36596.0422660634,10.3498468930861,0.0805364215334858,index,0.6,3
2016,39271.5943276918,33655.3597488065,45825.0374546504,10.5782567458743,0.078740806153377,index,0.6,3
2017,32572.0979444771,27859.6149869002,38081.7023136706,10.391211309597,0.0797350783775102,index,0.6,3
2018,33320.2887672132,28444.6436931927,39031.6593698861,10.4139217627262,0.0807191423079084,index,0.6,3
2019,29112.2301515537,23682.7144736926,35786.5203897334,10.2789136449888,0.105314655115227,index,0.6,3
2021,35571.4350040834,30343.8643162945,41699.5994663163,10.4792982072292,0.0810977123258489,index,0.6,3
2022,41579.5836689709,35364.0743752576,48887.5167419777,10.6353645485906,0.0826100960066197,index,0.6,3
2023,38185.8924798221,32520.055103965,44838.8657343558,10.5502214195732,0.0819449554766612,index,0.6,3
2024,36796.3586064721,31238.1250507311,43343.5747022982,10.51315416835,0.0835523433447888,index,0.6,3
2025,41460.8636101299,35538.5713634342,48370.0707526607,10.6325052157325,0.0786398699351967,index,0.6,3
2003,20149.7376520297,16192.01488937,25074.8242401981,9.91094654753968,0.111569935787989,index,0.6,3
2004,23334.2991059994,18770.9795765128,29006.9845608662,10.0576796217639,0.111028726470801,index,0.6,3
2005,20224.2216586948,16772.0146005556,24387.001290022,9.91463625706724,0.0954962844836693,index,0.6,3
2006,23882.8530708603,19652.0256233731,29024.5230560817,10.0809160356991,0.0994815925668196,index,0.6,3
2007,23350.2106150554,19223.4478155573,28362.8795936489,10.0583612829731,0.0992238792166946,index,0.6,3
2008,24922.7217378652,20666.9944780203,30054.7841866243,10.1235351859529,0.095533362019307,index,0.6,3
2009,20911.0672128049,17306.1567182443,25266.8884893124,9.94803382951361,0.0965406681771209,index,0.6,3
2010,22240.6329852735,18520.610139989,26707.8542146739,10.0096762095276,0.0933878165058193,index,0.6,3
2011,22945.5001107101,19105.7345371434,27556.9606762324,10.0408771226563,0.0934370823043953,index,0.6,3
2012,27410.6205517871,22957.6278387001,32727.3411831992,10.2186858286534,0.0904507950582756,index,0.6,3
2013,31439.2791000354,25294.4272626472,39076.9184084099,10.3558133168921,0.110958127012835,index,0.6,3
2014,26587.9499449998,22293.135796761,31710.1680410759,10.1882133825435,0.0898890416727873,index,0.6,3
2015,23545.2498175775,19762.2394240433,28052.4275147514,10.0666793728391,0.0893644363692743,index,0.6,3
2016,27751.2000576993,22919.1754330616,33601.9551354154,10.231034363562,0.097606471730808,index,0.6,3
2017,24805.9081017529,20730.7663430547,29682.1191542089,10.1188371336902,0.0915644177812603,index,0.6,3
2018,25173.3500567634,20982.0955005834,30201.8238865957,10.1335411764822,0.0929182475236831,index,0.6,3
2019,21026.5530647652,16659.4170043523,26538.4997368086,9.95354134964055,0.118783013414916,index,0.6,3
2021,26307.3473954845,21971.009675183,31499.5322116866,10.1776035477993,0.0919019063116994,index,0.6,3
2022,28985.4022532907,23922.728857699,35119.4693875689,10.2745476116589,0.0979422728865198,index,0.6,3
2023,27581.2233834966,22842.8511856117,33302.4926332097,10.2248905079957,0.0961737156949653,index,0.6,3
2024,24165.2349455255,19904.897285974,29337.4324711503,10.0926703067863,0.0989555079110147,index,0.6,3
2025,27967.6917144106,23311.1680260218,33554.3795557206,10.2388052555974,0.0929187566164799,index,0.6,3
2003,38097.1655453441,31887.9782899671,45515.3979782408,10.547895163212,0.0907724850989147,index,0.6,3
2004,43444.8147563134,36362.6390488425,51906.3516450263,10.6792467853976,0.0907923104926403,index,0.6,3
2005,37022.7907723501,31929.0871844602,42929.1018767465,10.5192889688169,0.0755198935828453,index,0.6,3
2006,42995.2647390267,36884.1421105413,50118.9043366872,10.6688452662636,0.0782199483849813,index,0.6,3
2007,45034.3566223891,39027.3297710139,51965.9758505645,10.715180957947,0.0730439518405212,index,0.6,3
2008,44862.1529693912,38382.5456513547,52435.6249668921,10.7113497999986,0.0795890671039403,index,0.6,3
2009,39216.2830872576,33660.3723484319,45689.2408455954,10.5768473244092,0.0779457152711305,index,0.6,3
2010,41918.9462330017,36046.0604232617,48748.685228062,10.6434931811074,0.0770117851474198,index,0.6,3
2011,40537.4324210639,34985.4492287648,46970.4824010441,10.6099810835421,0.0751511594068325,index,0.6,3
2012,46501.0756709011,40284.1550672767,53677.4330984386,10.7472307240154,0.0732244209767829,index,0.6,3
2013,53867.49676236,45306.2537502345,64046.5050021455,10.8942825464746,0.0883088638441656,index,0.6,3
2014,45246.7606489373,39341.5697370608,52038.323912979,10.7198863586967,0.0713530283446768,index,0.6,3
2015,41191.903490226,35599.036308252,47663.4507309617,10.6259969987981,0.074451955989126,index,0.6,3
2016,51092.9332821578,44100.9163204222,59193.5054684152,10.8414014746943,0.0750858874934338,index,0.6,3
2017,43989.8580062754,38080.247929385,50816.5706011338,10.6917143864738,0.0736051213068265,index,0.6,3
2018,44675.8736854337,38546.1666275501,51780.3419686945,10.7071888963095,0.0752957515548698,index,0.6,3
2019,38243.3543492674,31462.2606727685,46485.9841794368,10.5517250816569,0.0995839977302414,index,0.6,3
2021,47545.9065480059,41092.1784757609,55013.224251549,10.7694509769493,0.0744288672913977,index,0.6,3
2022,54425.147110619,46738.7222607873,63375.64432089,10.9045815890962,0.0776816919829046,index,0.6,3
2023,50190.2200072835,43123.4050746472,58415.103817034,10.8235754661278,0.0774270840950953,index,0.6,3
2024,47697.514324614,40875.5645898329,55658.0170959312,10.7726345649235,0.0787498369569752,index,0.6,3
2025,53855.2422920165,46509.9662217609,62360.5510376563,10.8940550277445,0.0748141970673,index,0.6,3
2003,11008.1339176989,8431.07415724735,14372.9031544369,9.30638972558776,0.13607916473182,index,0.6,3
2004,12611.4135831536,9559.58687453893,16637.5131742313,9.44235752284699,0.141358583056145,index,0.6,3
2005,11242.9403344373,8876.75978920597,14239.8476882772,9.32749568482803,0.120565380740014,index,0.6,3
2006,13179.2642894034,10282.1436037816,16892.684434602,9.48639998627113,0.126653320769685,index,0.6,3
2007,13160.0208182517,10375.0340358813,16692.5860038499,9.48493878681208,0.121319148222762,index,0.6,3
2008,14086.3981010523,11135.3194840138,17819.5705786617,9.55296493708491,0.119944890715176,index,0.6,3
2009,11187.2836796195,8823.16190222156,14184.8599759649,9.32253302649624,0.121123373335228,index,0.6,3
2010,11981.3192827556,9472.06194061324,15155.3075407821,9.39110398937551,0.119901230220749,index,0.6,3
2011,12984.0666300557,10306.9615783224,16356.516415885,9.47147824088611,0.117810028859791,index,0.6,3
2012,15919.7698512002,12768.5927866623,19848.629864672,9.67531700271097,0.112539443740879,index,0.6,3
2013,17820.4162961293,13470.3229734556,23575.3246297913,9.78810006192642,0.142786203100919,index,0.6,3
2014,14722.6975099853,11698.0148471387,18529.4534844557,9.5971456302482,0.117334398415917,index,0.6,3
2015,13605.6038439378,10925.7818521606,16942.7193827386,9.51823703420431,0.1119186133604,index,0.6,3
2016,15929.861103233,12585.6353485129,20162.706747918,9.67595068367167,0.120226338162029,index,0.6,3
2017,13388.1480399548,10625.3946154091,16869.2565714035,9.50212511993028,0.117922057944238,index,0.6,3
2018,13817.7651385429,10985.9702959717,17379.4966015829,9.53371037212783,0.117010345009048,index,0.6,3
2019,11895.4288670516,8950.94192679688,15808.5293244352,9.38390947648406,0.145102374216354,index,0.6,3
2021,14332.8758515617,11348.3458506902,18102.3148993813,9.57031118816532,0.119126635869773,index,0.6,3
2022,16139.8388116427,12692.5699331088,20523.3769235577,9.689045954887,0.122590976251637,index,0.6,3
2023,15576.8958560354,12341.41066736,19660.6118254776,9.65354406055189,0.118792209867562,index,0.6,3
2024,13264.0792273836,10400.4196705021,16916.2210107061,9.4928148504712,0.12409075633095,index,0.6,3
2025,15573.3130325238,12496.7241486813,19407.332347539,9.65331402527089,0.112294004465339,index,0.6,3
2003,47798.3080283463,41029.3504765468,55683.9975246169,10.7747455209565,0.0779109041300232,index,0.8,1
2004,61751.361219304,52634.2860106064,72447.6553489971,11.0308712982846,0.0815057255480096,index,0.8,1
2005,49358.3847301707,43284.5895370701,56284.4691200106,10.8068629337766,0.0669966305533642,index,0.8,1
2006,57519.6025218494,50373.9796469858,65678.8424789366,10.9598810821111,0.0676803447717937,index,0.8,1
2007,57000.2641983906,50215.5217155337,64701.7099033997,10.9508111818654,0.0646602322575129,index,0.8,1
2008,56919.7345781765,50082.7634514286,64690.044262277,10.949397389125,0.065289569167314,index,0.8,1
2009,45676.1785591362,39927.7870769864,52252.1642319769,10.729332184069,0.0686259577568179,index,0.8,1
2010,56755.3464615156,49824.2374862974,64650.6502553614,10.9465051416817,0.0664544356848769,index,0.8,1
2011,58645.4439301555,51653.5657094308,66583.7497669028,10.9792651687139,0.0647719353772648,index,0.8,1
2012,65212.4841970622,57492.3674232205,73969.2638476125,11.0854062050007,0.0642862463217056,index,0.8,1
2013,66647.6712990446,57277.2133184051,77551.1208077254,11.1071753857473,0.0773061324896323,index,0.8,1
2014,61029.9410518516,53865.1024841502,69147.8068920124,11.01911985965,0.0637163553501084,index,0.8,1
2015,50962.9760087234,45040.7897289571,57663.8406940707,10.8388546874562,0.0630271228574005,index,0.8,1
2016,60784.4295828559,53552.4126412718,68993.0984895664,11.0150889427698,0.0646301742868469,index,0.8,1
2017,55142.5545482983,48665.8600107561,62481.1997864622,10.9176770119105,0.0637480974816386,index,0.8,1
2018,60659.4946356567,53506.8904509847,68768.2326227489,11.0130314501109,0.0640143048715468,index,0.8,1
2019,57575.6458790352,48780.389835573,67956.7139492321,10.9608549426726,0.0845787374324451,index,0.8,1
2021,57086.4525846743,50231.6851429637,64876.6422911608,10.9523221097826,0.0652669263691679,index,0.8,1
2022,65054.4257122513,56980.5046996385,74272.3906546526,11.0829795171721,0.0676109626080726,index,0.8,1
2023,64574.0972243801,56770.8341472741,73449.9341955486,11.0755686376012,0.0657107217827411,index,0.8,1
2024,62660.4011296582,55007.2196363221,71378.3735242103,11.0454849661719,0.0664630806915382,index,0.8,1
2025,71212.1390178764,63046.1384458696,80435.8342716799,11.1734185746921,0.0621422036514442,index,0.8,1
2003,10219.2490665231,8353.36339289043,12501.91648223,9.2320283842013,0.102863546221087,index,0.8,1
2004,12839.9383250586,10269.1949439304,16054.229868209,9.46031577388807,0.113987739010269,index,0.8,1
2005,10550.702439677,8683.50295033298,12819.402792549,9.26394771864764,0.0993729620716066,index,0.8,1
2006,11823.8949954321,9625.75811663371,14523.9981276296,9.37787776251865,0.104940622747321,index,0.8,1
2007,12412.3036695723,10319.4318082722,14929.6284183184,9.42644349107404,0.0942157674063089,index,0.8,1
2008,12224.7744387618,10115.6328024985,14773.6788193509,9.41121986335582,0.0966255280219452,index,0.8,1
2009,10342.5950534649,8515.58802008431,12561.583790534,9.24402608886282,0.099171435146424,index,0.8,1
2010,12721.5852208785,10534.4839780144,15362.7582394955,9.45105545341205,0.0962497839450956,index,0.8,1
2011,13137.2813319814,10978.3781644541,15720.7338106127,9.48320937047819,0.0915967721325672,index,0.8,1
2012,14371.9436413803,11878.0737148813,17389.4159094361,9.57303322680771,0.097238415477702,index,0.8,1
2013,14733.7721817794,11986.9349927296,18110.0542245573,9.59789756504771,0.105269781297201,index,0.8,1
2014,12654.5720657421,10522.5906316461,15218.5141257375,9.44577385697816,0.0941313946057967,index,0.8,1
2015,11593.8028614329,9744.84098209757,13793.5821668829,9.35822599825615,0.0886407636643384,index,0.8,1
2016,13270.7292878797,10960.8616845754,16067.3732504098,9.49331608345591,0.0975680709938209,index,0.8,1
2017,11937.6711676,9907.55272389935,14383.7733572677,9.38745432333331,0.0951046438293355,index,0.8,1
2018,12724.6218736351,10477.8574627352,15453.1594271876,9.45129412574226,0.0991215302317624,index,0.8,1
2019,12244.6702029531,9853.71599033134,15215.7773297104,9.41284603582251,0.110839850432031,index,0.8,1
2021,12566.7895998824,10389.1817130883,15200.8315196528,9.43881286720415,0.0970898163819604,index,0.8,1
2022,14260.5978760696,11588.6938717615,17548.5394672912,9.56525561988249,0.105854181989044,index,0.8,1
2023,14142.4758176893,11758.2444231649,17010.1602803808,9.55693801731232,0.0941997364259938,index,0.8,1
2024,14444.9022121772,11959.7409905356,17446.4647758243,9.5780968432116,0.0963259905490109,index,0.8,1
2025,15378.4411103265,12799.850327951901,18476.5012812164,9.6407218796863,0.0936410691336153,index,0.8,1
2003,14541.0869079926,12102.9265186324,17470.4199137523,9.5847335012505,0.0936399542608986,index,0.8,1
2004,18506.5008220849,15400.6556142388,22238.7008226571,9.82587734512975,0.0937323270887312,index,0.8,1
2005,14223.692053965,12133.6072179874,16673.8062318441,9.56266430776996,0.0810882094827107,index,0.8,1
2006,16376.0329203768,14054.7650258461,19080.6785966258,9.70357413762103,0.0779898884956078,index,0.8,1
2007,17398.2695842228,15012.6819165392,20162.9386546726,9.76412603107462,0.0752439576705757,index,0.8,1
2008,16503.2816817075,14111.9854369845,19299.7865170687,9.71131452991317,0.0798661530832084,index,0.8,1
2009,13034.8901518404,11027.104863763,15408.2475291311,9.4753848991622,0.0853450885020653,index,0.8,1
2010,16049.6576585425,13570.4939934194,18981.7342744725,9.68344279864486,0.0856085338582663,index,0.8,1
2011,16381.2471117525,13992.5841811348,19177.6767938328,9.70389249075747,0.0804146020498923,index,0.8,1
2012,18342.8022785216,15726.8986345026,21393.8172584641,9.81699253013188,0.0785038486382393,index,0.8,1
2013,18243.6049547841,15262.5890807706,21806.8585863689,9.81156988416502,0.0910271467192432,index,0.8,1
2014,17090.6626185218,14616.7910892143,19983.2334578325,9.74628754765302,0.0797776527606667,index,0.8,1
2015,14302.9156316697,12248.9816540115,16701.257406134,9.56821868579174,0.0790935980364619,index,0.8,1
2016,18064.3371695484,15587.0921350714,20935.2889267202,9.8016949514914,0.075254713435084,index,0.8,1
2017,15565.3529850433,13356.1526338288,18139.9704084949,9.65280276074534,0.0780985430574839,index,0.8,1
2018,16983.9864582931,14522.1857420611,19863.1115962123,9.74002620606136,0.0798960578086885,index,0.8,1
2019,16769.0073102475,13907.4180697062,20219.3969262819,9.72728765868521,0.0954660439253501,index,0.8,1
2021,16311.172016577,13943.746458801,19080.5486416771,9.69960555180569,0.0800112394028783,index,0.8,1
2022,18759.042246935802,16067.2777992586,21901.7602371049,9.83943116832178,0.0790275339741456,index,0.8,1
2023,19146.5281944493,16360.4262559718,22407.0898988363,9.85987668284379,0.0802341366988799,index,0.8,1
2024,19229.0367735287,16512.1734639157,22392.9245926196,9.86417674754819,0.0777175372605003,index,0.8,1
2025,19917.4789895793,17121.3230135841,23170.2870733519,9.89935296638158,0.0771815411069152,index,0.8,1
2003,23037.9720538304,19331.557150465,27455.0131798514,10.044899092439,0.0894939747415099,index,0.8,1
2004,30404.92207216,25420.3134050433,36366.9507721614,10.3223597845567,0.0913567352401934,index,0.8,1
2005,24583.9902365288,21154.8300905847,28569.0111129149,10.1098507066629,0.0766479263748108,index,0.8,1
2006,29319.6746060405,25189.2852340039,34127.3406934006,10.2860140579186,0.0774708439349373,index,0.8,1
2007,27189.6909445953,23267.7946938239,31772.6412576108,10.210593171052,0.0794747713891604,index,0.8,1
2008,28191.6784577071,24329.9319915849,32666.3771414419,10.2467821232263,0.0751643825417046,index,0.8,1
2009,22298.6933538307,19114.8987929996,26012.7835712253,10.0122833617329,0.0786034904056103,index,0.8,1
2010,27984.1035820946,24152.9153925962,32423.0032095196,10.2393918987272,0.0751195062274544,index,0.8,1
2011,29126.9154864215,25090.1998334827,33813.0908236524,10.2794179564795,0.0761163744135194,index,0.8,1
2012,32497.7382771602,28114.5109400985,37564.3380523661,10.3889257744242,0.0739220975351798,index,0.8,1
2013,33670.2941624814,28358.341672751,39977.2568533994,10.4243712487514,0.0876009688605661,index,0.8,1
2014,31284.7063675877,27120.505246836,36088.2971610703,10.3508846426632,0.072878518107254,index,0.8,1
2015,25066.2575156206,21676.465464255,28986.1493736382,10.1292778986215,0.0741317134379481,index,0.8,1
2016,29449.3631254278,25313.4109956786,34261.0874781499,10.2904275632237,0.0772146586689734,index,0.8,1
2017,27639.530395655,23921.1141871932,31935.9555961374,10.2270022877103,0.0737184469398821,index,0.8,1
2018,30950.8863037284,26842.4482280215,35688.1516487863,10.3401569143337,0.0726631269157228,index,0.8,1
2019,28561.9683658343,23684.3409604947,34444.1096457633,10.259831334451,0.095543564138058,index,0.8,1
2021,28208.4909682146,24329.925835259,32705.3591569395,10.2473783097689,0.0754686940404784,index,0.8,1
2022,32034.7855892457,27548.9811990441,37251.014124056,10.3745776410351,0.0769691731066442,index,0.8,1
2023,31285.0932122415,26873.8432176186,36420.434895481,10.3508970078828,0.077546469038921,index,0.8,1
2024,28986.4621439521,24724.6850311744,33982.8388739179,10.2745841773507,0.0811375928721094,index,0.8,1
2025,35916.2189179703,31211.2944037959,41330.3839525056,10.4889442528992,0.0716385329494298,index,0.8,1
2003,43634.4740271029,37592.2301179093,50647.8949945257,10.6836028056025,0.0760473889085172,index,0.8,1
2004,55959.2252821113,47886.3085213884,65393.1152946448,10.9323785845469,0.079488030321898,index,0.8,1
2005,44542.5361409277,39199.6385942001,50613.6688249824,10.7041998799386,0.065193582507691,index,0.8,1
2006,51510.3903540859,45258.2198788536,58626.2632850488,10.8495388207504,0.0660212301649179,index,0.8,1
2007,51187.8830944269,45264.9211740755,57885.870730056,10.8432581247076,0.0627411938187072,index,0.8,1
2008,51504.6554511708,45469.7795190485,58340.4969455048,10.8494274796764,0.0635849856346267,index,0.8,1
2009,42010.5286024477,36832.6715937069,47916.2775083256,10.6456755468609,0.067110927838331,index,0.8,1
2010,51699.0270581279,45510.088022999,58729.6029268571,10.8531942413277,0.0650547393617053,index,0.8,1
2011,52458.949409228,46322.6158725773,59408.1599512836,10.8677862267092,0.0634708816617004,index,0.8,1
2012,58358.0852990574,51605.8159066706,65993.8431344877,10.9743531936519,0.0627376513721998,index,0.8,1
2013,59238.3484123911,51110.8850763927,68658.2108171841,10.9893243883913,0.0752930262262323,index,0.8,1
2014,54384.5474858415,48164.9020124228,61407.3502002952,10.9038353389241,0.0619651580880921,index,0.8,1
2015,45706.3099673503,40552.181731297,51515.5210309985,10.7299916410348,0.0610453969551771,index,0.8,1
2016,54605.1490178051,48279.51885991,61759.5694751766,10.907883461642,0.0628178645477535,index,0.8,1
2017,49534.1390870997,43856.3547107544,55946.9876436963,10.8104173893651,0.0621146529923039,index,0.8,1
2018,54476.5910823392,48197.7146096339,61573.4376616936,10.9055263669556,0.0624804760418396,index,0.8,1
2019,51036.0830352271,43446.8112928445,59951.0457516034,10.8402881720336,0.0821420359096959,index,0.8,1
2021,51547.9244903734,45506.3855497646,58391.5529032603,10.8502672265662,0.0636028471463382,index,0.8,1
2022,58532.6058457937,51408.0420269126,66644.5523310434,10.9773392428352,0.0662202698553027,index,0.8,1
2023,57897.6556436982,51074.59451149,65632.2103209679,10.9664321729952,0.0639755084327781,index,0.8,1
2024,57062.2957686159,50211.2632936514,64848.1114554369,10.9518988582486,0.0652584488006304,index,0.8,1
2025,63481.6418411801,56240.0602966705,71655.6637669616,11.0585060382186,0.0617977884076545,index,0.8,1
2003,4163.83400124335,3030.89748781515,5720.25733618859,8.33419156372489,0.162032318443685,index,0.8,1
2004,5792.13593719239,4204.73373129748,7978.82597539969,8.66425640360927,0.16341634726986,index,0.8,1
2005,4815.84858924297,3605.85682307452,6431.86869930643,8.47966754738376,0.147631717666251,index,0.8,1
2006,6009.21216776331,4534.29835676537,7963.8850459224705,8.70104893204199,0.143687996843656,index,0.8,1
2007,5812.38110396346,4371.82639234959,7727.6110864857,8.66774559445431,0.145313616561589,index,0.8,1
2008,5415.07912700551,4065.70439623798,7212.30052506119,8.59694277188706,0.146227422529312,index,0.8,1
2009,3665.64995668848,2706.90799828621,4963.96243000407,8.20676094012243,0.154696025066119,index,0.8,1
2010,5056.31940338762,3790.65065898853,6744.58508816956,8.52839410696973,0.146993081539931,index,0.8,1
2011,6186.49452092742,4718.41679102177,8111.34669796243,8.7301238920038209,0.138214425091353,index,0.8,1
2012,6854.39889800507,5205.91054683359,9024.89273111879,8.83264590004146,0.140357679789169,index,0.8,1
2013,7409.32288665356,5502.09102735756,9977.67310023109,8.91049433579552,0.151845060614827,index,0.8,1
2014,6645.39356600983,5057.39428807758,8732.01754335659,8.80167919678397,0.139325279508109,index,0.8,1
2015,5256.66604137308,3974.89678313272,6951.76236720971,8.56725227233648,0.142603748996063,index,0.8,1
2016,6179.28056505057,4662.9522925634,8188.69804061857,8.72895713025293,0.143652162375749,index,0.8,1
2017,5608.41546119885,4256.55355040799,7389.62252275657,8.63202350963635,0.140721169221593,index,0.8,1
2018,6182.90355331767,4692.41875398593,8146.8211499998,8.72954327074981,0.140737186310332,index,0.8,1
2019,6539.56284380806,4779.92106163705,8946.98503106,8.7856255987627,0.15992451401549,index,0.8,1
2021,5538.52809430058,4161.15094000655,7371.829066914,8.61948405749095,0.145888943106033,index,0.8,1
2022,6521.81986645748,4921.6429542568,8642.26331853902,8.7829087365961,0.143630725503997,index,0.8,1
2023,6676.44158068193,5036.98326253884,8849.51762928653,8.80634042709426,0.143766827594545,index,0.8,1
2024,5598.10536104227,4232.38171002048,7404.52676069677,8.63018349109197,0.142687992074145,index,0.8,1
2025,7730.49717669627,6051.50573728222,9875.32511631524,8.9529284573264,0.124933956441857,index,0.8,1
2003,28812.0975264151,24646.9533002052,33681.118869355,10.268550630927,0.0796657789100484,index,0.8,1
2004,36369.1401649575,30756.0838247898,43006.592252561,10.5014758963751,0.0855285077029069,index,0.8,1
2005,29299.0568119001,25517.8646247366,33640.5393903845,10.2853106037669,0.0704995323782913,index,0.8,1
2006,33210.3022273455,28843.154139026,38238.6811343675,10.4106154148216,0.0719337006685144,index,0.8,1
2007,34467.1872688076,30285.1742393419,39226.685269646,10.4477630567851,0.0659958474162943,index,0.8,1
2008,33280.1354609698,28997.4244671215,38195.3720598982,10.4127159652685,0.0702837770535666,index,0.8,1
2009,27086.8816523438,23479.0141463798,31249.1467092201,10.2068048177979,0.0729312032345293,index,0.8,1
2010,33266.6800224002,28872.314177274,38329.8682924367,10.4123115751063,0.0722835461424803,index,0.8,1
2011,33898.8500133462,29607.8973442758,38811.6730771329,10.431136369883,0.0690522703745013,index,0.8,1
2012,38086.3192956803,33300.9874740589,43559.3004148147,10.5476104230282,0.0685053882024462,index,0.8,1
2013,38242.7126704717,32641.2501398747,44805.4246123879,10.5517083026847,0.0808056651731164,index,0.8,1
2014,34908.9773367517,30520.5065210417,39928.4559008772,10.4604993053919,0.068544741039386,index,0.8,1
2015,29755.0950016224,26083.5916995594,33943.3958617951,10.3007556568691,0.0671920161840901,index,0.8,1
2016,36240.5807217068,31771.1706483714,41338.7251474748,10.4979347843582,0.0671544024318419,index,0.8,1
2017,31885.2318589297,27878.8369942737,36467.3752677176,10.3698982304472,0.0685089533267339,index,0.8,1
2018,34848.8619044723,30403.8903573571,39943.6770019503,10.4587757586819,0.0696185788464185,index,0.8,1
2019,33810.3726112468,28538.0795669561,40056.7001514347,10.428522916382,0.0864956285559587,index,0.8,1
2021,33652.3269205429,29350.4825510911,38584.6844322155,10.4238374833669,0.0697835358511023,index,0.8,1
2022,38564.8597143045,33460.1267704647,44448.3792600803,10.5600967707187,0.0724436819187383,index,0.8,1
2023,38573.6920164287,33727.7068930453,44115.9465864877,10.5603257691109,0.0684965788258782,index,0.8,1
2024,38573.8114552861,33697.0903185803,44156.3029959154,10.5603288654874,0.0689615190052337,index,0.8,1
2025,42651.5825774121,37490.6744349151,48522.9333368199,10.6608196583841,0.0658033311351326,index,0.8,1
2003,18986.2105019312,15774.3113173657,22852.1031423285,9.85146823159882,0.0945579628960627,index,0.8,1
2004,25382.2210543459,21125.5313222991,30496.6126447969,10.141804249431,0.0936581731187007,index,0.8,1
2005,20059.3279182706,17096.7111048025,23535.3240787745,9.90644955737893,0.0815362770436489,index,0.8,1
2006,24309.3002945042,20753.8879041005,28473.8013204564,10.0986142842758,0.0806777106841052,index,0.8,1
2007,22533.0769295827,19106.554913839,26574.1028774753,10.0227395944335,0.0841611638630354,index,0.8,1
2008,23639.5991172065,20301.0353413687,27527.1993287686,10.0706785135593,0.0776806864784355,index,0.8,1
2009,18589.2969067922,15815.5859904184,21849.4565865741,9.83034125895627,0.0824454287696746,index,0.8,1
2010,23488.6664391154,20152.6923763226,27376.8606588886,10.0642733046117,0.0781545633899741,index,0.8,1
2011,24746.5939168091,21217.0685779243,28863.2667719533,10.1164431390035,0.0785126062996917,index,0.8,1
2012,27126.1649013818,23283.2816810476,31603.3122966475,10.2082540355937,0.0779418291393493,index,0.8,1
2013,28404.9586285732,23785.4014834705,33921.7177078832,10.2543190085062,0.0905586640828474,index,0.8,1
2014,26120.9637150996,22498.9211260703,30326.1094868651,10.1704934783874,0.0761599919561526,index,0.8,1
2015,21207.8810071009,18263.9111012195,24626.3910461829,9.96212813719779,0.0762492666247694,index,0.8,1
2016,24543.8488611491,20937.3327190141,28771.5978440684,10.1082165462744,0.0810869222761696,index,0.8,1
2017,23257.3226893686,20020.0094358897,27018.122064805,10.0543753158092,0.0764747683116924,index,0.8,1
2018,25810.6327311845,22229.0077778463,29969.3431502608,10.1585418073748,0.0762199902477322,index,0.8,1
2019,23765.2732677882,19579.3592458684,28846.1030006297,10.0759806877318,0.0988536006993617,index,0.8,1
2021,23434.1256641312,20090.36407261,27334.4098522826,10.0619486006841,0.0785489030270802,index,0.8,1
2022,26489.5659979467,22627.8433432605,31010.3396119087,10.1845061985134,0.0803942146151873,index,0.8,1
2023,26000.4052079515,22145.1459988709,30526.8283628447,10.1658674018034,0.0818860927417027,index,0.8,1
2024,24086.5896743721,20409.8205129432,28425.7179906922,10.0894105195589,0.0845112763165955,index,0.8,1
2025,28560.5564404637,24526.7615107386,33257.7696338661,10.2597818994732,0.0776860155153009,index,0.8,1
2003,37653.5798644946,32350.8576624598,43825.4865266552,10.5361833114303,0.0774440250294473,index,0.8,1
2004,48609.1997582096,41499.5364612783,56936.8841827477,10.7915680874109,0.0806803350008121,index,0.8,1
2005,38617.5325343782,33861.3511595286,44041.7693912401,10.5614616630656,0.0670584280698203,index,0.8,1
2006,44327.8615158412,38841.0331998108,50589.7795369964,10.6993686864636,0.0674176484963636,index,0.8,1
2007,44463.3934711476,39210.9537061231,50419.4152936751,10.7024215109921,0.0641389811037822,index,0.8,1
2008,43614.449478375,38277.67779841,49695.2875072462,10.6831437844874,0.0665938789506223,index,0.8,1
2009,35997.5424879098,31409.0150298359,41256.4056509876,10.4912059508834,0.0695705219114982,index,0.8,1
2010,43720.3800663422,38241.8096003903,49983.8175316344,10.6855696354444,0.0683099017476162,index,0.8,1
2011,45182.7313821321,39769.5639019879,51332.7030736653,10.7184702437531,0.0651099061615564,index,0.8,1
2012,50603.2143999706,44617.1259156726,57392.4307103319,10.831770378949,0.0642345096635621,index,0.8,1
2013,50642.2553921639,43606.1635051454,58813.6590118168,10.8325415935862,0.076321713369829,index,0.8,1
2014,46819.4339199055,41343.0385312768,53021.2454249597,10.7540536504102,0.0634676554560397,index,0.8,1
2015,39199.1738120789,34598.5713189605,44411.5224696433,10.576410949334,0.0636967217178158,index,0.8,1
2016,47349.3593503472,41761.857594644,53684.4374273199,10.765308568435,0.0640674345181361,index,0.8,1
2017,42651.302595338,37603.9141221014,48376.177202519,10.660813093962,0.0642612170444501,index,0.8,1
2018,47021.7428014141,41466.5419166561,53321.1643383798,10.7583653865159,0.0641456809073056,index,0.8,1
2019,44410.9671723696,37733.3497808972,52270.3130423847,10.7012417263055,0.0831352696366979,index,0.8,1
2021,44726.266521816,39331.6034676491,50860.8533752233,10.7083162259596,0.065579057981112,index,0.8,1
2022,50656.2608521788,44299.916571499,57924.6409952585,10.8328181121498,0.0684094403967998,index,0.8,1
2023,50196.5755298533,44131.324058141,57095.4134891732,10.8237020868162,0.0657037488621905,index,0.8,1
2024,49671.3565436511,43640.3940344484,56535.7787314876,10.8131837188549,0.0660447083548659,index,0.8,1
2025,55391.5842841056,48977.3468007866,62645.851805388,10.922182952967,0.0627918645094181,index,0.8,1
2003,10144.7281638515,8127.36458864329,12662.8390293024,9.22470945681482,0.113123234616117,index,0.8,1
2004,13142.1614610938,10431.6543509903,16556.9527189197,9.48358077326682,0.117849422236137,index,0.8,1
2005,10740.8521957924,8805.44329713762,13101.6579175928,9.28180971275412,0.101371427530977,index,0.8,1
2006,13191.7410060083,10803.9963527536,16107.1908104863,9.48734623139118,0.101876797551748,index,0.8,1
2007,12536.8707272429,10279.9571004468,15289.2785539706,9.43642923976374,0.101266082151072,index,0.8,1
2008,13305.2850998015,11041.7158022542,16032.8897027814,9.49591661120187,0.0951450577902543,index,0.8,1
2009,9678.63607122646,7947.40448088932,11786.9923978958,9.17767626861024,0.100550620426688,index,0.8,1
2010,13034.9663951731,10811.1002151012,15716.2865520346,9.47539074831849,0.0954415830135475,index,0.8,1
2011,13462.7125480231,11120.2370914244,16298.6299357296,9.50767910949401,0.0975309864126544,index,0.8,1
2012,14609.2697970917,12029.3481295325,17742.5045568541,9.58941152383054,0.0991379968886827,index,0.8,1
2013,16005.4159068809,12854.5403027134,19928.6269535567,9.68068243812574,0.111854136600396,index,0.8,1
2014,14210.5071319459,11734.2109151256,17209.3815602703,9.56173690883898,0.0976921241029881,index,0.8,1
2015,11763.8021966446,9788.68535933547,14137.4492121969,9.37278248523846,0.0937772552004553,index,0.8,1
2016,13435.0702325083,11025.959708656,16370.5579307285,9.50562374861377,0.100826344382761,index,0.8,1
2017,12491.2519529603,10355.0873474947,15068.0887679894,9.43278383452225,0.0956908529498869,index,0.8,1
2018,13637.7518342429,11250.7466277643,16531.1939950206,9.52059709627644,0.0981688058818271,index,0.8,1
2019,13164.6787066656,10419.7976800426,16632.6420887883,9.48529266651795,0.119303094213029,index,0.8,1
2021,12360.1860628581,10176.9008540451,15011.8588850896,9.42223578452768,0.0991650750093163,index,0.8,1
2022,14398.1648600724,11862.8232490913,17475.3637464592,9.57485603717014,0.0988239306900902,index,0.8,1
2023,14377.5216945268,11818.0384426815,17491.3232072449,9.57342127250882,0.100021709206137,index,0.8,1
2024,12989.044586007,10588.6927696254,15933.5323942209,9.47186155699875,0.104246592135082,index,0.8,1
2025,15820.5547337705,13140.3105892119,19047.4913347721,9.66906530605267,0.0947085654794055,index,0.8,1
2003,45895.6583696336,39389.2756414299,53476.7756675012,10.734125802678,0.0779998701458826,index,0.8,2
2004,59443.5793547716,50603.1670944996,69828.4184448034,10.9927828955256,0.082151229654461,index,0.8,2
2005,51047.6122896228,44779.5029208918,58193.1140476302,10.8405140505033,0.0668421776710946,index,0.8,2
2006,58584.48471494,51288.278866551,66918.6396027299,10.9782251745518,0.0678622937368079,index,0.8,2
2007,56137.4328943607,49382.2286601877,63816.7101297626,10.9355581220154,0.0654156037023523,index,0.8,2
2008,58956.7253118053,51740.2315833265,67179.7429799634,10.9845589844762,0.0666175776040183,index,0.8,2
2009,47086.5739922561,41131.6801951696,53903.5954721001,10.7597431861261,0.0689855915514935,index,0.8,2
2010,59424.603199159,52236.6927545454,67601.5895947054,10.9924636148676,0.0657783319583954,index,0.8,2
2011,58682.1307136341,51710.2996941441,66593.9374836386,10.9798905423277,0.064530921119417,index,0.8,2
2012,63140.5462815317,55786.4370056744,71464.1192145815,11.0531184139835,0.063180936257129,index,0.8,2
2013,68632.368560481,58961.9395166288,79888.8580131127,11.1365195473351,0.0774872021862172,index,0.8,2
2014,61084.2930510052,53872.6238968176,69261.3536828581,11.02001004257,0.0640993003600659,index,0.8,2
2015,52951.3720059086,46882.5992836305,59805.7240884917,10.8771292620425,0.0621069544230653,index,0.8,2
2016,66579.1183889699,58602.703629828,75641.2030655228,11.1061462696621,0.0651084199199935,index,0.8,2
2017,55908.5400103562,49300.9192989896,63401.7557995853,10.9314724204684,0.0641717983418428,index,0.8,2
2018,60365.2628285157,53212.1730739567,68479.9125059455,11.0081690997455,0.0643515056427897,index,0.8,2
2019,57065.7453793477,47903.2829522843,67980.7122811246,10.9519593098379,0.0892975547214196,index,0.8,2
2021,57384.5647648187,50606.627144242,65070.2972925227,10.9575306396096,0.0641301690599156,index,0.8,2
2022,72696.7273742973,63612.2672837258,83078.5380964554,11.1940516470242,0.0681084119548231,index,0.8,2
2023,67322.2059485975,59283.6837082232,76450.7049881027,11.1172454158694,0.0648767110039527,index,0.8,2
2024,63106.7566439762,55411.3104593714,71870.9357549312,11.0525831211483,0.0663502545761126,index,0.8,2
2025,65603.121091806,57932.5211966609,74289.3526483398,11.0913785514194,0.0634421692555341,index,0.8,2
2003,10093.0666170673,8268.57509126067,12320.1389129584,9.2196039935408,0.1017296850648,index,0.8,2
2004,12380.6440545613,9966.94582807904,15378.8682962359,9.42388956867872,0.110644935603213,index,0.8,2
2005,11146.2301351896,9205.17176527924,13496.5918501619,9.31885661525076,0.0976221314621922,index,0.8,2
2006,12667.5124765597,10434.8837853444,15377.8303280355,9.44679592227633,0.0989233686752456,index,0.8,2
2007,11903.1538766367,9877.23091495606,14344.6147438299,9.38455867563508,0.0951911348442471,index,0.8,2
2008,12916.9423825692,10725.6186663485,15555.9698423827,9.46629509163286,0.0948510617841481,index,0.8,2
2009,10622.513581354,8762.06151193936,12877.9961921399,9.27073095053407,0.0982387755058552,index,0.8,2
2010,13413.2946313006,11215.1525654971,16042.267086012,9.50400163076094,0.0913183005457169,index,0.8,2
2011,13195.1012189964,11069.4252016549,15728.973547202,9.48760091991948,0.0896234935540735,index,0.8,2
2012,13761.971496033,11440.7240693409,16554.1847097913,9.5296643785521,0.0942516415116733,index,0.8,2
2013,15113.8611308983,12342.8250749157,18507.0109069531,9.62336755742798,0.103337281393547,index,0.8,2
2014,13013.6757680808,10839.1382374092,15624.466935225,9.47375606565826,0.0932860469176819,index,0.8,2
2015,12132.8566953775,10270.151832255,14333.4016862576,9.4036724808371,0.0850400289405841,index,0.8,2
2016,14453.0673251625,11987.0210285161,17426.4443691844,9.57866194265168,0.0954518458731865,index,0.8,2
2017,12357.8911466226,10297.3948112342,14830.6903242326,9.42205009724928,0.093064917218324,index,0.8,2
2018,12974.6276952014,10760.1215680662,15644.894229512,9.47075101361095,0.0954858779486739,index,0.8,2
2019,12420.0917525881,9944.236977236,15512.36957605,9.42707074294715,0.113431818449732,index,0.8,2
2021,12901.2352466007,10737.3092677523,15501.2644916555,9.46507834131594,0.0936744449484466,index,0.8,2
2022,16346.4771278204,13390.4425553319,19955.0771668824,9.70176768692087,0.101772889284121,index,0.8,2
2023,14823.7518146382,12444.7388907053,17657.5514996231,9.60398602569325,0.0892530646235101,index,0.8,2
2024,14860.9565731302,12369.2786514804,17854.5601963643,9.60649268855056,0.0936351589431129,index,0.8,2
2025,14424.686832228,12066.9946320431,17243.0332947471,9.57669638106979,0.091056312386367,index,0.8,2
2003,13707.1121539825,11451.6969237968,16406.7321072239,9.52567011243928,0.091724599484602,index,0.8,2
2004,17798.3173889862,14857.7661423621,21320.8431768146,9.78685920310341,0.0921349700554803,index,0.8,2
2005,14647.0550513147,12523.621836758,17130.5253761782,9.59199457384983,0.0799110025386337,index,0.8,2
2006,16224.4719347892,13936.7246843864,18887.7584600396,9.69427599465061,0.0775490249925108,index,0.8,2
2007,16945.6781937473,14654.8256207764,19594.6384403877,9.73776810647703,0.0741050108604485,index,0.8,2
2008,16979.3207700982,14508.2348789516,19871.2893897346,9.73975145730425,0.0802462538377862,index,0.8,2
2009,13588.4762954023,11553.169642423,15982.3402361109,9.51697738131571,0.0827883963066267,index,0.8,2
2010,16925.0555559404,14384.5694747588,19914.2216994627,9.7365503802531,0.0829806235013476,index,0.8,2
2011,16341.0287714978,13983.975602962,19095.3723670942,9.70143432674406,0.0794744060188769,index,0.8,2
2012,17473.3549410598,15044.1294597452,20294.8355179489,9.76843242482011,0.0763734951460787,index,0.8,2
2013,18648.5318316077,15628.983440754,22251.4625338745,9.8335226998074,0.0901242670169399,index,0.8,2
2014,17097.6720208905,14676.1384686979,19918.7537755549,9.74669759409377,0.0779194795538458,index,0.8,2
2015,14799.7867421242,12745.3968233109,17185.3172285503,9.60236805033246,0.0762476247414512,index,0.8,2
2016,19466.1642393504,16822.0876416586,22525.8337886061,9.87643307019272,0.0744835256630115,index,0.8,2
2017,15658.3074723574,13472.0657105894,18199.3317258067,9.6587568840331,0.0767275680479777,index,0.8,2
2018,16922.7372501471,14512.1831146984,19733.6978023286,9.73641339608931,0.0784043007263628,index,0.8,2
2019,16582.6032372298,13657.4227843818,20134.3060447572,9.71610942705377,0.0990176258574624,index,0.8,2
2021,16436.9801041375,14131.9990047383,19117.912112308,9.7072889597743,0.0770891827161926,index,0.8,2
2022,20823.4380597976,17878.5925410431,24253.3393853457,9.9438344610912,0.0777948643998775,index,0.8,2
2023,19610.613846222,16831.6406321546,22848.4069871925,9.8838262214145,0.0779659512043678,index,0.8,2
2024,18942.3904986085,16293.4901120181,22021.9336271676,9.84915757306339,0.0768568437281575,index,0.8,2
2025,18879.4993153338,16272.6821875876,21903.9178845125,9.8458319200329,0.0758120454148346,index,0.8,2
2003,22095.4795985837,18559.2096408864,26305.5500820406,10.0031283235335,0.088984748434026,index,0.8,2
2004,29264.6179112239,24432.476332733,35052.4379856887,10.2841344854714,0.0920761622979314,index,0.8,2
2005,25254.3271031187,21753.6285556838,29318.3749000199,10.1367527904418,0.0761324896121603,index,0.8,2
2006,29692.5003035912,25489.8672301721,34588.0410563759,10.2986497778729,0.0778654559076854,index,0.8,2
2007,27288.6008239769,23405.6628993435,31815.7079392628,10.2142243417386,0.0783132070978564,index,0.8,2
2008,29060.4621591378,25027.094990139,33743.8468681813,10.2771338406158,0.0762358518958802,index,0.8,2
2009,22875.5841154999,19609.4319523662,26685.7474452322,10.0378254249215,0.0786032164921503,index,0.8,2
2010,29086.253011918,25110.3833415535,33691.6447178767,10.2780209364524,0.0749933259422754,index,0.8,2
2011,29146.0007231401,25157.2698605524,33767.1521139628,10.2800729859046,0.0750885185879237,index,0.8,2
2012,31905.2198444385,27687.5194612703,36765.4117497188,10.3705249068739,0.0723420829744337,index,0.8,2
2013,34869.975597975,29409.9712744314,41343.6377362419,10.4593814398695,0.0868854664642296,index,0.8,2
2014,30972.9452620343,26825.4674905732,35761.6633723938,10.3408693689309,0.0733494978972494,index,0.8,2
2015,26018.7285684069,22521.0392404318,30059.6357516695,10.1665718872449,0.0736578119552766,index,0.8,2
2016,32659.8868244571,28101.3935032313,37957.8403207548,10.3939029012538,0.0766996013625851,index,0.8,2
2017,27892.3413913758,24108.1319478296,32270.5512802329,10.2361074280256,0.0743906221700524,index,0.8,2
2018,30467.8978831672,26391.6815892645,35173.6890383185,10.3244288798777,0.0732792708660281,index,0.8,2
2019,28063.0503895299,23109.4820694407,34078.4269763755,10.2422090572822,0.0990889461904424,index,0.8,2
2021,28046.3494140807,24236.297185781,32455.3585651767,10.2416137568156,0.0744947794013745,index,0.8,2
2022,35526.8121866792,30502.9726129843,41378.0781355818,10.4780429632527,0.0777889511685849,index,0.8,2
2023,32887.8402877376,28300.9926987673,38218.0953970158,10.4008582723186,0.0766371794544773,index,0.8,2
2024,29303.4095722375,25044.3172201212,34286.8126533874,10.2854591558881,0.080132560511419,index,0.8,2
2025,32298.9349442444,27942.2000460596,37334.9699312472,10.3827895348047,0.0739279723661454,index,0.8,2
2003,41549.361664737,35819.8000954106,48195.3961258513,10.6346374371027,0.0757061576045707,index,0.8,2
2004,53211.0125867665,45508.910177292,62216.6483327883,10.8820206574181,0.079775569761414,index,0.8,2
2005,45517.1838757257,40092.9866714418,51675.2230247885,10.725845201239,0.0647402198281586,index,0.8,2
2006,51870.5841551225,45604.6301057653,58997.4635109147,10.8565071291892,0.0656862077311738,index,0.8,2
2007,49997.0709894818,44169.6369959911,56593.3360003426,10.819719702484,0.0632291293325743,index,0.8,2
2008,52925.3177937404,46636.1703530199,60062.591811573,10.8766371005904,0.064544754250332,index,0.8,2
2009,42763.417473352,37503.6515457259,48760.8485741863,10.6634382841472,0.0669628133026355,index,0.8,2
2010,53220.7309502825,46951.642475946,60326.8821603732,10.882203278941,0.0639449563317698,index,0.8,2
2011,52008.3404162921,45997.7804219742,58804.3042086602,10.859159377323,0.062659801751917,index,0.8,2
2012,55744.7271590173,49429.5896063201,62866.6883699142,10.9285381047421,0.0613448012036303,index,0.8,2
2013,60159.6851155019,51934.159545277,69688.0000540123,11.0047577244927,0.075014486460366,index,0.8,2
2014,54144.6324480904,47957.2617206928,61130.2880471562,10.8994141237504,0.0619136944662824,index,0.8,2
2015,46861.1494851067,41687.0902915805,52677.3952248959,10.7549442419595,0.0596936823129059,index,0.8,2
2016,59128.334026316,52262.5636636722,66896.0655513689,10.9874655136558,0.0629756060893466,index,0.8,2
2017,49653.0285106228,43945.9845116759,56101.2176123098,10.8128146648059,0.0622961093937044,index,0.8,2
2018,53849.555874421,47659.4619475269,60843.6299819131,10.8939494350932,0.0623036825474462,index,0.8,2
2019,50429.7279687862,42565.1371464533,59747.4279069175,10.8283361208224,0.0865042938539721,index,0.8,2
2021,51171.8096261451,45303.0450458329,57800.8409316693,10.8429440661561,0.062151416225085,index,0.8,2
2022,65025.3181810987,57100.0922534261,74050.5284262378,11.0825319835167,0.066312939039905,index,0.8,2
2023,59662.842898828,52755.5158227103,67474.5525137651,10.9964647086067,0.0627772236357789,index,0.8,2
2024,56908.5525938801,50094.6420701582,64649.2963018828,10.9492009180262,0.0650683290027613,index,0.8,2
2025,58231.5778710299,51441.6711171459,65917.7003334092,10.9721830616825,0.0632558646747428,index,0.8,2
2003,4346.29670489638,3158.21183468559,5981.32615410002,8.37707942928593,0.162920421237815,index,0.8,2
2004,6232.56676800494,4538.99288017347,8558.04129751243,8.73754352821718,0.161780061701278,index,0.8,2
2005,5530.42841389713,4157.25473117241,7357.17208086865,8.61802056238314,0.14562019996983,index,0.8,2
2006,6713.90055981758,5060.79054608531,8906.99986822949,8.81193536656011,0.144215600035144,index,0.8,2
2007,6140.36190487901,4616.03742275637,8168.0543006463,8.72263896156687,0.145587902879675,index,0.8,2
2008,6031.40751806474,4515.54495017863,8056.14317880475,8.70473568173108,0.147683594052021,index,0.8,2
2009,4323.15651890421,3193.27426316754,5852.82714438844,8.37174109009692,0.154563557455643,index,0.8,2
2010,6203.87224887642,4676.40186952503,8230.26590832497,8.73292893234948,0.144209114385608,index,0.8,2
2011,6673.79029734184,5074.08033319612,8777.84229025776,8.80594323798187,0.139820255774448,index,0.8,2
2012,7395.81912251452,5648.19317030703,9684.1837457868,8.90867013608499,0.137542913074711,index,0.8,2
2013,8472.68344497918,6307.30083621662,11381.4715078478,9.04460255505905,0.150584119442602,index,0.8,2
2014,6939.66060291486,5255.46048684174,9163.5907841426,8.84500814782586,0.141831810289793,index,0.8,2
2015,6090.22252080174,4623.95322202944,8021.4501686939,8.71443989875592,0.140530441870659,index,0.8,2
2016,7450.78436265394,5630.08032827779,9860.28340305227,8.91607458940939,0.142959565934602,index,0.8,2
2017,6255.5114997331,4757.35636583735,8225.45571828431,8.74121819409532,0.139681539375811,index,0.8,2
2018,6515.70695409454,4917.86366978222,8632.69906656765,8.78197099542862,0.143544216076575,index,0.8,2
2019,6636.01741056131,4795.19653296676,9183.50828178205,8.80026727495989,0.165766975302668,index,0.8,2
2021,6212.75513867358,4692.36357482913,8225.77487817973,8.73435973816096,0.143200612542896,index,0.8,2
2022,7671.40919319855,5765.10473229608,10208.0572239757,8.94525560541219,0.145756252771499,index,0.8,2
2023,7659.36304976965,5808.11149133094,10100.6742752339,8.94368410650567,0.14116246839322,index,0.8,2
2024,6198.20405009606,4697.95825063557,8177.53828302535,8.73201485973157,0.141396262055434,index,0.8,2
2025,7371.54322077594,5772.81802432254,9413.01964254183,8.90538235549943,0.124730211738645,index,0.8,2
2003,27448.8177352523,23493.8902739107,32069.5119573182,10.2200783762561,0.0793803863224807,index,0.8,2
2004,34714.9893152034,29385.1867933611,41011.4964260482,10.4549268414012,0.0850428206489755,index,0.8,2
2005,30156.6828549903,26301.1008560699,34577.4698098459,10.314161831159,0.0697950356756191,index,0.8,2
2006,33680.546395401,29305.3602429446,38708.9322939091,10.424675691366,0.070996187044951,index,0.8,2
2007,33235.0436820528,29184.223463893,37848.1246867692,10.4113601308137,0.0663158006603667,index,0.8,2
2008,34256.450187594,29799.1756736852,39380.4309322352,10.4416301526042,0.0711207672945577,index,0.8,2
2009,27811.7195249997,24128.6202045009,32057.0234178979,10.2332127764924,0.0724803120738184,index,0.8,2
2010,34875.9040526167,30371.813213548,40047.9442875263,10.4595514414434,0.0705529194288794,index,0.8,2
2011,33628.1924692643,29421.6597212384,38436.1500834559,10.4231200557212,0.0681816857274321,index,0.8,2
2012,36193.3643867759,31724.1581455231,41292.1792794303,10.4966310767789,0.0672447665284142,index,0.8,2
2013,38973.7130952495,33289.531225508,45628.4680652678,10.5706426746573,0.0804323074156524,index,0.8,2
2014,35012.4692946026,30632.8085065634,40018.3027894042,10.4634595425841,0.0681811791686106,index,0.8,2
2015,30669.2651968544,26982.7466244449,34859.4544805475,10.3310162984533,0.0653396555461521,index,0.8,2
2016,39042.1495962641,34231.7956999467,44528.4687504556,10.5723971003909,0.0670863911024936,index,0.8,2
2017,32364.9933035381,28332.7972888179,36971.0332820361,10.3848326640752,0.0678876437105563,index,0.8,2
2018,34614.8158780333,30223.1319963995,39644.6496151652,10.4520370739598,0.0692228044592377,index,0.8,2
2019,33422.3577822161,27938.5821888557,39982.4870199761,10.4169803496972,0.0914386511378501,index,0.8,2
2021,33868.9638553047,29650.7150205811,38687.3204182668,10.4302543535312,0.0678649378662022,index,0.8,2
2022,43124.2957056449,37468.1466623069,49634.2906114108,10.671841822737,0.0717336620415219,index,0.8,2
2023,39828.6669755566,34946.296747999,45393.1563761652,10.5923422077662,0.0667228710931312,index,0.8,2
2024,38520.4936588262,33695.9905089935,44035.756459619,10.5589456814796,0.0682724525895042,index,0.8,2
2025,39539.3266451337,34741.7543370421,44999.4072372939,10.5850510668662,0.0659979113469453,index,0.8,2
2003,18446.8406343813,15349.6369927939,22168.9887226657,9.82264839547662,0.0937778922820178,index,0.8,2
2004,24728.5900395681,20551.7163060496,29754.359988174,10.1157153447198,0.0943974538306286,index,0.8,2
2005,20890.9294346328,17816.9857513665,24495.2170211696,9.94707034540544,0.0812070067095589,index,0.8,2
2006,24903.9383195392,21239.4066787282,29200.7283068111,10.1227812353893,0.0812094996773374,index,0.8,2
2007,22902.3892123082,19470.3311589106,26939.4201542385,10.0389965165153,0.0828328535110106,index,0.8,2
2008,24700.2751242113,21178.7747407454,28807.3129196642,10.1145696611861,0.0784784285530118,index,0.8,2
2009,19274.8544672565,16401.0488676076,22652.2107051138,9.86655664806614,0.082377065206565,index,0.8,2
2010,24548.6991465424,21087.0490573164,28578.6137334543,10.1084141438979,0.077552344242485,index,0.8,2
2011,25053.9382443702,21502.962587348,29191.3181266495,10.1287863095001,0.0779811829821256,index,0.8,2
2012,26947.1818947554,23213.678692884,31281.1520171352,10.2016340029569,0.0760917146400683,index,0.8,2
2013,29658.6554652315,24853.5244091879,35392.8010177954,10.2975092830809,0.0901824909413314,index,0.8,2
2014,26071.8237564032,22438.5872791566,30293.3507144796,10.1686104606143,0.0765692939347609,index,0.8,2
2015,22282.106809054,19211.8415621487,25843.0344766262,10.0115392501207,0.0756427849473434,index,0.8,2
2016,27536.9687927057,23505.3571605157,32260.0777819371,10.2232847006006,0.0807673321651278,index,0.8,2
2017,23543.5467068174,20231.6380817602,27397.6130502165,10.0666070367046,0.0773504707826702,index,0.8,2
2018,25750.4469504822,22176.1173907384,29900.8842019626,10.1562072632415,0.0762442926761593,index,0.8,2
2019,23643.3875971318,19370.9629417883,28858.1305301181,10.0708387606247,0.101689772863657,index,0.8,2
2021,23515.6009095142,20192.5318169791,27385.5448711271,10.065419348359,0.0777316555623054,index,0.8,2
2022,29572.4316686525,25212.7184615261,34686.0143673768,10.294597843779,0.0813759834374655,index,0.8,2
2023,27493.538973041,23461.2437565192,32218.8667023284,10.2217063096156,0.0809204526282126,index,0.8,2
2024,24586.26298515,20859.845098506,28978.3708709442,10.1099431507108,0.083859626629262607,index,0.8,2
2025,26063.7944466726,22306.8156499624,30453.5345438042,10.1683024443264,0.0794172241302582,index,0.8,2
2003,35890.8956183694,30884.3657026114,41709.0122780073,10.4882389383683,0.0766511879949916,index,0.8,2
2004,46286.2354898738,39520.8913772222,54209.6982422524,10.7425999062394,0.0806214812041204,index,0.8,2
2005,39603.5742501575,34791.7005615239,45080.9551724607,10.5866746520118,0.066093308512623,index,0.8,2
2006,44698.945488276,39227.437583682,50933.6283692158,10.7077051894571,0.0666203415939535,index,0.8,2
2007,43384.660451397,38227.1275901736,49238.0380409968,10.6778612117915,0.0645728818947972,index,0.8,2
2008,44858.9639320359,39295.7587463633,51209.766887169,10.711278712222,0.0675557516223358,index,0.8,2
2009,36812.2740650762,32152.8983945495,42146.8542342052,10.5135866029239,0.0690465366445445,index,0.8,2
2010,45625.8105569077,40043.4555461399,51986.3873030683,10.7282288563578,0.0665871032992453,index,0.8,2
2011,44608.3057959779,39329.4266504917,50595.7273079798,10.7056753492791,0.0642598858299534,index,0.8,2
2012,48028.2618456677,42439.4067001107,54353.1145997383,10.7795449050735,0.0631196762556048,index,0.8,2
2013,51500.8036977874,44351.2978486322,59802.822243675,10.8493526923123,0.0762541773226032,index,0.8,2
2014,46680.6189657402,41217.4173278415,52867.9458417377,10.7510843460757,0.0635053247804304,index,0.8,2
2015,40370.2834177676,35759.2398835776,45575.9067736601,10.6058492343269,0.0618813724507653,index,0.8,2
2016,51147.8029291136,45100.0627458533,58006.521170882,10.8424748169697,0.0642031696561266,index,0.8,2
2017,42812.0262709822,37769.9657085175,48527.1712336751,10.66457432974,0.0639322063695849,index,0.8,2
2018,46363.4722076646,40882.4183473939,52579.3639917564,10.7442671912769,0.0641908789730385,index,0.8,2
2019,43816.8870437773,36895.462227283,52036.7404094324,10.6877745710043,0.0877213687416141,index,0.8,2
2021,44500.7817580522,39266.5932202299,50432.6811845125,10.7032620355967,0.0638443591344115,index,0.8,2
2022,56605.9531905894,49560.3698424122,64653.1482069997,10.943869438706,0.0678189198989503,index,0.8,2
2023,51729.6923752757,45616.7428462865,58661.8181455388,10.8537872162425,0.0641629751565966,index,0.8,2
2024,49720.3903417418,43743.2201167825,56514.2943097304,10.8141703963931,0.0653473667811262,index,0.8,2
2025,50882.5603617371,44883.9696969128,57682.8423699765,10.8372755183229,0.0640009365836134,index,0.8,2
2003,10004.7627512641,7992.97015802511,12522.9139769255,9.21081653371959,0.114542323933014,index,0.8,2
2004,13157.3438648978,10436.3186463556,16587.8125654603,9.48473535053376,0.118210422839717,index,0.8,2
2005,11444.0380394655,9364.60086081995,13985.2203628534,9.34522417813035,0.102314219062055,index,0.8,2
2006,13885.539226664,11340.7680681031,17001.3352232742,9.5386032341805,0.103289616501094,index,0.8,2
2007,12752.7724429643,10460.197468446,15547.8140324429,9.45350397345551,0.101109693413459,index,0.8,2
2008,14097.7613797692,11688.684115001,17003.3576034316,9.55377129636913,0.0956113554788884,index,0.8,2
2009,10274.2999271802,8420.03908158015,12536.9060607549,9.23740090343547,0.101548373471131,index,0.8,2
2010,13798.7926422513,11442.2946552698,16640.6026169023,9.53233637762592,0.0955448939514849,index,0.8,2
2011,14073.8249176566,11620.5578876449,17045.0119286824,9.5520719623224,0.0977267559990423,index,0.8,2
2012,15112.2844358643,12525.7580485181,18232.9197151852,9.62326323085865,0.0957776700908588,index,0.8,2
2013,17131.5648626936,13795.820760847,21273.8712492999,9.74867793931706,0.11049027388419,index,0.8,2
2014,14403.6740852654,11883.6273365957,17458.1229517063,9.57523859783029,0.098125129681729,index,0.8,2
2015,12581.088588141,10456.7584750687,15136.9844144373,9.4399500597492,0.0943620744249107,index,0.8,2
2016,15431.3154598561,12676.1238347286,18785.3558332401,9.64415419511648,0.100348122045711,index,0.8,2
2017,13096.5137393737,10821.3618033453,15850.0080897935,9.48010134700587,0.0973609434671704,index,0.8,2
2018,14001.7906208509,11564.1619316118,16953.2510656241,9.54694050190805,0.0975907706973487,index,0.8,2
2019,13248.8583355703,10422.8771095306,16841.0550514411,9.49166666434891,0.12240442930993,index,0.8,2
2021,12883.7830067666,10618.0417232285,15633.0017240673,9.46372466823899,0.0986828263926264,index,0.8,2
2022,16090.7741837079,13170.748334039,19658.1854929182,9.6860013546591,0.10216909188333,index,0.8,2
2023,15592.5135733221,12829.8416128586,18950.076460068,9.65454617890316,0.0995003316232495,index,0.8,2
2024,13386.3663022345,10893.8600865752,16449.1558872163,9.50199202786369,0.105123060827335,index,0.8,2
2025,14720.560730069,12223.2155961286,17728.1425254646,9.59700048463269,0.0948528370503761,index,0.8,2
2003,48610.7723525049,41605.1651079598,56796.0055578524,10.7916004386708,0.0793998461743844,index,0.8,3
2004,60948.6920197461,52009.9005606212,71423.7677610643,11.0177876747898,0.0809189868811947,index,0.8,3
2005,49601.6892227582,43425.6908827989,56656.0375606052,10.8117801690435,0.0678449549664194,index,0.8,3
2006,56707.9014039087,49556.44683946,64891.3771411637,10.9456688345732,0.0687773839634804,index,0.8,3
2007,57411.5205424425,50474.0535501147,65302.5160288085,10.9580002684832,0.065708134107703,index,0.8,3
2008,58287.3845706967,50946.3182005357,66686.2556528486,10.9731409607706,0.0686814598559166,index,0.8,3
2009,49029.1241454256,42753.5698699559,56225.8314751117,10.8001697708395,0.0698797505012208,index,0.8,3
2010,56697.4248569667,49695.9084082446,64685.3652216987,10.9454840716997,0.0672492912285624,index,0.8,3
2011,55154.6475144633,48535.3691085735,62676.6664870657,10.9178962915656,0.0652298825176073,index,0.8,3
2012,64819.2887021327,57182.9025758103,73475.4620453244,11.0793585032033,0.0639543774899464,index,0.8,3
2013,68658.2526532615,58942.585341594,79975.3799410048,11.1368966174199,0.0778470927717221,index,0.8,3
2014,61010.5080865568,53747.2858502684,69255.2570440397,11.0188013920338,0.0646710572886147,index,0.8,3
2015,55307.0736321455,48779.7271450632,62707.8619085951,10.9206560931122,0.064075674823952,index,0.8,3
2016,66631.5857081671,58472.9171820083,75928.6252157588,11.1069340039852,0.0666415470618781,index,0.8,3
2017,58099.4534520508,51135.9615077491,66011.2060455828,10.9699115357743,0.0651380639635861,index,0.8,3
2018,56539.7729534484,49633.8709873489,64406.5405747279,10.9426996155594,0.0664659422942967,index,0.8,3
2019,53654.5832610307,45061.084912038,63886.9283891966,10.8903221733202,0.0890566785649823,index,0.8,3
2021,58880.0472274796,51696.5546756522,67061.7216807105,10.9832575554996,0.0663844534659808,index,0.8,3
2022,68551.7732522825,59831.2112575779,78543.3809086918,11.1353445526688,0.0694205723042645,index,0.8,3
2023,67680.8199136396,59345.7556117894,77186.5373852031,11.12255810877,0.0670533881594153,index,0.8,3
2024,60633.5370338415,52997.3600014575,69369.9801864304,11.012603435379,0.068677820837742,index,0.8,3
2025,69652.8792898968,61418.5325618057,78991.2000663778,11.1512793177634,0.0641911876487775,index,0.8,3
2003,10402.2894435735,8501.2076286337,12728.5005136702,9.24978119970762,0.102970102999732,index,0.8,3
2004,12274.5006828239,9805.7344036543,15364.8223387018,9.41527927426501,0.114571818297242,index,0.8,3
2005,10499.1952033904,8592.2502820802,12829.3632401277,9.25905388591191,0.102266134226815,index,0.8,3
2006,11881.2144102951,9672.78271363152,14593.8619777397,9.38271381078103,0.104921568791974,index,0.8,3
2007,12501.9873548012,10334.2425931924,15124.4453969534,9.43364289903717,0.0971572522360643,index,0.8,3
2008,12489.1062776601,10188.7351816507,15308.8457825063,9.43261204552822,0.103866220047825,index,0.8,3
2009,10666.0435962225,8710.16599250065,13061.1157232216,9.27482047855352,0.103356160008074,index,0.8,3
2010,12717.2034499799,10536.3036845346,15349.5256429983,9.45071095816123,0.0959858921512253,index,0.8,3
2011,12813.1905622734,10624.9039372199,15452.1728718887,9.45823043197163,0.095549959540033,index,0.8,3
2012,13941.8535003682,11473.3081725466,16941.5199262958,9.54265063819944,0.0994263423314032,index,0.8,3
2013,15077.7499768393,12220.8355475711,18602.5369115831,9.62097542464977,0.107184530176964,index,0.8,3
2014,12744.2864488461,10535.1550457509,15416.6537070329,9.45283832849092,0.0971269302180398,index,0.8,3
2015,12216.2644600726,10189.4112075458,14646.2945030537,9.41052349532758,0.0925624927856157,index,0.8,3
2016,13918.0599972735,11368.9896424753,17038.6639604263,9.54094255616382,0.103215077758059,index,0.8,3
2017,12869.6899801107,10621.9179618241,15593.1274162956,9.46263021173055,0.0979381946367207,index,0.8,3
2018,12223.3447529406,10000.9883850773,14939.5390931739,9.4111029066434,0.102381320588796,index,0.8,3
2019,11636.4232294331,9264.77517708297,14615.1787805308,9.36189539136968,0.116288115788184,index,0.8,3
2021,13592.8252363069,11136.9434175715,16590.2699670059,9.51729737636353,0.101672419052591,index,0.8,3
2022,15688.816224291,12693.5791375648,19390.8236480888,9.66070339509815,0.108089654652003,index,0.8,3
2023,14425.109800711,11906.1408574293,17477.0141941272,9.57672570318172,0.0979181863842995,index,0.8,3
2024,13816.6299978157,11303.9905960325,16887.7763011891,9.53362821793396,0.10240857845767,index,0.8,3
2025,15305.0756925934,12672.6283998602,18484.3534083739,9.63593979697939,0.0962977360849679,index,0.8,3
2003,14259.3895244606,11714.2801160097,17357.4635057949,9.56517088270552,0.10031152866429,index,0.8,3
2004,18043.5936042914,15016.9574976611,21680.241833776,9.80054597579025,0.0936806165031005,index,0.8,3
2005,13817.8441442381,11715.5370678813,16297.4019618705,9.53371608980132,0.0842081266540283,index,0.8,3
2006,15655.6072645037,13399.0333820053,18292.2179408513,9.65858442345875,0.0794129774937791,index,0.8,3
2007,17448.2705833862,15016.8569477187,20273.3599588102,9.76699581574988,0.0765662896467888,index,0.8,3
2008,16584.1957330765,14038.6683993713,19591.2846068299,9.71620545657108,0.0850192290027812,index,0.8,3
2009,14283.1464657368,12053.4832108221,16925.2546665118,9.56683555235999,0.0865967912736685,index,0.8,3
2010,15939.5028302017,13415.7963588721,18937.9552042759,9.67655576178261,0.0879442881243369,index,0.8,3
2011,14992.1326207212,12755.7490993435,17620.6068939425,9.61528085053841,0.0824216634095803,index,0.8,3
2012,17273.4873340763,14781.9461415062,20184.9852397102,9.75692808092791,0.0794740221438274,index,0.8,3
2013,18246.264136488,15186.6449930704,21922.2978538315,9.81171563320577,0.0936465837678249,index,0.8,3
2014,16606.6578464547,14119.6288494831,19531.7517031838,9.71755896902315,0.0827758800919141,index,0.8,3
2015,15739.1696684574,13397.7831113001,18489.7351893653,9.66390776762295,0.0821766298239259,index,0.8,3
2016,20000.6943023508,17195.84484637,23263.0484951446,9.90352226705111,0.0770928513613877,index,0.8,3
2017,15983.087395499,13643.7158031557,18723.5710841378,9.67928640438217,0.0807423461585395,index,0.8,3
2018,15589.4323496748,13274.7193902422,18307.7618321432,9.65434855020706,0.0820075490160419,index,0.8,3
2019,15155.119150554,12412.7477396742,18503.3677703271,9.62609365158927,0.101845945192571,index,0.8,3
2021,16088.5857464593,13684.3446785648,18915.2347007616,9.68586533969443,0.0825819284203093,index,0.8,3
2022,19351.297403388,16550.1416697334,22626.5562354188,9.87051474548092,0.0797794275001988,index,0.8,3
2023,19548.2421101187,16624.9247550857,22985.5939335257,9.88064064372969,0.0826455513996465,index,0.8,3
2024,18005.887903008,15332.8490838233,21144.9286041525,9.79845408911355,0.0819919577943849,index,0.8,3
2025,19189.297177283,16348.8153618699,22523.2910157452,9.86210796390599,0.081734790231197,index,0.8,3
2003,23949.0933844706,20003.1540364716,28673.4318444146,10.0836857476119,0.0918590887924443,index,0.8,3
2004,30630.5977326309,25476.5934677177,36827.2751475633,10.3297547142505,0.0940013741656368,index,0.8,3
2005,25284.6498751296,21640.7303197815,29542.1415941542,10.137952766280801,0.0793995637234899,index,0.8,3
2006,29171.0797291095,24843.9804613564,34251.8339154902,10.2809330772302,0.0819210512392127,index,0.8,3
2007,27461.2626042552,23322.4460263863,32334.5562882502,10.2205316580266,0.0833485383976679,index,0.8,3
2008,29214.0825599599,24967.3507914634,34183.1469004697,10.2824061514477,0.0801452836366963,index,0.8,3
2009,24079.9340834666,20497.9184744061,28287.9076813625,10.0891341620214,0.0821727037611358,index,0.8,3
2010,28040.7185767851,24024.2990758191,32728.6093059785,10.241412967667,0.0788748723228072,index,0.8,3
2011,27349.3243314691,23462.1907813653,31880.4645464724,10.2164471030283,0.0782165400487605,index,0.8,3
2012,33603.9478676879,28999.3231414738,38939.7127231329,10.4223988351113,0.0751907012203839,index,0.8,3
2013,35334.2385399339,29596.7560068791,42183.9614080258,10.4726077031527,0.0904035301700635,index,0.8,3
2014,31659.563791256,27290.8089757595,36727.6756193964,10.3627955554265,0.0757617485140374,index,0.8,3
2015,27351.6395036158,23543.4265134879,31775.8412568862,10.2165317513411,0.076496211655835,index,0.8,3
2016,32712.831408542,27862.9006576178,38406.9609949643,10.3955226777322,0.0818746270806179,index,0.8,3
2017,29246.6760764407,25127.5683647667,34041.0201696885,10.2835212077904,0.0774505783665171,index,0.8,3
2018,28726.9958508333,24651.2108382183,33476.6635208999,10.2655925816203,0.0780684152040242,index,0.8,3
2019,26863.0408810436,22016.2515169681,32776.8314610894,10.1985066759195,0.101517432228486,index,0.8,3
2021,29198.6362447134,25043.4779085931,34043.2092404606,10.2818772832175,0.078322139970994,index,0.8,3
2022,33511.6596246039,28506.9479725641,39395.0040487022,10.419648705754,0.0825247718701081,index,0.8,3
2023,33707.4680028097,28807.6782498279,39440.6445846508,10.4254746942475,0.0801430327285187,index,0.8,3
2024,28811.0191330181,24491.842089748,33891.890223749,10.2685132017333,0.0828677658666541,index,0.8,3
2025,35158.5064200207,30304.7486331116,40789.6659580284,10.4676218713752,0.075798419136404,index,0.8,3
2003,43582.4494489556,37499.5697874558,50652.0450964257,10.6824098127235,0.0766978752421393,index,0.8,3
2004,54105.4386605057,46417.1402165678,63067.1876592876,10.8986899895508,0.0781983340194717,index,0.8,3
2005,43830.363598347,38558.4717874094,49823.0527328784,10.6880820890286,0.0653843510235923,index,0.8,3
2006,49724.915266375,43643.1189414693,56654.2277045825,10.814261399676,0.0665626988687959,index,0.8,3
2007,50536.5508585898,44642.0736916109,57209.3265721831,10.8304521328395,0.0632767153765939,index,0.8,3
2008,51889.7776701723,45541.6452761337,59122.7877327251,10.8568770877153,0.0665801114844605,index,0.8,3
2009,44044.7927769121,38591.5651926278,50268.5952507498,10.6929624127289,0.0674366470623356,index,0.8,3
2010,50502.0874995755,44459.4275036377,57366.029771888,10.8297699510344,0.0650203989795847,index,0.8,3
2011,48353.5324774913,42709.5485614503,54743.3579094802,10.7862945587606,0.0633260436497406,index,0.8,3
2012,56617.9659133524,50162.5609444749,63904.1150174492,10.9440816327884,0.0617651162102297,index,0.8,3
2013,59567.6469361233,51382.6803732776,69056.4317729129,10.9948678690221,0.0754153817345963,index,0.8,3
2014,53417.02507304,47288.4255577989,60339.8936208228,10.885884795728,0.0621766292384852,index,0.8,3
2015,48362.2639805402,42860.8028766602,54569.8731788598,10.7864751187806,0.0616144573783588,index,0.8,3
2016,58634.6780695034,51683.6717066181,66520.5346057885,10.9790815764649,0.064380975657075,index,0.8,3
2017,50948.3947111388,45039.0119378882,57633.1231959903,10.838568531013,0.0629012608641573,index,0.8,3
2018,49970.7629561,44066.8972511634,56665.5994903026,10.8191933725047,0.0641487410737938,index,0.8,3
2019,46650.9565502097,39408.7522854526,55224.0713252147,10.7504487108929,0.0860758168936752,index,0.8,3
2021,52194.2051714667,46026.5291168343,59188.3660522376,10.8627267556676,0.0641611414781659,index,0.8,3
2022,60492.7368370284,52998.8734397492,69046.207448052,11.0102785845316,0.0674770807628049,index,0.8,3
2023,59336.5522435695,52251.5617053739,67382.2239420594,10.9909807904307,0.0648765655671295,index,0.8,3
2024,54336.6785935721,47609.1549498678,62014.8507926698,10.9029547584323,0.0674371605136786,index,0.8,3
2025,61395.0859786338,54182.8978589008,69567.2754923468,11.0250850780112,0.0637585583307956,index,0.8,3
2003,5028.32290354918,3579.67190577258,7063.22587318246,8.52284178871989,0.173378369519844,index,0.8,3
2004,6843.25335924046,4913.12840448724,9531.62886929337,8.83101853485288,0.169060436814927,index,0.8,3
2005,5771.32562441123,4264.93570450616,7809.77763106569,8.66065707738035,0.154326658601475,index,0.8,3
2006,6982.98613753339,5208.36988422963,9362.25661403769,8.85123191767056,0.149599541776993,index,0.8,3
2007,6874.96968385274,5123.04564617087,9225.99785719686,8.83564251290363,0.150073226486419,index,0.8,3
2008,6397.60690052436,4701.66840406792,8705.28725892802,8.76367927762851,0.157149098535129,index,0.8,3
2009,4984.3313685133,3605.68496224641,6890.10810741149,8.51405454471649,0.165200744606909,index,0.8,3
2010,6195.3373573909,4555.3302851609,8425.77871837619,8.7315522489794,0.15689009281608499,index,0.8,3
2011,6801.11503697244,5121.63896224177,9031.32104530195,8.82484185374696,0.144702698295412,index,0.8,3
2012,8201.32278878009,6177.04709857087,10888.9724187671,9.01205073594726,0.144622614337272,index,0.8,3
2013,9090.60571713799,6718.82132749233,12299.6442793196,9.11499682050021,0.154252222207301,index,0.8,3
2014,7593.48301351679,5685.46641672638,10141.8212773067,8.93504566019104,0.147644148696002,index,0.8,3
2015,6944.80965160531,5221.42403117128,9237.01672361804,8.84574984683664,0.145525327254654,index,0.8,3
2016,7996.90763866326,5965.23733855699,10720.5343478891,8.98681020076704,0.149546665557454,index,0.8,3
2017,7151.0587409118,5360.03974895051,9540.53393465669,8.87501570037794,0.147088942840582,index,0.8,3
2018,6569.00999734848,4868.02183849002,8864.35882519568,8.79011841478939,0.152898459830872,index,0.8,3
2019,7003.6267108212,5050.35889352592,9712.33691280963,8.85418339541507,0.166823885655569,index,0.8,3
2021,6685.84205601275,4941.53129447891,9045.87694261734,8.80774744360989,0.154246152075526,index,0.8,3
2022,8059.03641525405,5985.68470829575,10850.5661603555,8.99454927689652,0.151749350362907,index,0.8,3
2023,8344.26767007004,6244.16996104016,11150.6899050162,9.02933007551292,0.147924439753703,index,0.8,3
2024,6296.85844026938,4700.03400420322,8436.19986181641,8.74780612773254,0.149227795730309,index,0.8,3
2025,8257.7933112631,6363.42711850035,10716.1045615326,9.01891267722304,0.132956683369967,index,0.8,3
2003,28888.7105549821,24624.0738126694,33891.938591418,10.2712061595456,0.0814945106853053,index,0.8,3
2004,35137.2112573438,29800.1273754119,41430.1455624615,10.4670159976739,0.08405667254418,index,0.8,3
2005,28885.9072277422,25116.4235412376,33221.1166530047,10.2711091159874,0.0713441071342391,index,0.8,3
2006,32505.6216524714,28218.2220175571,37444.4370859439,10.3891683272818,0.0721671976191307,index,0.8,3
2007,34421.932220889,30192.8231052367,39243.41270406,10.4464492047643,0.0668837163332966,index,0.8,3
2008,33443.2699013717,28915.9369719693,38679.4418171613,10.41760584655,0.0742144617317016,index,0.8,3
2009,28654.7945426447,24776.8178855144,33139.7378822093,10.2630760569251,0.0741913248217459,index,0.8,3
2010,33211.9510103935,28827.3147896817,38263.4906499023,10.4106650603234,0.0722392934740996,index,0.8,3
2011,31516.4092581197,27500.7794467545,36118.3963693989,10.3582636180066,0.0695390284262035,index,0.8,3
2012,36449.2712536922,31855.795456045,41705.1075292839,10.5036767441969,0.0687268438954518,index,0.8,3
2013,38714.9016266427,33016.3173890834,45397.0559556168,10.5639798598552,0.0812375515748727,index,0.8,3
2014,34177.4338422152,29801.1903739486,39196.3196564159,10.4393208760926,0.0699080493535523,index,0.8,3
2015,31848.2006605514,27834.7147715512,36440.3908442931,10.3687361652302,0.0687241769964686,index,0.8,3
2016,39110.4150249393,34202.3437698814,44722.7995167392,10.5741440794278,0.0684168834223171,index,0.8,3
2017,33313.6635825832,29067.2981819054,38180.3693741439,10.4137229096065,0.06956957538373,index,0.8,3
2018,32425.5490280941,28188.8396616574,37299.0248053194,10.3867019412878,0.0714403532295761,index,0.8,3
2019,30920.440647597,25835.7090081177,37005.8994526207,10.3391727538158,0.0916648832239848,index,0.8,3
2021,34375.2572711193,29891.5942865978,39531.4582797427,10.4450923191916,0.0713072933877996,index,0.8,3
2022,41090.5113444255,35606.3816091574,47419.3121075836,10.6235325062981,0.0730892750931364,index,0.8,3
2023,39395.7088322426,34332.7255067338,45205.3209143106,10.5814121764673,0.070183892588229,index,0.8,3
2024,36610.0281416287,31780.4739616596,42173.5107584547,10.5080774748009,0.0721799594802997,index,0.8,3
2025,41508.7032848168,36272.383050586,47500.9443406042,10.6336584019375,0.0688004829711425,index,0.8,3
2003,19722.0617975225,16272.186015943,23903.3477840166,9.88949317631818,0.0981041631140259,index,0.8,3
2004,25811.4807624025,21339.8904051019,31220.0543911224,10.1585746627215,0.0970636578199711,index,0.8,3
2005,20715.7819950159,17537.1132625667,24470.5965708188,9.93865110398078,0.0849895371316538,index,0.8,3
2006,24202.2797514368,20460.920556696,28627.7610796509,10.0942021123126,0.08568018705848,index,0.8,3
2007,22989.5883215537,19338.2182478682,27330.3964419151,10.0427967107484,0.0882455367416185,index,0.8,3
2008,24844.1146693247,21097.1019241946,29256.6266172656,10.1203761692427,0.0834123535257071,index,0.8,3
2009,20374.3296027811,17208.8641984334,24122.063023808,9.92203103463676,0.0861501259949717,index,0.8,3
2010,23485.4738465731,19969.1852796469,27620.9306526011,10.0641373748202,0.0827524116439701,index,0.8,3
2011,23638.238256344,20145.5119119503,27736.5157215104,10.0706209448997,0.0815750378543291,index,0.8,3
2012,28370.0174484403,24280.0169728175,33148.9838300311,10.2530881428341,0.0794296220969746,index,0.8,3
2013,29943.3510266185,24904.6241023086,36001.517911695,10.3070625764473,0.0940087704515048,index,0.8,3
2014,26833.0742443417,22965.0150725152,31352.6410119397,10.1973905192016,0.0794214931214191,index,0.8,3
2015,23458.8729715943,20086.0360907754,27398.0748919461,10.063004080627,0.0791973480570199,index,0.8,3
2016,27521.1706832268,23220.2620110741,32618.7032434896,10.2227108305039,0.0867007214432472,index,0.8,3
2017,24785.7898694671,21149.3229623166,29047.5198921492,10.1180257787977,0.0809517967294899,index,0.8,3
2018,24114.223925355,20537.4462819212,28313.9289831786,10.0905571497482,0.0819157924747436,index,0.8,3
2019,22734.1426134336,18530.2504082408,27891.7569369751,10.0316231533612,0.104319937569957,index,0.8,3
2021,24504.7899563601,20858.8276621325,28788.0383563194,10.1066238858464,0.0821909792337397,index,0.8,3
2022,27461.2619078572,23118.4641202234,32619.8531896522,10.2205316326673,0.0878305643530436,index,0.8,3
2023,28285.1110813968,23957.5593144567,33394.3661950649,10.2500908349888,0.0847217878817084,index,0.8,3
2024,24023.5088922133,20254.3615350483,28494.0593410255,10.0867881670722,0.0870744231162935,index,0.8,3
2025,28144.1760050805,24017.216703335,32980.2846345205,10.2450957206915,0.0809042957701182,index,0.8,3
2003,37602.7937371573,32244.7666983078,43851.1498646818,10.5348336281379,0.0784313350729378,index,0.8,3
2004,46957.1388466325,40232.8403953524,54805.3000234266,10.7569905251891,0.0788543361232026,index,0.8,3
2005,38210.2326992427,33495.855405773,43588.1354646236,10.5508586304314,0.0671857445041913,index,0.8,3
2006,42815.1224516286,37479.858671991,48909.8618698332,10.6646466474732,0.0679031262491185,index,0.8,3
2007,44129.1466970465,38866.684206416,50104.1348901067,10.6948757659571,0.0647884611393147,index,0.8,3
2008,43841.2466366295,38263.8868161671,50231.5647097744,10.6883303572721,0.0694239950128874,index,0.8,3
2009,37908.9593036741,33052.4088916834,43479.1061733845,10.5429427563708,0.0699467074622415,index,0.8,3
2010,43408.7627595201,38012.2607726108,49571.3921248804,10.6784166066094,0.0677321466507351,index,0.8,3
2011,41562.8501296937,36571.2063471527,47235.8088083107,10.6349620215358,0.0652795278903825,index,0.8,3
2012,48672.7705829606,42912.4220228723,55206.3594769555,10.7928750270951,0.0642656739835825,index,0.8,3
2013,51370.7687531634,44300.9637858473,59568.8142372659,10.846824588371,0.0755436721562949,index,0.8,3
2014,45770.067837464,40364.3786833836,51899.6991450892,10.7313856157848,0.0641249826653436,index,0.8,3
2015,41652.0996835614,36714.9955590061,47253.1013999748,10.6371070588948,0.0643718511987321,index,0.8,3
2016,50682.2300810254,44557.4643718502,57648.8918792426,10.8333306366443,0.0657132826735022,index,0.8,3
2017,44256.6665433526,38983.9739591472,50242.5056917505,10.6977612954355,0.0647233213983618,index,0.8,3
2018,43075.6702227813,37813.6132643302,49069.9831346752,10.6707136207128,0.0664752851069969,index,0.8,3
2019,40608.9084072843,34217.1985560658,48194.5779204904,10.6117427404196,0.0873786780604977,index,0.8,3
2021,45223.5104145786,39716.4995640484,51494.1124385693,10.7193723725089,0.0662514143376204,index,0.8,3
2022,53136.4983586622,46406.502752856,60842.4959936536,10.8806193224995,0.0690953760564661,index,0.8,3
2023,51268.5519760608,44973.0683248481,58445.2989228177,10.844832821275,0.0668449595949751,index,0.8,3
2024,47245.0333797502,41301.2669402056,54044.1817991988,10.763102813741,0.0686004231734024,index,0.8,3
2025,53786.3499143334,47310.6373813076,61148.4350504676,10.8927749948933,0.0654525057231391,index,0.8,3
2003,11007.9786153473,8700.38565829719,13927.6117122905,9.30637561752474,0.120029238894328,index,0.8,3
2004,13991.5531731138,10955.5953730067,17868.8198615303,9.54620908173411,0.124799989164424,index,0.8,3
2005,11391.4565235156,9205.69229543396,14096.200216415,9.34061892565943,0.10869670456768,index,0.8,3
2006,13892.7789522799,11236.871985919,17176.4266122077,9.53912448429601,0.108251322126474,index,0.8,3
2007,13282.3738453962,10764.5053041528,16389.1837092416,9.49419316047433,0.107238555139807,index,0.8,3
2008,14446.1379340669,11771.5037717852,17728.482720304,9.57818238681849,0.104463874454757,index,0.8,3
2009,11120.1648417515,8990.988698751,13753.5559492923,9.31651539159322,0.10843938676271,index,0.8,3
2010,13288.6620974461,10837.3461746393,16294.4449217041,9.49466647677112,0.104039181942325,index,0.8,3
2011,13591.7973847699,11124.3563839105,16606.5298317689,9.51722175629318,0.102210808792466,index,0.8,3
2012,16146.5181191721,13271.337209116,19644.5952103208,9.68945970907048,0.10005174535341,index,0.8,3
2013,17287.4839000976,13676.2075945506,21852.3371724203,9.75773804466948,0.119555826737189,index,0.8,3
2014,15240.4402490928,12464.1271040549,18635.1612950579,9.63170771655914,0.102602778618939,index,0.8,3
2015,13654.9739485839,11244.1719790678,16582.6629016005,9.52185912607617,0.0991109533202068,index,0.8,3
2016,15949.355627141,12935.6058949032,19665.2516308683,9.67717370784462,0.106856439437526,index,0.8,3
2017,13842.786908698,11283.8687285018,16982.0080337873,9.5355195751356,0.10428259810508,index,0.8,3
2018,13464.1027306674,10971.2062328505,16523.4394919277,9.50778236586734,0.10446766514195,index,0.8,3
2019,13045.6748537465,10171.4915171007,16732.0232341092,9.47621192898448,0.126975696565299,index,0.8,3
2021,13656.5368129007,11095.3793204806,16808.8888477978,9.52197357337513,0.105966003362621,index,0.8,3
2022,15415.2748936204,12419.3952633278,19133.8382431199,9.64311417302666,0.110256877668416,index,0.8,3
2023,16412.2679375785,13365.5613040343,20153.4774879648,9.7057843791404,0.104771187129887,index,0.8,3
2024,13388.5036540918,10823.3674075051,16561.5767576487,9.50215168143925,0.108516767899245,index,0.8,3
2025,15866.5293755637,13065.090101169,19268.6581168775,9.67196709871336,0.0991181603016787,index,0.8,3
2003,47050.7767135285,41029.390143893,53955.8492481232,10.758982653135,0.069867983571524,index,1,1
2004,62630.5332879264,54450.4603088572,72039.4956751538,11.045008190379,0.07141029598902,index,1,1
2005,50409.3648710349,44793.1499700997,56729.747034923,10.827932247732,0.0602673030752275,index,1,1
2006,57813.4649258449,51332.2688859354,65112.9747286057,10.9649769847247,0.0606654658647796,index,1,1
2007,56440.4851353059,50399.9422313517,63205.0002693674,10.9409420015235,0.0577544763887914,index,1,1
2008,57104.7296496855,50844.1712257892,64136.1648689762,10.9526422232065,0.0592467290440461,index,1,1
2009,48346.9615378633,42842.9346633355,54558.0901101058,10.7861586558429,0.0616657406471711,index,1,1
2010,57072.3206245098,50872.897912247,64027.2112488151,10.952074525478,0.0586688955368345,index,1,1
2011,56248.5494296361,50260.5872917764,62949.9073413312,10.9375355318166,0.0574291347198012,index,1,1
2012,62962.9953864593,56347.517930482,70355.1626342486,11.0503024579834,0.056638278935271603,index,1,1
2013,69108.2061615483,60417.8702026623,79048.535521807,11.1434287604694,0.0685668497397286,index,1,1
2014,60854.0826411293,54411.369947773,68059.6606490141,11.0162341896922,0.0570958309319769,index,1,1
2015,53391.7765374057,47823.4852421212,59608.4076137027,10.8854120156626,0.0561948564639701,index,1,1
2016,61908.5352109318,55234.7829949415,69388.6446935834,11.0334133362581,0.058197587618543,index,1,1
2017,57633.7135346883,51536.8165045555,64451.8843243821,10.9618629798818,0.0570476120662966,index,1,1
2018,61475.7660097707,54960.6365957705,68763.210191399,11.0263983275154,0.0571570797613896,index,1,1
2019,54078.0940049203,46321.9788720039,63132.8868588658,10.8981844661039,0.0789874886625338,index,1,1
2021,56891.249672248,50820.589883339,63687.0665354308,10.9488968239694,0.0575724659971899,index,1,1
2022,70392.4324617503,62494.9115449678,79287.9680182711,11.1618410429273,0.0607157206644311,index,1,1
2023,66622.0316235937,59461.8455593319,74644.4220811532,11.1067906069836,0.0580115109970423,index,1,1
2024,60284.3955748949,53661.6956549432,67724.4411581622,11.0068285693735,0.059375502218813,index,1,1
2025,69336.9297049568,62161.1493583654,77341.070275161,11.1467329394147,0.0557395263814153,index,1,1
2003,10176.6729764304,8459.08941628171,12243.0048640782,9.22785341708326,0.0943163271077068,index,1,1
2004,12598.4969432516,10276.251642188,15445.5272949433,9.4413327956058,0.103951884290913,index,1,1
2005,10607.7474751267,8812.44796331975,12768.7910288287,9.26933990700718,0.0946034550829366,index,1,1
2006,12008.6542325555,9952.09504475238,14490.1928517164,9.39338285488674,0.0958407864217484,index,1,1
2007,12122.4632508774,10206.6961754223,14397.814213647,9.40281547749439,0.0877649830232648,index,1,1
2008,12346.3810363625,10334.9019432108,14749.3537464269,9.4211182656205,0.0907344638926004,index,1,1
2009,10942.3526143789,9131.89631991664,13111.7433381568,9.30039609987486,0.0922810047570643,index,1,1
2010,12557.5354469884,10571.5973269,14916.5439834825,9.43807619839452,0.0878332527502739,index,1,1
2011,12554.5580951818,10647.0360709335,14803.8315936197,9.43783907345585,0.0840843227480043,index,1,1
2012,13598.5478759917,11391.7698475878,16232.8160426095,9.51771829219927,0.0903444467010312,index,1,1
2013,14956.952680092,12355.7441486169,18105.7838996733,9.61293153292443,0.0974789267857131,index,1,1
2014,12457.9875874836,10473.1026493728,14819.0521878625,9.43011726946455,0.0885483987329471,index,1,1
2015,12146.1779116976,10344.4268092554,14261.7508522185,9.40476982411063,0.0819232619822343,index,1,1
2016,13318.7529749796,11110.3528370673,15966.1158749799,9.49692831921468,0.0924994948904281,index,1,1
2017,12251.8917992818,10275.7682095998,14608.0419098081,9.41343563664382,0.0897423812564891,index,1,1
2018,12819.0274328458,10679.6969025383,15386.9033759747,9.45868586432434,0.0931579016580045,index,1,1
2019,11517.5454973734,9343.53536749273,14197.3941411497,9.35162684708431,0.106729955309486,index,1,1
2021,12747.8229223268,10700.673705105,15186.6128934923,9.45311578481687,0.089314806106566,index,1,1
2022,15526.0211183942,12789.0970281999,18848.6592319453,9.65027267716013,0.0989428308056563,index,1,1
2023,14670.026360868,12406.5392227393,17346.4710476323,9.59356166805893,0.0855029480739493,index,1,1
2024,14255.6575836193,11924.9190193198,17041.9415689243,9.56490913031574,0.0910851458614257,index,1,1
2025,15240.6477262909,12859.1636229676,18063.1765740991,9.63172133006259,0.0866900477868367,index,1,1
2003,14238.6219767264,12012.0395133901,16877.9294781805,9.56371340898602,0.0867611301720418,index,1,1
2004,18909.6942549212,16044.7417403699,22286.2133028236,9.84742999308822,0.0838247727645704,index,1,1
2005,14661.7212509831,12683.0507375377,16949.0822429102,9.59299537993885,0.0739674747017466,index,1,1
2006,16483.2352972443,14345.5834374965,18939.4211150838,9.71009910077624,0.0708695172191202,index,1,1
2007,17100.1213014344,14945.1618623458,19565.8067284308,9.74684083611673,0.0687246969764786,index,1,1
2008,16568.6460794863,14333.1016901503,19152.8699678401,9.71526739793838,0.0739505696823823,index,1,1
2009,14258.9811244713,12259.3356562064,16584.792880281,9.56514224151879,0.0770928560932996,index,1,1
2010,16335.862986446,14047.6943427365,18996.7416005119,9.70111815315368,0.0769935553757194,index,1,1
2011,15764.8661523176,13652.893251229,18203.541200186,9.66553908176345,0.0733851973547423,index,1,1
2012,17342.1673201564,15085.6918809745,19936.1600205819,9.76089623215238,0.0711208048804448,index,1,1
2013,18999.2951451261,16190.0357375008,22296.0110690486,9.8521571598355,0.0816371663189796,index,1,1
2014,17294.5516001523,15027.4970067297,19903.6150142893,9.75814679447561,0.0716900207640617,index,1,1
2015,15050.7201313329,13067.317650755,17335.1702718133,9.61918111829028,0.0720990606585787,index,1,1
2016,18654.445104456,16300.7485471497,21347.9964523476,9.83383974007515,0.068814239578165,index,1,1
2017,16232.7663558556,14140.1905696366,18635.0178426605,9.69478709304861,0.0704149042706964,index,1,1
2018,17174.819598795,14922.2529805452,19767.4190777842,9.75119961332621,0.0717312909927928,index,1,1
2019,15829.3821983662,13264.0521198206,18890.8591822801,9.66962312484665,0.0902110035972246,index,1,1
2021,16245.9375881297,14101.8051629307,18716.0781948112,9.69559816192739,0.0722156473957743,index,1,1
2022,20217.4421879947,17577.1824436142,23254.2940221575,9.91430098546272,0.0714013618254001,index,1,1
2023,19548.8334633615,16976.9059455668,22510.3968298791,9.88067089423995,0.0719715615524057,index,1,1
2024,18352.9619644695,15972.4334083161,21088.2840615815,9.81754625541419,0.0708822474230056,index,1,1
2025,19249.6656451844,16751.6935476071,22120.1293110047,9.86524897048376,0.07091677812352,index,1,1
2003,22635.4817603719,19273.9314217638,26583.3172958983,10.0272739435124,0.0820245608824282,index,1,1
2004,31122.3420897537,26483.3276626736,36573.9603983689,10.345681235414,0.0823538429849969,index,1,1
2005,25139.8961449254,21893.3105041319,28867.9219188143,10.1322113510667,0.0705497343045406,index,1,1
2006,29321.5753960452,25469.8384622382,33755.8004139147,10.2860788856637,0.0718526774455288,index,1,1
2007,27217.900582994,23641.2829695762,31335.613769316,10.2116301454938,0.0718790780978392,index,1,1
2008,28189.7025338367,24571.4969185998,32340.6966852178,10.2467120318651,0.0700878407161001,index,1,1
2009,23145.6277990132,20055.3288517307,26712.106800693,10.0495611777038,0.0731192018175297,index,1,1
2010,28178.9221910752,24639.5032943344,32226.7720402161,10.2463295374208,0.068482522915963,index,1,1
2011,27929.1251821364,24387.4656893303,31985.1206917626,10.2374253366491,0.0691853318142666,index,1,1
2012,32022.2801903114,28110.2132218003,36478.7851481526,10.3741871954554,0.0664802758348141,index,1,1
2013,35151.9583363304,30065.8016512014,41098.5274636686,10.4674356093805,0.0797422623886143,index,1,1
2014,31101.5434534932,27252.0039200982,35494.8578469909,10.3450127256655,0.0674147030088145,index,1,1
2015,26194.8784943756,22930.0517041478,29924.5578766391,10.1733191933271,0.0679173513690132,index,1,1
2016,29935.3371314958,26044.9915655586,34406.7843877258,10.3067949054138,0.0710289271505908,index,1,1
2017,29149.0553795509,25529.7262813038,33281.493900793,10.2801777857493,0.0676435883873718,index,1,1
2018,31481.9189781301,27620.1824611674,35883.5870812585,10.357168659318,0.0667699137759456,index,1,1
2019,26731.1663091809,22411.1983583257,31883.848459341,10.1935854411471,0.0899350206968506,index,1,1
2021,27897.4891617911,24381.7577091625,31920.1720735575,10.2362919695587,0.0687265040728463,index,1,1
2022,34648.9691553616,30155.0100930658,39812.6566638181,10.4530232539695,0.0708772683957484,index,1,1
2023,32403.1717993643,28216.3549483518,37211.239530443,10.3860115920311,0.0705903483952276,index,1,1
2024,27675.776026806,23962.5729701587,31964.3712567839,10.2283127978994,0.0735035778744351,index,1,1
2025,34846.6163334818,30626.7493461526,39647.9122275973,10.4587113191788,0.0658595017430609,index,1,1
2003,42624.9253387406,37323.0786826196,48679.9139905703,10.6601944630005,0.067770284716534,index,1,1
2004,56110.4804375476,48998.7219392821,64254.4517555747,10.9350778911312,0.0691484120726011,index,1,1
2005,45153.5652290501,40274.9914222422,50623.0884451067,10.7178245198262,0.0583370539778478,index,1,1
2006,51260.2945849553,45675.8517233522,57527.505274587,10.8446717467793,0.0588514478548213,index,1,1
2007,50238.2105242473,45040.8665418856,56035.2850745339,10.8245311819617,0.0557182074823437,index,1,1
2008,51142.2569867633,45696.6704155447,57236.7839038534,10.842366381363,0.0574427211167571,index,1,1
2009,44049.96137965,39170.7911130771,49536.8881355285,10.693079754625,0.0598955553174436,index,1,1
2010,51190.9444942508,45778.2838415242,57243.5787956838,10.8433179300384,0.0570177948140834,index,1,1
2011,49636.3774478654,44488.6086270613,55379.7936635922,10.8124792601823,0.0558636850321591,index,1,1
2012,55577.5253024034,49900.8062810929,61900.0282548469,10.9255341773395,0.0549712844942682,index,1,1
2013,60561.6791639735,53175.189701772,68974.2153009722,11.0114176150052,0.06636367222556,index,1,1
2014,53826.8577084879,48316.4464968724,59965.7222506492,10.8935278354965,0.0551033322476848,index,1,1
2015,47183.2304436042,42436.9907362707,52460.2992924162,10.7617938212324,0.0540918803422633,index,1,1
2016,55023.930832839,49267.3394570575,61453.1451802059,10.915523475635,0.0563820670556045,index,1,1
2017,51009.9706765952,45774.7511971188,56843.9377687075,10.8397763960608,0.0552502304793536,index,1,1
2018,54515.4932785576,48909.1840810149,60764.4364396193,10.9062402205918,0.0553682364073704,index,1,1
2019,47723.6737632528,41083.4807756021,55437.100130375,10.773182859067,0.0764409285884278,index,1,1
2021,50769.6184748809,45514.0098641765,56632.1044394231,10.8350533931384,0.0557550686404365,index,1,1
2022,62624.7683632773,55782.0646367077,70306.856479696,11.0449161395903,0.0590360160095137,index,1,1
2023,59034.1816424673,52892.09334887,65889.519237005,10.9858719050018,0.0560534598071397,index,1,1
2024,54560.9053971386,48657.2701825055,61180.8345718876,10.907072886902,0.0584277940138837,index,1,1
2025,61239.8468583834,54917.8721719007,68289.58761365,11.0225533490889,0.0555924674921492,index,1,1
2003,4425.85137478792,3257.19542469927,6013.81183430853,8.39521794001733,0.156429473968237,index,1,1
2004,6520.05285037865,4829.23851598248,8802.85557050853,8.78263776077414,0.153162857109157,index,1,1
2005,5255.79964198486,3982.68972498546,6935.87293616978,8.56708743957197,0.141520334781902,index,1,1
2006,6553.17034088951,5017.77686309823,8558.38007316214,8.78770423303852,0.13620759182551,index,1,1
2007,6202.27461105843,4735.24074027028,8123.81301415823,8.73267137650319,0.137698208531457,index,1,1
2008,5962.47266292212,4534.75852214036,7839.68541709997,8.69324055035122,0.139652278805785,index,1,1
2009,4297.0001582132,3204.50781829073,5761.94891904898,8.36567242059445,0.149675520663754,index,1,1
2010,5881.37613025907,4486.66841122412,7709.6370881894,8.67954604926892,0.138104755006702,index,1,1
2011,6612.1719817704,5128.35138618138,8525.31642709146,8.79666746915473,0.129659499796966,index,1,1
2012,7385.47008405608,5716.45815521585,9541.77689776647,8.90726984684028,0.130698910748548,index,1,1
2013,8546.52699757464,6478.77782252776,11274.2133965899,9.05328028029552,0.141325615448727,index,1,1
2014,7027.22493264146,5409.69513038106,9128.40540247956,8.85754716044814,0.133471403167831,index,1,1
2015,6208.54609380181,4789.37386054375,8048.24298984365,8.73368202413502,0.132414198613261,index,1,1
2016,6884.60437809267,5273.07537562183,8988.64022729114,8.83704294808734,0.13606061954472,index,1,1
2017,6623.74285809312,5113.68193620721,8579.72200802945,8.79841587557927,0.132013097394745,index,1,1
2018,6960.2727312131,5359.3919074636,9039.34575588746,8.84797393807986,0.133353542520512,index,1,1
2019,6354.42024166757,4697.33135207194,8596.08436818152,8.75690595077079,0.154164119415211,index,1,1
2021,6121.63119736653,4679.4362775947,8008.30832893263,8.7195838755095,0.13706932855777,index,1,1
2022,7767.66409847328,5939.88090863547,10157.8813573505,8.95772476733607,0.136880272468162,index,1,1
2023,7587.8499811265,5830.41222466816,9875.02514701837,8.93430356031736,0.134421131235253,index,1,1
2024,5723.49017775646,4411.67821878283,7425.36925639888,8.65233406923169,0.132820616479472,index,1,1
2025,8097.08284657357,6459.17206489237,10150.3335049131,8.99925913339536,0.115309623005507,index,1,1
2003,28353.761628225,24638.4929899171,32629.2601905158,10.2525149856529,0.071659342777332,index,1,1
2004,36428.6364827857,31445.6289359598,42201.2725106412,10.5031104608856,0.0750499468993926,index,1,1
2005,29741.1067413913,26250.1677236274,33696.2963252487,10.3002854332219,0.0637041173898537,index,1,1
2006,33427.1423883885,29481.2160350902,37901.2129935087,10.4171234953055,0.0640904125532486,index,1,1
2007,33794.7053837335,30085.9465003468,37960.6508959319,10.4280594237493,0.0593102611242876,index,1,1
2008,33160.2410876814,29245.2146608948,37599.3680245913,10.4091068796595,0.0641009950752159,index,1,1
2009,28908.2838817841,25422.0841939923,32872.5556336291,10.2718834725354,0.065567501160397,index,1,1
2010,33415.1879056353,29482.283833271402,37872.7370336498,10.4167658033211,0.0638894338910389,index,1,1
2011,32289.8142684185,28628.375690571,36419.5341278953,10.3825071117512,0.0614059496715705,index,1,1
2012,36024.1326617601,31949.616117518,40618.2700054582,10.4919443445685,0.0612403599672671,index,1,1
2013,39305.3479785534,34152.3277682202,45235.8735310791,10.5791158694784,0.0717002173810918,index,1,1
2014,34737.0635708444,30802.8749906965,39173.7325132584,10.4555625103402,0.0613272503112728,index,1,1
2015,30955.7836398719,27510.463549308,34832.5843016436,10.3403151310867,0.0602018343345204,index,1,1
2016,36840.9121271021,32690.0571869802,41518.8263083684,10.5143642492132,0.0609898962772077,index,1,1
2017,32966.7372314193,29217.0774400768,37197.6206694338,10.4032543694283,0.0616060852345569,index,1,1
2018,34971.5703029841,30933.2967186581,39537.0315870301,10.4622907333382,0.0626043579701662,index,1,1
2019,31720.521388388,27046.3802101014,37202.4451824938,10.3647191128264,0.0813334618616704,index,1,1
2021,33563.4311872305,29728.8510556104,37892.6151889533,10.4211923957373,0.0618986508980804,index,1,1
2022,41796.9026944699,36793.123119309,47481.184709057,10.640577517549,0.0650579722986728,index,1,1
2023,39656.9336462943,35229.380272537,44640.9324847694,10.5880210830559,0.0604018256002145,index,1,1
2024,37161.7922712568,32882.4878170588,41998.0024776474,10.5230364229611,0.0624199802049602,index,1,1
2025,41478.0776701482,36889.8328170286,46636.9944191421,10.6329203177341,0.0598118434881054,index,1,1
2003,18697.0150853038,15746.682041595799,22200.1290288739,9.83611916899513,0.0876211054460235,index,1,1
2004,26201.8968051407,22176.2291492307,30958.3469564327,10.1735870842714,0.0851091399854789,index,1,1
2005,20668.258129644,17820.208518036,23971.4868477125,9.93635437866738,0.0756472963440783,index,1,1
2006,24386.3225374566,21029.2256679932,28279.3449597145,10.1017777023698,0.0755673348446476,index,1,1
2007,22645.7797515722,19485.5325328076,26318.5694151941,10.0277287891167,0.076685715913566,index,1,1
2008,23944.4885620041,20761.0879793329,27616.0157438131,10.0834934536847,0.0727858835269745,index,1,1
2009,19438.6776560792,16718.2228051899,22601.8156008575,9.87502005389422,0.076922568807242,index,1,1
2010,23657.1327188743,20554.5778510502,27227.9942956765,10.0714199433279,0.0717263086703124,index,1,1
2011,23958.7351612173,20800.5061512886,27596.4914675785,10.0840882612374,0.0721215607850171,index,1,1
2012,26938.8627246994,23460.8698601865,30932.456009729,10.2013252339545,0.0705298847761759,index,1,1
2013,29802.8581829951,25317.8581086918,35082.3656591546,10.3023595800753,0.0832129067398518,index,1,1
2014,26117.0190702847,22727.830311352,30011.6058494558,10.1703424524629,0.0709181373304231,index,1,1
2015,22435.992897534,19546.6779182503,25752.3953381463,10.0184217740626,0.0703386141944554,index,1,1
2016,25067.6230838291,21630.581965558,29050.8007631735,10.1293323754819,0.0752406434908,index,1,1
2017,24666.976303269,21474.2969520841,28334.3255103392,10.1132206362746,0.0707199872150134,index,1,1
2018,26504.1957067868,23096.8587712842,30414.1960177297,10.1850583279997,0.0702086496226176,index,1,1
2019,22357.5726165326,18624.5218243338,26838.8664159117,10.014920362187,0.0932088520866164,index,1,1
2021,23327.8184850172,20255.4174355722,26866.2503254175,10.0574018537861,0.0720545328699393,index,1,1
2022,28595.5297672808,24690.4948688479,33118.1828073906,10.2610056827482,0.0749156915521521,index,1,1
2023,26965.0979772997,23265.3717971341,31253.1652305227,10.2022986412637,0.0752959224314461,index,1,1
2024,23122.6033036379,19877.9963447135,26896.8146620872,10.0485659160858,0.0771428606017708,index,1,1
2025,27858.8520348089,24240.2381745929,32017.6572155489,10.2349060417041,0.0709894554094451,index,1,1
2003,36727.3611787889,32086.6972686668,42039.199231465704,10.5112772924754,0.0689198809890654,index,1,1
2004,48635.2392368679,42399.2665251534,55788.3824293072,10.7921036343182,0.0700101089944643,index,1,1
2005,39186.0667716933,34844.8927478413,44068.0888343597,10.5760765230973,0.0599065432498007,index,1,1
2006,44025.5995050937,39143.674305992,49516.3892033049,10.6925265506503,0.0599666315554544,index,1,1
2007,43434.9455806263,38825.584403521,48591.5286679078,10.679019593801,0.0572382424036888,index,1,1
2008,43284.4325753237,38484.0408929632,48683.6116970845,10.6755483245267,0.0599752920853965,index,1,1
2009,37852.4551608159,33509.1696970151,42758.6948485092,10.5414511223053,0.062183142450379,index,1,1
2010,43738.4013938217,38923.7801362904,49148.5603348027,10.6859817456393,0.0595016485872477,index,1,1
2011,42499.0169471091,37970.2669999824,47567.9152182813,10.6572362239887,0.0574895966505484,index,1,1
2012,47749.4114644189,42712.5572468666,53380.2338740942,10.7737220204804,0.0568754245758589,index,1,1
2013,51666.7923649503,45298.6736176793,58930.1456332497,10.8525705401003,0.0671122071927561,index,1,1
2014,46285.1262076883,41432.642433144,51705.9203143629,10.742575940249,0.0565069702379114,index,1,1
2015,40483.5926438103,36251.4450009188,45209.8191757164,10.6086520511055,0.0563365094429139,index,1,1
2016,47744.2406671038,42646.2157167669,53451.6950347392,10.7736137243329,0.0576132546507809,index,1,1
2017,43808.6661628189,39158.665710144,49010.8433512878,10.6875869343919,0.057251006644876,index,1,1
2018,46880.8732992343,41906.7890673834,52445.3514623828,10.755365052474,0.0572265257556686,index,1,1
2019,41346.9362892492,35504.9979119158,48150.0983255509,10.6297536055485,0.0777181902038859,index,1,1
2021,43991.7555257983,39291.7265115933,49253.9963513844,10.6917575209299,0.0576481340780041,index,1,1
2022,54536.9245984557,48410.957587438,61438.0770982607,10.9066332668093,0.060792853457277,index,1,1
2023,51074.421861685,45623.6775658886,57176.3765588184,10.8410391002225,0.0575811573606727,index,1,1
2024,47482.2701716179,42285.623535013,53317.5531580778,10.7681116607992,0.0591384451940498,index,1,1
2025,53419.580519732,47808.4661606183,59689.2519688239,10.8859326341384,0.0566207419557326,index,1,1
2003,10323.4155347397,8344.41590189826,12771.7637226903,9.24216994694806,0.108584702964665,index,1,1
2004,13995.2940510585,11267.1478703019,17384.013934162,9.54647641287984,0.110629538255498,index,1,1
2005,11223.2980993417,9269.49202013237,13588.9237461028,9.32574708413029,0.0975850713789897,index,1,1
2006,13787.8654207514,11397.5045076198,16679.548819977,9.53154416698217,0.0971418153111422,index,1,1
2007,13005.5395546795,10799.5997398135,15662.0674083662,9.47313066527124,0.0948314945785598,index,1,1
2008,13820.2970743619,11546.7543038137,16541.4978268423,9.53389359306471,0.0917026693759537,index,1,1
2009,10494.5063770473,8687.16877339991,12677.854773021,9.25860719704162,0.096432810086897,index,1,1
2010,13333.919230688,11152.8051688889,15941.5859380805,9.49806638576413,0.0911343561785795,index,1,1
2011,13749.5324825264,11494.0202952237,16447.6517904365,9.52876010124586,0.091418973955517,index,1,1
2012,15213.5839220406,12736.4515394797,18172.4976564726,9.62994398682259,0.0906754547419917,index,1,1
2013,17441.4137965981,14191.2977953689,21435.877085423,9.76660276049597,0.105215472173549,index,1,1
2014,14568.9564334407,12140.7090461384,17482.8744147365,9.58664827228922,0.0930266091836385,index,1,1
2015,12908.1838935957,10836.7728910401,15375.5378198106,9.46561679955284,0.0892446361464202,index,1,1
2016,14164.2945438275,11741.1325984032,17087.5542238223,9.55847960825898,0.0957293335753048,index,1,1
2017,13825.0473718695,11576.4832768345,16510.3624532425,9.53423725292134,0.0905660709635464,index,1,1
2018,14594.8927105366,12189.8592081698,17474.4342485361,9.58842693215031,0.0918727389600146,index,1,1
2019,12731.1577156714,10186.2399809586,15911.8945837017,9.45180763130252,0.113785031772295,index,1,1
2021,12899.4941464491,10746.1046582423,15484.3968606474,9.46494337612734,0.093187817251906,index,1,1
2022,15855.5078632949,13140.433629417,19131.5702885338,9.67127221820305,0.0958297843602299,index,1,1
2023,15547.6097619092,12928.5824350455,18697.19054839,9.65166219273181,0.0941172196147644,index,1,1
2024,12802.125403277,10572.3742439479,15502.1389764982,9.45736648325443,0.0976379209644821,index,1,1
2025,15917.349185225,13391.9730476188,18918.9452654576,9.67516493706854,0.0881414955974877,index,1,1
