Year,est,lwr,upr,log_est,se,type,effort,replicate
2003,43288.6009392319,6950.97594047866,269588.470356155,10.6756446215777,0.93318412185826,index,0.2,1
2004,6436.81889652145,1525.83839639428,27154.0142157423,8.76978973689241,0.734447388903648,index,0.2,1
2005,27971.5459567038,7109.0761706427,110057.532712757,10.2389430566279,0.698898289398806,index,0.2,1
2006,7327.32693789738,1885.53480393266,28474.5314394919,8.89936605414133,0.692563378506816,index,0.2,1
2007,11729.9897793194,3620.11465707119,38007.8183308852,9.36990407031887,0.599828926475116,index,0.2,1
2008,7576.09670906617,1913.31272438989,29998.8813190095,8.93275339997269,0.702136356313167,index,0.2,1
2009,13133.2088799357,3989.47768944436,43234.0243286445,9.48289933042599,0.607911034799776,index,0.2,1
2010,31833.7349480836,9344.73596529989,108444.65638279,10.3682818538913,0.625375465153222,index,0.2,1
2011,7212.07063708824,1648.14212833742,31559.148922927,8.88351137865797,0.753129874134127,index,0.2,1
2012,10309.8589931369,2778.55973048725,38254.7804504913,9.24085590020913,0.66897551214025,index,0.2,1
2013,1767.33301335223,200.688102537061,15563.7825092689,7.47722691712779,1.1099565910791,index,0.2,1
2014,28765.0663568537,5470.28868680017,151258.752487924,10.2669169561556,0.846867748001734,index,0.2,1
2015,19095.4358283108,5940.77693620797,61378.448204434,9.85720462361024,0.595730039773854,index,0.2,1
2016,29397.1900124594,9260.23880811838,93323.1635312698,10.2886543709514,0.589382898635848,index,0.2,1
2017,19040.381352289,5901.25427926587,61433.7401650984,9.85431733715155,0.597662584305367,index,0.2,1
2018,25076.8426555793,8567.89182574332,73395.8890194234,10.1297000958961,0.547930022030633,index,0.2,1
2019,7789.97971270911,1048.59868216412,57871.3143136696,8.96059353458786,1.02317368432578,index,0.2,1
2021,13213.060824547,2732.09968505144,63901.3932428643,9.48896107579021,0.804165474599423,index,0.2,1
2022,14034.1146414181,4087.29945970095,48187.4097335839,9.54924640461299,0.629402714635805,index,0.2,1
2023,11942.1470188869,3781.62724781524,37712.5681816213,9.38782918810861,0.586704404958008,index,0.2,1
2024,24088.1938488135,4673.59588532322,124153.028446508,10.0894771176555,0.836644489064745,index,0.2,1
2025,9285.66618447817,1749.73695895107,49278.0335058193,9.13622721967592,0.851549562334638,index,0.2,1
2003,33935.2116045055,5559.59181894587,207137.254702435,10.4322084447013,0.922939650054219,index,0.2,1
2004,4910.69011700626,1161.57190086106,20760.5550783269,8.49916976427363,0.735544286475281,index,0.2,1
2005,20929.168867988,5402.67873535777,81076.4679820912,9.94889910456978,0.690956029597687,index,0.2,1
2006,5470.82922045496,1408.04527446001,21256.399138772,8.60718547815986,0.692475880938744,index,0.2,1
2007,8885.29810427998,2710.12137874772,29130.9913353038,9.09215329143615,0.605829800305369,index,0.2,1
2008,5817.76643317886,1480.43790970666,22862.4287780695,8.66867169269736,0.698267159785972,index,0.2,1
2009,9409.46848818753,2836.63542333706,31212.3639512463,9.14947174726339,0.611795848282318,index,0.2,1
2010,23697.4503671459,6946.74204950469,80839.2120941621,10.0731227418908,0.626080220235436,index,0.2,1
2011,5621.80136478337,1287.87622802539,24540.1304079798,8.63440741907128,0.751879945193957,index,0.2,1
2012,7892.24836509308,2155.95633838129,28890.9302788017,8.97363633713555,0.66207678649302,index,0.2,1
2013,1419.76433387952,159.749639656297,12618.0614121773,7.2582461747654,1.11463187814423,index,0.2,1
2014,22657.1719089378,4369.95097669866,117472.127639055,10.0282317213623,0.83967086357895,index,0.2,1
2015,13640.5240245184,4161.50137818017,44710.7615148333,9.52080034887932,0.605709677261196,index,0.2,1
2016,20332.5448601041,6118.99895787826,67562.0936257674,9.91997807636355,0.612676708695735,index,0.2,1
2017,13576.8439728551,3965.22233288162,46486.8491067169,9.51612097151503,0.627972643813789,index,0.2,1
2018,17408.8592640668,5807.53254199549,52185.3952060591,9.76473450873544,0.560124292753858,index,0.2,1
2019,5733.0871250011,777.947546580539,42250.0053214714,8.65400942989758,1.01907501596691,index,0.2,1
2021,10132.7872268221,2060.61765586996,49826.505509923,9.22353170518405,0.812653022177104,index,0.2,1
2022,10228.2028369476,2937.74310339394,35611.0556954016,9.23290416775018,0.636494988663087,index,0.2,1
2023,8759.16570108498,2715.09216144126,28257.9666608209,9.07785593979269,0.597600145695233,index,0.2,1
2024,18302.089207482,3496.09000933028,95811.740677351,9.81477049665654,0.844592057248988,index,0.2,1
2025,7312.98919060443,1413.41297812109,37837.3566181557,8.89740738716298,0.838609683501086,index,0.2,1
2003,6628.595856323,867.544331182314,50646.729449067,8.79914827437339,1.03750970817344,index,0.2,1
2004,1068.23725870436,217.998520103216,5234.58067671246,6.97376514719287,0.810870447355254,index,0.2,1
2005,4883.89196805432,1019.86256543188,23387.8578978185,8.49369771542296,0.799134356728032,index,0.2,1
2006,1286.14452527662,284.910865896515,5805.91313951451,7.15940428205736,0.7690079582251,index,0.2,1
2007,1984.48952911955,535.094616550481,7359.81744046118,7.5931169958774,0.668723212054481,index,0.2,1
2008,1234.52622188881,260.638232093586,5847.39614096146,7.11844254945783,0.793539677177112,index,0.2,1
2009,2526.89045308255,663.627580948197,9621.62445502424,7.83474475586782,0.682167451214004,index,0.2,1
2010,5628.45582695089,1405.28391472469,22543.1421109973,8.63559040766082,0.707970035528873,index,0.2,1
2011,1124.16699797978,218.430386160579,5785.60273394298,7.02479759413261,0.835898129807848,index,0.2,1
2012,1694.93587408092,371.350284328942,7736.1126097906,7.43540018669825,0.774633829445883,index,0.2,1
2013,248.890326955804,26.1236839551155,2371.27332265237,5.5170123454436,1.15010787398743,index,0.2,1
2014,4337.5764286678,684.304205844647,27494.4521951482,8.37507104454202,0.942195109179944,index,0.2,1
2015,3695.97049068997,1026.43364666119,13308.4081104368,8.21499844860902,0.65366142679861,index,0.2,1
2016,6038.68833670474,1814.26851175825,20099.4266237439,8.70594210454838,0.613533958988642,index,0.2,1
2017,3698.38866839925,1137.96625265205,12019.7578009602,8.21565250874959,0.601365412203057,index,0.2,1
2018,5118.33593143613,1558.96542176956,16804.3257029357,8.54058465181387,0.606545310081895,index,0.2,1
2019,1414.89441128702,167.941591695769,11920.3716892108,7.25481018629448,1.08736382537132,index,0.2,1
2021,2161.31347079187,409.945762794514,11394.8632794331,7.67847140419699,0.848202595674914,index,0.2,1
2022,2605.23509633707,676.48397552268,10033.127395135,7.86527819822939,0.687956232289346,index,0.2,1
2023,2185.80735569065,621.551495375635,7686.81892286968,7.68974053845361,0.641604531642656,index,0.2,1
2024,4042.28442104137,723.458220256105,22586.0497304314,8.30456526190097,0.877833714178938,index,0.2,1
2025,1400.83236142878,209.568731374034,9363.66456942376,7.24482188280986,0.969288282260648,index,0.2,1
2003,2724.7934784034,331.071451617501,22425.6711464434,7.91014791648344,1.07543491365879,index,0.2,1
2004,457.891520810826,84.5475637119976,2479.8425362634,6.12663230193498,0.861912797934655,index,0.2,1
2005,2158.4851206615,400.023122152097,11646.9717826601,7.67716192160207,0.860035992538957,index,0.2,1
2006,570.353192165813,109.712174537988,2965.05620441508,6.34625580431248,0.841033547503875,index,0.2,1
2007,860.202145919805,200.33276797343,3693.59311175282,6.75716741502195,0.743476718321853,index,0.2,1
2008,523.804053998506,97.9018222702508,2802.50847862555,6.26111767163607,0.855705779246024,index,0.2,1
2009,1196.84993866561,273.162782802361,5243.94194915013,7.08744833317589,0.753779382347687,index,0.2,1
2010,2507.82875398689,549.468686186008,11445.9753893863,7.8271726195121,0.774616699735528,index,0.2,1
2011,466.102274325097,82.2782218662087,2640.44755955345,6.14440508284565,0.884862498872383,index,0.2,1
2012,722.674753962916,142.449284895964,3666.27884721771,6.5829592647369,0.828572992488961,index,0.2,1
2013,98.6783525169016,9.81835673871418,991.756310611007,4.59186559631406,1.17737460706876,index,0.2,1
2014,1770.31801924814,254.699985038204,12304.7745322976,7.47891448132042,0.989216216915749,index,0.2,1
2015,1758.94131310243,418.726099335232,7388.77884099015,7.47246738039611,0.732284055432238,index,0.2,1
2016,3025.9568156507,762.69117574212,12005.4026339999,8.01498262314624,0.703140177409387,index,0.2,1
2017,1765.14871103465,470.428823784565,6623.21230021859,7.47599022136181,0.674678495132005,index,0.2,1
2018,2549.64746007635,662.284256233591,9815.5770871608,7.84371037764448,0.687775660380001,index,0.2,1
2019,641.998176420991,64.9833414498993,6342.57410178954,6.46458546322018,1.16862071427038,index,0.2,1
2021,918.960126933019,158.643059873852,5323.19356147229,6.82324273396396,0.896233795943811,index,0.2,1
2022,1200.67670813345,264.994703070784,5440.20141062627,7.09064060027556,0.770897207713647,index,0.2,1
2023,997.173962111272,241.175412521286,4122.95722983342,6.90492524030898,0.724197347494818,index,0.2,1
2024,1743.82022029014,279.048825438358,10897.4082077421,7.46383351445931,0.934938989099731,index,0.2,1
2025,571.844632444947,78.8501563147268,4147.18624463934,6.34886733288423,1.01089512494821,index,0.2,1
2003,43058.7229183748,6917.68017865507,268016.671988128,10.6703201122894,0.932917323278641,index,0.2,1
2004,6397.59685134885,1517.03264219749,26979.8054002984,8.76367770685626,0.734281967164863,index,0.2,1
2005,27784.4087088251,7064.63759917218,109272.890004931,10.2322303045383,0.698672688258936,index,0.2,1
2006,7277.80960224509,1873.53734293865,28270.8603627044,8.89258521710513,0.692360511516639,index,0.2,1
2007,11655.9877391456,3598.01530172119,37760.275813758,9.36357529598238,0.59972409590781,index,0.2,1
2008,7531.40072495486,1902.83605951348,29809.1875000273,8.92683632274482,0.701918820169154,index,0.2,1
2009,13026.2544066821,3958.71560481597,42863.2215108299,9.47472216959904,0.607688339976573,index,0.2,1
2010,31615.5829139063,9283.97165367714,107663.521634105,10.3614054082132,0.625195515700084,index,0.2,1
2011,7172.62951126791,1639.54229650894,31378.6440370926,8.87802760433494,0.753001188595693,index,0.2,1
2012,10248.0805228693,2762.82466429276,38012.9639642179,9.23484570096854,0.668806593821108,index,0.2,1
2013,1759.10667100931,199.754595664674,15491.2895480217,7.47256138588311,1.10995498467268,index,0.2,1
2014,28616.0781061856,5444.30814695119,150410.282459469,10.2617240103937,0.846647213047312,index,0.2,1
2015,18937.9002360319,5892.92424718397,60860.1180511154,9.84892049660433,0.595629754306275,index,0.2,1
2016,29119.2519800689,9171.97580743879,92448.0017916143,10.2791548144831,0.589422467593814,index,0.2,1
2017,18882.0762280665,5849.68350817502,60949.0756524267,9.84596840336018,0.597881172821373,index,0.2,1
2018,24843.354078127,8490.02953728673,72696.1242173058,10.1203455542319,0.547815064120448,index,0.2,1
2019,7733.70223313674,1041.57659365083,57422.7095687541,8.95334297040935,1.02290255665661,index,0.2,1
2021,13134.5850022462,2715.83279993858,63522.8071422994,9.48300410681626,0.804173032569486,index,0.2,1
2022,13928.1440981614,4057.48429447978,47811.2012123067,9.54166682732798,0.629270950085517,index,0.2,1
2023,11854.5300031394,3754.58070207298,37428.9149032657,9.38046535225932,0.586609482245723,index,0.2,1
2024,23938.4540856368,4644.96283313036,123370.111795695,10.0832414024921,0.836598409812071,index,0.2,1
2025,9237.5369992561,1741.6572522147,48994.7661654534,9.13103057058063,0.851259615491778,index,0.2,1
2003,229.878020857158,18.3459747462414,2880.40865661992,5.43754882414171,1.28989035182458,index,0.2,1
2004,39.2220451725919,4.3695127224736,352.068737460951,3.66923896557365,1.1197080584892,index,0.2,1
2005,187.13724787862,21.7999268585197,1606.44344225851,5.231842293523,1.09692611487037,index,0.2,1
2006,49.5173356522875,5.85237685317931,418.96935067831,3.90232282346134,1.089548053888,index,0.2,1
2007,74.0020401737273,10.0546712821939,544.652509880864,4.30409266273936,1.0184142911648,index,0.2,1
2008,44.6959841113077,5.13628276334675,388.944901930705,3.79988365667325,1.10387438427346,index,0.2,1
2009,106.954473253578,14.2148877735338,804.737929078044,4.67240326030665,1.02966861946751,index,0.2,1
2010,218.152034177323,28.4096173733717,1675.14786947853,5.38519222419872,1.04005201755176,index,0.2,1
2011,39.4411258203362,4.32928016560499,359.321260456749,3.6748090744674,1.12726958618105,index,0.2,1
2012,61.7784702676504,7.542462052634,506.012408412201,4.12355492621998,1.07298209656341,index,0.2,1
2013,8.22634234291369,0.553471709268969,122.26949852992,2.10734148612117,1.3770080205459,index,0.2,1
2014,148.988250668093,13.798813422385,1608.6527266996,5.00386744825972,1.21394314510166,index,0.2,1
2015,157.535592278954,21.9906398231566,1128.54664685779,5.05965141545895,1.00462790681401,index,0.2,1
2016,277.938032390549,40.519871397099,1906.46088414438,5.62739818377364,0.982469929753855,index,0.2,1
2017,158.305124222524,23.4931758110238,1066.71454539362,5.06452433668854,0.973392554036158,index,0.2,1
2018,233.488577452231,34.6709084144209,1572.41094317537,5.45313315707826,0.973095531869895,index,0.2,1
2019,56.277479572376,3.97587498222819,796.593132625169,4.03029444752581,1.35209096862526,index,0.2,1
2021,78.4758223008165,8.42353313206656,731.101141199934,4.36279058117986,1.13867461170589,index,0.2,1
2022,105.970543256743,13.9635992697347,804.216435977869,4.66316116168812,1.03405332252386,index,0.2,1
2023,87.6170157474599,12.236481747895,627.365087992817,4.47297522277195,1.0043824485712,index,0.2,1
2024,149.73976317674,15.097323806315,1485.16365972407,5.00889887523818,1.17062425462523,index,0.2,1
2025,48.1291852220679,4.31234219799352,537.160170456305,3.87388875448001,1.23084280302618,index,0.2,1
2003,41263.7712620405,6657.39671184564,255760.455995713,10.6277401848245,0.930760154881364,index,0.2,1
2004,6096.10766419763,1446.53775700114,25690.6731079953,8.71540575866026,0.733930594446906,index,0.2,1
2005,26363.7448321045,6738.11157320914,103151.607690178,10.179745043477,0.696038331115344,index,0.2,1
2006,6902.43318434327,1782.38647690857,26730.2206797247,8.83962926383617,0.690788612354223,index,0.2,1
2007,11089.6833641543,3427.66910449067,35878.9233640085,9.3137705284629,0.59905936534743,index,0.2,1
2008,7186.47074038089,1821.94017526827,28346.3542894574,8.879955473513,0.700165024309818,index,0.2,1
2009,12239.2818920661,3729.45622734527,40166.7192485296,9.41240588539638,0.606331634822566,index,0.2,1
2010,29965.1647839681,8821.8600043981,101782.515261262,10.3077908120919,0.623890443965819,index,0.2,1
2011,6865.61499377815,1571.80304093811,29988.9159233707,8.83428089813405,0.7522088347785,index,0.2,1
2012,9772.21995469499,2644.97698352422,36104.7689404457,9.18729894079142,0.666788425056074,index,0.2,1
2013,1694.07770060463,192.05404520225,14943.1856676782,7.43489374228561,1.11079435214721,index,0.2,1
2014,27449.793794664,5241.11006391835,143765.570686423,10.2201139348754,0.844824368609738,index,0.2,1
2015,17781.4160380753,5538.1169578376,57091.3829964647,9.78590914808309,0.595163653326853,index,0.2,1
2016,27131.3826685153,8532.96856984088,86266.803806959,10.2084463689144,0.590191341715765,index,0.2,1
2017,17721.5618991936,5455.47143945306,57566.7492044349,9.78253736357003,0.601114640353546,index,0.2,1
2018,23168.2222140879,7921.53346388732,67760.430857026,10.0505368865624,0.547559449960963,index,0.2,1
2019,7311.30290843537,989.621185238545,54015.7698887683,8.89717677330966,1.02035270053666,index,0.2,1
2021,12529.4559299946,2586.07449927408,60704.8505160021,9.43583762555828,0.8050868640431,index,0.2,1
2022,13138.3378138525,3834.2467091456,45019.5132460249,9.48328978585229,0.628359258800003,index,0.2,1
2023,11198.4938347527,3548.44474865605,35341.191155503,9.32353456920013,0.58637295927858,index,0.2,1
2024,22790.3617875316,4420.69540600014,117492.960429168,10.0340929969506,0.836770836360434,index,0.2,1
2025,8860.80697217674,1678.86839809272,46765.9646744031,9.08939311983268,0.848749191348805,index,0.2,1
2003,2024.82967719145,234.552769375994,17479.7988211469,7.61324086597428,1.09979585904848,index,0.2,1
2004,340.711232323814,60.7405975845881,1911.14589661308,5.83103529249393,0.879823817235378,index,0.2,1
2005,1607.80112459934,283.058234974385,9132.48277866502,7.38262276335831,0.886225524188541,index,0.2,1
2006,424.893753554127,78.5113953603915,2299.47131853414,6.05183914603395,0.861544080030867,index,0.2,1
2007,640.306415165083,141.381119364021,2899.90846830073,6.4619468354736,0.770671108888971,index,0.2,1
2008,389.625968685273,69.6294631561271,2180.23216886714,5.96518722428338,0.87858727960939,index,0.2,1
2009,893.926987869579,193.828510909331,4122.74466688434,6.79562410278873,0.779937953500677,index,0.2,1
2010,1868.57016411549,390.246829891484,8947.04118209873,7.53292879925904,0.799070480644659,index,0.2,1
2011,346.455643310101,58.7429854387674,2043.33354671826,5.84775479690046,0.905416151413588,index,0.2,1
2012,537.639038441923,100.928965148287,2863.95223840916,6.28718740272193,0.853469993265714,index,0.2,1
2013,73.2553127475929,7.17084113681457,748.355840460229,4.29395077424445,1.18569924319079,index,0.2,1
2014,1315.2725621897,180.980590080952,9558.71517534152,7.18179919476122,1.01196216971965,index,0.2,1
2015,1314.01979023546,299.736571021463,5760.55168458841,7.18084625999313,0.754066033530476,index,0.2,1
2016,2265.80734394415,542.17043495233,9469.13108665295,7.72568641764879,0.729659331135081,index,0.2,1
2017,1318.81945309537,335.944847224467,5177.29253546385,7.18449226169189,0.697739994792903,index,0.2,1
2018,1908.62044149141,475.505241747564,7660.97125720595,7.55413597812773,0.7090732704841,index,0.2,1
2019,478.676804273737,47.1822406590805,4856.30779185176,6.17102563956065,1.18216869966529,index,0.2,1
2021,683.604894552336,114.599245772669,4077.82484697087,6.52738011118119,0.91121005406211,index,0.2,1
2022,895.776827565574,189.770914646828,4228.34092514534,6.79769130557255,0.791786831540852,index,0.2,1
2023,743.653184134185,171.943061128163,3216.297619947,6.61157477579396,0.747162399559358,index,0.2,1
2024,1297.83206128194,199.581267987332,8439.50976099747,7.16845050621382,0.955236427438055,index,0.2,1
2025,424.85921230142,56.1082741201314,3217.08969145815,6.05175784887086,1.03291416292034,index,0.2,1
2003,42849.5295254045,6886.56426901952,266618.027338896,10.665449944395201,0.932732628707062,index,0.2,1
2004,6361.76991817827,1508.92635085723,26821.7971465907,8.7580619066407,0.734150355314095,index,0.2,1
2005,27612.940418808,7023.86123035877,108554.889335946,10.2260397975806,0.69846764009799,index,0.2,1
2006,7232.42188094591,1862.4683817580801,28085.2694071558,8.88632923567836,0.692191934396381,index,0.2,1
2007,11588.3173575095,3577.83170928462,37533.654484047,9.35775274525133,0.599623526970475,index,0.2,1
2008,7490.61296983308,1893.12067462009,29638.5134957609,8.92140591159167,0.701759841224121,index,0.2,1
2009,12927.443432878,3929.90611684939,42524.8819542385,9.46710772854067,0.60752999657008,index,0.2,1
2010,31415.5216306721,9227.9171377074,106951.003633787,10.3550573692089,0.625046551396324,index,0.2,1
2011,7136.71119371089,1631.66560818772,31215.1254563787,8.87300733208965,0.752896852260237,index,0.2,1
2012,10191.6782310186,2748.45649993831,37792.2318097264,9.22932680657364,0.668651085720225,index,0.2,1
2013,1751.64170371595,198.9057822379,15425.6383282371,7.46830874357048,1.1099578891309,index,0.2,1
2014,28480.5757824702,5420.09012360704,149654.927944485,10.2569775824027,0.846500177157481,index,0.2,1
2015,18792.2667320042,5848.927060128,60378.4737433641,9.84120072015054,0.595514618879628,index,0.2,1
2016,28860.3793629405,9091.30074429705,91617.4176170919,10.2702249771805,0.58937394420288,index,0.2,1
2017,18735.6746330301,5803.28612742388,60487.3680613415,9.83818471981513,0.597972778721318,index,0.2,1
2018,24626.0814336608,8417.89354118424,72042.237622784,10.1115613811638,0.547686838609878,index,0.2,1
2019,7681.98592304754,1035.11118030076,57011.1779729343,8.94663337644486,1.02265616702365,index,0.2,1
2021,13062.9571447333,2701.14247699512,63173.5833331416,9.47753580482079,0.804150339052655,index,0.2,1
2022,13830.581767257,4030.09815757931,47464.1024961232,9.53463748937472,0.629139865700416,index,0.2,1
2023,11773.9632450933,3729.77805153978,37167.4154818884,9.37364586788241,0.586511726588361,index,0.2,1
2024,23801.5909280043,4618.95042072914,122650.316435877,10.07750770314,0.836538293288566,index,0.2,1
2025,9193.76359073995,1734.05246606908,48744.3665150603,9.12628066260725,0.851068826587314,index,0.2,1
2003,439.071413827449,39.170458057516,4921.66076172406,6.08466207371184,1.23305287805038,index,0.2,1
2004,75.0489783431701,9.46666852910564,594.966342492793,4.31814094497109,1.05632751829437,index,0.2,1
2005,358.605537895805,47.1397491149413,2728.01476936117,5.88222300415219,1.03527740549854,index,0.2,1
2006,94.9050569514712,12.7187434135933,708.165071192149,4.55287699135604,1.0254271213229,index,0.2,1
2007,141.672421809862,22.0555521792665,910.023695545444,4.95351750397136,0.948973118349383,index,0.2,1
2008,85.4837392330834,11.1726969603419,654.047066631098,4.44832617344698,1.0382094562947,index,0.2,1
2009,205.765447057724,31.434487411878,1346.9098015852,5.32673691356882,0.958605011609098,index,0.2,1
2010,418.213317411517,62.2387563297945,2810.18434773283,6.03599163108702,0.971963642337718,index,0.2,1
2011,75.3594433773618,9.36675639921292,606.298003716954,4.32226924405932,1.06384729152857,index,0.2,1
2012,118.180762118365,16.3901651649278,852.138608387185,4.77221533468981,1.00794396243543,index,0.2,1
2013,15.6913096362764,1.17221966543314,210.043565521078,2.75310703275018,1.32359979661696,index,0.2,1
2014,284.490574383524,29.7108649727795,2724.08383220139,5.65070012255543,1.15266777219629,index,0.2,1
2015,303.169096306669,48.3819748223686,1899.70544387346,5.71429072346357,0.936325062403132,index,0.2,1
2016,536.810649518897,89.306906526917,3226.68967769079,6.2856454243558,0.915101814566214,index,0.2,1
2017,304.706719258918,51.9144196352515,1788.44693659038,5.71934973779617,0.902951873196119,index,0.2,1
2018,450.761221918455,76.9103886396043,2641.84959638587,6.11093775787659,0.902208821996014,index,0.2,1
2019,107.993789661567,8.36575714907966,1394.094807874,4.68207372233721,1.30508871501444,index,0.2,1
2021,150.103679813623,18.1612771350122,1240.61289996803,5.0113262540859,1.07758845225074,index,0.2,1
2022,203.53287416109401,30.5850298947811,1354.44140505301,5.31582753562502,0.967016169913436,index,0.2,1
2023,168.183773793633,26.951522432208,1049.50589854862,5.12505727316854,0.934209761434852,index,0.2,1
2024,286.602920809209,32.4513470871893,2531.21184755982,5.65809770658153,1.11142641843083,index,0.2,1
2025,91.9025937382151,9.28176254063086,909.965828024443,4.52072925244775,1.16975506326694,index,0.2,1
2003,8909.73222300418,2236.6311415145,35492.3647499094,9.09489946647835,0.705203472761614,index,0.2,2
2004,17185.795453947,2816.13174673215,104878.461644287,9.75183847590236,0.922832760665313,index,0.2,2
2005,23269.7136520947,6537.98814498557,82820.519316142,10.054907950767,0.647727808646587,index,0.2,2
2006,3859.93184557022,769.905657702284,19351.8175940052,8.25840480571497,0.82253390039543,index,0.2,2
2007,5601.51816352843,1359.5134409024,23079.5847928594,8.63079294061218,0.722416738830808,index,0.2,2
2008,12012.8461641589,3076.29546439992,46909.8221005558,9.39373186985888,0.695038531240966,index,0.2,2
2009,2928.81226679959,630.240575128177,13610.5824230869,7.98235225013363,0.783815748898947,index,0.2,2
2010,15685.5925664991,3728.23129369437,65993.1733791145,9.66049789909504,0.733079125048968,index,0.2,2
2011,12596.4782006873,3337.42489861592,47543.0213054965,9.441172545988,0.677674567643516,index,0.2,2
2012,13447.5574021502,3342.58075738363,54100.951692689,9.50655276274957,0.710244833207506,index,0.2,2
2013,23367.7539261109,4998.19382923393,109249.849487122,10.0591123136334,0.786892225467666,index,0.2,2
2014,62259.3535603399,17687.8033142715,219146.891045755,11.0390640610368,0.642069685062854,index,0.2,2
2015,16111.7881092445,3721.83017600069,69747.8669905717,9.68730646375745,0.74763396992833,index,0.2,2
2016,47613.5343279049,18563.9172093789,122121.243357475,10.7708723344239,0.480568674344424,index,0.2,2
2017,15940.2576948563,4897.40997662527,51882.8965904784,9.67660311876662,0.602123998155721,index,0.2,2
2018,19838.18556471,6317.80001532427,62292.8243289242,9.89536392326512,0.583805419176768,index,0.2,2
2019,12067.9717044889,1601.39670066436,90943.0755039801,9.39831025560342,1.03046729745036,index,0.2,2
2021,58213.1907932462,11553.9099410073,293301.194109485,10.9718672539713,0.82506009550777,index,0.2,2
2022,29110.9222185683,6669.05664486916,127071.314211661,10.2788687167108,0.751868417981595,index,0.2,2
2023,23484.1318461365,7812.14510689147,70595.7763227177,10.0640802314647,0.561564076407272,index,0.2,2
2024,19398.32238274,3269.78147522815,115082.58705223,9.87294186619574,0.908416402407848,index,0.2,2
2025,6422.39778793928,1202.84961938638,34291.2303265051,8.76754681417297,0.854657597737172,index,0.2,2
2003,7160.53618130464,1808.30890676514,28354.2696781243,8.87634014280797,0.702152065953014,index,0.2,2
2004,14372.4310807462,2377.23139974866,86893.8443235436,9.57306714226913,0.918065507502041,index,0.2,2
2005,18397.0192128277,5222.31779468749,64808.4488962825,9.81994393117093,0.642484931766516,index,0.2,2
2006,3154.60160119242,632.213048925291,15740.7558720316,8.05661749162708,0.820112545044495,index,0.2,2
2007,4581.95391125924,1108.61082762908,18937.4856547299,8.42988080431144,0.724001977397042,index,0.2,2
2008,9628.61615357387,2453.2373130803,37790.9827714369,9.17249479286422,0.697630680997599,index,0.2,2
2009,2367.66786946193,508.014147649431,11034.8327227116,7.76966072833827,0.785295772567563,index,0.2,2
2010,12897.9627160318,3062.21847764201,54325.7913956048,9.46482464888788,0.733651095260141,index,0.2,2
2011,10189.2232933089,2721.38981341457,38149.7243831612,9.22908590086899,0.673577637994509,index,0.2,2
2012,10900.4647491734,2759.09721997055,43064.8586385223,9.29656070484712,0.700983234739842,index,0.2,2
2013,18911.541771701,4034.11612127113,88655.4579569463,9.84752769041255,0.788272232989736,index,0.2,2
2014,49778.4945879454,14447.4409545628,171511.240726652,10.8153383341615,0.631167594217146,index,0.2,2
2015,13116.7682506444,3060.33633338182,56219.1833179951,9.48164670979633,0.74254762817059194,index,0.2,2
2016,34135.8391630265,12973.744764761,89816.435924426,10.4381031132041,0.493590780280199,index,0.2,2
2017,12357.6615868614,3737.24172832439,40862.1681434184,9.42203152111112,0.61017876758076794,index,0.2,2
2018,14974.6624235589,4708.59031892373,47623.7046570665,9.61411488006237,0.5903021904081,index,0.2,2
2019,10003.4813202844,1335.37116155057,74937.6962799485,9.21068844342073,1.02742902598129,index,0.2,2
2021,48039.6348285047,9638.96280137738,239424.776504615,10.77978167476,0.819511429205708,index,0.2,2
2022,23061.9801422803,5341.89080348188,99563.0475516767,10.0459406592727,0.746241113856613,index,0.2,2
2023,17733.0908278908,5807.07024277315,54151.6629149732,9.78318771144918,0.5695799814343,index,0.2,2
2024,16103.8238184762,2735.6541098455,94797.4894352299,9.68681202702606,0.904448342978931,index,0.2,2
2025,5222.42694883928,978.633608194907,27869.2076458209,8.56071750555678,0.854383140385297,index,0.2,2
2003,1287.05227850919,267.005787787421,6203.99872730299,7.1601098272134,0.802483874371165,index,0.2,2
2004,2125.84207969651,287.592443494752,15713.9196457741,7.66192327566154,1.02062024623726,index,0.2,2
2005,3542.32435105401,817.852946275367,15342.6870505463,8.17253838700569,0.74789937488949,index,0.2,2
2006,525.113838242774,88.8411262737411,3103.79386979429,6.26361507383451,0.906529615519111,index,0.2,2
2007,759.509975868841,159.456950154004,3617.62471242025,6.63267345673408,0.796391917526465,index,0.2,2
2008,1750.91776402602,391.249852125932,7835.69118230649,7.46789536603505,0.7645798667496,index,0.2,2
2009,414.620039889919,77.4984975949835,2218.23367953195,6.02736253431334,0.855681021305449,index,0.2,2
2010,2083.9074551228,422.81145439312,10270.9381129459,7.64199999455651,0.813828040594753,index,0.2,2
2011,1779.43962704424,386.837131598503,8185.37086450566,7.4840537774538,0.77861125695452,index,0.2,2
2012,1885.58231504517,369.185559094923,9630.4434971059,7.54199197262438,0.832001300874628,index,0.2,2
2013,3295.19205340422,608.290508177473,17850.5015660221,8.1002197315519,0.862039898449673,index,0.2,2
2014,9149.04461018441,1999.00854978969,41873.2662688965,9.12140473863053,0.776033712406634,index,0.2,2
2015,2223.86677129324,414.084029744037,11943.4295003342,7.70700274858205,0.857635057692491,index,0.2,2
2016,9060.34724311281,3225.63420914557,25449.2254369805,9.11166272535696,0.526937162931942,index,0.2,2
2017,2565.73518982321,706.426513040772,9318.7287605628,7.85000034024889,0.658063703833299,index,0.2,2
2018,3410.36060198856,980.089900958546,11866.8291798751,8.13457331307034,0.636199960701733,index,0.2,2
2019,1551.41824987196,178.973442618551,13448.3560846826,7.34692479147344,1.10190155479118,index,0.2,2
2021,7623.24313061661,1225.35094465577,47426.2790443428,8.9389571658279,0.932657239043032,index,0.2,2
2022,4404.12814295299,844.808084212665,22959.4686201747,8.3902975943659,0.842458394696805,index,0.2,2
2023,4033.85381634691,1207.92456583083,13471.0205189547,8.30247747996635,0.615224850271238,index,0.2,2
2024,2478.08649508496,347.643800835809,17664.3813649442,7.81524196677966,1.00209166469905,index,0.2,2
2025,890.283955916152,145.388670711383,5451.63194823583,6.79154046343123,0.924573019575847,index,0.2,2
2003,462.143763190359,83.6616152092347,2552.86558024966,6.13587601841332,0.8720036486582,index,0.2,2
2004,687.52229350427,82.8895353286092,5702.61254561798,6.53309425593029,1.07940015781413,index,0.2,2
2005,1330.37008821307,256.616283856268,6897.00803477994,7.1932124443225,0.839622843611416,index,0.2,2
2006,180.216406135032,26.414273706136,1229.56070651612,5.19415838506456,0.979739355152327,index,0.2,2
2007,260.054276400343,46.3947453548748,1457.6699614755,5.56089036461509,0.879457057402231,index,0.2,2
2008,633.312246558995,119.932796395694,3344.24289014578,6.45096358102528,0.849011531987419,index,0.2,2
2009,146.524357447734,24.3859623844084,880.399427631295,4.98719167707893,0.914906618996116,index,0.2,2
2010,703.722395344501,124.776231753639,3968.90659983374,6.55638395359683,0.882598853926127,index,0.2,2
2011,627.815280334224,115.421035373159,3414.90634654974,6.44224598360548,0.864127798897924,index,0.2,2
2012,661.510337931599,111.918029887492,3909.9681046055,6.49452561144741,0.906526292382759,index,0.2,2
2013,1161.02010100564,195.767275428728,6885.5618079534,7.0570542950757,0.908245113497371,index,0.2,2
2014,3331.81436221033,647.316265637767,17149.2476452662,8.11127228811232,0.835952755949899,index,0.2,2
2015,771.153087306862,132.976161604219,4472.05782516763,6.64788691067177,0.896810884504955,index,0.2,2
2016,4417.34792176559,1248.87107598839,15624.4812111479,8.39329477728899,0.644552402106677,index,0.2,2
2017,1016.86091817166,237.523735092894,4353.27495376627,6.92447562973645,0.741956528534463,index,0.2,2
2018,1453.16253916257,328.382753623804,6430.54893085082,7.28149752184424,0.758849485882216,index,0.2,2
2019,513.072134332482,48.7374304368349,5401.24936150786,6.24041644801961,1.20102672272675,index,0.2,2
2021,2550.31283412486,376.194417980743,17289.1867636242,7.84397131067685,0.976479796016522,index,0.2,2
2022,1644.81393333506,260.235953506259,10395.999625886,7.40538254636739,0.940728415395006,index,0.2,2
2023,1717.18720189896,414.225347002186,7118.66598146638,7.4484428834336,0.725540240780521,index,0.2,2
2024,816.412069178767,104.341287157569,6387.96668948704,6.7049192142399,1.0496376957759599,index,0.2,2
2025,309.686883183854,43.4026386289814,2209.6805320055,5.73556173278502,1.0025906144827,index,0.2,2
2003,8643.75558133272,2173.01628591916,34382.8580733426,9.06459244112019,0.704462417224101,index,0.2,2
2004,16794.9759427479,2755.90933585568,102351.413831943,9.72883506963976,0.922125278478486,index,0.2,2
2005,22499.7428331876,6342.46805041965,79817.2609676893,10.0212591584911,0.646050598071129,index,0.2,2
2006,3756.78152381027,750.267681888688,18811.1626801168,8.2313178921158,0.821896653603807,index,0.2,2
2007,5452.71243864469,1324.53218390967,22447.2257448583,8.60386845901229,0.721979517401646,index,0.2,2
2008,11648.0275393827,2984.48599951526,45460.6071465087,9.36289213473508,0.69476241856676,index,0.2,2
2009,2844.64853667634,611.798571668319,13226.6168506223,7.95319480173272,0.784091808206123,index,0.2,2
2010,15283.5747358558,3633.89591508483,64280.2276578238,9.63453398404045,0.732908047695871,index,0.2,2
2011,12235.9326850975,3249.58089895016,46073.0332094843,9.41213220387428,0.676466966481593,index,0.2,2
2012,13067.9233839431,3258.83133142595,52402.41184679,9.47791590982828,0.708580360652912,index,0.2,2
2013,22701.1069238817,4855.70201536656,106130.947479611,10.0301689654472,0.786881805467852,index,0.2,2
2014,60338.4439718696,17204.780301109,211611.410156268,11.0077247247085,0.640206751723655,index,0.2,2
2015,15669.8554777351,3628.71674059362,67666.9986241298,9.65949411244443,0.746370736510222,index,0.2,2
2016,44972.8234861312,17554.1627549111,115217.961719585,10.7138136637874,0.479992120481823,index,0.2,2
2017,15347.7215723316,4711.47009202855,49995.5540119738,9.63872231022833,0.602545281333306,index,0.2,2
2018,18983.6672729103,6059.48473700017,59473.641533913,9.85133427125058,0.582640411613408,index,0.2,2
2019,11775.5787509589,1566.4120855897,88523.4838237549,9.37378306850129,1.02922303529405,index,0.2,2
2021,56757.8623502337,11276.7148356984,285673.175699185,10.9465494693638,0.824532612561769,index,0.2,2
2022,28159.6314360519,6474.22068749728,122480.354144495,10.2456447219779,0.750045006639224,index,0.2,2
2023,22474.476997754,7485.19193935461,67480.1822605131,10.0201355886688,0.560956046955886,index,0.2,2
2024,18933.2635465245,3197.27043085757,112117.031159609,9.84867563011134,0.907477336172177,index,0.2,2
2025,6244.85509579805,1170.89944240541,33306.2035518608,8.73951321905558,0.854090047376105,index,0.2,2
2003,265.976641671465,44.7042495196315,1582.47984643527,5.58340849166072,0.909884029029772,index,0.2,2
2004,390.819511199162,44.6338058046315,3422.06736755803,5.96824584522522,1.10703783985401,index,0.2,2
2005,769.970818907188,135.636670704902,4370.90544089255,6.64635261660647,0.885920791621606,index,0.2,2
2006,103.150321759948,14.290290369397,744.560719491506,4.63618735885266,1.00849151461286,index,0.2,2
2007,148.805724883728,24.7608293578544,894.281182514101,5.00264159533987,0.915005921718878,index,0.2,2
2008,364.818624776153,64.5938792795635,2060.45263836123,5.8994003116561204,0.88332268705289,index,0.2,2
2009,84.1637301232483,13.4854213032482,525.273427427348,4.43276406981387,0.934279857075119,index,0.2,2
2010,402.017830643367,66.9426064013366,2414.28209690939,5.99649644246962,0.914639669506091,index,0.2,2
2011,360.545515589852,60.9318952689081,2133.41581183811,5.8876182055926,0.90708882926542,index,0.2,2
2012,379.634018207088,58.8366379588182,2449.5279264756,5.93920767865066,0.951263869110681,index,0.2,2
2013,666.647002229146,103.317118727758,4301.49650951995,6.50226067378266,0.951271353723099,index,0.2,2
2014,1920.90958847025,333.135606991995,11076.2511410724,7.56055409683549,0.893896252872679,index,0.2,2
2015,441.932631509363,65.8679130545509,2965.09243629811,6.09115745306136,0.971194393731909,index,0.2,2
2016,2640.71084177377,687.799474046618,10138.6436206971,7.87880341814451,0.686393268165974,index,0.2,2
2017,592.536122524705,129.091933372578,2719.75984342329,6.38441183743734,0.777507667036641,index,0.2,2
2018,854.518291799768,178.177911805355,4098.15955087676,6.75053790876277,0.799889878326609,index,0.2,2
2019,292.392953529982,26.2091959909985,3261.97107699713,5.67809862885057,1.23062888230061,index,0.2,2
2021,1455.32844301245,201.658756716693,10502.796464309,7.28298688816067,1.00839094904258,index,0.2,2
2022,951.290782516481,138.828488484508,6518.50468718314,6.85781978081036,0.981946872764812,index,0.2,2
2023,1009.65484838256,222.460895871545,4582.39147544848,6.91736381715614,0.771755242350738,index,0.2,2
2024,465.058836215486,53.631906276929,4032.66891214605,6.14216392707884,1.10207115374577,index,0.2,2
2025,177.542692141227,23.4408241624578,1344.722664796,5.17921109910089,1.03304550005338,index,0.2,2
2003,8844.90073300989,2220.71228231782,35228.4578239672,9.08759638358121,0.705121687533952,index,0.2,2
2004,17089.1059371582,2801.7227671005,104234.988972033,9.7461964597709,0.922571380448551,index,0.2,2
2005,23083.2284551283,6490.99100642399,82088.4569681746,10.046861591911,0.647303270076032,index,0.2,2
2006,3834.62467212227,765.102494972865,19218.7928711046,8.25182683994336,0.822370741222038,index,0.2,2
2007,5564.99758424447,1350.85410646838,22925.6423505358,8.62425182961152,0.722339541920427,index,0.2,2
2008,11924.0153588091,3053.84209965575,46558.4459305032,9.3863097428556,0.69498928141327,index,0.2,2
2009,2908.25026384796,625.225866782497,13527.7825927092,7.97530689542083,0.784297025987277,index,0.2,2
2010,15586.7322625896,3703.48349150852,65599.3804704918,9.65417533537287,0.733251328495501,index,0.2,2
2011,12508.3726755184,3315.79785641005,47186.0450380563,9.43415351310656,0.677410385727283,index,0.2,2
2012,13354.7114790891,3322.09156540703,53685.5517610818,9.49962452134881,0.709847058003193,index,0.2,2
2013,23204.8152902897,4964.10846933371,108471.330951545,10.0521150917337,0.786813485664346,index,0.2,2
2014,61792.0810282701,17570.9981084323,217304.745822716,11.0315304965342,0.641606437336769,index,0.2,2
2015,16003.5243026583,3699.0791639635,69236.9043087351,9.68056424588243,0.747322432648029,index,0.2,2
2016,46989.453846972,18324.6503294663,120493.910286856,10.7576784692792,0.480455779670385,index,0.2,2
2017,15797.7782929785,4853.33409208077,51422.3406547119,9.66762459475948,0.60215565931359,index,0.2,2
2018,19634.4128160087,6255.72490624373,61625.1789212593,9.88503906159977,0.58357539329836,index,0.2,2
2019,11995.856662710201,1592.64710955683,90353.083372204,9.39231659104044,1.03020455850193,index,0.2,2
2021,57854.8343529667,11487.3415809226,291380.023343955,10.9656922961652,0.82485766723789,index,0.2,2
2022,28880.3414646464,6621.91626527745,125956.609794073,10.270916416505,0.751430309446599,index,0.2,2
2023,23243.3412294939,7734.99109838232,69845.317808275,10.0537739712641,0.561369682177621,index,0.2,2
2024,19283.5602389897,3251.96457492635,114348.015460521,9.86700821081567,0.908176705065371,index,0.2,2
2025,6378.92337547023,1194.99570332094,34050.8868082452,8.76075461217267,0.85453444888371,index,0.2,2
2003,64.8314899942903,7.74693075163602,542.553203278877,4.17179144202152,1.08394578977082,index,0.2,2
2004,96.6895167888268,7.75850202146624,1204.9829504446,4.57150498695299,1.28712350316735,index,0.2,2
2005,186.485196966475,22.6449418803088,1535.73936605532,5.22835186309976,1.07574188570971,index,0.2,2
2006,25.3071734479518,2.49322820598846,256.87701847204403,3.23108789103705,1.18242455997228,index,0.2,2
2007,36.520579283963,4.23639127133249,314.8322772407,3.59787591770291,1.09908352556824,index,0.2,2
2008,88.8308053497642,10.9038824593903,723.679112323163,4.48673349693171,1.07023118727061,index,0.2,2
2009,20.562002951624,2.61377171147704,161.757036211732,3.02344485566803,1.05239208147343,index,0.2,2
2010,98.8603039094907,12.1193925738204,806.423228684637,4.59370778201419,1.07088749428888,index,0.2,2
2011,88.1055251689143,10.4001173622778,746.393842962372,4.47853524571928,1.0901823562348,index,0.2,2
2012,92.8459230611193,10.1311584561572,850.876577084061,4.53094137796145,1.13028898733047,index,0.2,2
2013,162.938635821124,17.3185377630273,1532.98156036749,5.09337366257007,1.14369253998984,index,0.2,2
2014,467.272532069854,55.9465128716234,3902.72079562834,6.14691266790141,1.08293651190816,index,0.2,2
2015,108.263806586145,11.3618393393786,1031.61569763608,4.68457090227058,1.15017959829272,index,0.2,2
2016,624.080480932907,107.862138409786,3610.87266044889,6.43627933590678,0.895641672117493,index,0.2,2
2017,142.479401877771,20.5291180262424,988.857871706777,4.95919744103443,0.98846365874551,index,0.2,2
2018,203.772748701335,29.3986606599996,1412.42261317689,5.31700539595647,0.987801966619397,index,0.2,2
2019,72.1150417786646,4.92441427392622,1056.08077660618,4.27826264636921,1.36944215768317,index,0.2,2
2021,358.356440279501,34.4779464250045,3724.68060326998,5.88152813431555,1.19451595396672,index,0.2,2
2022,230.58075392187,24.0885954070936,2207.16414471893,5.44060114347537,1.15250211351984,index,0.2,2
2023,240.790616642632,35.776642353254,1620.61382090166,5.48392774524449,0.972789565546719,index,0.2,2
2024,114.762143750286,9.56803994309731,1376.49400676497,4.74286167123048,1.2675913021734,index,0.2,2
2025,43.4744124690397,4.13161227235729,457.454479011372,3.77217254592338,1.2007898374548,index,0.2,2
2003,15825.3605358611,3968.72366419639,63103.9239011118,9.6693690294297,0.705711540372179,index,0.2,3
2004,17747.5262079644,3364.72867492404,93610.7237560528,9.78400141662548,0.848433350019488,index,0.2,3
2005,20464.1432283282,5340.76812151747,78412.1588020834,9.92642952283284,0.685372164406097,index,0.2,3
2006,7232.31565226476,986.721780903403,53010.2716959427,8.88631454772693,1.016307670613,index,0.2,3
2007,4620.31173123598,1080.54617387225,19756.0095162769,8.438217456093,0.741337881062568,index,0.2,3
2008,22952.9526789506,5937.87870690777,88724.9576299453,10.041201864248,0.689856878181527,index,0.2,3
2009,26568.9394841922,8354.63177766951,84493.0769063262,10.1874981239261,0.590279599567,index,0.2,3
2010,14758.8659149332,3618.87943766531,60191.041687618,9.59959926017087,0.717196622981287,index,0.2,3
2011,20313.3502892462,6744.40710576812,61181.3897800913,9.91903359858963,0.562543364981591,index,0.2,3
2012,15093.3762629279,3011.64497478298,75643.0485405175,9.62201126848017,0.822346517323295,index,0.2,3
2013,4211.05639072411,1011.49722464824,17531.4331010895,8.34546881936272,0.727708222093413,index,0.2,3
2014,54485.7780491711,20332.0870245608,146010.589372227,10.9056949933709,0.502937524572672,index,0.2,3
2015,32721.9653526008,10828.2002560912,98883.1930712119,10.3958018547013,0.56424134248322,index,0.2,3
2016,15171.3806476364,4778.92217646169,48163.7453501899,9.62716607991098,0.58939642516863,index,0.2,3
2017,50896.851482295,19230.2232174555,134709.278281251,10.837556343696,0.496599889123463,index,0.2,3
2018,28967.9885998589,9256.42157855101,90655.3743690783,10.2739466579028,0.582089187632893,index,0.2,3
2019,40165.0785233202,10707.097913468,150669.541440847,10.6007532036246,0.674548643305574,index,0.2,3
2021,24962.166302199,7391.2686848699,84303.49011316,10.1251166096707,0.620961376926996,index,0.2,3
2022,23046.9686139664,3563.0524550436,149075.201388426,10.0452895262823,0.952525991984704,index,0.2,3
2023,19281.4731873495,6639.57022496848,55993.8664217147,9.86689997537767,0.54393727056545,index,0.2,3
2024,27034.8951777176,7769.26656494015,94073.9452252026,10.2048837245279,0.636212036876168,index,0.2,3
2025,9691.72497558448,1845.10322465592,50907.4678029921,9.17902770509802,0.846310041893301,index,0.2,3
2003,12711.9292351781,3215.31285306468,50257.362895854,9.45029614142778,0.701347682862127,index,0.2,3
2004,14668.3737078578,2815.31220694194,76425.3380860685,9.59344900663172,0.842168823968284,index,0.2,3
2005,16389.3130700695,4247.55528138036,63238.6314278788,9.70438475933238,0.688934032197712,index,0.2,3
2006,6219.35776550924,853.988031145968,45293.8561252373,8.73542192726869,1.0130312415387701,index,0.2,3
2007,3999.74246070965,942.738577411404,16969.6458120248,8.29398525320665,0.737358566169912,index,0.2,3
2008,19554.5524265316,5154.54674286224,74183.1512404994,9.88096339899782,0.680282363686022,index,0.2,3
2009,20663.1579022164,6508.74260426902,65598.8599413789,9.93610758202003,0.589401653770607,index,0.2,3
2010,12423.7570793437,3082.59007720098,50071.4451487151,9.42736581210547,0.711156106113759,index,0.2,3
2011,17069.561624102,5818.93437101826,50072.7307546567,9.74505213438678,0.549081369187237,index,0.2,3
2012,12730.4168751945,2562.04273809996,63255.5856333706,9.45174943847752,0.817968741909487,index,0.2,3
2013,3271.76324158045,796.499845564417,13439.343106679,8.09308433617442,0.720858858561452,index,0.2,3
2014,42043.8228819146,15633.9855931846,113066.69255832,10.6464677552504,0.504736503210842,index,0.2,3
2015,26118.0343424351,8804.30755686579,77479.3149270056,10.1703813256748,0.554798434282921,index,0.2,3
2016,11571.4340087668,3635.10959411831,36834.6762463214,9.35629475449258,0.590776271617311,index,0.2,3
2017,36394.068063442,13589.2212558918,97469.0282294267,10.5021610750545,0.50262600744314,index,0.2,3
2018,22502.3025606256,7180.76268681189,70515.2979724426,10.0213729189843,0.58277195285377,index,0.2,3
2019,31216.6423608127,8407.63584910275,115904.016036432,10.348706640586,0.66930364504864,index,0.2,3
2021,20897.7018206076,6241.2829687911,69971.8220703611,9.9473944711703,0.616569200505529,index,0.2,3
2022,19244.6637727513,2974.53573285896,124509.206473805,9.86498909467675,0.952642936188996,index,0.2,3
2023,15494.6722003396,5376.91481362299,44651.0452402364,9.64825151480863,0.540000474093474,index,0.2,3
2024,22037.8525516525,6344.19602388852,76552.9537958218,10.0005168243843,0.635328593927956,index,0.2,3
2025,8609.60538095876,1653.97462284666,44816.4704536137,9.06063376373017,0.84169772719033,index,0.2,3
2003,2296.45047093446,443.314573430491,11896.0329335574,7.7391199363373,0.839219665886493,index,0.2,3
2004,2209.91097005057,301.136724730936,16217.5719348526,7.70070750865534,1.01692843734635,index,0.2,3
2005,3019.42162961605,673.027997447283,13546.1035974322,8.01282057865572,0.765847566972894,index,0.2,3
2006,753.830738924035,79.3283269423187,7163.40309760915,6.62516785862198,1.14878263026213,index,0.2,3
2007,462.632857596813,75.7150284039188,2826.77251055639,6.13693377537011,0.923464473375894,index,0.2,3
2008,2536.41269865675,436.75173441914,14730.0831820698,7.83850603838043,0.897537471124806,index,0.2,3
2009,4175.00897960939,1031.72310455973,16894.7461802335,8.33687178808729,0.713220344153627,index,0.2,3
2010,1753.55621276243,310.684727257074,9897.36257223016,7.46940112653,0.882986871649459,index,0.2,3
2011,2448.48594098771,516.424172255276,11608.8357696994,7.80322512923808,0.794043500016937,index,0.2,3
2012,1812.03471489348,274.525008340357,11960.5489781399,7.50220564474914,0.962856102341687,index,0.2,3
2013,647.988587987765,116.046523390665,3618.2834081883,6.4738730850672,0.877506895136327,index,0.2,3
2014,9223.05529639782,2826.71260300923,30093.1721568916,9.12946163870705,0.603374325745168,index,0.2,3
2015,4858.85476820329,1175.79394012135,20078.7475193614,8.48855804472342,0.723921033138803,index,0.2,3
2016,2596.46163937835,678.237133633843,9939.90554401413,7.86190488920194,0.684914579236147,index,0.2,3
2017,10405.2876084927,3434.91218464047,31520.4594456859,9.25006937981936,0.565481176751743,index,0.2,3
2018,4782.16583573722,1258.38762002252,18173.343186643,8.47264882657573,0.681166757798785,index,0.2,3
2019,6517.49647150692,1392.64941077385,30501.4025263555,8.78224560442,0.787403418512858,index,0.2,3
2021,2980.94071797194,633.447014970086,14028.0202669875,7.99999420685569,0.790227708964386,index,0.2,3
2022,2860.5900065211,358.46188552763,22828.0202604068,7.95878317852421,1.05969337040843,index,0.2,3
2023,2837.2121882425,732.422923676275,10990.6076679131,7.95057722518875,0.690940815324145,index,0.2,3
2024,3798.76875358857,843.141753302668,17115.3237124299,8.24243228099764,0.768022879819032,index,0.2,3
2025,812.713108546349,99.4272601154984,6643.0734995192,6.70037816725422,1.07193390344296,index,0.2,3
2003,816.980829748589,132.587773025561,5034.08165734873,6.7056156303847,0.927757234667521,index,0.2,3
2004,869.241530056034,118.85954884095,6356.92163517485,6.76762102687275,1.01516074190844,index,0.2,3
2005,1055.40852864264,180.139835394232,6183.45831111652,6.96168320189651,0.902031773671596,index,0.2,3
2006,259.127147831474,24.6776003143916,2720.96467597441,5.55731885950683,1.19972760506752,index,0.2,3
2007,157.936412929507,21.9826378610523,1134.7096143195,5.06219250220906,1.00611009391603,index,0.2,3
2008,861.987553762296,121.213735841543,6129.85432453318,6.75924083176861,1.00087830592938,index,0.2,3
2009,1730.77260236637,374.888915507886,7990.56381019899,7.45632317876298,0.780470168867533,index,0.2,3
2010,581.552622827054,85.8488895519234,3939.52041642277,6.36570146283773,0.976095900442986,index,0.2,3
2011,795.302724156483,134.968526436229,4686.32532155245,6.67872282727658,0.904956023436607,index,0.2,3
2012,550.924672839835,67.6945851488684,4483.6377160183,6.31159808989771,1.06970939912465,index,0.2,3
2013,291.304561155894,51.3167633771684,1653.61846238305,5.67436932177584,0.885910080587526,index,0.2,3
2014,3218.89987085864,760.703475248681,13620.7033564905,8.07679492514824,0.736009082843492,index,0.2,3
2015,1745.07624196241,334.678314598053,9099.15867694935,7.46455352535108,0.842558191284752,index,0.2,3
2016,1003.48499949127,214.996359009316,4683.71719802181,6.91123421993461,0.7860415492034,index,0.2,3
2017,4097.49581036026,1042.55722359681,16104.12506471,8.31813128813064,0.698328875438482,index,0.2,3
2018,1683.52020349615,346.141533910192,8188.09648054277,7.42864223941783,0.807052835120657,index,0.2,3
2019,2430.93969100082,397.199454113009,14877.8345994449,7.79603316569939,0.924299947425967,index,0.2,3
2021,1083.5237636194,195.820855362423,5995.39688535764,6.98797375301038,0.872859669097411,index,0.2,3
2022,941.714834693978,109.237284357556,8118.35295154297,6.84770250549163,1.09909165964352,index,0.2,3
2023,949.588798767426,194.881762212089,4627.00499271567,6.85602904748813,0.807992408508159,index,0.2,3
2024,1198.27387247662,215.055044453465,6676.71050037061,7.08863736062586,0.876415769933255,index,0.2,3
2025,269.406486079395,29.0751639750816,2496.28359117254,5.59622133970498,1.13590709785974,index,0.2,3
2003,15146.6555829857,3811.41975901733,60193.1012208274,9.62553503296955,0.703981300158262,index,0.2,3
2004,17009.9289267507,3223.94983830865,89746.3349631087,9.74155250705964,0.848581900234116,index,0.2,3
2005,19573.8503269559,5119.56202387383,74837.576893377,9.88194978743338,0.684260336337576,index,0.2,3
2006,7012.54830118254,957.867404060329,51338.8736979309,8.8554564376764,1.0157059487371,index,0.2,3
2007,4487.98635043165,1052.4549241104,19138.1322090218,8.40915940585024,0.739951693040784,index,0.2,3
2008,22231.9583839246,5782.44414008599,85475.9616540287,10.0092860995208,0.687106689842894,index,0.2,3
2009,25172.6915560953,7924.11086696264,79966.624750317,10.1335150174974,0.589730029534478,index,0.2,3
2010,14274.8409101423,3512.47787525758,58013.4851368793,9.56625388981359,0.715409510639311,index,0.2,3
2011,19649.7778264952,6568.73609425635,58780.5268913511,9.8858213106938,0.559063636713834,index,0.2,3
2012,14633.1861402524,2929.7709084597,73087.6724855777,9.59104725159188,0.820610865078767,index,0.2,3
2013,3966.2194292408,952.424150321904,16516.6922274813,8.28556863514398,0.727849172114602,index,0.2,3
2014,51850.8888358093,19408.8315021981,138520.171745474,10.8561273559564,0.501358132175185,index,0.2,3
2015,31283.8461886844,10419.0873823453,93931.3585195184,10.3508571470966,0.560960521502181,index,0.2,3
2016,14349.5657077762,4530.04124161969,45454.3402629517,9.57147495646332,0.588270316705821,index,0.2,3
2017,47602.3820438849,18037.5989656484,125625.743235971,10.7706380819062,0.495123583817171,index,0.2,3
2018,27588.4259460124,8841.12489036561,86088.7336868212,10.2251516139714,0.580613840545125,index,0.2,3
2019,38179.3162738137,10240.7387181901,142339.359615408,10.5500491891522,0.67140017015225,index,0.2,3
2021,24047.7333554579,7140.82018745064,80984.1816982734,10.0877960239181,0.619507864719618,index,0.2,3
2022,22256.2554399942,3439.09129304151,144032.496960032,10.0103783914515,0.95278068868087,index,0.2,3
2023,18502.0062058169,6392.56698298435,53550.3553660497,9.82563444874451,0.542225914173018,index,0.2,3
2024,26061.3397172397,7517.84929404066,90344.1132287353,10.1682082583075,0.634283532864791,index,0.2,3
2025,9465.73945137796,1806.83022205102,49589.7302734199,9.15543418540726,0.844966983062843,index,0.2,3
2003,678.704952875397,105.350331652867,4372.46286585429,6.52018650127465,0.950474206474528,index,0.2,3
2004,737.597281213725,99.0669071077851,5491.74053311214,6.60339798624552,1.02430582951774,index,0.2,3
2005,890.292901372364,145.76424365045,5437.6946662912,6.79155051124936,0.923261844848967,index,0.2,3
2006,219.767351082213,20.3293012925816,2375.76726846568,5.39256949172908,1.21456631435609,index,0.2,3
2007,132.325380804322,17.5791572772005,996.066314721387,4.88526389553565,1.02989134331047,index,0.2,3
2008,720.994295026075,96.8726537370095,5366.14569134642,6.58063122466845,1.02411777594383,index,0.2,3
2009,1396.24792809695,288.360848808395,6760.6552164451105,7.24154386647681,0.804775616192259,index,0.2,3
2010,484.025004790827,68.3210804364036,3429.10568401854,6.18213656817312,0.998956215477167,index,0.2,3
2011,663.572462750946,107.111919916137,4110.9188750058,6.49763806069661,0.930508829117341,index,0.2,3
2012,460.190122675427,54.232266979911,3904.9621341935,6.13163971425799,1.09102191065065,index,0.2,3
2013,244.836961483307,42.3056779144755,1416.95253836997,5.50059252569228,0.895767081864731,index,0.2,3
2014,2634.88921336184,600.63821126774,11558.7737117775,7.87659641582662,0.754403474829029,index,0.2,3
2015,1438.11916391644,263.809322337976,7839.70297673589,7.27109140266158,0.865253054505869,index,0.2,3
2016,821.814939860224,170.192245224613,3968.33471751973,6.71151523571972,0.803375263913624,index,0.2,3
2017,3294.46943841016,808.381954456261,13426.2384517464,8.1000004137621,0.716832432691087,index,0.2,3
2018,1379.56265384656,271.159405378323,7018.72433018807,7.22952181041979,0.83002287979411,index,0.2,3
2019,1985.76224950657,314.211281842747,12549.6821388446,7.59375812419952,0.9406767200828,index,0.2,3
2021,914.432946741118,158.661345165769,5270.26676353965,6.81830414282572,0.893655256174053,index,0.2,3
2022,790.71317397215,89.7216832505255,6968.5197696004,6.67293529008916,1.11033816775576,index,0.2,3
2023,779.466981532642,152.728364842406,3978.10043947327,6.65861032907938,0.831622107145333,index,0.2,3
2024,973.55546047788,160.519723317541,5904.63411621595,6.88095479337737,0.919679129750239,index,0.2,3
2025,225.985524206535,23.3838460130384,2183.96311378492,5.42047094503739,1.15738121735155,index,0.2,3
2003,15788.5117957745,3959.59797984333,62955.1550420714,9.66703785301527,0.705696678649144,index,0.2,3
2004,17717.5798949009,3359.48235253992,93440.7758072798,9.78231264005203,0.848367864829814,index,0.2,3
2005,20425.2621199632,5331.14002515825,78255.5571041895,9.92452775293659,0.685322475741997,index,0.2,3
2006,7223.50074449151,985.577957467963,52942.502021577,8.88509498203464,1.01627722233627,index,0.2,3
2007,4614.5835764071,1079.27544758845,19730.2566561916,8.43697691023456,0.741305303863399,index,0.2,3
2008,22921.3498271857,5930.44226537153,88591.7532606333,10.0398240620782,0.689793283205527,index,0.2,3
2009,26500.0148698705,8333.59367228692,84267.4620000575,10.1849005731013,0.59024070179746,index,0.2,3
2010,14736.6653359474,3613.78472174508,60094.6990331078,9.59809390785229,0.717147364657653,index,0.2,3
2011,20283.2907114885,6735.64386122134,61079.8151688734,9.91755270842186,0.56245116418042,index,0.2,3
2012,15072.9015184993,3007.81892804889,75533.9219617697,9.62065380915284,0.822302519536081,index,0.2,3
2013,4199.74053416549,1008.98674004241,17480.7258156546,8.3427780247835,0.727603240389821,index,0.2,3
2014,54344.7743937785,20282.8580038349,145608.40012548,10.9031037406183,0.502852283718367,index,0.2,3
2015,32649.6885779296,10806.4392669426,98645.0890902369,10.393590596464,0.564139515484044,index,0.2,3
2016,15126.127375906,4765.03420491395,48016.3876171513,9.62417881737126,0.589357167812349,index,0.2,3
2017,50686.3726277095,19151.770025626,134144.696115159,10.8334123689869,0.496571343550109,index,0.2,3
2018,28892.4006702965,9233.11388285855,90410.5404832833,10.2713338869375,0.582042455836147,index,0.2,3
2019,40058.7256825058,10680.8641718616,150240.79301877,10.5981017984918,0.674447482050536,index,0.2,3
2021,24923.8799668898,7380.62956166395,84166.2337086434,10.1235816576876,0.620913163135751,index,0.2,3
2022,23012.7112179004,3557.90980202412,148847.190363621,10.0438020038979,0.952503975313432,index,0.2,3
2023,19241.3948980982,6626.49299367899,55871.3753983776,9.86481922149286,0.543881544201608,index,0.2,3
2024,26989.9913923839,7757.07619765334,93909.047274968,10.2032213870933,0.636165069053783,index,0.2,3
2025,9682.09969115953,1843.39320222641,50853.5315831318,9.17803406699275,0.846276154129076,index,0.2,3
2003,36.8487400866282,1.99773043961648,679.686117328499,3.60682142772868,1.48717511888111,index,0.2,3
2004,29.9463130635252,1.21698597036472,736.887431684934,3.3994062139294,1.63422846200453,index,0.2,3
2005,38.8811083650707,1.99834397164227,756.496683828662,3.66050848651798,1.51441030883358,index,0.2,3
2006,8.81490777324827,0.306324762690087,253.660847946157,2.17644435331618,1.71408954637056,index,0.2,3
2007,5.72815482887115,0.269248831319639,121.864067460213,1.74539345947306,1.5599841563662,index,0.2,3
2008,31.602851764917,1.49459839562528,668.233180631433,3.45324736224619,1.55686015010951,index,0.2,3
2009,68.9246143217021,4.05213398716359,1172.37052734298,4.23301336127146,1.44582743910766,index,0.2,3
2010,22.2005789857517,1.06601395780951,462.344515934257,3.10011836897741,1.54910599053791,index,0.2,3
2011,30.0595777576518,1.56938291794874,575.753823132813,3.40318133757454,1.50640464042123,index,0.2,3
2012,20.4747444285755,0.878205523264008,477.354273356648,3.01919214754038,1.60669624745825,index,0.2,3
2013,11.3158565586205,0.539837428023466,237.19846570125,2.42620497737988,1.55242251661117,index,0.2,3
2014,141.003655392634,8.51406448981884,2335.19852449554,4.94878581481258,1.43220303792076,index,0.2,3
2015,72.2767746712626,4.00009928046302,1305.95062537442,4.28050284202866,1.47665145070521,index,0.2,3
2016,45.2532717304022,2.69727975258179,759.231073582726,3.81227497096647,1.43881786967124,index,0.2,3
2017,210.478854585472,14.3303652165086,3091.43190409249,5.349385194801,1.3709458379500301,index,0.2,3
2018,75.5879295624527,4.42214772962327,1292.02718788977,4.32529660856585,1.44832820460208,index,0.2,3
2019,106.352840814422,5.29193155865221,2137.39097415283,4.66676225322576,1.53093575377313,index,0.2,3
2021,38.286335309204,2.04230237328247,717.740668857392,3.64509305208678,1.49544343130913,index,0.2,3
2022,34.2573960659864,1.33875794999141,876.610432251317,3.53390248492823,1.65419376548286,index,0.2,3
2023,40.0782892513761,2.3356072787131,687.730888645804,3.69083477251675,1.45031381244505,index,0.2,3
2024,44.9037853337219,2.39846041050852,840.685103019681,3.80452209706821,1.49476984490081,index,0.2,3
2025,9.62528442495435,0.381381017315163,242.92268375987,2.26439343038184,1.64714750575408,index,0.2,3
2003,14116.5777379512,3878.76058175236,51376.6608769624,9.55510511183744,0.659111176600038,index,0.4,1
2004,7881.83665736029,2606.1960923505,23836.7900541512,8.9723162340386,0.564637534885787,index,0.4,1
2005,29742.9205070844,12792.6980838277,69152.0517793732,10.3003464165069,0.430475558852492,index,0.4,1
2006,7718.11767478522,2933.59480638435,20305.9196560451,8.95132578877911,0.493550876466951,index,0.4,1
2007,10064.7103589343,4059.66756468417,24952.3866166911,9.21679056060412,0.463240242750416,index,0.4,1
2008,10911.5744919116,3810.8189020275,31243.273677789,9.29757938481337,0.536734354901599,index,0.4,1
2009,8576.9461857559,3602.30962660657,20421.3444979884,9.05683320672052,0.442611564236042,index,0.4,1
2010,22442.0098963884,9048.93299872161,55657.8116183141,10.0186899232009,0.463420655336527,index,0.4,1
2011,15823.131661003,6600.65041509133,37931.3370374835,9.66922817754659,0.446082026783592,index,0.4,1
2012,20110.228685076,8239.1880660459,49085.091215807,9.90898385441144,0.455277127067374,index,0.4,1
2013,941.043311530621,156.640913737798,5653.45600357556,6.84698916565754,0.914829643643316,index,0.4,1
2014,41460.1806091224,16032.591712054,107215.764426201,10.6324887422061,0.484758821238523,index,0.4,1
2015,14774.102388354,6552.91526119081,33309.4649757308,9.60063108837156,0.414786081340416,index,0.4,1
2016,36951.2508846958,18097.6099077016,75446.1472485758,10.5173547792457,0.364200375945602,index,0.4,1
2017,26511.9418605808,12450.0900761659,56456.0623191311,10.1853505467166,0.385653724139182,index,0.4,1
2018,28702.8622319524,13500.9214813243,61022.0792296341,10.2647521261114,0.384822839647974,index,0.4,1
2019,24609.7822263969,8726.97828895101,69398.7496219016,10.1108992943576,0.528950961944736,index,0.4,1
2021,18264.8631573067,6588.75707734637,50632.4974860809,9.81273444712941,0.520221010613973,index,0.4,1
2022,22471.5848419129,9433.37663273529,53530.3682835009,10.0200068941524,0.44286400974906,index,0.4,1
2023,14529.8660950713,6718.90517977076,31421.3406934707,9.58396154076627,0.393517965780324,index,0.4,1
2024,26920.6417089084,11280.4722511149,64245.6214497399,10.2006486211012,0.443793986804311,index,0.4,1
2025,11915.9062170163,4122.46726959611,34442.6799989218,9.38562944346117,0.541551955488192,index,0.4,1
2003,11732.8636697142,3233.10756068995,42578.2586282785,9.37014904396757,0.657639633860627,index,0.4,1
2004,6577.2975659521,2191.36047586859,19741.5458330433,8.79137923569467,0.560776316592709,index,0.4,1
2005,23265.110165087,9985.01765708109,54207.7510108144,10.0547100994959,0.431573790109906,index,0.4,1
2006,6264.99372301431,2382.95040549686,16471.2392917908,8.74273286541655,0.493191817784546,index,0.4,1
2007,8210.69170804424,3296.50642748453,20450.5769388077,9.01319245079081,0.465607495671901,index,0.4,1
2008,9050.95435377112,3167.75284440661,25860.5322882738,9.11062548458952,0.535646450274337,index,0.4,1
2009,6787.28168407878,2845.30861832402,16190.5785412362,8.82280579931662,0.443568855374107,index,0.4,1
2010,18312.7963732903,7389.99628670597,45380.0648875667,9.81535534983544,0.463004853929388,index,0.4,1
2011,12653.1300709738,5259.75730817448,30438.9900925957,9.44565989998893,0.447875441271411,index,0.4,1
2012,16209.5899876344,6608.24475464107,39761.0586960607,9.693358320618,0.457806864840471,index,0.4,1
2013,812.055418527193,135.079417577839,4881.82444508528,6.69956858725052,0.915172787650247,index,0.4,1
2014,34379.3445077344,13319.0425991593,88740.5622425211,10.4452112126624,0.483815598435006,index,0.4,1
2015,11710.3602292926,5198.66736485799,26378.4018240499,9.36822921865427,0.414329869999358,index,0.4,1
2016,27223.6579848293,13173.8476874533,56257.4861694206,10.2118416530997,0.370339838534507,index,0.4,1
2017,20016.7315809302,9226.48302768276,43426.031563799,9.90432378184543,0.395155508038999,index,0.4,1
2018,21949.5635959809,10269.6991251787,46913.0922124872,9.99650253657359,0.38753239169118,index,0.4,1
2019,18292.8525668031,6495.54233253237,51516.6306214087,9.81426569241709,0.528272088140594,index,0.4,1
2021,14942.4613716848,5365.2922193166,41615.0961993144,9.61196219556439,0.522589232425865,index,0.4,1
2022,17433.2131337281,7259.78576294868,41863.0700808103,9.7661324665463,0.446960696884521,index,0.4,1
2023,11357.5030693818,5254.6894837233,24548.1443519317,9.33763386788506,0.393250938323911,index,0.4,1
2024,21454.1390835186,8989.14294066402,51204.0009657429,9.97367287000756,0.443834727929083,index,0.4,1
2025,10043.9836429187,3470.50401172697,29068.2872223561,9.21472909173361,0.542190565431893,index,0.4,1
2003,1696.66188637852,404.97962571505,7108.16390233661,7.43641800341386,0.730922229055833,index,0.4,1
2004,927.835167994048,255.277425893308,3372.32364340097,6.83285409631371,0.658432097751739,index,0.4,1
2005,4495.55189195547,1718.76431978359,11758.4398166987,8.41084371844696,0.490561476200779,index,0.4,1
2006,1021.83286988523,337.788822069015,3091.11002425221,6.92935322498884,0.564771761254705,index,0.4,1
2007,1299.57297242804,464.088264777978,3639.156683855,7.16979100673969,0.525375085925932,index,0.4,1
2008,1337.46266462627,403.647469799478,4431.60557938797,7.19852956408243,0.611229428710767,index,0.4,1
2009,1252.48889644637,460.747713284423,3404.74491894671,7.13288796780705,0.51023250538608,index,0.4,1
2010,2895.68021040175,1005.08571827749,8342.53609262541,7.97097532282333,0.5398809480661,index,0.4,1
2011,2239.79037091983,822.044743707261,6102.66161795649,7.714137556059,0.511408749169212,index,0.4,1
2012,2707.99420547638,979.895417734057,7483.68905923783,7.9039634942501,0.518640981618117,index,0.4,1
2013,92.6679981082285,13.8413202911708,620.414649234323,4.52902319299372,0.970101933296224,index,0.4,1
2014,5035.55813916349,1670.89795218539,15175.5801362561,8.52427965087866,0.562848706790903,index,0.4,1
2015,2165.62537392279,833.927644984609,5623.90908657881,7.68046445504101,0.486905790405616,index,0.4,1
2016,6704.86518881664,3032.61672172279,14823.9033565266,8.81058868944603,0.404807213481359,index,0.4,1
2017,4497.43086018923,1970.04991063835,10267.1938578594,8.41126159276361,0.42115438983273,index,0.4,1
2018,4632.68946218792,1960.70466683178,10945.9685673857,8.44089285579873,0.438698696035178,index,0.4,1
2019,4313.19112891486,1389.90433466385,13384.8188329085,8.36943331027643,0.577787714180249,index,0.4,1
2021,2338.39855214787,758.845645270347,7205.8235067544,7.75722159463326,0.574206063331621,index,0.4,1
2022,3502.27437320345,1343.89507895741,9127.14539792308,8.16116785735059,0.488703064506323,index,0.4,1
2023,2205.89346005108,888.5386521403,5476.3694808043,7.69888790311277,0.463942072888344,index,0.4,1
2024,3768.00880671502,1361.82690561293,10425.620399306,8.23430197293212,0.519254226463667,index,0.4,1
2025,1327.36092958895,395.860866366359,4450.77345879562,7.19094798648999,0.61729970248211,index,0.4,1
2003,687.052181858527,152.645488080462,3092.39864559731,6.53241024546378,0.76751006440438,index,0.4,1
2004,376.703923414147,96.2423395688696,1474.4638020158,5.93145952986581,0.696232257084239,index,0.4,1
2005,1982.25845004189,667.400670411579,5887.54062883887,7.59199210499719,0.555419151961347,index,0.4,1
2006,431.29108188567,129.291557325029,1438.7018082433,6.06678322615198,0.61466090563501,index,0.4,1
2007,554.445678462064,177.821659311572,1728.75459353703,6.31796883708995,0.580208469134688,index,0.4,1
2008,523.157473514193,142.487644670982,1920.82438253323,6.2598825153299,0.663597511843418,index,0.4,1
2009,537.175605230726,176.786467376299,1632.23823145234,6.28632505265507,0.567042280438167,index,0.4,1
2010,1233.53331269631,384.196002731537,3960.49001736955,7.1176379422495,0.595156393334123,index,0.4,1
2011,930.211219109335,305.721399897,2830.33151244368,6.83541167768193,0.567733620147164,index,0.4,1
2012,1192.64449196512,395.140283386176,3599.73645821529,7.08392838268868,0.563626445046006,index,0.4,1
2013,36.3198948951986,5.31033159788899,248.409113608398,3.59236565987424,0.980993219223879,index,0.4,1
2014,2045.27796222458,599.260023181805,6980.54564119058,7.62328898208843,0.626334663486752,index,0.4,1
2015,898.116785138587,302.285802769589,2668.38122186802,6.80030011011208,0.555585297516963,index,0.4,1
2016,3022.72771104999,1162.8305797851,7857.44972138423,8.01391491829464,0.487408166214389,index,0.4,1
2017,1997.77941946137,773.911342698448,5157.07987287964,7.59979155244391,0.483852885671613,index,0.4,1
2018,2120.60917378371,772.081418923263,5824.49358023284,7.65945867251446,0.515503688380944,index,0.4,1
2019,2003.73853067902,556.858826285086,7210.02866401949,7.60276997997926,0.653307017875884,index,0.4,1
2021,984.003233473932,286.756227311874,3376.6044858516,6.8916291830976,0.62909151401849,index,0.4,1
2022,1536.09733498136,518.805466614578,4548.13060844208,7.33700028082837,0.553822059980221,index,0.4,1
2023,966.469565638334,339.490101292073,2751.37159448884,6.87364980890099,0.533787879422285,index,0.4,1
2024,1698.49381867471,566.332326325108,5093.97242215714,7.43749714830918,0.560375650822979,index,0.4,1
2025,544.561644508623,150.409120025331,1971.60507700592,6.29998114902022,0.656451909843924,index,0.4,1
2003,14086.8569817964,3870.85477865382,51265.0437624004,9.5529975127133,0.659076844386154,index,0.4,1
2004,7865.48048670984,2601.06933458043,23784.7497813019,8.97023890538857,0.564582304639243,index,0.4,1
2005,29648.0090975419,12752.4933717558,68928.0455063595,10.2971502553769,0.430450851135565,index,0.4,1
2006,7698.97788161672,2926.53373865392,20254.0840854571,8.94884285638351,0.493513598554864,index,0.4,1
2007,10040.6788565001,4050.14218285751,24891.7759791434,9.21440000614917,0.463219093283224,index,0.4,1
2008,10888.405601787,3803.02127564646,31174.52361054,9.29545379582216,0.53669490958464,index,0.4,1
2009,8552.23237263113,3592.17026471145,20361.139134744,9.05394762406529,0.442577415462674,index,0.4,1
2010,22386.3268388941,9027.09267783302,55515.9503976745,10.0162056424898,0.463386071209196,index,0.4,1
2011,15781.5374455353,6583.82027204889,37828.6335066263,9.66659601966245,0.44604165293743,index,0.4,1
2012,20055.1706396197,8216.31850248439,48952.5654662301,9.90624228675034,0.455296514021187,index,0.4,1
2013,939.506498421206,156.384853676328,5644.23241653922,6.84535473572285,0.914830461144306,index,0.4,1
2014,41368.2577676693,15998.678771337,106967.129923149,10.6302691451451,0.484706725030594,index,0.4,1
2015,14732.7764818409,6535.28444673333,33212.739955394,9.59782998333325,0.41473151444228,index,0.4,1
2016,36798.2937782326,18024.3749727937,75126.8450103278,10.5132067583602,0.364152850772366,index,0.4,1
2017,26417.0464845057,12405.5591761912,56253.8403189329,10.1817647809304,0.38565239724023,index,0.4,1
2018,28602.0323970368,13454.8255327434,60801.6993791775,10.2612330571166,0.384772356385668,index,0.4,1
2019,24511.0199926597,8693.39598451966,69108.7927146529,10.1068780910239,0.52886643073309,index,0.4,1
2021,18221.5311933194,6573.26459665558,50511.3089769795,9.81035920643321,0.520210234443094,index,0.4,1
2022,22400.3046146739,9403.9879656576,53357.5381702537,10.01682983662,0.442835028353449,index,0.4,1
2023,14484.7898959998,6698.95446263622,31319.6842136306,9.5808544051621,0.393449914588064,index,0.4,1
2024,26844.2112837102,11249.5266730065,64057.0666118423,10.1978054820455,0.443744964534467,index,0.4,1
2025,11892.3132781599,4114.44728002577,34373.2962122224,9.38364752737678,0.541534308793663,index,0.4,1
2003,29.720756154886,3.62560672697084,243.634628060226,3.39184566215329,1.07339932340041,index,0.4,1
2004,16.3561706504529,2.18978000625564,122.169495375101,2.79460523595573,1.02593933704836,index,0.4,1
2005,94.9114095424676,15.461457954863,582.621360006008,4.55294392539096,0.925830064235704,index,0.4,1
2006,19.139793168503,2.86181074605908,128.006956098526,2.95176957972311,0.969566299293801,index,0.4,1
2007,24.0315024342571,3.74899525189671,154.044769450035,3.17936557106717,0.947914203764715,index,0.4,1
2008,23.1688901246219,3.27269510474456,164.023061246551,3.14281043589956,0.998588042858989,index,0.4,1
2009,24.713813124766,3.92611936965178,155.566477139494,3.20736232314034,0.938645218665258,index,0.4,1
2010,55.6830574943216,8.6258465395094,359.454910044373,4.0196759264137,0.951503616145239,index,0.4,1
2011,41.5942154676411,6.56927810027697,263.359037927716,3.72796110634007,0.941628097572385,index,0.4,1
2012,55.0580454562533,8.92286792785745,339.732515820252,4.00838800065091,0.928471443104333,index,0.4,1
2013,1.53681310941483,0.136459653905395,17.307639772461,0.429710862768226,1.23544981729313,index,0.4,1
2014,91.9228414531435,13.6113230610631,620.792610895519,4.52094954530319,0.97453194855052,index,0.4,1
2015,41.3259065130526,6.70741207492952,254.618402753123,3.72148957965651,0.927709079982238,index,0.4,1
2016,152.957106463283,26.7774559679449,873.715428591393,5.03015753217387,0.889096538319898,index,0.4,1
2017,94.8953760750502,16.4445764083047,547.605008291821,4.552774980246,0.894291564970917,index,0.4,1
2018,100.829834915621,17.0755575129952,595.392308647851,4.61343429314921,0.906030034938541,index,0.4,1
2019,98.7622337372098,14.1946855465392,687.157089939298,4.59271528205443,0.989736372752866,index,0.4,1
2021,43.3319639873082,6.41265292784687,292.80535281173,3.76889056099528,0.974822760752902,index,0.4,1
2022,71.2802272390185,11.4583944402422,443.419086482304,4.26661897113472,0.93261732627841,index,0.4,1
2023,45.0761990714724,7.44785161221828,272.812057560024,3.80835437043212,0.918602978436813,index,0.4,1
2024,76.4304251981758,12.0353888062496,485.369437582322,4.33638085247595,0.943144613905974,index,0.4,1
2025,23.592938856371,3.34981663312056,166.166338293547,3.16094746626079,0.99595802458682,index,0.4,1
2003,13678.1650058583,3761.90019829803,49733.4294014847,9.52355604518071,0.658622594470423,index,0.4,1
2004,7636.80690697416,2528.73726579182,23063.2183593602,8.94073485068425,0.563918269266689,index,0.4,1
2005,28453.9728930654,12257.1800962379,66053.4125339156,10.2560430745525,0.429689477268341,index,0.4,1
2006,7436.88976508756,2828.18819399931,19555.7457935127,8.91420799809614,0.49328275123629,index,0.4,1
2007,9717.55500255783,3922.720864962,24072.8000993391,9.18168932286553,0.462839388788084,index,0.4,1
2008,10574.5224928482,3698.12408426479,30237.0941060467,9.26620284855439,0.536041422715991,index,0.4,1
2009,8230.56068369313,3460.14061727112,19577.8543882939,9.01560941816628,0.442122874167954,index,0.4,1
2010,21640.1762630887,8735.61212402632,53607.8321757842,9.98230687817164,0.462836862335403,index,0.4,1
2011,15218.3972506233,6354.11816168931,36448.7422147981,9.63026032039257,0.445621407433777,index,0.4,1
2012,19343.0324547108,7923.36727196852,47221.4516506993,9.8700875537537,0.455373673056421,index,0.4,1
2013,917.535424036356,152.616760391817,5516.24377427628,6.82169118848734,0.915201124933683,index,0.4,1
2014,40140.5817131765,15548.1923973703,103630.458068213,10.6001431143524,0.483908610324066,index,0.4,1
2015,14194.0533432852,6307.30515446448,31942.5087859303,9.5605783772352,0.413841578050806,index,0.4,1
2016,34921.6734419444,17121.4546222693,71227.7842561118,10.4608629309687,0.363667559327923,index,0.4,1
2017,25196.3166389164,11816.7430020789,53724.9876769637,10.134453097694,0.386323626564958,index,0.4,1
2018,27304.4714903174,12857.0105009824,57986.5874192599,10.2148057586149,0.384273006401999,index,0.4,1
2019,23291.645290931,8282.32876220379,65500.9908365675,10.0558500040471,0.527545685988878,index,0.4,1
2021,17626.7308018712,6358.22929123718,48866.0638882335,9.77717182438362,0.520247631172882,index,0.4,1
2022,21481.8647694748,9022.36457421366,51147.4026767778,9.97496435907602,0.442611516997051,index,0.4,1
2023,13899.7481403061,6439.5000995559,30002.7945301634,9.53962599955218,0.39256833994316,index,0.4,1
2024,25845.9246414379,10844.0866801794,61601.4829346454,10.1599082134049,0.44313722920024,index,0.4,1
2025,11569.3846109364,4004.115177387,33428.2742493738,9.35611763043578,0.541356745941544,index,0.4,1
2003,438.41273209293,93.8537465648307,2047.92808700949,6.08316077739487,0.786454805568713,index,0.4,1
2004,245.029750386129,60.3701280908912,994.524617935132,5.50137963332015,0.714750490213132,index,0.4,1
2005,1288.94761401893,408.744680169016,4064.60568734033,7.16158136132119,0.585975386859447,index,0.4,1
2006,281.22790969766,81.3159551267206,972.61523977262,5.63916540713673,0.633084673802058,index,0.4,1
2007,347.155356376519,104.631603841088,1151.82064535631,5.84977239265397,0.611912645408902,index,0.4,1
2008,337.051999063433,88.0633318501805,1290.02670789163,5.82023721834085,0.684798798947053,index,0.4,1
2009,346.385502062761,108.446161177442,1106.3823259078,5.84755232264486,0.592510113616256,index,0.4,1
2010,801.833633299662,239.06676591971,2689.36241730256,6.68690114657193,0.617439038617967,index,0.4,1
2011,604.734410379626,188.10339858172,1944.16320946119,6.40478937053798,0.595826033362822,index,0.4,1
2012,767.196230365187,241.751353528614,2434.69187367709,6.64274261006027,0.589211274275601,index,0.4,1
2013,23.507887494264,3.39124647446984,162.955060507468,3.15733600289005,0.987843895483623,index,0.4,1
2014,1319.59889594591,369.060365557744,4718.31008878466,7.18508310269593,0.650074639017794,index,0.4,1
2015,580.049045068828,186.489676328928,1804.15828537244,6.36311266042893,0.578957974040608,index,0.4,1
2016,2029.57744275148,737.72007695484,5583.66882616074,7.61558289408825,0.516345427233303,index,0.4,1
2017,1315.62522166431,482.361703713284,3588.32326562164,7.18206728535667,0.511934422267535,index,0.4,1
2018,1398.39074163506,486.405115429008,4020.3044833645,7.24307738419505,0.538803541804888,index,0.4,1
2019,1318.13693546592,352.05954083006,4935.20208696225,7.18397460607373,0.673570690639145,index,0.4,1
2021,638.132355435486,179.259973395845,2271.63317800135,6.45854571548989,0.647822413058088,index,0.4,1
2022,989.720072438187,317.331929734731,3086.81771357168,6.89742214803293,0.580354452426955,index,0.4,1
2023,630.117954765188,210.661576619854,1884.77008141808,6.44590703164628,0.559017459869889,index,0.4,1
2024,1074.71706747044,333.578956898325,3462.49891135763,6.97981271286964,0.596915623166976,index,0.4,1
2025,346.521606079856,91.6568409013841,1310.07377408258,5.84794517189477,0.678529589981416,index,0.4,1
2003,14024.043317066,3853.63993424004,51035.8503428082,9.54852851537739,0.659070833680783,index,0.4,1
2004,7831.71542563502,2590.54629496838,23676.7691151716,8.96593684872323,0.564455673828383,index,0.4,1
2005,29459.9651339971,12674.4793532155,68475.3607236842,10.2907875065128,0.43033533382215,index,0.4,1
2006,7659.7444771464,2912.19019851936,20146.9277264256,8.94373390410336,0.493413751029248,index,0.4,1
2007,9991.6155121904,4030.69251925342,24768.0466983215,9.20950157150044,0.463175903984743,index,0.4,1
2008,10840.7714442202,3787.07101194956,31032.5117049546,9.2910694389024,0.536602339618086,index,0.4,1
2009,8501.33479444385,3570.75987351011,20240.1437921886,9.04797846479021,0.442581991192384,index,0.4,1
2010,22268.2356868959,8979.64247195555,55222.0561292744,10.0109165333544,0.463376467031016,index,0.4,1
2011,15696.7216585359,6549.71964576068,37617.956821255,9.66120715797401,0.44594168021909,index,0.4,1
2012,19945.3214940084,8171.14506196242,48685.4469578847,9.90074988323734,0.455307116753202,index,0.4,1
2013,936.159137246588,155.800525699775,5625.10252333213,6.84178548045194,0.914919349013219,index,0.4,1
2014,41179.3998796645,15929.5285635353,106452.803526847,10.6256934073737,0.48458216918936,index,0.4,1
2015,14648.6927131604,6499.79620477356,33013.9886612142,9.59210637586701,0.414589390415379,index,0.4,1
2016,36497.3609388731,17880.3519270799,74498.3857663884,10.504995233912,0.364056435875313,index,0.4,1
2017,26228.7832916351,12316.7527496802,55854.7440986358,10.1746126856484,0.385668851457674,index,0.4,1
2018,28400.7675315842,13362.9984585942,60360.9735406601,10.2541714495441,0.384663492828808,index,0.4,1
2019,24314.3205622561,8626.75082709847,68529.4146374444,10.0988207792953,0.528681940955835,index,0.4,1
2021,18133.0441625979,6541.55901692964,50264.3620200886,9.80549119713321,0.520193435868738,index,0.4,1
2022,22257.5215634853,9345.09296098811,53011.4861582536,10.0104352782662,0.442777835511292,index,0.4,1
2023,14393.9339776089,6659.00449778091,31113.5599053594,9.57456214525779,0.393291342995976,index,0.4,1
2024,26689.4519113911,11187.114758277,63673.8657573375,10.1920237068333,0.443633549757038,index,0.4,1
2025,11843.7434518606,4097.92811663523,34230.5318592723,9.37955502838748,0.541498848549586,index,0.4,1
2003,92.5344208852362,16.0774942916498,532.584175944209,4.527580692978,0.892955321020347,index,0.4,1
2004,50.1212317252765,9.51703763538191,263.962166159706,3.91444470525016,0.847648778615211,index,0.4,1
2005,282.955373087331,67.5028655071513,1186.07917689818,5.64528919293759,0.731196672646349,index,0.4,1
2006,58.3731976388265,12.5976150018873,270.482166828484,4.06685683994626,0.78233546206204,index,0.4,1
2007,73.0948467439516,16.7914239309568,318.189609320247,4.291757868292,0.750467663755353,index,0.4,1
2008,70.8030476914738,14.3292469313338,349.848919934447,4.25990204626294,0.815116691072479,index,0.4,1
2009,75.6113913120482,18.1346477504657,315.257432888205,4.32560695056538,0.728473896980683,index,0.4,1
2010,173.77420949245,39.9769105662227,755.372925446631,5.157756809947,0.749735592048179,index,0.4,1
2011,126.410002467031,29.3212977598129,544.978904228988,4.83953061202357,0.745532308542237,index,0.4,1
2012,164.907191067592,39.2999671192717,691.969578072946,5.10538283727204,0.731727300281736,index,0.4,1
2013,4.88417428403283,0.591874834761705,40.3043972065681,1.58600024030318,1.07678526297919,index,0.4,1
2014,280.780729457881,59.9581785513153,1314.88013711801,5.63757404250995,0.787732203063505,index,0.4,1
2015,125.409675193615,29.9603647398674,524.946434021199,4.83158577987658,0.730477936516654,index,0.4,1
2016,453.889945822774,120.145903529146,1714.71583189704,6.11785475857328,0.678149140542891,index,0.4,1
2017,283.158568945697,74.294581798019,1079.20084112396,5.64600705502154,0.6826498036807,index,0.4,1
2018,302.094700368272,76.7468411362412,1189.12005548983,5.71074054559814,0.699108926806829,index,0.4,1
2019,295.461664140858,60.8421810232256,1434.82027614297,5.68853909625037,0.806267764846035,index,0.4,1
2021,131.818994708749,28.3231954395715,613.498833600821,4.88142972935326,0.784580046217332,index,0.4,1
2022,214.063278427608,50.9479168668505,899.410417327399,5.36627166490007,0.732394984408975,index,0.4,1
2023,135.932117462358,33.3315466038831,554.355931256057,4.91215562481987,0.717182224728426,index,0.4,1
2024,231.189797517313,53.4451774253407,1000.06633060131,5.44323900743921,0.747249751269358,index,0.4,1
2025,72.1627651557444,14.6870446097524,354.56177966977,4.278924194806,0.812238602970724,index,0.4,1
2003,16603.906452735,6170.54531739503,44678.3380253271,9.71739327513724,0.505035188338839,index,0.4,2
2004,20256.898700014,5486.25661400577,74794.5227161037,9.91625069106151,0.66646594264125,index,0.4,2
2005,21887.2964223704,7941.04799979739,60326.2623136055,9.99366167545984,0.517285597096094,index,0.4,2
2006,5405.19209610547,1427.23434049814,20470.4306551396,8.59511526988681,0.679411181739312,index,0.4,2
2007,6992.90744977289,2487.35170999639,19659.7668132586,8.85265169292058,0.527396343958429,index,0.4,2
2008,12736.9023003111,4791.17013541422,33859.9289155996,9.45225875201869,0.498850393178822,index,0.4,2
2009,3298.7628515858,1121.13592991849,9706.08118124769,8.1013027837056,0.550624970032297,index,0.4,2
2010,15134.0524265976,5960.05549814327,38429.0956556291,9.62470261140848,0.475451358787144,index,0.4,2
2011,11952.091825717,4808.32855377369,29709.3880779544,9.38866159021767,0.464578323228487,index,0.4,2
2012,12420.224141477,4755.67065195698,32437.4791725851,9.42708140214242,0.489798997971176,index,0.4,2
2013,18888.6767845292,6010.9861470336,59355.0046437026,9.8463179095788,0.584181046272444,index,0.4,2
2014,51132.4301054603,20233.2943681173,129218.96755526,10.8421742149216,0.473013514355318,index,0.4,2
2015,14402.7771544565,5236.67470469558,39612.9226004677,9.57517632491775,0.516200478869199,index,0.4,2
2016,56253.8768906202,28435.6438409858,111286.337771044,10.9376302401915,0.34808371150472,index,0.4,2
2017,27019.5042624491,12154.2400924822,60065.7552453706,10.2043142642863,0.407599784431173,index,0.4,2
2018,21726.2714353776,9681.59493545958,48755.4864286726,9.98627747248914,0.412403261542974,index,0.4,2
2019,15591.9996942268,4207.18186918248,57784.6316189818,9.65451322157649,0.668361724560823,index,0.4,2
2021,20669.6932275988,6900.53330157968,61913.507181429,9.93642381113359,0.559739792212766,index,0.4,2
2022,16319.6718817809,5508.0328963681,48353.3223820438,9.70012652303295,0.554175331434227,index,0.4,2
2023,22944.182387444,11245.944635619,46811.141481253,10.0408196926113,0.363811188585352,index,0.4,2
2024,19951.4299335316,6917.52952414941,57543.6006457184,9.90105609561566,0.540439581686886,index,0.4,2
2025,14776.738770154,4947.65312103108,44132.4408441689,9.60080951860932,0.558245407093922,index,0.4,2
2003,13449.5495539575,5024.12568548474,36004.350712597,9.50670089405709,0.502404216084502,index,0.4,2
2004,16816.3144997858,4596.69356555895,61519.9663241679,9.73010479535537,0.661753109576598,index,0.4,2
2005,18000.1691491503,6569.71782594815,49318.1134992294,9.79813643400916,0.514249384309836,index,0.4,2
2006,4544.57901766973,1205.88945272701,17126.9417782357,8.42169037694639,0.676909207889094,index,0.4,2
2007,5798.57224186107,2059.91994122012,16322.6926305524,8.66536700103452,0.5280426638729,index,0.4,2
2008,10383.0299170889,3897.4826978814,27660.7540343323,9.24792801365237,0.499928498556873,index,0.4,2
2009,2723.40272694352,928.547435809195,7987.66129450333,7.90963737999111,0.548997798093904,index,0.4,2
2010,12481.4954440929,4929.62578875082,31602.3437065777,9.43200246199574,0.473980190496528,index,0.4,2
2011,9677.18960439455,3888.54568162521,24083.039343455,9.17752680799214,0.465180130471476,index,0.4,2
2012,10048.1638125173,3853.57695422897,26200.4878071481,9.21514519157243,0.488982514044397,index,0.4,2
2013,15261.6228568066,4828.71700996384,48235.8215945947,9.63309664628796,0.587133525621497,index,0.4,2
2014,41612.0545833196,16503.5434007952,104920.685491198,10.6361451779106,0.471852950773174,index,0.4,2
2015,11821.4216723461,4301.53275289186,32487.491874022,9.37766856057564,0.515796145348568,index,0.4,2
2016,41086.4517911535,20439.4801674479,82589.9928450854,10.6234337060232,0.356236185795893,index,0.4,2
2017,21145.7302925765,9454.77942853767,47292.685459881,9.95919328667488,0.410679808790295,index,0.4,2
2018,16762.811522129,7424.55474299209,37846.2897578665,9.7269181118843,0.415502592756268,index,0.4,2
2019,12698.4080470876,3431.84333232724,46986.2844295372,9.44923191396661,0.667552625359362,index,0.4,2
2021,17094.0846644569,5725.02007157309,51040.4726730204,9.74648775658938,0.558115572964549,index,0.4,2
2022,13281.2384214577,4493.13908437778,39257.9198406968,9.49410767331032,0.552969757340035,index,0.4,2
2023,17330.8704950275,8449.55728813147,35547.3147140277,9.76024461197483,0.366524737495011,index,0.4,2
2024,16405.5355237199,5728.54809979831,46982.5147893077,9.70537408879534,0.536824505561312,index,0.4,2
2025,12146.578799609,4065.97662264321,36286.3317298657,9.40480282883843,0.558374333800007,index,0.4,2
2003,2112.09989992586,687.537702783431,6488.32197740871,7.65543794480875,0.57262341819144,index,0.4,2
2004,2338.79194157135,550.824257039786,9930.47723670602,7.75738981075571,0.737755395826433,index,0.4,2
2005,2625.86940678078,833.923274832056,8268.37474089669,7.87316732277341,0.585228060463586,index,0.4,2
2006,589.81903940101,138.311339562704,2515.24206431545,6.37981577697411,0.739966938476817,index,0.4,2
2007,811.506050986074,261.304391219913,2520.21050129535,6.69889184347161,0.578176882199816,index,0.4,2
2008,1583.66402779834,534.533946869656,4691.92231406407,7.36749644621455,0.554143451044985,index,0.4,2
2009,388.517234350202,115.848274296482,1302.95977478979,5.96233753008555,0.617386944290526,index,0.4,2
2010,1794.22868411246,617.688436605797,5211.780535478,7.49233050612952,0.544064244085791,index,0.4,2
2011,1524.3150184005,548.480061323734,4236.31858141492,7.32930041987327,0.521514425856703,index,0.4,2
2012,1580.80434829553,536.879688376258,4654.56682696986,7.36568907768284,0.550987192002447,index,0.4,2
2013,2415.80178419512,707.042013054694,8254.24536698484,7.7897865127234,0.62689745009535,index,0.4,2
2014,6377.52238714632,2204.61732033784,18448.9123909812,8.76053496034243,0.541961866018494,index,0.4,2
2015,1735.42837081672,553.227050710513,5443.89799155271,7.45900956151245,0.583296975518968,index,0.4,2
2016,9516.33490168436,4553.90675024784,19886.3602018393,9.16076506433913,0.376039713070439,index,0.4,2
2017,3854.91208351971,1583.44608625315,9384.8141093517,8.25710347990591,0.453959699631522,index,0.4,2
2018,3229.2721638685,1331.3549292234,7832.77132148288,8.08001205456105,0.452079535708136,index,0.4,2
2019,1949.03060571092,484.690849870863,7837.40873798209,7.5750874026736,0.71000087190364,index,0.4,2
2021,2425.7489642434,715.578113592728,8223.08274352416,7.79389560692125,0.622871057875709,index,0.4,2
2022,2038.07908915727,615.332024924064,6750.44724703338,7.61976302027074,0.611032156543232,index,0.4,2
2023,3588.82561537897,1582.78732895806,8137.33409533855,8.18558030132935,0.417679918492045,index,0.4,2
2024,2388.19072789442,714.954334393331,7977.36957233852,7.77829134062563,0.61535450521845,index,0.4,2
2025,1774.08263311459,529.522557070933,5943.78680773968,7.48103874189439,0.616880201165286,index,0.4,2
2003,1042.25699885159,295.961681725969,3670.40640301853,6.94914383187541,0.642314782052033,index,0.4,2
2004,1101.79225865695,232.343845302472,5224.78303505751,7.00469345892658,0.794134537639795,index,0.4,2
2005,1261.25786643935,346.089991906331,4596.40972827,7.13986480866669,0.659790682590382,index,0.4,2
2006,270.794039034725,56.9734018916685,1287.08150017392,5.60135852836868,0.795307472594562,index,0.4,2
2007,382.829156925737,106.681174144545,1373.79593510937,5.9475888241958,0.65192224387382,index,0.4,2
2008,770.20835542378,230.797526598741,2570.30878756324,6.64666106970392,0.614868569665805,index,0.4,2
2009,186.842890292073,50.4263071474099,692.302641766795,5.2302681048574,0.668254676656432,index,0.4,2
2010,858.328298392247,258.849443804289,2846.16206623165,6.75498665846174,0.611613311923008,index,0.4,2
2011,750.587202921958,233.360998006472,2414.20440434774,6.62085583742416,0.596066685106039,index,0.4,2
2012,791.25598066414,235.132151260787,2662.69850201121,6.6736215319311,0.619130677719199,index,0.4,2
2013,1211.25214352751,324.494160248351,4521.28862373709,7.09940993288556,0.672023773623295,index,0.4,2
2014,3142.85313499431,967.572539096329,10208.5636260086,8.05288630805524,0.601080386907291,index,0.4,2
2015,845.927111293618,249.082547702406,2872.91375579042,6.74043319903117,0.623811891582197,index,0.4,2
2016,5651.09019778234,2162.7315825769,14765.965726279,8.6396037608867,0.490048003525351,index,0.4,2
2017,2018.86188635299,692.658401094595,5884.29059653045,7.61028920901556,0.545801998151987,index,0.4,2
2018,1734.18774938005,582.19116816128,5165.66948206734,7.45829442678482,0.556895725618215,index,0.4,2
2019,944.561041428258,198.843332637402,4486.92721626721,6.85072031315209,0.795016175786731,index,0.4,2
2021,1149.85959889856,303.090476758344,4362.31818076334,7.04739512598966,0.68030013429221,index,0.4,2
2022,1000.35437116588,264.8345718741,3778.61870838527,6.90810958737338,0.678075833984003,index,0.4,2
2023,2024.48627703753,752.308503248153,5447.95741137774,7.61307125700396,0.505072940782789,index,0.4,2
2024,1157.70368191718,310.701380485522,4313.71696202378,7.05419373757907,0.671115126818224,index,0.4,2
2025,856.077337430404,234.634092734342,3123.45234710499,6.75236071952608,0.660386354673505,index,0.4,2
2003,16078.2837624173,5981.72878265734,43216.805398183,9.68522480584383,0.504478610009239,index,0.4,2
2004,19700.0947215783,5343.4149133433,72630.2820074907,9.88837872291646,0.66570534395745,index,0.4,2
2005,21250.703578899,7724.17806812336,58464.7840346784,9.9641452833997,0.51635366477433,index,0.4,2
2006,5268.22960313264,1392.134728441,19936.46346457,8.56944964641086,0.679020651922488,index,0.4,2
2007,6800.1823163418,2420.77906553338,19102.3130503233,8.82470470203152,0.526979074579517,index,0.4,2
2008,12347.0226765762,4640.17649690812,32854.1315351838,9.42117023417222,0.499326803588311,index,0.4,2
2009,3204.67822175646,1089.4823338256,9426.4607934837,8.07236696548653,0.550473903949823,index,0.4,2
2010,14700.2758161645,5794.13478474208,37296.0100342107,9.59562153559519,0.475018980994867,index,0.4,2
2011,11573.0284167817,4658.53829446573,28750.4316310436,9.35643253328286,0.464281758879959,index,0.4,2
2012,12020.4316457376,4603.21308968943,31389.1132421152,9.39436311807151,0.489730060982229,index,0.4,2
2013,18278.071588785,5805.05746640222,57551.1789398023,9.8134573464885,0.585200831232778,index,0.4,2
2014,49550.3598003683,19612.6086189878,125186.720647091,10.8107448010914,0.472874437042207,index,0.4,2
2015,13977.4377618659,5083.33957556221,38433.1527498294,9.5451997201537,0.516068665947918,index,0.4,2
2016,53408.9844527045,27024.0145212593,105554.991395716,10.8857342589741,0.347584490303679,index,0.4,2
2017,26001.2349854074,11703.632481784,57765.3324144128,10.1658993153143,0.407275225709116,index,0.4,2
2018,20852.2453622563,9304.61912617784,46731.2128257263,9.94521691266398,0.411717094272333,index,0.4,2
2019,15116.2001324651,4086.10556043597,55921.0972563223,9.62352230415847,0.667448333117142,index,0.4,2
2021,20088.5920853673,6711.73741871654,60126.2395705359,9.90790737498327,0.559344078471583,index,0.4,2
2022,15816.7015719738,5346.47406988196,46791.2207834575,9.66882172223626,0.553392389110519,index,0.4,2
2023,21924.3739199355,10753.4378413693,44699.9535285302,9.99535426129951,0.363462535684597,index,0.4,2
2024,19369.0612429483,6727.8596527868,55762.2413062206,9.87143229074278,0.539509887843243,index,0.4,2
2025,14346.764535592,4809.19295923649,42799.2085957801,9.57127972786306,0.557660840405475,index,0.4,2
2003,525.622690317636,141.394257283393,1953.96346276646,6.26458363655373,0.669926339231049,index,0.4,2
2004,556.803978435774,112.214656437484,2762.83580277793,6.32221325417388,0.817259732559411,index,0.4,2
2005,636.592843471384,163.454481182862,2479.28625404656,6.45613027298679,0.693684034342613,index,0.4,2
2006,136.962492972825,27.6488872756563,678.462185270193,4.91970711442421,0.816403588577278,index,0.4,2
2007,192.725133431086,50.1726690915286,740.302992218152,5.26126499468436,0.686642493061822,index,0.4,2
2008,389.879623734822,112.505768458083,1351.09624232503,5.96583803438909,0.634110396251916,index,0.4,2
2009,94.0846298293322,24.0197014321724,368.527377208198,4.54419469456077,0.696604794130658,index,0.4,2
2010,433.776610433181,122.38497923038,1537.46112425039,6.07252967908111,0.645602697406928,index,0.4,2
2011,379.063408935369,110.074921373251,1305.375159038,5.93770349698643,0.630900500927647,index,0.4,2
2012,399.792495739448,113.371315762071,1409.82786144086,5.99094565185374,0.643010407294223,index,0.4,2
2013,610.605195744185,158.922897901949,2346.0351528439,6.41445058950824,0.686763345843176,index,0.4,2
2014,1582.07030509198,458.852833435295,5454.79131405815,7.36648958797982,0.631521835818167,index,0.4,2
2015,425.33939259055,114.925165556992,1574.18610634572,6.0528874210377,0.667668512841589,index,0.4,2
2016,2844.89243791567,1012.02648356367,7997.23437553761,7.9532805384347,0.527341587678685,index,0.4,2
2017,1018.26927704178,325.445990919185,3186.00428181237,6.92585967789048,0.581981692277077,index,0.4,2
2018,874.026073121244,275.279620903248,2775.07493649243,6.77311020715708,0.589461251284875,index,0.4,2
2019,475.799561761646,95.1736479254515,2378.65446903853,6.16499667681262,0.821083241086692,index,0.4,2
2021,581.101142231509,143.955787123773,2345.71005618849,6.36492482471587,0.711961350899295,index,0.4,2
2022,502.970309807105,123.453888570429,2049.17913462996,6.2205311421292,0.716678183252845,index,0.4,2
2023,1019.80846750851,351.456298964437,2959.14261166021,6.92737011169358,0.543522607479225,index,0.4,2
2024,582.36869058323,144.300939982286,2350.31935213492,6.36710373613662,0.711851221399698,index,0.4,2
2025,429.974234562034,105.807403261982,1747.30535565119,6.06372528726918,0.715372735025676,index,0.4,2
2003,16541.2343991996,6146.72730832971,44513.5145459407,9.71361159694163,0.505078935417176,index,0.4,2
2004,20191.1627634164,5469.87846218254,74532.3788375549,9.91300030070437,0.666332970817875,index,0.4,2
2005,21811.7961027104,7915.34665201559,60105.3207322341,9.99020620806124,0.517176564394698,index,0.4,2
2006,5389.05031302273,1423.1425804503,20406.8542922109,8.59212445413462,0.67935006688033,index,0.4,2
2007,6970.08774889915,2479.41453554021,19594.1915040717,8.8493830931874,0.527359361922058,index,0.4,2
2008,12690.927827155,4773.68459476903,33739.0638021093,9.44864267286271,0.498870868621353,index,0.4,2
2009,3287.49605180248,1116.92755522334,9676.21421825855,8.09788147551267,0.550798149160537,index,0.4,2
2010,15082.4269824619,5939.26202278668,38300.988036652,9.62128556909397,0.475491085751934,index,0.4,2
2011,11907.2768567549,4791.05881233883,29593.300290588,9.38490499277697,0.464497453811898,index,0.4,2
2012,12372.8150846637,4737.66683595046,32312.6463764035,9.42325701303349,0.489782953055842,index,0.4,2
2013,18815.8122231816,5984.89033710851,59154.7663660413,9.84245287101323,0.584428890112386,index,0.4,2
2014,50943.7156458595,20157.0371924522,128752.164270352,10.8384766874882,0.473053560206577,index,0.4,2
2015,14352.1639348108,5218.02282565919,39475.605319082,9.57165600666999,0.516224876863059,index,0.4,2
2016,55908.3232012499,28261.7812529403,110599.561124628,10.9314685425363,0.34806907819512,index,0.4,2
2017,26897.8714503517,12100.261134731,59791.7251953368,10.1998024342194,0.407568775643698,index,0.4,2
2018,21621.6288013065,9637.0375863337,48510.2219259207,9.98144942606621,0.41229348926079,index,0.4,2
2019,15535.5775676418,4192.68725527085,57565.5076721491,9.65088799961315,0.668272913634441,index,0.4,2
2021,20601.0224378538,6878.54501076526,61699.4036995828,9.93309598645153,0.559670263094266,index,0.4,2
2022,16260.0001063398,5488.87779846449,48167.8793308408,9.69646338964176,0.554083795872158,index,0.4,2
2023,22822.2729646239,11187.3833535994,46557.4591313369,10.035492222514801,0.363756830280361,index,0.4,2
2024,19882.3555581541,6895.32185680414,57329.8927519652,9.89758796203207,0.540310690149291,index,0.4,2
2025,14725.7758361863,4931.45021807631,43972.556629031,9.5973546954976,0.558156332700726,index,0.4,2
2003,62.6720535353155,11.2963243142113,347.704809554034,4.13791563113736,0.874219247791434,index,0.4,2
2004,65.7359365976321,8.8337264599213,489.172194766647,4.18564575612848,1.02403351476327,index,0.4,2
2005,75.5003196600306,12.5606054763791,453.82352622145,4.32413689015371,0.915104327275881,index,0.4,2
2006,16.1417830827423,2.20471180830145,118.181959251647,2.78141113274612,1.0157402622066,index,0.4,2
2007,22.8197008737385,3.85432399868485,135.105078904779,3.12762423627346,0.907378204744482,index,0.4,2
2008,45.9744731560274,8.27051988648065,255.56460911597,3.82808631106698,0.87521452097734,index,0.4,2
2009,11.2667997833233,2.03407269604724,62.4071979355387,2.42186032883894,0.873393748516636,index,0.4,2
2010,51.6254441357653,9.58634932373341,278.018919633639,3.94401465435829,0.859033393742614,index,0.4,2
2011,44.8149689621407,8.07330105752037,248.768307879068,3.80254221223162,0.874495538761055,index,0.4,2
2012,47.4090568133232,8.50009839659088,264.422664663547,3.85881328246014,0.876922002913584,index,0.4,2
2013,72.8645613475469,12.9594542072845,409.681165228865,4.28860239389682,0.881024769391451,index,0.4,2
2014,188.714459600831,35.1279985883577,1013.81088287326,5.24023507689415,0.857789529339207,index,0.4,2
2015,50.6132196457001,8.90891584487922,287.54318118027,3.9242127999917,0.886322533515738,index,0.4,2
2016,345.553689370278,74.3716061146107,1605.55026945898,5.8451480272863,0.783725521821065,index,0.4,2
2017,121.632812097375,23.9771688215217,617.02618390191,4.80100676945989,0.828538026104829,index,0.4,2
2018,104.642634071091,20.2453360117286,540.869307330475,4.6505510600898,0.838090202896771,index,0.4,2
2019,56.4221265849702,7.79451549288235,408.422610908581,4.03286139690482,1.00993746215811,index,0.4,2
2021,68.6707897449817,11.0169524240395,428.038279797748,4.22932392314868,0.933633843094781,index,0.4,2
2022,59.6717754411167,9.60976846420507,370.531381433194,4.08885913542545,0.931690082242455,index,0.4,2
2023,121.909422820069,25.3906184394157,585.330656981997,4.80327833309016,0.800473168102776,index,0.4,2
2024,69.0743753774155,11.077453592603,430.718963875066,4.23518382809636,0.933829400840556,index,0.4,2
2025,50.9629339677107,8.13423350155065,319.295067949811,3.93109858354126,0.936250402603628,index,0.4,2
2003,17163.5041691929,6799.78047987631,43322.85082404,9.75054055785873,0.472404062977736,index,0.4,3
2004,15090.4225985584,4779.19776697472,47648.342945061,9.62181555657575,0.58663709405973,index,0.4,3
2005,28981.8877880103,11242.1047275281,74714.6410849624,10.2744263548162,0.483174692509319,index,0.4,3
2006,5730.28145181148,1546.16698923105,21237.1145844375,8.65351992749227,0.668372327643812,index,0.4,3
2007,10477.1114013236,3929.10170756467,27937.6487262738,9.2569482902375,0.500408268915176,index,0.4,3
2008,26713.380695938,8839.40509782354,80729.9473560523,10.1929198685154,0.564268027626053,index,0.4,3
2009,16127.0474346291,6214.64887043311,41849.7753261885,9.6882531062938,0.48653373663054,index,0.4,3
2010,12328.3074117869,4657.0981052504,32635.5941413755,9.41965331275224,0.496695608429477,index,0.4,3
2011,19660.3399832436,7397.68002478503,52250.0252730194,9.88635868669729,0.49870149376912,index,0.4,3
2012,14367.1802540306,4881.47203095279,42285.578436781,9.57270173532518,0.55077524117372,index,0.4,3
2013,8680.02333668697,2586.97351363148,29123.9182498114,9.06877949620919,0.617631528885336,index,0.4,3
2014,40267.7991517955,16808.9254769297,96466.3476410111,10.6033074000499,0.445743954602988,index,0.4,3
2015,22098.2799485951,9716.21529358868,50259.690829279,10.0032550540966,0.419244237157706,index,0.4,3
2016,32804.665798395,15117.9686983363,71183.2468777908,10.3983260342067,0.395255599060552,index,0.4,3
2017,47175.080756256,23069.1169427778,96470.4565796572,10.7616210820796,0.36499191545524,index,0.4,3
2018,36230.4803782031,13808.0475473384,95063.9620797355,10.4976560429291,0.492176995984498,index,0.4,3
2019,43798.8830101416,14550.2993813495,131842.108719426,10.6873635939878,0.562253569072945,index,0.4,3
2021,14575.2030307934,5486.79021299658,38717.8177298726,9.58707694119326,0.498467444316842,index,0.4,3
2022,29625.7804910961,8386.45088838893,104655.340070228,10.2964002237814,0.643903429170278,index,0.4,3
2023,13644.3911717633,5972.14672791144,31172.9465014667,9.52108381300174,0.421549626346676,index,0.4,3
2024,18657.9183626935,7450.15191425849,46726.2844617555,9.83402591205274,0.468394428138856,index,0.4,3
2025,19023.0608899608,6054.25876070525,59772.2793039331,9.85340725322308,0.584138296152539,index,0.4,3
2003,14659.1798609274,5806.12126997389,37011.2066563821,9.59282202987349,0.472536233218313,index,0.4,3
2004,13373.5332356959,4252.90713298553,42053.9140906914,9.50103290112973,0.584538721527675,index,0.4,3
2005,24705.6402826259,9501.62920503812,64238.3162511612,10.1147868480711,0.487543800527139,index,0.4,3
2006,5131.35013501824,1384.67119889602,19015.8892805345,8.54312408775201,0.668331718932726,index,0.4,3
2007,9243.76569125169,3460.14685118617,24694.6756394081,9.13170462395616,0.501355291228115,index,0.4,3
2008,23812.9162051679,7901.00013924243,71770.0250855478,10.0779834101486,0.562887271656335,index,0.4,3
2009,13834.5689763931,5303.65409649451,36087.4399574971,9.53492573715625,0.489179612774985,index,0.4,3
2010,10952.690840741,4145.38143906991,28938.5762000629,9.30134044393625,0.495718474606425,index,0.4,3
2011,17515.5684797241,6620.29186316556,46341.6334972891,9.77084539184048,0.496412517507625,index,0.4,3
2012,12474.7206026305,4213.55389575014,36932.873760237,9.43145952378619,0.553784562374717,index,0.4,3
2013,7461.48367016561,2217.7241592613,25103.996061752,8.91750955682334,0.619028089721185,index,0.4,3
2014,34402.9387160918,14274.1107759235,82916.702194823,10.4458972675061,0.44883198582511,index,0.4,3
2015,18653.856771088,8166.81268939432,42607.3654031694,9.8338082010697,0.421423158561089,index,0.4,3
2016,26522.2195813271,12048.1756102159,58384.6180764232,10.1857381354178,0.402593933269835,index,0.4,3
2017,37836.2928304784,18187.8777447756,78710.9455672983,10.5410240487702,0.373738222425438,index,0.4,3
2018,30558.0268800793,11554.5451047943,80816.0769926106,10.3273826757536,0.49620734325494,index,0.4,3
2019,36825.2494010978,12235.6452819675,110831.832911308,10.5139390139107,0.562168645677356,index,0.4,3
2021,12691.7311606667,4759.53152640844,33843.6753619297,9.44870597068444,0.500418096893932,index,0.4,3
2022,26092.6493233075,7364.9160483986,92441.8342632891,10.1694089185218,0.645382261302526,index,0.4,3
2023,11611.8117878513,5055.37172496951,26671.4655878835,9.35977811659526,0.424278945075945,index,0.4,3
2024,16194.8545830627,6446.30367721573,40685.8454238738,9.69244885243963,0.470001840587464,index,0.4,3
2025,17244.8045252727,5491.63980128228,54152.0008368771,9.7552661901529,0.583829101205806,index,0.4,3
2003,1558.21127796429,499.690184052302,4859.05559938112,7.35129382568618,0.580268596862743,index,0.4,3
2004,1051.31540024473,251.94885862629,4386.85881260982,6.95779742123767,0.728876299538821,index,0.4,3
2005,2630.51423215568,890.429286500839,7771.08887867546,7.87493463159366,0.552679002940646,index,0.4,3
2006,375.843314288501,82.6854504973327,1708.38032623311,5.92917233922129,0.77252882997903,index,0.4,3
2007,768.381514355562,233.647752367923,2526.92416520076,6.64428637328534,0.607394693590865,index,0.4,3
2008,1836.3486645062,480.126264722633,7023.51998922987,7.51553445756601,0.684443871077244,index,0.4,3
2009,1370.51478537848,434.725179136111,4320.68549761396,7.22294170399438,0.585841195917755,index,0.4,3
2010,879.476627206694,257.444137637135,3004.45426686341,6.77932698873261,0.626809596027999,index,0.4,3
2011,1366.76328161587,389.819930882157,4792.06351441813,7.22020065539087,0.640070811745992,index,0.4,3
2012,1205.13191643728,354.87228096613,4092.57925713956,7.0943443141547,0.623780013807768,index,0.4,3
2013,730.602455172296,179.964317861365,2966.03212151746,6.59386947484321,0.714865624449884,index,0.4,3
2014,3744.6562127019,1319.77596326713,10624.871600642,8.22808509272602,0.532085193694439,index,0.4,3
2015,2084.15142144026,758.635766787938,5725.65562770999,7.64211705927415,0.515619312745962,index,0.4,3
2016,3945.88260366791,1653.70903982003,9415.19284651401,8.28042793542229,0.443708147302712,index,0.4,3
2017,5657.61105310758,2490.65832157586,12851.4467644815,8.64075700667564,0.418607011382529,index,0.4,3
2018,3624.17347401978,1220.1610395303,10764.6719934975,8.19538153412423,0.555440515274868,index,0.4,3
2019,4395.29127166188,1253.02165380667,15417.5989728968,8.38828908133896,0.640305564245945,index,0.4,3
2021,1175.81710069897,363.850599143754,3799.76247819753,7.06971858974653,0.598467756310407,index,0.4,3
2022,2269.27051101359,549.724886383709,9367.57418066288,7.72721369804104,0.723378471603577,index,0.4,3
2023,1332.24785765647,495.206471770718,3584.12996478774,7.1946229131114,0.50493178988428,index,0.4,3
2024,1558.60493698665,514.097652471438,4725.26831803443,7.35154642898217,0.56589468223276,index,0.4,3
2025,1106.84877978037,267.112420786709,4586.51161819076,7.00927231974641,0.725320827087301,index,0.4,3
2003,946.113030301122,265.742405600444,3368.41184260009,6.85236204426234,0.647886703376942,index,0.4,3
2004,665.573962617759,153.342252833444,2888.88868872865,6.50064977007862,0.748981824095626,index,0.4,3
2005,1645.73327322871,485.052934711906,5583.79882439169,7.40594132268018,0.623319256679731,index,0.4,3
2006,223.08800250475,45.6081543513925,1091.21400699785,5.4075663236803,0.80995355637826,index,0.4,3
2007,464.964195716309,124.054193231867,1742.71983611255,6.14196040416327,0.674115393069805,index,0.4,3
2008,1064.11582626399,244.471439499337,4631.79868382363,6.96989952324752,0.750422479505119,index,0.4,3
2009,921.963672857479,271.987249220527,3125.20905485412,6.82650582240888,0.622843401565806,index,0.4,3
2010,496.139943839293,128.974999760701,1908.54696126824,6.20685803176684,0.687379695299697,index,0.4,3
2011,778.008221903653,195.965430316939,3088.79373454148,6.65673709212211,0.703481714591404,index,0.4,3
2012,687.327734962754,174.912754718189,2700.88602749508,6.53281123081659,0.698239323002829,index,0.4,3
2013,487.937211349056,117.473272659731,2026.6969398964,6.19018673230673,0.726531662089115,index,0.4,3
2014,2120.20422300171,638.088739600472,7044.89151469576,7.65926769463105,0.612659385655666,index,0.4,3
2015,1360.27175606688,430.984174997049,4293.28814768187,7.21543977940603,0.586423228174924,index,0.4,3
2016,2336.56361339995,789.720247903526,6913.2449547268,7.75643658770607,0.553458038052399,index,0.4,3
2017,3681.17687267008,1347.11841923049,10059.2961794864,8.2109877823931,0.512899575943672,index,0.4,3
2018,2048.28002410407,575.824179882698,7285.99319674005,7.6247557073322,0.647437068487512,index,0.4,3
2019,2578.34233738197,598.373703332778,11109.8619001965,7.85490196653023,0.745261901403577,index,0.4,3
2021,707.654769427771,198.074528298234,2528.21640922891,6.56195636096887,0.649661425206902,index,0.4,3
2022,1263.86065677498,273.264583254927,5845.41084950453,7.14192632873673,0.78138468132141,index,0.4,3
2023,700.331526255528,211.085802100818,2323.53025066623,6.55155383186256,0.611893455939211,index,0.4,3
2024,904.458842644051,259.072913597547,3157.58906123161,6.80733680091897,0.637882771835935,index,0.4,3
2025,671.407584907747,152.983289800081,2946.64956977161,6.50937638163396,0.754630031401402,index,0.4,3
2003,17121.4122715988,6783.22158237018,43215.860578098,9.74808513879335,0.47239526765445,index,0.4,3
2004,15064.2088060567,4771.25355935553,47562.0052737523,9.62007693150332,0.586598830648067,index,0.4,3
2005,28908.2611721431,11212.5623708489,74531.3636934143,10.2718826869595,0.483219398652708,index,0.4,3
2006,5721.38575656682,1543.80932066248,21203.560917354,8.65196632016644,0.668358247662276,index,0.4,3
2007,10458.5352982287,3922.24553820144,27887.3312542418,9.25517369896393,0.500393934046012,index,0.4,3
2008,26668.9178082325,8825.24133110847,80590.5640852238,10.1912540392336,0.564236292211425,index,0.4,3
2009,16089.3750407212,6200.18638159254,41751.6463649421,9.68591439776043,0.486529228676455,index,0.4,3
2010,12307.4873757553,4649.4491232211,32578.9661290959,9.41796308589592,0.496671913430774,index,0.4,3
2011,19628.1334964802,7386.11803437688,52160.5020069452,9.88471919851539,0.4986630520328,index,0.4,3
2012,14335.900203547,4870.22477337782,42198.88079283,9.57052217394236,0.550840123976296,index,0.4,3
2013,8660.27761694835,2581.13541457118,29057.1381800505,9.06650205842699,0.617622264337919,index,0.4,3
2014,40175.8110983779,16771.1290693314,96242.5243249825,10.6010203795339,0.445725639419786,index,0.4,3
2015,22040.3906914244,9691.02225850557,50126.6851806341,10.0006319895809,0.419230557555088,index,0.4,3
2016,32689.773169029,15064.7511185379,70935.2090475347,10.3948175608453,0.395264727330045,index,0.4,3
2017,47002.9011303621,22984.0699649592,96121.9104379158,10.7579646049651,0.365010768504586,index,0.4,3
2018,36138.4462861332,13773.578585074,94818.299536984,10.4951125716928,0.492154518461073,index,0.4,3
2019,43684.7287996579,14513.8302294256,131485.3143611,10.6847538646245,0.562202464212743,index,0.4,3
2021,14546.3677105435,5476.03148242291,38640.5400059387,9.58509659954687,0.498458477654204,index,0.4,3
2022,29573.4672037496,8371.8250766744,104468.255660052,10.2946328600732,0.643892275843716,index,0.4,3
2023,13612.7960261475,5958.68692495175,31098.8340188722,9.51876551364554,0.421517996749443,index,0.4,3
2024,18620.2076476989,7435.55485403994,46628.9523309814,9.83200270263241,0.468362799752867,index,0.4,3
2025,18995.9404531342,6045.88036360713,59684.5673412781,9.85198057495859,0.584116951402449,index,0.4,3
2003,42.0918975940339,5.50093913967846,322.077339537735,3.73985526596754,1.03825195344823,index,0.4,3
2004,26.2137925016449,2.88223736952451,238.413020587773,3.26628570361117,1.12640786466601,index,0.4,3
2005,73.6266158672702,10.0817111956755,537.694292055483,4.29900658899435,1.01444903833262,index,0.4,3
2006,8.89569524466517,0.920378331775245,85.9792013283542,2.18556747935231,1.15743858587544,index,0.4,3
2007,18.5761030948678,2.32614850987915,148.344615455822,2.92187597483612,1.06005114961842,index,0.4,3
2008,44.4628877055332,5.07749500817895,389.355061881959,3.79465485706862,1.10707994781428,index,0.4,3
2009,37.6723939079161,4.90484562302437,289.348406011218,3.62892756913834,1.04017418997843,index,0.4,3
2010,20.8200360316888,2.57535692490699,168.316048221734,3.03591579381399,1.06630921495227,index,0.4,3
2011,32.2064867634067,3.90582259554033,265.567051310991,3.47216788454129,1.07639706046016,index,0.4,3
2012,31.2800504836455,3.97737374947958,246.001914803063,3.44298052960309,1.052243207691,index,0.4,3
2013,19.7457197386196,2.21464294223943,176.052509666346,2.98293674576429,1.11626824391195,index,0.4,3
2014,91.9880534175777,12.2784171908028,689.160649948717,4.5216587144605,1.0274758664908,index,0.4,3
2015,57.8892571707163,8.01231518894938,418.251905566481,4.05853182627109,1.00897367769547,index,0.4,3
2016,114.892629365989,16.8074745679487,785.3836832693,4.74399803454638,0.980719210906632,index,0.4,3
2017,172.179625893893,25.9616224658248,1141.90950939164,5.14853826846576,0.965282471934437,index,0.4,3
2018,92.0340920698883,11.8634218625119,713.982373828796,4.52215907438347,1.04527390161094,index,0.4,3
2019,114.154210483731,13.1092133388129,994.0477307347,4.73755025782977,1.10422180386626,index,0.4,3
2021,28.8353202499245,3.67188130630014,226.444055391736,3.36160103329752,1.05149732408867,index,0.4,3
2022,52.3132873465143,5.6528378493293,484.124983935932,3.95725039896586,1.1352722413466,index,0.4,3
2023,31.5951456157808,4.26832173957708,233.874878087636,3.45300348903837,1.02133650927981,index,0.4,3
2024,37.7107149945472,4.83717297315898,293.993626709456,3.62994427143386,1.04778140517352,index,0.4,3
2025,27.1204368266288,2.99752449799246,245.375173467228,3.30028757011906,1.12374554165169,index,0.4,3
2003,16551.1715174037,6558.39540859018,41769.558181824,9.71421216485003,0.472310166147377,index,0.4,3
2004,14652.7106884893,4639.15812627406,46280.3648154595,9.59238062726029,0.586792637965136,index,0.4,3
2005,27932.0443199934,10823.6673639823,72082.6937540901,10.237529850675,0.483702466021839,index,0.4,3
2006,5583.26203327884,1505.93273361374,20700.0048783378,8.62752847834455,0.668563681227479,index,0.4,3
2007,10188.4904040795,3822.8873327282,27153.6479313239,9.22901397040215,0.500138122831664,index,0.4,3
2008,26029.2584092541,8622.93014546105,78572.1653668227,10.1669765077347,0.56368192807884,index,0.4,3
2009,15565.2580755776,5990.55082644829,40443.2356853862,9.65279666324436,0.487181410589011,index,0.4,3
2010,12006.86648294,4539.71636443526,31756.3546191022,9.39323397203385,0.49624083167647,index,0.4,3
2011,19157.0308466643,7218.06288379653,50843.5347222989,9.86042507326709,0.498010771484116,index,0.4,3
2012,13921.5742492283,4726.36748456122,41006.1702163156,9.5411950201109,0.551174825585878,index,0.4,3
2013,8357.62823489608,2483.65717436526,28123.829018626,9.03092996186737,0.619114714071677,index,0.4,3
2014,38908.4620599801,16233.1102480008,93258.0631034249,10.5689670396251,0.446007563728293,index,0.4,3
2015,21252.2160951545,9337.00336479046,48372.7670762471,9.96421645574587,0.419638228752112,index,0.4,3
2016,31301.8866033718,14415.850138904,67967.4174945912,10.3514336495799,0.395594037120942,index,0.4,3
2017,44849.0412162134,21888.779989369,91893.4951601017,10.7110574896935,0.365990416193947,index,0.4,3
2018,34906.0828990665,13306.1156496735,91569.5200188949,10.4604163881051,0.492068917544,index,0.4,3
2019,42159.3969363406,14028.13581589,126703.560142511,10.6492128789464,0.561435105257822,index,0.4,3
2021,14111.5822780267,5307.38147500172,37520.7162566832,9.5547511773285,0.498936369912848,index,0.4,3
2022,28806.2632335735,8150.89260851081,101804.899332802,10.2683481158681,0.644126832468271,index,0.4,3
2023,13197.8225417985,5782.07489552014,30124.5699843422,9.48780713601258,0.421073686460359,index,0.4,3
2024,18098.1453060277,7234.09054442796,45277.6836986624,9.80356474272335,0.467868196055434,index,0.4,3
2025,18598.8980317673,5922.06478699823,58411.8918718241,9.83085761234229,0.583897037248581,index,0.4,3
2003,612.332651789182,166.095812840116,2257.43966711611,6.41727568351839,0.665681046272814,index,0.4,3
2004,437.711910069134,98.8272281199936,1938.65314105283,6.08156095440269,0.759293441663179,index,0.4,3
2005,1049.84346801699,291.843538116504,3776.58287194268,6.95639635395927,0.653164310040558,index,0.4,3
2006,147.019418532651,28.9441300706241,746.773503744581,4.99056467691602,0.829197509352607,index,0.4,3
2007,288.620997244081,71.9425453955582,1157.89731364316,5.66511439921671,0.708812299783116,index,0.4,3
2008,684.12228668397,150.285807141539,3114.22157580669,6.52813668334472,0.773278403682648,index,0.4,3
2009,561.789359051473,158.857812890971,1986.72811994508,6.33112697367815,0.644459510509527,index,0.4,3
2010,321.440928846965,79.0050618956733,1307.81836326437,5.77281379070582,0.715983495988589,index,0.4,3
2011,503.309136579367,120.358625346499,2104.71070299272,6.22120456696419,0.729977054545526,index,0.4,3
2012,445.606004802294,110.023165405772,1804.75366967987,6.09943516429044,0.713658126937611,index,0.4,3
2013,322.395101790884,76.7740427733097,1353.82478119139,5.77577781756074,0.732111013558286,index,0.4,3
2014,1359.33709181543,399.010292873706,4630.95153730807,7.21475242740761,0.625401907301971,index,0.4,3
2015,846.063853440584,259.256712584195,2761.06272028063,6.74059483363811,0.603468279964506,index,0.4,3
2016,1502.77919502325,488.60051847806,4622.0689982672,7.31507146946188,0.573238211697096,index,0.4,3
2017,2326.03954004266,814.738245869689,6640.73396489012,7.75192233209262,0.535242203134838,index,0.4,3
2018,1324.39747913658,355.726963315277,4930.82859504452,7.18871290227093,0.670700805233887,index,0.4,3
2019,1639.48607380105,372.825480100902,7209.5785552536,7.40213810207422,0.755640249193559,index,0.4,3
2021,463.620752766757,124.206829395709,1730.53449187747,6.13906687484411,0.672011695195794,index,0.4,3
2022,819.517257522676,172.367690200761,3896.37138256739,6.70871545656213,0.795466416741697,index,0.4,3
2023,446.568629964819,128.042871512771,1557.47476538563,6.10159309503307,0.637372912640969,index,0.4,3
2024,559.773056665734,146.891958385648,2133.17242422656,6.32753144563676,0.682580964041717,index,0.4,3
2025,424.162858193508,90.8167293720599,1981.06815247453,6.05011748099761,0.786378719370831,index,0.4,3
2003,17068.8337678065,6760.78748693554,43093.365492704,9.74500949288081,0.472516253249207,index,0.4,3
2004,15034.4929580846,4762.13205106773,47465.2899337422,9.61810237074918,0.586567724195715,index,0.4,3
2005,28830.5145475993,11181.5989439144,74336.2888660674,10.269189638118,0.483256269435009,index,0.4,3
2006,5711.30083498962,1541.12373309576,21165.6965156388,8.65020209368963,0.668346448148237,index,0.4,3
2007,10437.5574500809,3914.44025621462,27830.9536978576,9.25316587334333,0.500385852507041,index,0.4,3
2008,26618.7975596263,8809.17650833889,80434.3496636303,10.1893729203664,0.564206121595505,index,0.4,3
2009,16046.4373118673,6183.49444740042,41641.2034641573,9.68324212957973,0.486541233354418,index,0.4,3
2010,12284.0386204158,4640.76532010772,32515.6723986993,9.41605602551668,0.496652725201723,index,0.4,3
2011,19591.7315611173,7372.92009115529,52060.2340480183,9.88286289708435,0.498628436491137,index,0.4,3
2012,14302.9204033237,4858.4500203232,42106.7482855784,9.56821901940576,0.550900061304799,index,0.4,3
2013,8637.42211165988,2574.21109829965,28981.7182375875,9.06385945057187,0.617644540183341,index,0.4,3
2014,40072.1448242196,16727.7864944182,95994.5771276465,10.598436729131,0.445727706407191,index,0.4,3
2015,21972.1293274763,9659.81994464919,49977.5844632346,9.99753008045813,0.419293313131159,index,0.4,3
2016,32562.2891624998,15004.3604122135,70666.3027528429,10.3909101236187,0.395320525143209,index,0.4,3
2017,46813.6662147284,22887.9180038208,95750.052237087,10.7539304524134,0.365091402612834,index,0.4,3
2018,36034.1782344136,13734.7765276243,94538.2692188647,10.4922231624479,0.492119672578071,index,0.4,3
2019,43556.323644786,14471.7854038341,131093.246376271,10.6818101759826,0.562180726828848,index,0.4,3
2021,14513.8404737042,5463.85303112752,38553.6660843648,9.58285798857637,0.498452263951889,index,0.4,3
2022,29514.3108517355,8355.13312123938,104258.607542528,10.2926305383165,0.643888956249102,index,0.4,3
2023,13577.3874647056,5943.60561668488,31015.7608454455,9.51616100150828,0.421482115817181,index,0.4,3
2024,18577.5801465292,7419.32617789455,46517.2275521462,9.82971076419426,0.468308219437185,index,0.4,3
2025,18965.5213335524,6036.54907823559,59585.5338524911,9.85037794299128,0.584087344989459,index,0.4,3
2003,94.6704013863247,17.6414371946521,508.035983676246,4.55040139997891,0.857235588180262,index,0.4,3
2004,55.9296404737535,8.24135346182225,379.56443659579,4.02409448066611,0.977023001576724,index,0.4,3
2005,151.373240411036,28.3147322165812,809.255681362894,5.0197485777663,0.855304663130104,index,0.4,3
2006,18.9806168218603,2.5989136547687,138.620925045834,2.94341829117112,1.01447004854657,index,0.4,3
2007,39.5539512426801,6.75774343292394,231.514421113703,3.67766559422172,0.901535224896838,index,0.4,3
2008,94.5831363117231,14.5240696044094,615.940980608223,4.54947919707747,0.955972643346643,index,0.4,3
2009,80.6101227617503,14.3949587467229,451.407468822635,4.38962423420404,0.878968281835173,index,0.4,3
2010,44.2687913711058,7.47202623419716,262.275027955528,3.79027994506361,0.907727768048783,index,0.4,3
2011,68.6084221263138,11.3088869487977,416.231553819087,4.22841529871664,0.919826303272504,index,0.4,3
2012,64.2598507069482,11.2099299393259,368.363445198088,4.16293503041935,0.890901596644234,index,0.4,3
2013,42.6012250270897,6.45610141938644,281.108405199311,3.75188300936632,0.962700021063036,index,0.4,3
2014,195.654327575891,36.0642212237356,1061.45688441983,5.27634946737879,0.862795545571491,index,0.4,3
2015,126.15062111881,24.6216966840476,646.339665900129,4.83747659872782,0.833611524683988,index,0.4,3
2016,242.376635895244,49.3937398450322,1189.349780199,5.4904928629789,0.811580816355265,index,0.4,3
2017,361.414541527635,76.6935224392121,1703.14867114314,5.89002561400509,0.790937167535032,index,0.4,3
2018,196.302143789489,34.0760951002085,1130.83766033138,5.27965502220846,0.893413818323834,index,0.4,3
2019,242.559365355635,37.7422661540674,1558.86362206122,5.49124648600778,0.949234739039871,index,0.4,3
2021,61.3625570891909,10.6321516667988,354.148767862518,4.11679982974334,0.89436196641208,index,0.4,3
2022,111.469639360583,16.0437912616891,774.47283478745,4.71375226109158,0.98901323642905,index,0.4,3
2023,67.0037070576975,12.4228724416897,361.389588482574,4.20474794707973,0.859816116576018,index,0.4,3
2024,80.3382161642784,13.9054990664049,464.149394828372,4.38624542510333,0.894894529057206,index,0.4,3
2025,57.5395564084731,8.46764148002337,390.994417925536,4.05247264882141,0.977681554238585,index,0.4,3
2003,18171.3424789441,8257.25329160582,39988.8044881402,9.80760104302766,0.402432784131547,index,0.6,1
2004,19527.2607142409,6861.60368003227,55572.1269812748,9.87956675362578,0.533617094944929,index,0.6,1
2005,17093.4711580582,7728.12757455176,37808.2211263594,9.74645186596286,0.405022739384104,index,0.6,1
2006,16818.0771022135,6526.8256977615,43336.1836999883,9.73020960488783,0.482934185973158,index,0.6,1
2007,22818.1621880471,10233.4380433993,50879.1398777134,10.0353120850304,0.409138236338432,index,0.6,1
2008,14622.5378827664,6269.21424813159,34106.1264889235,9.59031930803131,0.432106410227461,index,0.6,1
2009,12667.7266189778,4937.67721695944,32499.349520456,9.44681282698501,0.480703999567838,index,0.6,1
2010,18551.6953265911,8511.48809180538,40435.3969339411,9.82831645612863,0.397529950597043,index,0.6,1
2011,24719.7540655641,11335.5936187104,53906.8584862955,10.1153579627181,0.397790488436317,index,0.6,1
2012,16433.8591097575,7334.50259808683,36822.0914271415,9.70709906535943,0.411616843761944,index,0.6,1
2013,19031.2151635066,8160.8652289632,44380.9743744165,9.85383581340165,0.432013212886726,index,0.6,1
2014,44218.7904154878,22909.631503372,85348.4450642971,10.6969051002492,0.335512496479516,index,0.6,1
2015,29001.7854401247,14548.1546236417,57815.1374159978,10.2751126739743,0.351992814587571,index,0.6,1
2016,65475.9368046395,36163.4837908688,118547.713080885,11.0894379770955,0.302879454999474,index,0.6,1
2017,66032.2710926898,35349.0785594666,123348.641700048,11.0978988574584,0.318817721964585,index,0.6,1
2018,29632.8752013165,14820.7502241273,59248.5049284007,10.2966396726913,0.353504532826583,index,0.6,1
2019,60501.3296441811,24316.2565182748,150533.487174019,11.0104206213672,0.465069884131884,index,0.6,1
2021,13853.8767936275,5543.05542209383,34625.290132948,9.53632038534447,0.46736534172384,index,0.6,1
2022,10642.2701082054,3916.96027654788,28914.7464001903,9.27258909617281,0.509967484983078,index,0.6,1
2023,19514.4057383931,10034.0129181808,37952.1169075463,9.87890822762111,0.339379876560871,index,0.6,1
2024,14205.7494739135,6297.10646295908,32046.9916306232,9.56140205417161,0.415087494111985,index,0.6,1
2025,16373.3920377462,7031.72036140826,38125.5159538284,9.70341285951372,0.431245775017616,index,0.6,1
2003,15536.813055827,7024.01062881719,34366.7703094531,9.65096752282724,0.405047174622158,index,0.6,1
2004,16998.4370854923,5982.08776132328,48302.0100804277,9.74087668266445,0.532842328185609,index,0.6,1
2005,14763.5009461083,6630.8413724337,32870.7848587459,9.59991326149976,0.408388260625692,index,0.6,1
2006,14452.3010155604,5557.8511530349,37580.8921277628,9.57860892069443,0.487581455046518,index,0.6,1
2007,19783.6457561494,8795.71943564477,44498.0813983997,9.89261090346823,0.41357415519253,index,0.6,1
2008,12679.433614142,5403.27637448199,29753.805956455,9.44773655933917,0.435199718714051,index,0.6,1
2009,10964.3249031471,4237.60628335613,28368.945235413,9.30240209061614,0.485033533841746,index,0.6,1
2010,16134.2438702319,7372.30676283823,35309.6844228303,9.68869924068155,0.399605970848184,index,0.6,1
2011,21244.4863806366,9686.33453398663,46594.3231666705,9.96385267624521,0.400712116235341,index,0.6,1
2012,14140.7543990613,6259.52237907584,31945.0786921051,9.55681629015336,0.415802092625432,index,0.6,1
2013,15756.7931787915,6696.64687412639,37074.7533722391,9.66502686420424,0.43657161937568,index,0.6,1
2014,35918.0938656813,18388.5508929679,70158.2998275983,10.4889964549079,0.34159451109186,index,0.6,1
2015,24221.6321373006,12019.6654799549,48810.6315748246,10.0950014028342,0.357507602663059,index,0.6,1
2016,52361.6275278053,28435.9688067316,96418.028026236,10.8659293029595,0.311495097711196,index,0.6,1
2017,54104.4709965501,28573.9105121975,102446.383058663,10.8986721046093,0.325731875185515,index,0.6,1
2018,24894.4942979556,12326.6004540832,50276.2986972335,10.1224019454719,0.358622457478287,index,0.6,1
2019,50196.343636909,20110.5555623434,125291.064520997,10.823697467109,0.466690901345997,index,0.6,1
2021,12073.1496698439,4796.3608210268,30389.9035934599,9.39873923032702,0.470991554206608,index,0.6,1
2022,9213.29810674678,3361.90104080895,25249.0662197953,9.1284031657706,0.514367251034673,index,0.6,1
2023,16110.768540319,8208.09648250665,31622.0531170542,9.68724318082575,0.344071046260159,index,0.6,1
2024,12218.8398952873,5372.66183647682,27788.841533449,9.41073429329977,0.419219714543325,index,0.6,1
2025,14195.4008793955,6046.8250231658,33324.8283776603,9.56067330939562,0.435408350567528,index,0.6,1
2003,1653.44729538914,658.551636148886,4151.36461374089,7.41061765733818,0.469689612506051,index,0.6,1
2004,1548.29362174211,465.783838139066,5146.62155025561,7.34490871429103,0.612861799458548,index,0.6,1
2005,1412.77686652109,562.291306505653,3549.65202464338,7.25331245550916,0.470055780716239,index,0.6,1
2006,1447.05863231071,517.136268388547,4049.1816438828,7.27728824572123,0.52500037696585,index,0.6,1
2007,1856.71872498748,755.140399183825,4565.24962436812,7.52656608245305,0.459019858734566,index,0.6,1
2008,1153.89631686526,428.952058014368,3104.02219828167,7.05089959629437,0.504883989857423,index,0.6,1
2009,1036.96690402,366.455308236016,2934.32878680059,6.94405529259969,0.53071318094137,index,0.6,1
2010,1512.11526113591,600.660284693379,3806.6318370413,7.32126478474404,0.47104705361908,index,0.6,1
2011,2190.05780168661,892.292345934971,5375.31583295454,7.69168321592645,0.458115252139845,index,0.6,1
2012,1397.29122114676,562.403223276788,3471.57106482819,7.24229079934052,0.464330842173774,index,0.6,1
2013,1905.84569040791,736.774639367447,4929.93053990682,7.55268112102481,0.484906388148405,index,0.6,1
2014,4899.25659827383,2288.533815919,10488.2501839244,8.49683875795089,0.388360259430602,index,0.6,1
2015,2875.6264557593,1305.18262149775,6335.68619200087,7.96402582715061,0.403031679954486,index,0.6,1
2016,8171.09752532126,4266.25290256792,15649.9945720807,9.00835851485641,0.33157105916537,index,0.6,1
2017,7353.98500068566,3653.38840085474,14802.9964122229,8.90299762224609,0.356938843171297,index,0.6,1
2018,2996.34434521798,1369.77120131949,6554.43728592869,8.00514827301857,0.399369213237525,index,0.6,1
2019,6218.63528891284,2261.09382753863,17102.9721922724,8.73530575473281,0.516183865136341,index,0.6,1
2021,1123.04899861127,401.649313118151,3140.1499071175,7.02380258567553,0.524613330305003,index,0.6,1
2022,906.873162964072,316.990789069735,2594.45688033394,6.81000259795929,0.536300610295744,index,0.6,1
2023,2122.11674392315,979.624484860285,4597.04666883789,7.66016933364701,0.394395009411109,index,0.6,1
2024,1243.14851989952,502.71198091514,3074.16234583286,7.12540256940876,0.461939695323193,index,0.6,1
2025,1349.057170164,519.508753468554,3503.22345142364,7.20716123497173,0.486885260293827,index,0.6,1
2003,981.082127727888,352.089817780261,2733.74034902591,6.88865617443823,0.522851376516993,index,0.6,1
2004,980.530007006469,272.799814432279,3524.33925455905,6.8880932489483,0.652744138823056,index,0.6,1
2005,917.19334542891,336.79461923255,2497.79415958606,6.8213182956466,0.511154795424233,index,0.6,1
2006,918.717454342468,299.434645027215,2818.78458264839,6.82297862605467,0.571991350225205,index,0.6,1
2007,1177.79770691029,427.536027913395,3244.65623440779,7.07140162358235,0.517031471460197,index,0.6,1
2008,789.207951759078,282.894966088004,2201.69768212136,6.67102984981878,0.5234556214934,index,0.6,1
2009,666.434811810627,220.957527529662,2010.04855258187,6.50194232809963,0.563261282800659,index,0.6,1
2010,905.336195223294,325.577463343915,2517.47654141403,6.8083063611505,0.521798335713733,index,0.6,1
2011,1285.20988324092,461.650527079051,3577.95420365091,7.15867731725332,0.522391817085817,index,0.6,1
2012,895.813489549459,328.051998087295,2446.20307980943,6.79773223232186,0.51254008424251,index,0.6,1
2013,1368.57629430712,497.001859200209,3768.59973190745,7.22152627724251,0.516811797715298,index,0.6,1
2014,3401.43995153291,1437.14722009691,8050.52786666076,8.13195413610376,0.439568692309115,index,0.6,1
2015,1904.52684706469,765.015325495144,4741.3723494264495,7.55198888246655,0.465362130482074,index,0.6,1
2016,4943.21175151299,2155.26613210769,11337.5058681965,8.50577055105277,0.423528731910367,index,0.6,1
2017,4573.81509545382,1940.01973695897,10783.2843804947,8.42810294863527,0.437584327928718,index,0.6,1
2018,1742.03655814297,683.12984639556,4442.33462484291,7.46281014349705,0.477623669376742,index,0.6,1
2019,4086.35071835946,1306.3181282364,12782.6919281756,8.31540760584955,0.581867700072273,index,0.6,1
2021,657.67812517228106,216.166180194261,2000.9629440711701,6.48871564017122,0.567698276250255,index,0.6,1
2022,522.098838494531,157.767537090918,1727.77747680913,6.25785691573395,0.610589918887698,index,0.6,1
2023,1281.52045415097,520.592265771229,3154.66591109327,7.15580250677778,0.459618328606158,index,0.6,1
2024,743.761058726686,261.637242249501,2114.30340620515,6.61171982562552,0.533051046385056,index,0.6,1
2025,828.933988186738,292.755264184639,2347.11938890294,6.72014052372202,0.531031971899609,index,0.6,1
2003,18171.1023220171,8257.14460583501,39988.2738354711,9.80758782669462,0.402432756689282,index,0.6,1
2004,19527.0348867245,6861.52682841285,55571.4640491401,9.87955518882796,0.533616908975471,index,0.6,1
2005,17093.2544761484,7728.02906244711,37807.7445394398,9.74643918958595,0.40502277556816,index,0.6,1
2006,16817.8692963445,6526.74434206022,43335.6529451016,9.73019724870992,0.482934241442964,index,0.6,1
2007,22817.8926041824,10233.3165914163,50878.5415016603,10.0353002705181,0.409138263741318,index,0.6,1
2008,14622.3622588096,6269.1399471164405,34105.7114423175,9.59030729746154,0.432106329219525,index,0.6,1
2009,12667.574576796,4937.6172907438,32498.9638138834,9.4468008245872,0.480704068036087,index,0.6,1
2010,18551.4786357937,8511.3890295248,40434.9229462401,9.8283047756833,0.397529929310041,index,0.6,1
2011,24719.4373665787,11335.4493405593,53906.1633431516,10.1153451510609,0.397790445736823,index,0.6,1
2012,16433.6199012405,7334.39009562491,36821.5842813632,9.70708450941999,0.411617243247504,index,0.6,1
2013,19030.8767418932,8160.71803893423,44380.1964284543,9.85381803079452,0.432013342295662,index,0.6,1
2014,44217.9125210324,22909.1774435937,85346.7477185407,10.6968852466267,0.335512479222034,index,0.6,1
2015,29001.3266925088,14547.9247761536,57814.2218128792,10.2750968559397,0.351992804981413,index,0.6,1
2016,65474.4879963993,36162.6778194805,118545.108849249,11.0894158495118,0.302879536403647,index,0.6,1
2017,66030.9691772694,35348.3688317958,123346.25428508,11.0978791409132,0.318817906325921,index,0.6,1
2018,29632.4274080859,14820.5267362398,59247.6077080555,10.2966245612109,0.353504516512126,index,0.6,1
2019,60500.293009254,24315.848726605,150530.8531633,11.0104034871354,0.465069698536516,index,0.6,1
2021,13853.7286826471,5542.99618846094,34624.9197883155,9.53630969434625,0.467365339252764,index,0.6,1
2022,10642.1443474477,3916.91369082444,28914.4069161441,9.27257727900416,0.50996752388061,index,0.6,1
2023,19514.0774479008,10033.845791891301,37951.4721015951,9.87889140449782,0.339379791351415,index,0.6,1
2024,14205.5746883569,6297.02930234488,32046.5957100345,9.56138975023565,0.41508746833779,index,0.6,1
2025,16373.2004965337,7031.63795253169,38125.0707601023,9.70340116112328,0.431245785868733,index,0.6,1
2003,0.240156927005399,0.00955555520711404,6.03579261890904,-1.42646270679261,1.64501486515512,index,0.6,1
2004,0.225827516396624,0.00814868425900835,6.25844192030012,-1.48798377288145,1.6948857523384,index,0.6,1
2005,0.216681909842837,0.00866702848320349,5.41720269457168,-1.52932485411444,1.64232835588517,index,0.6,1
2006,0.207805868979,0.00800331766987068,5.39567226535129,-1.57115095731354,1.66163673562966,index,0.6,1
2007,0.269583864727055,0.0107543069044707,6.75780045769044,-1.31087575067026,1.64369000507607,index,0.6,1
2008,0.175623956781151,0.00684412645119215,4.50660495761224,-1.73941017894792,1.65561933462,index,0.6,1
2009,0.152042181781218,0.00587857308956433,3.93238710969334,-1.88359728491658,1.65964474812059,index,0.6,1
2010,0.216690797468805,0.00862234052443578,5.44572573706593,-1.52928383802912,1.64498679363909,index,0.6,1
2011,0.316698985449429,0.0126105421938823,7.95352379323981,-1.14980352894937,1.64463154898274,index,0.6,1
2012,0.239208517002578,0.00984495358203056,5.81218734347455,-1.43041965134148,1.62777308950752,index,0.6,1
2013,0.338421613336001,0.0136152323406726,8.41184237677752,-1.0834627840934,1.6393685441171,index,0.6,1
2014,0.877894455469841,0.0367076899116834,20.9955646023748,-0.130228902743866,1.61969308303065,index,0.6,1
2015,0.45874761588258,0.0189229099828011,11.1214065526511,-0.779255076613064,1.62662521920392,index,0.6,1
2016,1.44880824023201,0.0622349956006502,33.7277330335705,0.370741315196518,1.60593722499124,index,0.6,1
2017,1.30191542039138,0.0553746287162586,30.6093928058285,0.26383658037936,1.61098385522523,index,0.6,1
2018,0.447793230596667,0.0183480479063401,10.9286164060489,-0.803423691955714,1.63003423762418,index,0.6,1
2019,1.03663492714828,0.0395666068438465,27.1595685832953,0.0359798201555646,1.66622939191797,index,0.6,1
2021,0.148110980380818,0.005695936655481,3.85131784923518,-1.90979341879018,1.66238197881292,index,0.6,1
2022,0.12576075765037,0.00477776034576032,3.31028913554226,-2.07337392574584,1.6686069179046,index,0.6,1
2023,0.328290492320363,0.0136345396022842,7.90453146873333,-1.113856415234,1.62313830202496,index,0.6,1
2024,0.174785556560064,0.00691509243643521,4.41787164276289,-1.74419544754953,1.64791471902388,index,0.6,1
2025,0.191541212516498,0.0075338668054048,4.86974843595196,-1.65265228455212,1.65089490928055,index,0.6,1
2003,17579.3432013142,7985.40227663815,38699.7795081271,9.77447980997891,0.402614220354408,index,0.6,1
2004,18946.8214918288,6659.51422250795,53905.1397217427,9.84939146514019,0.533473906702789,index,0.6,1
2005,16531.1638347381,7461.86016702617,36623.4922142563,9.71300259576175,0.405845509291546,index,0.6,1
2006,16288.9086568303,6313.19999315686,42027.5843499592,9.69823970468213,0.483601614477493,index,0.6,1
2007,22160.8029666926,9935.42226539051,49429.3221778098,10.0060803751638,0.409302785460144,index,0.6,1
2008,14137.4623105198,6042.13193009379,33079.0262268014,9.55658345449826,0.433717794813999,index,0.6,1
2009,12276.4218905775,4775.82867818508,31556.9390342378,9.41543578225381,0.481699157062882,index,0.6,1
2010,18013.856296815,8262.20304286257,39275.1203279401,9.79889653500616,0.397685874837371,index,0.6,1
2011,23964.909294977,10987.4012705415,52270.4926647478,10.084345926691,0.397885561421256,index,0.6,1
2012,15900.2614949767,7089.7887091851,35659.4993135837,9.67409083429804,0.412089213286618,index,0.6,1
2013,18231.1700459593,7802.20178697714,42600.2262335052,9.81088804805739,0.433031831975629,index,0.6,1
2014,42306.8236525145,21877.8925116735,81811.6885166123,10.6527036676867,0.336471354218298,index,0.6,1
2015,27930.6467132303,13998.2828549987,55729.7658505812,10.2374798134592,0.352450285335635,index,0.6,1
2016,62560.625203583,34532.2910696252,113338.319139381,11.0438913688327,0.303189872475991,index,0.6,1
2017,63290.8995839348,33852.4212116567,118329.437799988,11.0554968313504,0.319256390848403,index,0.6,1
2018,28617.1781460799,14312.0038950538,57220.7002631894,10.2617624509776,0.35353126848331,index,0.6,1
2019,58147.8299861037,23392.015068394,144543.77368546,10.9707438397286,0.464597227394632,index,0.6,1
2021,13477.5038214491,5389.52133507094,33703.0133038308,9.50877719086866,0.467643969097469,index,0.6,1
2022,10337.0359114402,3803.78019139474,28091.6104658573,9.24348844463039,0.510079682109193,index,0.6,1
2023,18784.117176151,9662.54088694794,36516.5914655002,9.84076696069136,0.339166965076881,index,0.6,1
2024,13782.2084704506,6110.26112183954,31086.9317260496,9.53113379808708,0.415012222904136,index,0.6,1
2025,15898.7802027731,6821.38267888129,37055.7149239933,9.67399766845872,0.431732524681889,index,0.6,1
2003,591.99927762988,196.18994777027,1786.34608295363,6.3835054146634604,0.563491019305685,index,0.6,1
2004,580.43922241211,153.938366520526,2188.60118195065,6.36378509696951,0.677172030982437,index,0.6,1
2005,562.307323320164,192.255879536322,1644.62864086167,6.3320485390799,0.547571974211526,index,0.6,1
2006,529.168445383176,160.25811143932,1747.3015317248,6.27130680344712,0.609460735474496,index,0.6,1
2007,657.35922135455,215.343620414705,2006.65868377103,6.48823062911838,0.569395994581583,index,0.6,1
2008,485.075572246613,166.25754227082,1415.26397886417,6.18430469786413,0.546319555237122,index,0.6,1
2009,391.304728400212,122.068216445299,1254.37558544963,5.96948661296705,0.594351009762544,index,0.6,1
2010,537.839029776143,179.658179508052,1610.11773993612,6.2875593142326,0.55945072466443,index,0.6,1
2011,754.844770587078,252.664234892933,2255.12972947719,6.62651212623864,0.558403451480684,index,0.6,1
2012,533.597614780766,180.340116855202,1578.83015418214,6.27964202454038,0.553478240954406,index,0.6,1
2013,800.045117547222,272.560021556446,2348.37151265265,6.68466812301171,0.549402580386132,index,0.6,1
2014,1911.96676297336,761.388627185261,4801.24968011288,7.55588771007812,0.469775878648232,index,0.6,1
2015,1071.13872689432,395.650888616478,2899.87513048391,6.97647759230623,0.508144727221195,index,0.6,1
2016,2915.31160105648,1186.31645168815,7164.22816117928,7.97773198880286,0.458744971467289,index,0.6,1
2017,2741.37150875485,1080.10804999404,6957.74626349124,7.91621362478889,0.475211417521387,index,0.6,1
2018,1015.6970552366,363.983615118952,2834.30480154761,6.923330409696,0.523592047903214,index,0.6,1
2019,2353.49965807735,704.569562845364,7861.48158061418,7.76365871555857,0.615353985010022,index,0.6,1
2021,376.372972178344,113.328187309257,1249.96805781247,5.93058059901812,0.612405476156429,index,0.6,1
2022,305.234196765129,86.0780955241071,1082.36496529783,5.72107934020142,0.645840626922208,index,0.6,1
2023,730.288562242117,268.34343989466,1987.45825256998,6.59343974677826,0.510811475328375,index,0.6,1
2024,423.541003462848,135.61476773995,1322.76878546371,6.04865032986068,0.581047438948085,index,0.6,1
2025,474.611834973066,154.373970568743,1459.16045993125,6.16249728042287,0.573030550715471,index,0.6,1
2003,18137.0201870049,8241.45449297258,39914.253187264,9.80571044264569,0.402445312976996,index,0.6,1
2004,19495.8604419432,6850.91748202785,55479.9521916329,9.87795743698763,0.533591221046666,index,0.6,1
2005,17063.4908877376,7714.39606095444,37742.7758408194,9.74469642424768,0.405034454675138,index,0.6,1
2006,16789.0910095214,6515.45531576909,43262.2991433594,9.72848460980445,0.482943688176067,index,0.6,1
2007,22780.7201167068,10216.5220353087,50796.2697327112,10.0336698482973,0.409144432469205,index,0.6,1
2008,14597.9871103491,6258.8166522182,34048.1658938505,9.58863892903743,0.432095958234169,index,0.6,1
2009,12644.9185619932,4928.44762709775,32443.0687992512,9.44501071875064,0.480739131776797,index,0.6,1
2010,18521.7167504442,8497.77174331204,40369.8759799798,9.82669920101227,0.397527682596221,index,0.6,1
2011,24675.916456,11315.6557045197,53810.4789367428,10.1135830046859,0.397783073782579,index,0.6,1
2012,16402.9584295165,7320.40311589719,36754.4028628905,9.70521698958729,0.41163833623189,index,0.6,1
2013,18984.645378617,8140.52083306585,44274.4103900419,9.85138579346153,0.432036689849914,index,0.6,1
2014,44094.9025807076,22842.7659214291,85119.3082435813,10.6940994670151,0.335572345143916,index,0.6,1
2015,28935.2174195882,14513.958355389,57685.6283184784,10.2728147280488,0.35202106922823,index,0.6,1
2016,65280.6022631359,36054.5680223923,118197.423116844,11.08645021544,0.302894018419343,index,0.6,1
2017,65855.5916857485,35252.2821451614,123026.331697374,11.0952196190674,0.318849772825093,index,0.6,1
2018,29571.383145405,14789.9685415259,59125.6633627783,10.2945623870453,0.35350545408876,index,0.6,1
2019,60359.592687684,24260.6490343923,150172.42219111,11.0080751648087,0.465041315343288,index,0.6,1
2021,13833.2809983204,5534.80251892827,34573.8917556802,9.53483263428958,0.46736648000297,index,0.6,1
2022,10624.6682066103,3910.46009663783,28867.0825710794,9.27093376569188,0.50997031361034,index,0.6,1
2023,19469.4575104594,10011.1229686137,37863.8617206072,9.87660223513572,0.339368574978219,index,0.6,1
2024,14181.4543838507,6286.44402443411,31991.6390982806,9.55969036068349,0.415078805119709,index,0.6,1
2025,16346.6421466308,7020.148521381,38063.6832192607,9.70177778193867,0.43125186733933,index,0.6,1
2003,34.3222919391827,6.15667039050048,191.340391679264,3.5357950538347,0.876678835427322,index,0.6,1
2004,31.400272297633,4.65996359833492,211.584721545423,3.44681656477575,0.973389788400894,index,0.6,1
2005,29.98027032067,5.35112776471183,167.967697282005,3.40053950933394,0.879216244324312,index,0.6,1
2006,28.9860926920361,4.77976641886878,175.781303085132,3.36681615261609,0.919621221547674,index,0.6,1
2007,37.4420713403763,6.62964628576252,211.460558501966,3.62279497434125,0.88330374220456,index,0.6,1
2008,24.5507724172287,4.18442871757763,144.043659711686,3.20074331676915,0.902757980887487,index,0.6,1
2009,22.8080569845913,3.86988500470112,134.4245275455,3.12711385005478,0.905062068484064,index,0.6,1
2010,29.9785761469712,5.3105942572487,169.230595346848,3.40048299811669,0.883066867515894,index,0.6,1
2011,43.837609564116804,7.71679178317783,249.033026456049,3.7804921147872,0.886288433335374,index,0.6,1
2012,30.90068024105,5.54834456685222,172.096744867693,3.43077819793485,0.876178646372196,index,0.6,1
2013,46.569784889574,8.24544214681213,263.023477218827,3.8409519379064,0.883328148341116,index,0.6,1
2014,123.88783478025,24.4552185043538,627.604108456689,4.81937659802158,0.827838155145865,index,0.6,1
2015,66.5680205364509,12.6533705038943,350.207192366455,4.19822429010143,0.847107743059655,index,0.6,1
2016,195.33454150362,39.0084148276407,978.137237132566,5.27471368606189,0.821921377689429,index,0.6,1
2017,176.679406941244,34.8767366716127,895.026766151462,5.17433683003967,0.827829902437334,index,0.6,1
2018,61.4920559114744,11.450685832864,330.222398501886,4.11890799429788,0.85759655855063,index,0.6,1
2019,141.736956497192,23.2062145935074,865.689005681582,4.95397292071748,0.923258193405497,index,0.6,1
2021,20.5957953070546,3.41516087540726,124.206969980442,3.02508694365396,0.916783347780573,index,0.6,1
2022,17.6019015950795,2.79573511519598,110.821278481936,2.86800694138262,0.938747789789125,index,0.6,1
2023,44.9482279337143,8.50752265390905,237.477262955371,3.80551133708633,0.849281190884409,index,0.6,1
2024,24.2950900627665,4.20035378946927,140.524210755237,3.19027427490045,0.895478453387345,index,0.6,1
2025,26.7498911153576,4.64497489680822,154.049632254242,3.28653040287981,0.893253370360504,index,0.6,1
2003,16826.07153145,6882.69518169445,41134.5665771257,9.73068483934682,0.456089627491053,index,0.6,2
2004,11964.6524620527,4769.56668921902,30013.8184169397,9.38971195370689,0.469243936133448,index,0.6,2
2005,21708.7017807588,10885.7910508972,43292.0061392395,9.98546846286965,0.352177297032007,index,0.6,2
2006,12008.7937866337,5524.22633954886,26105.2171554703,9.39339447594473,0.396178702532084,index,0.6,2
2007,21284.6551431219,10342.8339850385,43801.9739287096,9.96574167625747,0.36821721809672,index,0.6,2
2008,10795.6584759251,4470.10801880964,26072.3547257477,9.28689933932158,0.44987126992084,index,0.6,2
2009,16716.6188024315,7621.35882165717,36666.0789401127,9.72415864145356,0.400746489126294,index,0.6,2
2010,20808.8125177388,9967.06956429469,43443.7299353837,9.94313185470036,0.375563003249931,index,0.6,2
2011,24593.3410203477,11719.274933687,51610.054885267,10.1102309950475,0.378191030755368,index,0.6,2
2012,19060.4314355649,8888.70753561943,40872.089114647,9.85536981260599,0.389207600116261,index,0.6,2
2013,5524.80234150341,2009.37033261597,15190.5502023331,8.6170027504525,0.516043189472402,index,0.6,2
2014,36868.8280963067,19293.2077900877,70455.3903106454,10.5151217059741,0.330421031256357,index,0.6,2
2015,25166.3419999284,13803.0863680956,45884.2865115494,10.1332627458207,0.306441982891971,index,0.6,2
2016,43214.8357841678,23863.2827719445,78259.2256773735,10.6739391362065,0.30298662116278,index,0.6,2
2017,54096.2363700471,30341.518526604,96448.7913430597,10.8985198943933,0.295029703090386,index,0.6,2
2018,32927.9548493078,17037.1188600436,63640.4675852145,10.4020772674383,0.336193709441464,index,0.6,2
2019,60702.1372137949,27680.4037620834,133117.61974259,11.0137341858807,0.40064725457662,index,0.6,2
2021,12170.5009464729,5291.24948573188,27993.5946485822,9.40677034753976,0.424987734196696,index,0.6,2
2022,14142.0911716497,6273.42314759696,31880.3208394866,9.55691081901441,0.414718527597694,index,0.6,2
2023,13554.7854728719,6831.66737904414,26894.1971295574,9.51449493538716,0.349583406759299,index,0.6,2
2024,17177.3764586969,8413.40686274108,35070.4853357897,9.75134847483727,0.364173379148814,index,0.6,2
2025,12521.6063479834,5559.93614642778,28200.0766563829,9.4352109389786,0.414226507557934,index,0.6,2
2003,14034.2781983315,5737.32587830928,34329.7502574849,9.54925805878317,0.456390811228042,index,0.6,2
2004,10047.9298214065,4022.0745377799,25101.6963379396,9.21512190434905,0.467135523353452,index,0.6,2
2005,17574.1102096009,8766.10998298723,35232.2010856121,9.7741820872095,0.354870632957404,index,0.6,2
2006,9853.51337642419,4500.91532605091,21571.5513014456,9.19558335852995,0.399776375406448,index,0.6,2
2007,17714.5359830451,8556.24009536404,36675.5469221377,9.78214082350719,0.371294930826311,index,0.6,2
2008,9311.93603569867,3855.45434357091,22490.7741100705,9.13905230092901,0.449910391505896,index,0.6,2
2009,13487.0264766768,6093.72856080784,29850.3422604807,9.50948350064066,0.405348307618795,index,0.6,2
2010,17383.995883908,8328.84433288367,36283.9429833715,9.7633052851615,0.375427967543053,index,0.6,2
2011,20614.6745277557,9824.859062534,43254.0358269213,9.93375845688906,0.37811274639756,index,0.6,2
2012,15729.5343684018,7305.48731261038,33867.4534441599,9.66329539411399,0.391290028155002,index,0.6,2
2013,4625.09535435437,1681.69305592139,12720.2208283783,8.4392522668917,0.5161808780944,index,0.6,2
2014,29255.7816238459,15192.4456912234,56337.2597024726,10.2838324954811,0.334332115975795,index,0.6,2
2015,19592.9504835268,10669.4579025389,35979.6825814912,9.88292511131431,0.310099868601399,index,0.6,2
2016,33441.145957302,18262.2448975809,61236.186964381,10.4175423356695,0.308654267694257,index,0.6,2
2017,41687.6786062753,23136.4581242281,75113.5950995126,10.6379608870572,0.300411622652608,index,0.6,2
2018,26789.5235027944,13804.8242347489,51987.5195296054,10.1957661759973,0.338267840094536,index,0.6,2
2019,46503.8970191659,21275.4704207259,101648.160778736,10.7472913949276,0.398977397781901,index,0.6,2
2021,10048.1223112219,4338.67456863269,23270.8769427467,9.21514106132716,0.428485873431036,index,0.6,2
2022,11550.0684979141,5071.10730551445,26306.6967960707,9.35444664648769,0.419973110111847,index,0.6,2
2023,11011.5609695782,5538.9835926746,21891.1056438402,9.30670099710396,0.350585371282862,index,0.6,2
2024,13957.9534000854,6780.54404429904,28732.8659538404,9.54380476099045,0.368370106006166,index,0.6,2
2025,10617.8034527152,4702.82306837589,23972.356289267,9.27028744220898,0.415502115553274,index,0.6,2
2003,1936.52083568792,673.168117838201,5570.84158872003,7.56864825835363,0.53911865963686,index,0.6,2
2004,1298.8226822682,427.548791393641,3945.60900166643,7.16921350409544,0.5669211776751,index,0.6,2
2005,2754.85270316446,1203.78909750909,6304.43773899954,7.92111925488164,0.422400523207934,index,0.6,2
2006,1449.4629800177,582.916839842634,3604.18980348718,7.27894840820645,0.464755414382466,index,0.6,2
2007,2391.51546972514,1010.01867984929,5662.61432193319,7.77968253172796,0.439782788848375,index,0.6,2
2008,991.561965670551,335.131812785185,2933.75649298523,6.89928144290115,0.553457882910797,index,0.6,2
2009,2232.09130489784,896.982136668584,5554.43791991745,7.71069422987682,0.465140323870817,index,0.6,2
2010,2374.69962794446,948.744053319192,5943.85630479661,7.77262623602599,0.468114303366836,index,0.6,2
2011,2780.79370127712,1110.87803175001,6960.9924654651,7.93049166999267,0.468164556094196,index,0.6,2
2012,2243.67909458947,904.104171712659,5568.04850259862,7.71587225044009,0.463747124774203,index,0.6,2
2013,605.377210303525,186.141863595696,1968.82936312964,6.40585175184789,0.601716496143299,index,0.6,2
2014,5134.85661509872,2372.52239640049,11113.3840075128,8.54380719891511,0.39393490623582,index,0.6,2
2015,3879.694816329,1871.04505326457,8044.71909513218,8.2635117739385,0.372077943231948,index,0.6,2
2016,6858.37410308072,3425.24360165321,13732.5401659331,8.83322568141561,0.354240085100936,index,0.6,2
2017,8544.44233362027,4269.77594611457,17098.6711513512,9.05303633111695,0.353945125205802,index,0.6,2
2018,4237.98801002849,1891.03224151963,9497.74518847556,8.35184390966626,0.411724805932384,index,0.6,2
2019,9499.02823124149,3766.57646653931,23955.8490686442,9.15894478090824,0.471959188737947,index,0.6,2
2021,1455.10750242261,557.740036588731,3796.28089200246,7.28283506170278,0.489265159815614,index,0.6,2
2022,1822.52070071405,749.799674787407,4429.95884930602,7.5079758222348,0.453156159333183,index,0.6,2
2023,1778.80676255282,762.457765810987,4149.93936764235,7.48369806037927,0.432227810926272,index,0.6,2
2024,2217.2629837344102,959.323070065178,5124.71271925612,7.70402882402222,0.427457305461955,index,0.6,2
2025,1315.25610742147,492.745779939258,3510.73250860255,7.1817866841443,0.500924154829527,index,0.6,2
2003,855.272497430568,277.227352424272,2638.5962224306,6.75142012860448,0.574797394785716,index,0.6,2
2004,617.89995837802,191.097581232986,1997.934019364,6.42632656470655,0.598757109759199,index,0.6,2
2005,1379.73886799345,555.684332021013,3425.82871992846,7.22964953415403,0.464013194360065,index,0.6,2
2006,705.817430191801,267.810274969376,1860.19093113408,6.55935660658911,0.4944365374268,index,0.6,2
2007,1178.60369035165,452.99030510369,3066.52624407172,7.07208570353046,0.487873750413811,index,0.6,2
2008,492.160474555888,162.697198807091,1488.78981624188,6.19880483110768,0.564762435780581,index,0.6,2
2009,997.501020856866,376.108909072103,2645.53235142786,6.9052531721789,0.497649154084516,index,0.6,2
2010,1050.1170058863,386.336548545773,2854.3655271615,6.95665687112067,0.510186922816987,index,0.6,2
2011,1197.87279131487,430.743415659517,3331.21568898621,7.08830258882616,0.521841221247488,index,0.6,2
2012,1087.21797257363,409.677619128939,2885.30020849168,6.99137739376507,0.497971822882821,index,0.6,2
2013,294.329776845513,89.062888732529,972.683670727257,5.68470082866527,0.609887785145311,index,0.6,2
2014,2478.18985736197,1043.311113969,5886.47517207818,7.81528367643008,0.44140044670725,index,0.6,2
2015,1693.69670007266,709.956804759353,4040.53949846898,7.43466881554107,0.44361258297692,index,0.6,2
2016,2915.31572378504,1256.1814178151,6765.7948516154,7.97773340296581,0.429549538702487,index,0.6,2
2017,3864.11543015151,1747.71186962489,8543.39225878219,8.25948806811383,0.404816295633063,index,0.6,2
2018,1900.44333648478,757.760077432129,4766.2643925879,7.54984247292815,0.469128853989037,index,0.6,2
2019,4699.21196338749,1701.4519321383,12978.6758354624,8.45515010627604,0.518332413775744,index,0.6,2
2021,667.271132828328,234.654272189873,1897.47563745918,6.50319645931301,0.533215517649376,index,0.6,2
2022,769.50197302158,274.656491956528,2155.9049351647,6.64574351730629,0.525633291593581,index,0.6,2
2023,764.417740740961,296.646253411974,1969.80233405479,6.63911442081077,0.482954822287687,index,0.6,2
2024,1002.16007487705,391.03001182046,2568.40852445543,6.9099130242516,0.480176532865556,index,0.6,2
2025,588.546787846742,203.015856966443,1706.208207874,6.37765642710295,0.543057090014042,index,0.6,2
2003,16807.8245917104,6875.35582601792,41089.2140937124,9.72959980647028,0.456080385055089,index,0.6,2
2004,11951.6781812494,4764.54885148327,29980.3015565019,9.38862698107714,0.469227422734404,index,0.6,2
2005,21675.8838436224,10869.0243964544,43227.793338607204,9.98395557791645,0.352191856182117,index,0.6,2
2006,11993.9864027583,5517.49587771751,26072.6447319181,9.3921606700575,0.39617119762422,index,0.6,2
2007,21260.2610391734,10331.1499998311,43751.0537995464,9.96459493023888,0.368208831282648,index,0.6,2
2008,10785.9755849132,4466.23969499841,26048.1472699786,9.28600201230414,0.449855159191218,index,0.6,2
2009,16694.4630316888,7611.36744185239,36616.9545808442,9.72283238843965,0.400739130818988,index,0.6,2
2010,20785.1029973688,9955.97129516209,43393.1048818072,9.94199180704462,0.375549771596322,index,0.6,2
2011,24566.8092001763,11707.0077458608,51552.7218721844,10.1091515913993,0.378174651739949,index,0.6,2
2012,19033.2687106772,8875.19479186671,40817.7314761392,9.85394371173436,0.38925620841512,index,0.6,2
2013,5518.78061462164,2007.18490950026,15173.9579787428,8.61591221172019,0.516042000189101,index,0.6,2
2014,36811.0466876092,19263.675733,70342.3986688087,10.51355326084,0.330402370032342,index,0.6,2
2015,25125.256353646,13781.1687505657,45807.3272494043,10.1316288484395,0.306419147094243,index,0.6,2
2016,43139.4008564955,23822.3839704818,78120.1372861492,10.6721920314947,0.302970419637013,index,0.6,2
2017,53996.6433619881,30285.637240448,96271.2942512484,10.8966771636512,0.295030065636021,index,0.6,2
2018,32884.1575512718,17014.7401073407,63554.7655171253,10.400746287383,0.33618524630464,index,0.6,2
2019,60581.307368112,27627.4416364126,132842.3692186,11.011741665202,0.40060779251686,index,0.6,2
2021,12156.5571504872,5285.28822333431,27960.9882202094,9.40562398635978,0.424977989393658,index,0.6,2
2022,14123.9889865634,6265.44450844784,31839.2517280446,9.55562997728045,0.414714335472263,index,0.6,2
2023,13537.5903510178,6823.29967743708,26858.9042216606,9.51322556541571,0.349561070160579,index,0.6,2
2024,17155.548442923,8402.87290265548,35025.2640718237,9.75007692464005,0.364163827340991,index,0.6,2
2025,12509.414799886,5554.6187935816,28172.1328593112,9.43423682378056,0.414217686897851,index,0.6,2
2003,18.2469397396271,2.75175373565799,120.995860039042,2.90399738046783,0.965200873542655,index,0.6,2
2004,12.9742808032882,1.89883923933529,88.6499282695987,2.56296899809667,0.980490580663713,index,0.6,2
2005,32.8179371364144,5.60764116377902,192.062396011774,3.49097522982959,0.901468130316941,index,0.6,2
2006,14.8073838753519,2.3865043599047,91.8743836867691,2.69512596685236,0.931290726199373,index,0.6,2
2007,24.394103948463,4.01839506044093,148.0870592607,3.19434146164272,0.920148988272498,index,0.6,2
2008,9.68289101199212,1.43526642849712,65.3247205456431,2.27036051496263,0.974002600856272,index,0.6,2
2009,22.1557707426673,3.57317605265867,137.378670954762,3.09809799270205,0.930957485036935,index,0.6,2
2010,23.7095203699278,3.84522950248338,146.191886806489,3.16587667085237,0.928100411779089,index,0.6,2
2011,26.5318201713743,4.25056415010727,165.610365294306,3.27834477383898,0.934350362024652,index,0.6,2
2012,27.1627248876998,4.74656326845007,155.441649377991,3.30184562489295,0.890029003035995,index,0.6,2
2013,6.02172688177597,0.867119224705469,41.818003344373,1.79537407562287,0.988769634792867,index,0.6,2
2014,57.7814086974987,9.85144965541803,338.903542914742,4.05666707510605,0.902592329025481,index,0.6,2
2015,41.0856462823619,7.15473171220667,235.93202349704,3.71565882163212,0.891794400132221,index,0.6,2
2016,75.4349276723008,13.2632746223071,429.036454040896,4.32327039948334,0.886889506133846,index,0.6,2
2017,99.5930080590575,17.9529458268714,552.486892675039,4.60109196191614,0.874167975046411,index,0.6,2
2018,43.7972980360116,7.41947600065842,258.536224806846,3.77957212680404,0.905865467927186,index,0.6,2
2019,120.829845682915,19.1248395197804,763.397339499597,4.79438332189626,0.940525105502922,index,0.6,2
2021,13.9437959856377,2.18240130567824,89.0896857435039,2.63503467713233,0.946246413106617,index,0.6,2
2022,18.1021850862649,2.89531303737563,113.179162552459,2.8960326539834,0.935190357020756,index,0.6,2
2023,17.1951218541571,2.83345014363059,104.350597537056,2.84462573046319,0.919981511672651,index,0.6,2
2024,21.8280157738003,3.62044523315897,131.6032261053,3.08319427196438,0.9166480992894,index,0.6,2
2025,12.1915480973459,1.90770391979976,77.9124283738429,2.50074293275094,0.946365629521266,index,0.6,2
2003,16273.1870976323,6658.35931478939,39772.0528128219,9.69727406902169,0.455950054192767,index,0.6,2
2004,11564.2884414541,4612.58613770319,28993.0124153175,9.35567704587723,0.468954067580849,index,0.6,2
2005,20800.1120969911,10421.9678385958,41512.761308395,9.94271365495331,0.352579185563909,index,0.6,2
2006,11567.9841719406,5311.20698552596,25195.4514608352,9.35599657613521,0.39716147318361,index,0.6,2
2007,20580.6636165282,10005.3065425115,42333.9068220458,9.93210725456924,0.367984501132726,index,0.6,2
2008,10469.3201808053,4328.3813211591,25322.7839498359,9.25620437155646,0.450648816126196,index,0.6,2
2009,16082.9839696572,7320.62652985588,35333.3655682806,9.68551709576924,0.401571614159515,index,0.6,2
2010,20132.3239044757,9647.70953936767,42011.0560066973,9.91008195680297,0.375316153704095,index,0.6,2
2011,23818.9659682029,11358.6113223197,49948.2836145272,10.0782374317321,0.377816120869433,index,0.6,2
2012,18376.8429591403,8568.44218594693,39413.0402955605,9.81884661614769,0.389295620922742,index,0.6,2
2013,5334.99175142721,1938.81181408441,14680.1957678587,8.58204261761042,0.516444193943642,index,0.6,2
2014,35323.8807448866,18474.4269992757,67540.7443450287,10.4723145225465,0.330705970746373,index,0.6,2
2015,24109.1146347217,13239.999524402,43901.0143013133,10.0903452485898,0.305795136924791,index,0.6,2
2016,41273.2909703413,22793.6743437058,74734.9690899156,10.6279708620036,0.302930324895627,index,0.6,2
2017,51598.5674937154,28915.1031742852,92076.8690104914,10.8512491893346,0.295479843060521,index,0.6,2
2018,31725.5013454184,16420.7032646835,61295.0261261261,10.3648760953078,0.336015298572747,index,0.6,2
2019,57744.9721286956,26384.7752523248,126379.011162887,10.9637915618873,0.39962424833888,index,0.6,2
2021,11756.8055811018,5109.94680964182,27049.6900693798,9.3721875502933,0.425131932420337,index,0.6,2
2022,13645.8120524168,6052.41814016853,30765.9157476352,9.52118794419074,0.414790673116677,index,0.6,2
2023,13088.1357019882,6603.37257837045,25941.1829516867,9.47946142721697,0.349050104180648,index,0.6,2
2024,16559.8894790996,8114.83462686877,33793.6571932098,9.71473875394956,0.36392997959783,index,0.6,2
2025,12149.2228396958,5393.94551355714,27364.6842070611,9.40502048291187,0.414287245568674,index,0.6,2
2003,552.884433817673,162.137839492264,1885.31682742986,6.31514899924468,0.625879952081812,index,0.6,2
2004,400.364020598571,114.521554283378,1399.66096332591,5.99237418475861,0.638588842619919,index,0.6,2
2005,908.58968376772,330.561436896381,2497.37301846222,6.81189359927418,0.515877370437834,index,0.6,2
2006,440.809614693063,152.994016652536,1270.07003709923,6.08861306951794,0.539915153586203,index,0.6,2
2007,703.991526593725,234.871804051439,2110.10458031489,6.55676631999715,0.560074816697505,index,0.6,2
2008,326.338295119838,99.8627754193213,1066.43023303273,5.78793455840413,0.604162918275363,index,0.6,2
2009,633.63483277425,220.628185464517,1819.77248491409,6.45147281495855,0.538272109758545,index,0.6,2
2010,676.488613263051,226.683441810095,2018.83666588207,6.51691561563334,0.557847546948991,index,0.6,2
2011,774.375052144789,251.689130000616,2382.52927880825,6.65205631972131,0.573409314511879,index,0.6,2
2012,683.588476424533,230.903018899828,2023.76394785526,6.52735609390879,0.553764411848689,index,0.6,2
2013,189.810590076191,52.8404717811555,681.826995305527,5.246026680595,0.65243508685986,index,0.6,2
2014,1544.94735141998,595.592660985351,4007.54152126519,7.3427451120004,0.48632941260038,index,0.6,2
2015,1057.22736520669,399.748252148808,2796.08402471712,6.96340506700229,0.496218346525753,index,0.6,2
2016,1941.54481382648,765.411955106174,4924.92472706883,7.57123923096893,0.474919460775194,index,0.6,2
2017,2497.66887633159,1034.72917958276,6028.96867981536,7.82311312638749,0.449609341864123,index,0.6,2
2018,1202.45350388942,431.296858687531,3352.43440774392,7.09211933502814,0.523133446760684,index,0.6,2
2019,2957.16508509921,988.899307152427,8842.98864129139,7.99198634687011,0.558884674340573,index,0.6,2
2021,413.695365371021,131.54907591988,1300.9886548629,6.0251298705306,0.584577010935308,index,0.6,2
2022,496.279119232904,161.985746195949,1520.46071935647,6.20713850883485,0.571250376409853,index,0.6,2
2023,466.649770883718,161.373987355968,1349.42447809432,6.14557902103064,0.541772428145549,index,0.6,2
2024,617.486979597274,211.043372012949,1806.69104334046,6.4256579826074,0.547762267143381,index,0.6,2
2025,372.383508287621,116.8705964033,1186.52151620817,5.91992425948036,0.591264410751922,index,0.6,2
2003,16789.6670759897,6867.77270092489,41045.7557054282,9.72851892116682,0.456091949713893,index,0.6,2
2004,11939.4006564938,4759.7744306063,29948.7486465038,9.38759918941316,0.469214556539146,index,0.6,2
2005,21645.9225321829,10853.9981574137,43168.0524977082,9.9825723799973,0.352191979332209,index,0.6,2
2006,11979.9903238822,5511.11897641411,26041.9288305213,9.39099306397982,0.39616549465031897,index,0.6,2
2007,21237.2370024021,10320.0951479849,43703.1082590609,9.96351138226146,0.368202236977218,index,0.6,2
2008,10776.8729100632,4462.5873312739,26025.4827744739,9.28515771982647,0.449841798548969,index,0.6,2
2009,16673.0070577537,7601.66202866016,36569.5243092651,9.72154634686474,0.400733974048897,index,0.6,2
2010,20762.6373945146,9945.4490531719,43345.1631265064,9.94091037133564,0.375537526817032,index,0.6,2
2011,24541.8149854486,11695.4052409273,51498.9152040904,10.1081336758172,0.378161207277727,index,0.6,2
2012,19010.1635134945,8864.28619776759,40768.8006396736,9.8527290368918,0.389263959332766,index,0.6,2
2013,5513.08473928305,2005.11621699734,15158.275158749,8.61487958928292,0.516041261783556,index,0.6,2
2014,36756.3269520285,19235.5411882412,70236.005204278,10.5120656517828,0.330389081891943,index,0.6,2
2015,25086.1642152635,13760.2490776258,45734.3200319271,10.1300717466552,0.306399780045428,index,0.6,2
2016,43067.5783787067,23783.387760114,77987.8933192463,10.6705257512227,0.302956142679161,index,0.6,2
2017,53900.6432604846,30231.9071887417,96099.7705422947,10.8948976911577,0.295028133507412,index,0.6,2
2018,32842.9633965637,16993.6318725726,63474.3798592553,10.3994927969058,0.336179054806257,index,0.6,2
2019,60465.3103058192,27576.5651149507,132578.286495764,11.0098250961969,0.400570368335151,index,0.6,2
2021,12143.389829616,5279.6439661226505,27930.2766436951,9.40454025377627,0.424970211992729,index,0.6,2
2022,14106.7982702197,6257.87433441681,31800.2163038355,9.55441210699492,0.414709795776355,index,0.6,2
2023,13521.395888532,6815.3758147807,26825.8349565853,9.51202859046063,0.34954320998689,index,0.6,2
2024,17134.8610478117,8392.89261173456,34982.3924492149,9.74887032501477,0.364154556728289,index,0.6,2
2025,12497.7947667524,5549.51971803811,28145.6561951061,9.43330748906698,0.414212112959827,index,0.6,2
2003,36.4044554603006,6.97494815053714,190.006341087847,3.5946911699076,0.843059509703342,index,0.6,2
2004,25.25180555892,4.60863639872378,138.360597108959,3.22889766044881,0.867855558901199,index,0.6,2
2005,62.7792485759494,13.6685896218924,288.3424084551,4.13962458217922,0.77783271632808,index,0.6,2
2006,28.8034627514598,5.86296264186958,141.505159959569,3.36049561434001,0.812178479186357,index,0.6,2
2007,47.4181407198456,9.90066217310064,227.104008804182,3.85900487109265,0.79920000692497,index,0.6,2
2008,18.7855658619466,3.4808736082637,101.38187261834,2.93308880164632,0.860120653136716,index,0.6,2
2009,43.6117446777953,8.89486865467714,213.82938272406,3.77532648742443,0.811163850536676,index,0.6,2
2010,46.1751232241767,9.4431754556911809,225.786549744017,3.83244119471578,0.809784720853826,index,0.6,2
2011,51.5260348991435,10.4213256645631,254.759553427606,3.94208721195363,0.81543996381595,index,0.6,2
2012,50.2679220704231,11.0147348897694,229.407608495879,3.91736714146967,0.77457200315401,index,0.6,2
2013,11.7176022203588,2.09709974929394,65.4724229692868,2.46109217451116,0.877841057119688,index,0.6,2
2014,112.501144278211,24.4158499382657,518.372593864566,4.72296339295462,0.779468855531476,index,0.6,2
2015,80.17778466486,17.7578887629964,362.006837612375,4.38424647730984,0.769104246128927,index,0.6,2
2016,147.257405461106,32.939207570445,658.326203408528,4.99218211302334,0.764054062794943,index,0.6,2
2017,195.593109562494,44.7322799751351,855.236185805669,5.27603652979461,0.752738904051501,index,0.6,2
2018,84.9914527441259,18.3350275120627,393.975249549236,4.44255069548277,0.782533457521147,index,0.6,2
2019,236.826907975648,46.650828002648,1202.27200121984,5.46732952820818,0.828912604840898,index,0.6,2
2021,27.111116856875,5.33984123617342,137.646912093185,3.29994385989087,0.828968262289622,index,0.6,2
2022,35.2929014299763,7.09338022633191,175.598776831696,3.56368185108218,0.818647626742066,index,0.6,2
2023,33.3895843399513,6.98161796884353,159.685669907744,3.5082440052393,0.798465342719034,index,0.6,2
2024,42.51541088514,8.91520331845503,202.750301722286,3.74986661926571,0.797008809447415,index,0.6,2
2025,23.8115812310127,4.71154443610812,120.340879388897,3.17017206866803,0.826625550986237,index,0.6,2
2003,14484.8662734886,5483.09649250247,38265.1210402266,9.58085967809239,0.495638905622281,index,0.6,3
2004,12635.1124914353,4556.76998681714,35034.9190617661,9.44423492294335,0.520349157276577,index,0.6,3
2005,18275.0350486013,8776.21362474605,38054.7831112384,9.81329120246026,0.374236906729278,index,0.6,3
2006,10843.2257555658,4884.33791400676,24071.9513793251,9.29129580965254,0.406898695661698,index,0.6,3
2007,16505.7128366385,7698.43633550468,35388.8172055283,9.71146183248757,0.389134353791725,index,0.6,3
2008,6973.65439835218,3048.52411557726,15952.5901137403,8.84989467027956,0.422192357029483,index,0.6,3
2009,6671.23519664292,2825.4484228812,15751.6161641853,8.80556030866768,0.438343740342946,index,0.6,3
2010,25526.4762822482,12282.9562073343,53049.1992635373,10.1474714780792,0.373222966148089,index,0.6,3
2011,15937.6316539718,7676.97739003019,33086.9937258844,9.67643836250803,0.372689084392959,index,0.6,3
2012,16372.8395469373,7958.85598368368,33681.9607465345,9.70337911573423,0.368036644324682,index,0.6,3
2013,8281.09216219482,3113.12371194642,22028.192177396,9.0217301423275,0.499166433652107,index,0.6,3
2014,38993.6196723488,19778.2074593075,76877.6633716744,10.5711533135832,0.346341739830453,index,0.6,3
2015,18037.7713681224,9114.39520569305,35697.5080173645,9.80022324763271,0.348278294727784,index,0.6,3
2016,61420.9358159072,35093.7133076069,107498.77972258,11.0255060302172,0.285581137850208,index,0.6,3
2017,36460.6617529846,19356.377259237,68679.1664401539,10.5039891981772,0.323073273228916,index,0.6,3
2018,23094.5225520972,12664.9007190641,42113.0006259327,10.0473507494359,0.30651635987684,index,0.6,3
2019,37845.5978824406,15660.1735173743,91460.6263774998,10.5412699478069,0.450209241083813,index,0.6,3
2021,18376.2978669248,7230.86114056141,46700.9830128927,9.81881695380029,0.475877897001585,index,0.6,3
2022,10869.663434264,5011.08101953351,23577.6637243785,9.2937310168267,0.395070562402723,index,0.6,3
2023,21904.0485865901,11765.7920102836,40778.1596057753,9.99442676568639,0.317084983449567,index,0.6,3
2024,18359.75111812,8504.82487213047,39634.027294776,9.81791610842465,0.39262313034471,index,0.6,3
2025,13369.0934030935,6007.18483732968,29753.1478155893,9.50070085950172,0.40816533421648,index,0.6,3
2003,11795.8700781786,4461.22157134566,31189.3387665341,9.37550475581709,0.496094245126125,index,0.6,3
2004,10257.7690857413,3715.35381163394,28320.8092556104,9.23579065704477,0.518153126167218,index,0.6,3
2005,14438.2921025851,6934.58477099779,30061.5373124317,9.57763913000748,0.374171504803798,index,0.6,3
2006,8664.54328469792,3889.69849710936,19300.8045194751,9.06699449270495,0.408633818061753,index,0.6,3
2007,13316.8493470294,6176.04250450684,28713.9339475186,9.49678538060714,0.392023737568883,index,0.6,3
2008,5623.39369380188,2452.09380201533,12896.1447598378,8.63469062074468,0.423473633015264,index,0.6,3
2009,5347.04935731397,2258.13607666941,12661.2993454856,8.58430016574846,0.439806631860178,index,0.6,3
2010,20481.450497172402,9849.54463799665,42589.7673329847,9.92727490170271,0.373524413726416,index,0.6,3
2011,12505.0704051306,5992.55613486295,26095.1724636369,9.43388947345426,0.375321253590448,index,0.6,3
2012,12923.6484068593,6258.11308584133,26688.6657133111,9.46681412190545,0.369996659609963,index,0.6,3
2013,6626.89466914218,2488.67913916127,17646.2012578711,8.79889159776276,0.499695006120789,index,0.6,3
2014,30207.9820126693,15273.991898576,59743.5289567507,10.3158614734958,0.347942459061988,index,0.6,3
2015,14088.8904832551,7090.4946850394,27994.7794711667,9.55314185681383,0.350328614667283,index,0.6,3
2016,45053.0178471962,25468.3645457587,79697.8704106781,10.7155952496318,0.291027232756314,index,0.6,3
2017,27850.8466582073,14668.013915132,52881.7100983775,10.2346186455471,0.327145892853766,index,0.6,3
2018,17665.270663742,9647.29686469774,32347.0700653141,9.77935588171051,0.308639775545474,index,0.6,3
2019,28444.8155478941,11808.5073969361,68519.0349936734,10.255721192646,0.448551954554184,index,0.6,3
2021,14865.2506104108,5831.56278499668,37893.045802206,9.60678159438264,0.47742779926797,index,0.6,3
2022,8489.25415512528,3888.39845045304,18533.9637973354,9.04655642563781,0.398376597404281,index,0.6,3
2023,16417.7635106292,8790.26857800736,30663.7910205982,9.70611916853045,0.318739848433993,index,0.6,3
2024,14526.5354132661,6711.59971011021,31441.1228659835,9.58373228444774,0.39395605333317,index,0.6,3
2025,10714.5928267518,4803.57738090071,23899.3754736924,9.27936190688251,0.409316551842708,index,0.6,3
2003,1870.74875422034,642.563519526816,5446.46683956499,7.534094033035,0.545228568741418,index,0.6,3
2004,1638.2246443515,531.225773341269,5052.05153823833,7.40136840052317,0.57459284626140406,index,0.6,3
2005,2596.16897030651,1117.68080471214,6030.42773389874,7.86179216442171,0.42999823657124,index,0.6,3
2006,1483.30738746674,612.805255484492,3590.37522283307,7.30202959474374,0.451019716252243,index,0.6,3
2007,2171.25553610938,933.381745624753,5050.82794385496,7.6830608672858,0.430745971600963,index,0.6,3
2008,918.770717883112,363.410336235556,2322.8278006168,6.82303660034965,0.473225022996493,index,0.6,3
2009,910.469908766844,355.142983114969,2334.14566577977,6.81396084949121,0.480335546568004,index,0.6,3
2010,3445.76657579071,1483.3521655978,8004.37520516336,8.14490167706598,0.430029276759162,index,0.6,3
2011,2352.29579406628,1042.85061057675,5305.93303265335,7.76314706389432,0.415024896416234,index,0.6,3
2012,2307.02384403084,1003.33490715591,5304.66844018593,7.74371359363436,0.424818497959413,index,0.6,3
2013,1123.04343115754,384.865843550059,3277.05502944184,7.02379762821817,0.546389026234546,index,0.6,3
2014,5865.21502747516,2695.59547824313,12761.8359639561,8.67679442324163,0.396650149574974,index,0.6,3
2015,2696.29840402818,1241.31512809471,5856.71190096884,7.89963514989389,0.395776898078523,index,0.6,3
2016,10963.4866812656,5858.31663321753,20517.5048970122,9.30232563776277,0.319754885987373,index,0.6,3
2017,5825.58470649653,2876.52275083799,11798.0770924477,8.67001465219398,0.360045996905958,index,0.6,3
2018,3660.0655822365,1836.69418259125,7293.58223772055,8.20523634487873,0.351799194017723,index,0.6,3
2019,6232.29419320196,2364.84269415098,16424.5558517218,8.73749979330447,0.494413681238672,index,0.6,3
2021,2406.1591251987,876.08594334787006,6608.48605064091,7.78578703117175,0.515480306869111,index,0.6,3
2022,1619.14311785257,705.66490286596,3715.11240737916,7.38965234869135,0.423738330020394,index,0.6,3
2023,3651.73176022464,1787.96390375334,7458.28527110633,8.20295678891449,0.364355685652972,index,0.6,3
2024,2590.4779702168,1095.45719700768,6125.82228909442,7.8595976821526,0.439125719818842,index,0.6,3
2025,1814.9877012192,741.719921463932,4441.27258854696,7.50383397048823,0.456570768632139,index,0.6,3
2003,818.247441089714,262.74652366798,2548.19308549983,6.70716478607999,0.579589735291025,index,0.6,3
2004,739.118761342495,222.057722365831,2460.1555737317,6.60545861350669,0.613542526423831,index,0.6,3
2005,1240.5739757097,492.508793307493,3124.86560670866,7.12332943513835,0.471343926491044,index,0.6,3
2006,695.37508340112,264.121627156657,1830.77210230994,6.54445138833235,0.493907893200519,index,0.6,3
2007,1017.60795349973,401.98629975362,2576.0229830235,6.92521000849451,0.473882177426371,index,0.6,3
2008,431.489986667184,162.903185028196,1142.90956657367,6.06724430438443,0.496992926709699,index,0.6,3
2009,413.715930562107,147.991976512747,1156.55507301187,6.02517958024859,0.524510413872221,index,0.6,3
2010,1599.2592092851,632.375246559494,4044.48155173412,7.37729580681615,0.473382598674343,index,0.6,3
2011,1080.26545477496,434.39215465456,2686.45149383085,6.98496208137479,0.464811792610268,index,0.6,3
2012,1142.16729604716,466.509138193171,2796.39995309053,7.04068287339847,0.45684781533092,index,0.6,3
2013,531.154061895092,173.437609572044,1626.66354871815,6.27505211455646,0.571048339498857,index,0.6,3
2014,2920.4226322043,1244.04848806927,6855.73627755275,7.9794836218452,0.435394414636806,index,0.6,3
2015,1252.582480839,518.258643911451,3027.37424592352,7.13296268375607,0.450257382534689,index,0.6,3
2016,5404.43128744529,2503.53622237644,11666.6486706521,8.5949745048232309,0.392616910582709,index,0.6,3
2017,2784.23038828075,1225.20251163193,6327.06738798687,7.93172677244154,0.41881654662168,index,0.6,3
2018,1769.18630611876,787.182759680327,3976.23061133761,7.47827500580977,0.413178286699073,index,0.6,3
2019,3168.48814134448,1093.53519563288,9180.60721038829,8.06100982608479,0.542784871893648,index,0.6,3
2021,1104.88813131524,373.387031779841,3269.47022477492,7.00749937019813,0.553522349570316,index,0.6,3
2022,761.266161286166,292.819893764716,1979.12157151805,6.63498304873132,0.487470858292788,index,0.6,3
2023,1834.5533157362,814.130790772653,4133.96214272226,7.51455630618916,0.414515410934705,index,0.6,3
2024,1242.73773463704,484.11506412073,3190.14464029495,7.12507207539241,0.481003461584045,index,0.6,3
2025,839.512875122425,317.780735222025,2217.82439707652,6.73282181305565,0.495652056691498,index,0.6,3
2003,14483.5736220052,5482.62449456221,38261.5853177807,9.58077043259012,0.495637293640053,index,0.6,3
2004,12633.9269428899,4556.35752332967,35031.5156747481,9.44414108886237,0.520347466761482,index,0.6,3
2005,18272.9322763469,8775.22523600344,38050.3115300127,9.81317613328347,0.37423566103452,index,0.6,3
2006,10842.1064816492,4883.84705021967,24069.4009764563,9.2911925809904,0.406897304766629,index,0.6,3
2007,16504.0831296333,7697.69270965955,35385.2472713077,9.71136309167692,0.389133261044971,index,0.6,3
2008,6972.96735478932,3048.23525093569,15950.9584163599,8.8497961455507,0.422190436244783,index,0.6,3
2009,6670.55119598361,2825.16187080256,15749.9836445117,8.80545777357383,0.438343173146275,index,0.6,3
2010,25523.8067526298,12281.6934303119,53043.5574574544,10.1473668937572,0.373222062161533,index,0.6,3
2011,15935.8127023371,7676.12692743635,33083.1067391929,9.67632422663892,0.372687375782167,index,0.6,3
2012,16370.8238811466,7957.81632334574,33678.067406668,9.70325599781875,0.368040481123058,index,0.6,3
2013,8280.24027537119,3112.80520265244,22025.9137833157,9.02162726572291,0.499166148152321,index,0.6,3
2014,38988.64280608,19775.7556967457,76867.5691169792,10.5710256726014,0.346339867108183,index,0.6,3
2015,18035.6740995524,9113.37269551572,35693.2116235433,9.80010696993618,0.348276210447711,index,0.6,3
2016,61410.6041892647,35087.9455819615,107480.282596805,11.0253378058887,0.285579169081149,index,0.6,3
2017,36455.6805392874,19353.7405663608,68669.7560621733,10.5038525699935,0.323073068836673,index,0.6,3
2018,23091.3766220505,12663.2267907786,42107.0934850245,10.047214520409,0.306514293700233,index,0.6,3
2019,37839.8851939734,15657.8929329698,91446.3342943232,10.5411189891753,0.450206527537949,index,0.6,3
2021,18374.541515055,7230.1914964549,46696.3808709663,9.81872137220811,0.47587638262392,index,0.6,3
2022,10868.3600029358,5010.49201192748,23574.7804551383,9.29361109503771,0.395069351230378,index,0.6,3
2023,21900.741777284,11764.0757133138,40771.7955990749,9.99427578633984,0.317082382926883,index,0.6,3
2024,18357.6913877874,8503.90322813665,39629.4294570764,9.81780391486246,0.392621181075433,index,0.6,3
2025,13367.7388419132,6006.58814400321,29750.0739956673,9.50059953402165,0.408164318583686,index,0.6,3
2003,1.29265148339901,0.0818989318941087,20.4025598245177,0.256695522388944,1.40766099476594,index,0.6,3
2004,1.18554854536089,0.0737776534371122,19.0508275599384,0.170205574956026,1.4168142828356,index,0.6,3
2005,2.10277225441822,0.146371288235704,30.208459645657,0.743256595287092,1.35965019337319,index,0.6,3
2006,1.11927391652487,0.0760845493043597,16.4655519637957,0.112680186259859,1.37175492696573,index,0.6,3
2007,1.62970700518463,0.112121268089026,23.6881455946342,0.488400247240975,1.36562432320057,index,0.6,3
2008,0.687043562860298,0.0459394927933498,10.2750123818542,-0.375357578493136,1.38016441386608,index,0.6,3
2009,0.684000659306843,0.0458683479866586,10.1999946034306,-0.379796397461157,1.37869043002336,index,0.6,3
2010,2.66952961837109,0.186532117922517,38.2046183934968,0.981902283997167,1.35770562400681,index,0.6,3
2011,1.81895163470299,0.126367830647793,26.1821781099512,0.598260310234162,1.36064675948106,index,0.6,3
2012,2.01566579068598,0.146074391134067,27.8139689523867,0.700949558036784,1.33910053320518,index,0.6,3
2013,0.851886823630449,0.0550257666012863,13.1885697392213,-0.160301597090816,1.39780738029542,index,0.6,3
2014,4.9768662687558,0.353560891674734,70.0563847425361,1.60480042966527,1.3492594789126,index,0.6,3
2015,2.09726857002089,0.148088054655643,29.7021624399458,0.740635817167287,1.35236364357924,index,0.6,3
2016,10.3316266424499,0.771668817468384,138.326840041522,2.33520973854214,1.3237026664389,index,0.6,3
2017,4.9812136971337,0.363918574738738,68.1814329326984,1.60567357562694,1.33497285072954,index,0.6,3
2018,3.14593004662197,0.227692676058176,43.4659385166618,1.14610956873152,1.33975321013439,index,0.6,3
2019,5.71268846722654,0.380217084884664,85.8320439058718,1.74268974775076,1.38252676196604,index,0.6,3
2021,1.7563518697758,0.113482789363325,27.182728832905,0.563238856560546,1.39764963401984,index,0.6,3
2022,1.30343132824232,0.0902429145866529,18.8262229253708,0.265000270412401,1.36239772009142,index,0.6,3
2023,3.30680930614571,0.239595440612771,45.639381781412,1.19598376863753,1.33920175647383,index,0.6,3
2024,2.05973033256694,0.140900517447662,30.1098187554365,0.722575067711579,1.36853344066888,index,0.6,3
2025,1.35456118029755,0.0922886415030618,19.8814931207782,0.303477549701292,1.3705924070927,index,0.6,3
2003,14007.3909938209,5304.47929726984,36988.9279339369,9.54734039742243,0.495434361065744,index,0.6,3
2004,12203.943635667,4405.40917030331,33807.5839280743,9.40951442731287,0.51986975964711,index,0.6,3
2005,17545.1056385951,8428.28259590535,36523.5418208463,9.77253030900774,0.374079324838635,index,0.6,3
2006,10442.7505879889,4703.51417373584,23185.0135483545,9.25366329301795,0.4069452777997,index,0.6,3
2007,15930.9156453027,7434.11932364553,34139.0906237558,9.67601688055559,0.388875247081268,index,0.6,3
2008,6717.52254085883,2930.46937303281,15398.5943351612,8.81247469602683,0.423251048394131,index,0.6,3
2009,6429.77028203998,2723.38963838131,15180.3272279382,8.76869409062769,0.438304746099125,index,0.6,3
2010,24589.2394655708,11836.0365880037,51083.8820917469,10.1100642061256,0.37304772288177,index,0.6,3
2011,15305.5340198573,7373.62071894386,31769.9242423962,9.63596974262689,0.372611744822975,index,0.6,3
2012,15708.1621714233,7636.80110175554,32310.1722194927,9.66193573977392,0.367966786605151,index,0.6,3
2013,7974.03066224604,2997.31998841013,21214.0062616963,8.98394537321182,0.499229347957273,index,0.6,3
2014,37324.892885699,18930.6675559332,73592.1025929308,10.5274157526296,0.346372305796689,index,0.6,3
2015,17320.6896092591,8763.86314139082,34232.1968862565,9.75965699710089,0.34759052609104,index,0.6,3
2016,58251.5201069961,33305.0548912913,101883.621145541,10.9725254673449,0.285240447665934,index,0.6,3
2017,34824.014028173,18485.1683365268,65604.5934208813,10.4580624860627,0.323137829609928,index,0.6,3
2018,22068.8673283623,12111.6843915493,40211.9878137409,10.0019231761559,0.30612667531228,index,0.6,3
2019,36016.7211232717,14930.3297003976,86883.8281874634,10.4917385852493,0.449288159795251,index,0.6,3
2021,17740.9228711505,6982.81915280516,45073.535119934,9.78362927655954,0.475733880628874,index,0.6,3
2022,10430.8999950711,4813.36478919763,22604.4938358621,9.25252783334893,0.394586931464053,index,0.6,3
2023,20845.4035445727,11208.2891569006,38768.7043805929,9.94488874942579,0.316577175643818,index,0.6,3
2024,17653.4461122968,8184.55325993269,38077.1130374841,9.77868629045882,0.392192095642834,index,0.6,3
2025,12885.8000090591,5791.96816779199,28667.9479346598,9.46388120956101,0.407994115050273,index,0.6,3
2003,477.475279667798,143.760918520149,1585.84575725209,6.16851238825144,0.612440211148736,index,0.6,3
2004,431.168855768267,123.48311719837,1505.5222641154,6.0664997901038,0.637968532121317,index,0.6,3
2005,729.92941000623,272.560811478381,1954.78190977687,6.59294783084522,0.502604174372795,index,0.6,3
2006,400.475167576861,142.920474762895,1122.16503696749,5.99265176103271,0.525705275266155,index,0.6,3
2007,574.79719133582,207.182882272684,1594.68681747898,6.35401726785998,0.520629656182665,index,0.6,3
2008,256.131857493357,92.4171070046831,709.863471701973,5.54569238021082,0.520101535536895,index,0.6,3
2009,241.464914602942,81.5427539093136,715.027420450495,5.48672418139106,0.553886050667795,index,0.6,3
2010,937.236816677395,349.099881098595,2516.22214184453,6.84293598955539,0.503875542524487,index,0.6,3
2011,632.097634114523,238.118137066539,1677.93778321694,6.4490438665738,0.498109633404926,index,0.6,3
2012,664.677375514057,252.192372532766,1751.82147296249,6.49930177332979,0.494452756083629,index,0.6,3
2013,307.061499948774,93.9878978758782,1003.17984423172,5.72704805309075,0.604032540622597,index,0.6,3
2014,1668.72678664976,663.192092143679,4198.85749765419,7.41981621142994,0.470800248752872,index,0.6,3
2015,717.081758863251,273.077099478067,1883.00758239053,6.57518986319678,0.492578281962461,index,0.6,3
2016,3169.41570891118,1378.08602878057,7289.23719281999,8.06130253092704,0.424932120027185,index,0.6,3
2017,1636.64772481157,675.855130379359,3963.29872294878,7.4004053586186,0.451246357938638,index,0.6,3
2018,1025.65522373489,424.734048640699,2476.7702079486,6.93308693001213,0.44981628837088,index,0.6,3
2019,1828.87675916888,597.196119968331,5600.82373007621,7.51145726458366,0.571036868435792,index,0.6,3
2021,635.374995774248,200.359822418924,2014.88192783004,6.45421536911627,0.588837609282958,index,0.6,3
2022,438.763439192964,157.124484310009,1225.22824127528,6.0839604049502,0.523949433857939,index,0.6,3
2023,1058.64504201738,434.582968447149,2578.8615899803,6.96474510718429,0.454272750001458,index,0.6,3
2024,706.30500582322,253.225961215507,1970.04587861502,6.56004716377928,0.523359079253367,index,0.6,3
2025,483.293394034336,170.011001087737,1373.86700403398,6.1806239102998,0.53305100058135,index,0.6,3
2003,14446.0030283135,5468.87923176258,38159.007476708,9.57817304824066,0.49559281452359,index,0.6,3
2004,12599.5189741542,4544.41244408937,34932.5419585422,9.4414139155564,0.520295373064598,index,0.6,3
2005,18212.405262271,8746.90187509249,37921.0502385666,9.80985824869287,0.374192285798251,index,0.6,3
2006,10809.7309827173,4869.61998897715,23995.7705494927,9.2882020243585,0.406859946727249,index,0.6,3
2007,16456.9662238094,7676.14952604801,35282.2383634621,9.70850414520277,0.38910450120373,index,0.6,3
2008,6953.01662833016,3039.77951840964,15903.9298544681,8.84693089162933,0.422145831874743,index,0.6,3
2009,6650.01269887262,2816.03928657109,15703.8536735097,8.80237404325298,0.43841998202681,index,0.6,3
2010,25444.8858840446,12243.7237964344,52879.5183897073,10.1442700542043,0.373221813483399,index,0.6,3
2011,15883.5234533513,7651.65487326463,32971.4710702213,9.67303759012338,0.372639685808378,index,0.6,3
2012,16314.9123717797,7930.78660256146,33562.4168241875,9.69983483799122,0.368030913175023,index,0.6,3
2013,8255.00759633611,3103.13408337354,21960.1050372543,9.01857527656411,0.499196622939346,index,0.6,3
2014,38843.3612893274,19702.0680444089,76581.1341658315,10.5672924606105,0.34633982046349,index,0.6,3
2015,17975.3820584792,9083.99256342998,35569.6416407339,9.79675843735525,0.348215251993608,index,0.6,3
2016,61120.4813963912,34926.3126986381,106959.852256957,11.0206023000592,0.285518782404808,index,0.6,3
2017,36313.5712425161,19278.9866711299,68399.6248806996,10.4999468138136,0.323054816606884,index,0.6,3
2018,23002.0981284188,12615.4612510624,41940.3228926608,10.0433407137255,0.306465983231181,index,0.6,3
2019,37677.4906773671,15593.527256881,91037.3439156719,10.5368181308614,0.450113854191267,index,0.6,3
2021,18323.7490923771,7210.75093200817,46563.7745591752,9.81595326207164,0.475837766976852,index,0.6,3
2022,10830.8418419877,4993.62742607144,23491.3670959306,9.29015306938286,0.39502522074086,index,0.6,3
2023,21807.4508006593,11715.4907600668,40592.8287736931,9.99000697023051,0.31701589083749,index,0.6,3
2024,18298.5093999095,8477.3368783026,39497.7162126912,9.81457488195514,0.392570096150479,index,0.6,3
2025,13328.4748696005,5989.30872850253,29660.8925006922,9.49765799324373,0.408133373551869,index,0.6,3
2003,38.8632451751869,7.4219936369121,203.49678259426,3.66004894986008,0.8447100342706,index,0.6,3
2004,35.593517281036,6.57598973539322,192.655177914393,3.57216352242867,0.861617069964595,index,0.6,3
2005,62.6297863303487,13.9014311255985,282.164483666875,4.13724098491325,0.767998393477402,index,0.6,3
2006,33.4947728484441,7.18756234866221,156.0890540835,3.51138939228159,0.785237547087085,index,0.6,3
2007,48.7466128290961,10.6863209653575,222.362052385753,3.88663571460118,0.774336272210085,index,0.6,3
2008,20.6377700220293,4.32700411111873,98.4324351316719,3.0271228932081,0.797079688290341,index,0.6,3
2009,21.2224977702969,4.5925092627117,98.0715303651487,3.05506183456681,0.780950717265073,index,0.6,3
2010,81.5903982036217,18.4509691736865,360.793680611602,4.40171158597325,0.758480614365018,index,0.6,3
2011,54.1082006205028,12.0315245027595,243.335528570556,3.99098575699901,0.767083233067812,index,0.6,3
2012,57.9271751576283,13.2305192396324,253.622519340804,4.05918662088882,0.753412005548096,index,0.6,3
2013,26.0845658587162,5.17316605937706,131.525755838512,3.26134379300506,0.825453382860916,index,0.6,3
2014,150.258383021335,35.1253162610998,642.772338343046,5.0123563656781,0.741561705038716,index,0.6,3
2015,62.3893096431492,14.178025271049,274.539358150034,4.13339394087714,0.755983631699635,index,0.6,3
2016,300.454419515994,74.0646761021186,1218.83822299077,5.70529606032725,0.714481163177357,index,0.6,3
2017,147.090510468426,35.1051630257116,616.308725130147,4.99104811477479,0.730982768903757,index,0.6,3
2018,92.4244236783535,22.1370823986383,385.880756029586,4.52639126924311,0.729164995665806,index,0.6,3
2019,168.107205073495,33.9990626662897,831.200338521158,5.12460190132527,0.815458323895034,index,0.6,3
2021,52.5487745476443,10.3972507039901,265.58691187464,3.96174177731069,0.82664802734995,index,0.6,3
2022,38.8215922763484,8.4724010595845,177.885349887455,3.65897659380717,0.776627866232755,index,0.6,3
2023,96.5977859308215,22.989776111998,405.881823349599,4.57055582098501,0.732414591326941,index,0.6,3
2024,61.2417182104739,13.2922123826355,282.161309299472,4.11482862739253,0.779427739921531,index,0.6,3
2025,40.6185334929883,8.73008810563281,188.98609534725,3.70422445242292,0.78442716420622,index,0.6,3
2003,13690.1969225987,6601.18641228571,28392.0919776958,9.52443530259093,0.372165323979231,index,0.8,1
2004,21523.594944633,8619.46899872786,53746.366441947,9.97690505165473,0.466909748438475,index,0.8,1
2005,20747.4008914675,10919.055887497,39422.3317644308,9.94017625957085,0.327511870759782,index,0.8,1
2006,10849.8525998228,4908.69838844904,23981.7752328998,9.29190677360654,0.404672069599257,index,0.8,1
2007,15878.0537425488,7834.5375194092,32179.6391971685,9.6726931669971,0.360412766274029,index,0.8,1
2008,14493.4153607384,6715.0974676279,31281.6142776095,9.58144971221558,0.392525625226245,index,0.8,1
2009,9444.28088608062,4398.94409648125,20276.3298416398,9.15316464004187,0.389825952432798,index,0.8,1
2010,17798.5301306509,9001.57267543994,35192.4809401379,9.78687115594079,0.347820969441138,index,0.8,1
2011,23152.6655175256,12208.7774943862,43906.6008707999,10.049865194032,0.32651352795136,index,0.8,1
2012,17967.0520221573,9166.09350714499,35218.3793581498,9.79629491635651,0.343388171990333,index,0.8,1
2013,13221.6383218182,5820.42398510359,30034.1900109639,9.48961003324759,0.418620776694476,index,0.8,1
2014,47770.5645861591,26994.9311283487,84535.3829587636,10.7741649251578,0.291209705017585,index,0.8,1
2015,23628.3045980962,13072.6519488881,42707.2318886224,10.0702006197481,0.302007044450853,index,0.8,1
2016,57883.8736292995,34995.3875402799,95742.4124100991,10.966194103684,0.256750920134024,index,0.8,1
2017,50773.9229592313,29858.6578757254,86339.8235580382,10.8351381741947,0.270876432183934,index,0.8,1
2018,30785.2879416577,17235.5083076877,54987.2934834215,10.3347921906119,0.295957080799995,index,0.8,1
2019,44892.3941719831,21738.8423016527,92706.2732471029,10.7120236645481,0.369990348294531,index,0.8,1
2021,16686.7138016251,7896.99724200763,35259.784062753,9.72236810102152,0.381706111270789,index,0.8,1
2022,14550.4732283321,6589.5360256868,32129.1621053612,9.58537879635473,0.404160782238309,index,0.8,1
2023,23316.7241054766,13222.0263434503,41118.4797918836,10.0569261548454,0.289437346315151,index,0.8,1
2024,17436.8365667999,9148.32539227839,33234.8551696594,9.76634029149155,0.329094908017087,index,0.8,1
2025,16825.8595058209,8187.78923126813,34577.0439508219,9.7306722382495,0.367492994083026,index,0.8,1
2003,11538.2022928801,5531.82510885435,24066.2185683228,9.35341874741406,0.375081213419933,index,0.8,1
2004,18620.7371860473,7467.21267576037,46433.9062522468,9.83203114113475,0.466209622025195,index,0.8,1
2005,17653.1561035168,9221.67532414438,33793.6339614134,9.77866986243903,0.331311116978795,index,0.8,1
2006,9282.87280857688,4168.17446354978,20673.7333894677,9.13592634776312,0.408524296193332,index,0.8,1
2007,13613.3577013374,6662.82114103526,27814.5704322131,9.51880677361899,0.364551854351097,index,0.8,1
2008,12530.5318868827,5769.43379998558,27214.8420124999,9.43592349606202,0.395718633477258,index,0.8,1
2009,8040.75698977397,3710.40519423821,17424.9898822366,8.99227851069786,0.394589977359094,index,0.8,1
2010,15318.390045584,7710.91661531408,30431.2814280236,9.63680934936405,0.350219192156454,index,0.8,1
2011,19474.3762482461,10188.6288550375,37222.9998417052,9.87685484189464,0.330530197359644,index,0.8,1
2012,15218.5042730746,7703.78085789602,30063.5332938121,9.6302673528069,0.347353752589506,index,0.8,1
2013,11092.3148315826,4848.35302597286,25377.5761921255,9.3140077899952,0.422259517285283,index,0.8,1
2014,38964.9491380645,21794.5256020967,69662.7808767673,10.5704177809532,0.296435897528961,index,0.8,1
2015,19514.1401379189,10695.1035762315,35605.2339847011,9.87889461704617,0.306818551653415,index,0.8,1
2016,45957.3525756246,27367.3894802457,77174.9989996234,10.7354691275104,0.264475119433979,index,0.8,1
2017,41250.8502391865,23974.172949879,70977.7412974062,10.6274270034095,0.276890088230682,index,0.8,1
2018,25581.628408472,14186.3090496088,46130.3718776086,10.1496297325465,0.300820377382855,index,0.8,1
2019,36404.8845569727,17563.1646335518,75459.9553815427,10.5024582357476,0.371894163481446,index,0.8,1
2021,14252.95237662,6700.68162297551,30317.3114140568,9.5647193485613,0.385086062569422,index,0.8,1
2022,12331.4790778487,5526.72717083947,27514.5436977168,9.41991054661601,0.409476635951585,index,0.8,1
2023,19078.1426319963,10734.1807042517,33908.0863565701,9.85629859393238,0.293428966613417,index,0.8,1
2024,14717.5902237724,7662.30083251773,28269.2453258464,9.59679867125715,0.333032182730277,index,0.8,1
2025,14466.0040183524,6981.51389042045,29974.1969354422,9.57955662518828,0.371708648194861,index,0.8,1
2003,1446.87568580532,617.704616846346,3389.07819867465,7.27716181126521,0.434268915679893,index,0.8,1
2004,1900.79925164885,651.035414354358,5549.67934985829,7.55002973546499,0.546676216123224,index,0.8,1
2005,1996.77539940262,937.968929948532,4250.79324949313,7.59928885808851,0.385503019092694,index,0.8,1
2006,1006.82338805754,409.964637685754,2472.63603139519,6.91455549308426,0.458418926949518,index,0.8,1
2007,1467.04744166516,651.313902914095,3304.44074119533,7.29100711686013,0.414301186927354,index,0.8,1
2008,1249.87849365811,508.967286935331,3069.34510136318,7.13080162049812,0.458384889917272,index,0.8,1
2009,900.963553989263,378.471863719822,2144.77059837103,6.80346480616784,0.442519903003313,index,0.8,1
2010,1651.18924392418,730.543253465049,3732.05269683782,7.40925106116972,0.416060002835489,index,0.8,1
2011,2477.53859332578,1177.97150215629,5210.82001574966,7.81502084361088,0.379329251595591,index,0.8,1
2012,1768.65116054654,812.948039539421,3847.88052318186,7.47797247886706,0.396591615712649,index,0.8,1
2013,1323.83120781399,525.841789976153,3332.80674946305,7.18828524182453,0.471072357005445,index,0.8,1
2014,5587.54651360168,2865.48031984068,10895.4424937031,8.62829556346913,0.340722739160227,index,0.8,1
2015,2643.15754876408,1317.43395469005,5302.94653687756,7.87972952265141,0.355255697682279,index,0.8,1
2016,8020.85201017353,4586.00470619981,14028.3473503923,8.98979993090043,0.285227405035269,index,0.8,1
2017,6388.10823908365,3485.38022952822,11708.3142116096,8.76219345331841,0.309118451285337,index,0.8,1
2018,3493.32058625551,1788.76691107213,6822.179369945,8.15860802022761,0.341499252309136,index,0.8,1
2019,5429.26556824854,2397.71983754733,12293.7317984246,8.59955914931407,0.416990137938073,index,0.8,1
2021,1622.02393993358,685.336069703104,3838.93651308534,7.39142999408159,0.439559435898176,index,0.8,1
2022,1479.02762768039,635.427751726658,3442.59865499688,7.29914014250955,0.431049627594076,index,0.8,1
2023,2782.75154880677,1420.33811114837,5452.01605280138,7.93119548294735,0.343141639110373,index,0.8,1
2024,1767.54670833057,835.544317427185,3739.14501118306,7.47734782363405,0.382284797024134,index,0.8,1
2025,1550.2170489636,676.423826775191,3552.76204617804,7.3461502316992,0.42313552492377,index,0.8,1
2003,705.118943913271,270.634803218138,1837.13520638592,6.55836650335213,0.488578457789135,index,0.8,1
2004,1002.05850693678,317.009770528848,3167.47729777932,6.90981167009663,0.587193991274716,index,0.8,1
2005,1097.4693885481,467.21446246906,2577.91475981952,7.00076225257683,0.435708958251628,index,0.8,1
2006,560.156403188407,209.863211880232,1495.14149346024,6.32821603614248,0.500907209215482,index,0.8,1
2007,797.64859954618,317.008665209617,2007.02175739353,6.68166814902075,0.470793875678024,index,0.8,1
2008,713.004980197544,275.10495591331,1847.93509116825,6.56948840523919,0.485894501139194,index,0.8,1
2009,502.560342317389,196.134115805286,1287.7254761783,6.21971571693741,0.480068529227133,index,0.8,1
2010,828.95084114268,331.643975714826,2071.97943381921,6.72016085439354,0.46740594745603,index,0.8,1
2011,1200.75067595359,498.59214018631,2891.74671960181,7.0907022034876,0.448433646343031,index,0.8,1
2012,979.896588536189,411.00710648294603,2336.20613629148,6.88744704419494,0.443292094134739,index,0.8,1
2013,805.492282421599,299.870112130187,2163.66283532477,6.69145362146821,0.504144059751173,index,0.8,1
2014,3218.06893449302,1466.66766542229,7060.88223753629,8.07653674885584,0.400919885694984,index,0.8,1
2015,1471.00691141322,646.424268568366,3347.43207927164,7.29370241903582,0.419521162033265,index,0.8,1
2016,3905.66904350137,1856.25897124437,8217.73842641098,8.27018437756042,0.379530413770362,index,0.8,1
2017,3134.9644809613,1452.7720520006,6764.99956297679,8.05037312316593,0.392427799135722,index,0.8,1
2018,1710.33894693013,751.115507234531,3894.5532147996,7.44444684443382,0.419848224974513,index,0.8,1
2019,3058.24404676176,1173.00668450383,7973.40439156146,8.02559618930918,0.488922576940912,index,0.8,1
2021,811.737485071507,309.874702279964,2126.40057359345,6.69917699364391,0.491340132604342,index,0.8,1
2022,739.96652280297894,276.950254771819,1977.07149726315,6.60660494571945,0.501420969503923,index,0.8,1
2023,1455.82992467359,658.355165265885,3219.29694091356,7.28333141195688,0.404898695930207,index,0.8,1
2024,951.699634696909,397.475163319722,2278.71393804215,6.85824947523553,0.445476055782051,index,0.8,1
2025,809.638438504892,322.137086505112,2034.89268564624,6.69658777579657,0.470218123206853,index,0.8,1
2003,13690.058773475,6601.11955036949,28391.8065399541,9.52442521144165,0.372165343201341,index,0.8,1
2004,21523.4186812754,8619.39999390627,53745.9164277083,9.97689686231277,0.466909654754591,index,0.8,1
2005,20747.1912230018,10918.9445276837,39421.9370336077,9.94016615374958,0.32751191815738,index,0.8,1
2006,10849.7577565841,4908.65534138074,23981.5662721688,9.29189803213726,0.404672083945241,index,0.8,1
2007,15877.9157778915,7834.46945461091,32179.359548264,9.67268447794372,0.360412765647487,index,0.8,1
2008,14493.2942703483,6715.04173797958,31281.3511819083,9.58144135732525,0.392525596807929,index,0.8,1
2009,9444.1897034334,4398.90104324818,20276.1367617801,9.15315498519483,0.389826019972434,index,0.8,1
2010,17798.3727581883,9001.4931733386,35192.1694255896,9.78686231402198,0.347820964412316,index,0.8,1
2011,23152.432438721,12208.6553925145,43906.1559685107,10.0498551269415,0.326513494335542,index,0.8,1
2012,17966.8447531648,9165.97970242149,35218.004061153,9.79628338022984,0.34338862086974,index,0.8,1
2013,13221.4927179471,5820.35837288971,30033.8670733671,9.48959902064315,0.418620909459237,index,0.8,1
2014,47769.9368878256,26994.5753918235,84534.27539216,10.7741517852156,0.291209724428886,index,0.8,1
2015,23628.0304901072,13072.5007948971,42706.7348169037,10.070189018849,0.302007024949891,index,0.8,1
2016,57882.9775445073,34994.8428054863,95740.9384017201,10.9661786228312,0.256750963589374,index,0.8,1
2017,50773.2275676365,29858.2443648333,86338.6542803984,10.8351244782595,0.270876510300221,index,0.8,1
2018,30784.941016309,17235.3144208852,54986.6727252285,10.3347809213555,0.295957070632456,index,0.8,1
2019,44891.7752220292,21738.5495089207,92704.9655156709,10.7120098770406,0.369990185652464,index,0.8,1
2021,16686.5686473256,7896.92874972219,35259.4764428773,9.72235940218887,0.38170609821502,index,0.8,1
2022,14550.3338879691,6589.47217877954,32128.8580492336,9.58536921996309,0.404160839785678,index,0.8,1
2023,23316.4309884392,13221.8608029111,41117.9607880119,10.0569135836592,0.289437320268952,index,0.8,1
2024,17436.6634797387,9148.23570840441,33234.5211685282,9.7663303649249,0.329094845154636,index,0.8,1
2025,16825.7156848015,8187.71875711962,34576.7504605116,9.73066369059497,0.367493024495856,index,0.8,1
2003,0.138149123743817,0.00553217361436857,3.44985203313486,-1.97942157042098,1.64174083655582,index,0.8,1
2004,0.17626335755189,0.00661335393542367,4.69788423829081,-1.73577605263304,1.67497378718431,index,0.8,1
2005,0.209668465711956,0.00864966947091098,5.08237518923085,-1.56222773048445,1.62656378631748,index,0.8,1
2006,0.0948432387004531,0.00374657350168665,2.40092445087267,-2.35552986927001,1.6486954585954,index,0.8,1
2007,0.13796465729072,0.00555345555100232,3.42745998172443,-1.98075773321481,1.63910011372439,index,0.8,1
2008,0.121090390092086,0.00477285401786906,3.07214143105096,-2.11121798671567,1.64982258102755,index,0.8,1
2009,0.0911826472193959,0.00367354006095895,2.26328691560979,-2.39489067172296,1.63865705756922,index,0.8,1
2010,0.157372462555726,0.00635124052174243,3.89941018389568,-1.84913991030138,1.63776745002514,index,0.8,1
2011,0.233078804538101,0.00953881706046053,5.69522706857402,-1.45637866569716,1.63064584787177,index,0.8,1
2012,0.207268992437504,0.00862703070566726,4.97974757384795,-1.57373784893623,1.6220283004087,index,0.8,1
2013,0.145603871117479,0.00582833810682099,3.63748411568371,-1.92686555622767,1.64194742723734,index,0.8,1
2014,0.627698333565915,0.0265343653319513,14.8488645962444,-0.465695588487865,1.6141209826315,index,0.8,1
2015,0.2741079890245,0.011458926321301,6.55691358337703,-1.29423312971179,1.61980177016295,index,0.8,1
2016,0.896084792148318,0.0394278737891934,20.3654896282938,-0.109720236390625,1.59368337606038,index,0.8,1
2017,0.69539159488213,0.0301345667153097,16.0470025934383,-0.363280146219802,1.60145913333644,index,0.8,1
2018,0.346925348688267,0.0144915592300941,8.30533110008855,-1.05864565564301,1.62020490709125,index,0.8,1
2019,0.618949953852994,0.024933664694353,15.3647307794826,-0.479730859561242,1.6387064041231,index,0.8,1
2021,0.145154299463527,0.00578633103343074,3.64130059808466,-1.92995796811983,1.64406025750099,index,0.8,1
2022,0.139340363001171,0.00560490563183863,3.46406131282696,-1.97083568423664,1.63945735744835,index,0.8,1
2023,0.29311703742330403,0.0124344577760589,6.90963765169071,-1.22718330459131,1.61232580173522,index,0.8,1
2024,0.173087061213381,0.0070628670510518,4.24178036241289,-1.75396056706118,1.63214409560656,index,0.8,1
2025,0.143821019427184,0.00578565586948839,3.57513237836311,-1.93918567311719,1.63941169472275,index,0.8,1
2003,13301.3087846021,6411.59080911092,27594.526951396,9.49561771422571,0.372330830928254,index,0.8,1
2004,20983.9101023347,8405.22677760542,52386.9842936359,9.95151123743225,0.46679541965896,index,0.8,1
2005,20139.5401076629,10588.4098836011,38306.136634958,9.9104403312384,0.328029015646586,index,0.8,1
2006,10548.9413842253,4765.24474494886,23352.4551799311,9.26378079114208,0.40545470201894,index,0.8,1
2007,15486.5179058463,7639.86248396034,31392.2190813799,9.64772511187488,0.360511843549895,index,0.8,1
2008,14086.8274122726,6510.00284633936,30482.1228541765,9.55299541362514,0.39383389046205,index,0.8,1
2009,9182.80435579312,4270.39283668615,19746.1683413203,9.12508792234389,0.390633107122445,index,0.8,1
2010,17344.425212808,8768.53671975813,34307.7865300867,9.76102642035997,0.34801721100485,index,0.8,1
2011,22507.0731346576,11865.4253107948,42692.8093869473,10.0215849003316,0.326639107311243,index,0.8,1
2012,17437.8836977269,8888.63382176799,34209.9577902251,9.76640034249235,0.343818410415079,index,0.8,1
2013,12796.239416147,5624.66115561408,29111.7524531977,9.45690661112781,0.419390678275379,index,0.8,1
2014,46136.9085165532,26042.2094839893,81737.0864316818,10.739368527241,0.291788313159558,index,0.8,1
2015,22883.1532119418,12652.9968533243,41384.5594835208,10.0381562512053,0.302304983346536,index,0.8,1
2016,55732.452431969,33674.7964408346,92238.3082415658,10.9283178851932,0.257052136020125,index,0.8,1
2017,49037.1890311411,28817.0350485953,83445.2921343508,10.8003342490476,0.271235730471596,index,0.8,1
2018,29874.0880344466,16721.0917249477,53373.3772034943,10.3047467627243,0.296087371115164,index,0.8,1
2019,43296.7752561585,20979.464444418,89354.556811915,10.6758334367636,0.369667038686588,index,0.8,1
2021,16266.5080503479,7696.25748013715,34380.2536278085,9.69686355212239,0.381830538663361,index,0.8,1
2022,14159.63858863,6409.34895529978,31281.7052650618,9.55815084352015,0.404414505599007,index,0.8,1
2023,22557.4486076031,12790.4833819365,39782.5846365797,10.0238206055818,0.289476705928394,index,0.8,1
2024,16960.1263116453,8899.65702240999,32321.0078526228,9.73862035693876,0.329012340969255,index,0.8,1
2025,16408.5619026784,7978.17117152667,33747.1956825049,9.70555854481909,0.36791189166153,index,0.8,1
2003,388.888137996589,137.847952350478,1097.10722064222,5.96329173927351,0.529163017423141,index,0.8,1
2004,539.684842298295,162.12259784391,1796.5399819645,6.29098534380921,0.61359929440539,index,0.8,1
2005,607.860783804622,238.49459265373,1549.2792871159,6.40994588174206,0.477355324568194,index,0.8,1
2006,300.911215597548,105.201657353608,860.704688026364,5.706815256446,0.536201792606537,index,0.8,1
2007,391.535836702505,141.106425795121,1086.41623199297,5.97007704815733,0.520704797470216,index,0.8,1
2008,406.587948465781,148.692532838566,1111.78252654484,6.00780026097579,0.513233729287448,index,0.8,1
2009,261.476530287497,95.7247856892985,714.234828512465,5.56634452914256,0.51269680388231,index,0.8,1
2010,454.104917842915,168.57800818292,1223.2394879489,6.11832826791295,0.505585651824725,index,0.8,1
2011,645.592382867981,248.110167120255,1679.85669291475,6.47016831835451,0.487914806655157,index,0.8,1
2012,529.168324430344,204.419933421028,1369.82294678516,6.27130657487558,0.485279427159916,index,0.8,1
2013,425.398905671232,149.515114428656,1210.34070460236,6.05302733029276,0.533494416715218,index,0.8,1
2014,1633.656069606,700.814384051179,3808.18689584092,7.39857576954788,0.431810335100502,index,0.8,1
2015,745.15138615439,302.000948182817,1838.5723343878,6.61358740062845,0.46080297939365,index,0.8,1
2016,2151.42119733057,958.971648921911,4826.64234498159,7.67388392475711,0.412263908853541,index,0.8,1
2017,1736.73392809036,754.106814499416,3999.75796397275,7.45976157551569,0.425634124059961,index,0.8,1
2018,911.199907211076,367.871822845855,2256.9961039103,6.8147623103014,0.462777758899766,index,0.8,1
2019,1595.61891582448,577.373686117715,4409.62202773097,7.37501697495251,0.518645898514445,index,0.8,1
2021,420.205751277157,147.329147675354,1198.49246528925,6.04074447531666,0.534742117723082,index,0.8,1
2022,390.834639702148,135.873112688971,1124.22327396571,5.96828455416823,0.539072711137003,index,0.8,1
2023,759.275497873559,314.68843210277,1831.96845787731,6.63236468633669,0.449386646071451,index,0.8,1
2024,476.710255154603,179.288223168104,1267.5270207597,6.16690887478535,0.49894497364239,index,0.8,1
2025,417.297603142488,153.145751575287,1137.06901952719,6.03379964385345,0.511442842394932,index,0.8,1
2003,13667.2327378135,6589.60961554749,28346.6338079942,9.52275647600057,0.372204333818568,index,0.8,1
2004,21495.6069299734,8608.54734793595,53674.6908174592,9.97560386439933,0.46689276194782,index,0.8,1
2005,20714.6545651775,10901.5435729166,39361.1153213811,9.93859667878364,0.327524900182759,index,0.8,1
2006,10834.6145207318,4901.78513021013,23948.1879957108,9.29050133610931,0.404674071730227,index,0.8,1
2007,15856.3095533636,7823.77992139674,32135.6882706389,9.67132277916954,0.360414631125026,index,0.8,1
2008,14473.8822119705,6706.09577375658,31239.229702895,9.58010107748847,0.392521941643719,index,0.8,1
2009,9428.12123809478,4390.94479554926,20243.8140808133,9.15145212333851,0.389880850395854,index,0.8,1
2010,17771.9629935981,8987.73601871898,35141.5159488449,9.78537738176678,0.347843697478385,index,0.8,1
2011,23116.0941691895,12189.593456189,43836.8852545717,10.048284371196,0.326509315948864,index,0.8,1
2012,17937.1867997813,9150.3818615896,35161.6659454207,9.79463131171017,0.343414688286895,index,0.8,1
2013,13197.5374894887,5809.15353552893,29982.8528754149,9.48778553734452,0.418678810194549,index,0.8,1
2014,47670.9090751707,26936.6981300014,84365.0383980109,10.7720766181905,0.291246035175097,index,0.8,1
2015,23583.4682583485,13047.2508423716,42628.1353682809,10.0683012480231,0.302030305431148,index,0.8,1
2016,57751.587431489,34914.5627993605,95525.9233811172,10.9639061159974,0.256763301072,index,0.8,1
2017,50669.7627903954,29796.2483649905,86166.0444558372,10.8330846169985,0.270896225854442,index,0.8,1
2018,30731.8837865882,17205.5266709804,54892.1691926651,10.3330559544689,0.295959532814982,index,0.8,1
2019,44797.9492053153,21694.2109953092,92506.5333528813,10.7099176406882,0.369964405917476,index,0.8,1
2021,16663.7877653461,7886.18320048258,35211.1808246485,9.72099324674269,0.381703800361908,index,0.8,1
2022,14528.3320892019,6579.40641221363,32080.7714359021,9.58385595914273,0.404168727614806,index,0.8,1
2023,23271.9547962043,13196.7176225042,41039.2868536504,10.0550042577619,0.289434321011043,index,0.8,1
2024,17409.6053849421,9134.26414391571,33182.1321218629,9.76477736650548,0.329082299221028,index,0.8,1
2025,16802.8800285186,8176.47025634536,34530.3986195856,9.72930558096783,0.367501525121699,index,0.8,1
2003,22.9641847852002,5.0900239081851,103.605364603651,3.13393581900704,0.768714784174873,index,0.8,1
2004,27.9880146595608,5.30467347423807,147.667706294835,3.33177637066373,0.848580976068372,index,0.8,1
2005,32.7463262900055,7.47157373512161,143.520217226907,3.48879078143827,0.753934838646151,index,0.8,1
2006,15.2380790910461,3.17284665675648,73.1831946213079,2.72379749841969,0.800610790244591,index,0.8,1
2007,21.74418918521,4.76613062042589,99.2020154244017,3.07934655794167,0.774407991622971,index,0.8,1
2008,19.5331487679454,4.09166429956436,93.2490724694373,2.9721129591302198,0.797545855416633,index,0.8,1
2009,16.159647985835,3.54113190317623,73.7431505423102,2.78251726980093,0.774540174757147,index,0.8,1
2010,26.5671370527363,5.95749184972117,118.47481943461,3.27967500284595,0.76278209840538,index,0.8,1
2011,36.5713483361074,8.22686141466674,162.572754262822,3.59926510148728,0.761167312458046,index,0.8,1
2012,29.8652223759269,6.88075925328851,129.626902312748,3.39669467219462,0.748975839012705,index,0.8,1
2013,24.1008323295375,5.22006026752608,111.272684453461,3.18224637639557,0.780492621870078,index,0.8,1
2014,99.6555109884261,24.3108031948178,408.510602910944,4.60171934857595,0.719808390477483,index,0.8,1
2015,44.8363397476403,10.6433899469558,188.877544840946,3.80301896569371,0.733727731647055,index,0.8,1
2016,132.286197810515,33.0961692804561,528.751167026952,4.88496774073927,0.706926355632552,index,0.8,1
2017,104.160168835926,25.6545538090906,422.901168060237,4.64592979938757,0.714915538328403,index,0.8,1
2018,53.4041550694352,12.5211250923221,227.775360253299,3.97788855322814,0.740049990423705,index,0.8,1
2019,94.4449666677227,20.4230378376426,436.754404500328,4.5480173015558,0.781317281441928,index,0.8,1
2021,22.9260362789829,4.89344436198975,107.409648620491,3.13227322012997,0.787961823926894,index,0.8,1
2022,22.141139130176,4.68136417515978,104.719484244159,3.09743737718439,0.792794067425578,index,0.8,1
2023,44.7693092723592,10.6411311774,188.353194722467,3.80152284377467,0.733072680508374,index,0.8,1
2024,27.231181857765,6.07170308450463,122.130027613359,3.3043627085262,0.765689359902718,index,0.8,1
2025,22.9794773022898,5.02187679273929,105.151201210258,3.13460152639559,0.77593150254889,index,0.8,1
2003,18449.2321114543,8654.01744556498,39331.3472781074,9.82277802862716,0.386231123591739,index,0.8,2
2004,12267.2566753365,5337.46960628043,28194.1814078935,9.41468893286508,0.424590439560243,index,0.8,2
2005,22590.3922703139,11789.771995303,43285.4700777903,10.0252799740883,0.331787892376663,index,0.8,2
2006,11124.1759180563,5304.57434699069,23328.4108697744,9.31687602950931,0.377839196901437,index,0.8,2
2007,17767.3635448776,9176.5694832124,34400.5685254546,9.7851185446309,0.337103044090795,index,0.8,2
2008,10865.51592755,5098.24506122907,23156.8775047039,9.29334937684156,0.386077361092942,index,0.8,2
2009,12292.5456402897,6120.10556037147,24690.2078449498,9.41674831213579,0.355829848840374,index,0.8,2
2010,18789.1726739419,9904.26720178589,35644.5360952647,9.84103606131266,0.326697374351891,index,0.8,2
2011,19452.7847069737,10283.2462507666,36798.7718691126,9.87574551139342,0.325247935223852,index,0.8,2
2012,14238.6539573035,7287.00295738986,27822.0370845648,9.56371565502789,0.34177568404159,index,0.8,2
2013,6401.21612092431,2667.0028515414,15363.9010183657,8.76424327019088,0.446708553688309,index,0.8,2
2014,36341.3901424643,20029.8225297143,65936.5121946311,10.5007125950012,0.303952027335019,index,0.8,2
2015,22302.4871675579,12775.1111429825,38935.1551068355,10.0124534834064,0.284290615914238,index,0.8,2
2016,51531.4128873077,30832.4150084336,86126.4520938704,10.8499468596793,0.262058391303163,index,0.8,2
2017,49137.6026308913,29249.4908361313,82548.5819851873,10.8023798583749,0.264679564150213,index,0.8,2
2018,29257.7812943043,16501.2906779842,51875.8067456763,10.2839008444368,0.292202800264004,index,0.8,2
2019,43110.655526247,20962.5770353037,88659.3579011172,10.6715254735232,0.367879919312683,index,0.8,2
2021,12387.1000940086,5915.15536219642,25940.189114832,9.42441089509058,0.377118079237706,index,0.8,2
2022,12916.2087471076,6204.98928192812,26886.1783347061,9.46623829364812,0.374052446433712,index,0.8,2
2023,16834.6636952976,9655.79577994162,29350.8591308965,9.73119535487634,0.283618345162322,index,0.8,2
2024,16711.4414637059,8921.72743942855,31302.4890853152,9.72384888140611,0.32021201430397,index,0.8,2
2025,16492.7907272135,8119.76564872898,33499.9995984168,9.71067863878543,0.361548514477657,index,0.8,2
2003,15222.2109816947,7125.01356246627,32521.4408561798,9.63051088904495,0.387325474546424,index,0.8,2
2004,10313.7315528816,4490.11792673908,23690.4821388865,9.24123144682228,0.42429208326442,index,0.8,2
2005,18593.9226456009,9637.47992067375,35873.8967236593,9.8305900668265,0.335299596114403,index,0.8,2
2006,9151.28737119861,4326.55024656727,19356.3129462565,9.12164984467863,0.382213171738214,index,0.8,2
2007,14974.2988175826,7673.5314390379,29221.1776102879,9.61409059835368,0.341107486121227,index,0.8,2
2008,9281.49933939297,4337.06642041064,19862.7878009292,9.13577837947468,0.388183113021211,index,0.8,2
2009,10070.2050599966,4968.62132774219,20409.8930591001,9.21733634896075,0.360434514495767,index,0.8,2
2010,15911.6758626142,8369.07311579222,30252.0273456748,9.67480844970127,0.32781726412922,index,0.8,2
2011,15780.869046907,8276.57310272962,30089.2440367012,9.66655366556448,0.329276142535374,index,0.8,2
2012,11778.2344734766,5978.81824546144,23203.0480969215,9.37400857105612,0.345940214618453,index,0.8,2
2013,5274.66005958031,2182.18045880845,12749.6507595543,8.57066951258623,0.450309114442636,index,0.8,2
2014,28943.45008111,15783.3860116575,53076.2728592564,10.2730992080457,0.309386328165445,index,0.8,2
2015,17567.9888658511,9981.16989533788,30921.6490678942,9.77383371053464,0.288463527175604,index,0.8,2
2016,39350.5899714797,23231.0460595716,66655.1530711427,10.5802662466551,0.268893405958533,index,0.8,2
2017,38232.3740206799,22466.8462986508,65060.9526511489,10.5514379231323,0.271250861565105,index,0.8,2
2018,23755.0181760394,13302.5697711164,42420.4419336496,10.075549078766601,0.295840419477487,index,0.8,2
2019,33330.1387645296,16187.8216864364,68625.5489825174,10.4142173346453,0.368477609576696,index,0.8,2
2021,10103.3725933446,4776.39742117592,21371.3660650154,9.22062456722356,0.382243097007651,index,0.8,2
2022,10519.5070837027,4992.04454767386,22167.2759982952,9.26098663003262,0.380305863826995,index,0.8,2
2023,13385.8053826023,7632.06728420977,23477.2282618124,9.50195012467863,0.286656336522424,index,0.8,2
2024,13689.3996759974,7254.51692589135,25832.1353997217,9.52437706604251,0.323984263456232,index,0.8,2
2025,13872.1217864678,6792.73854940314,28329.6289793905,9.5376364782831,0.364306193227054,index,0.8,2
2003,2194.03661458624,886.834767519039,5428.0648915151,7.69349832920378,0.462171577530624,index,0.8,2
2004,1289.94637213934,475.152472372761,3501.9530355933,7.16235592450657,0.50956047426812,index,0.8,2
2005,2616.10273492076,1209.67837840253,5657.69682409129,7.86944098356467,0.3935435494545,index,0.8,2
2006,1299.91192277544,552.263371821817,3059.71949832466,7.17005178944317,0.43675635921865,index,0.8,2
2007,1780.59603602314,817.289972897721,3879.31131989809,7.48470343893421,0.397308057290729,index,0.8,2
2008,1023.11726232303,406.394407129041,2575.74640324955,6.93060938530929,0.471072559704207,index,0.8,2
2009,1477.92406658352,654.692560969711,3336.31337333589,7.29839372439914,0.415430068073456,index,0.8,2
2010,1945.87789704133,864.666419811515,4379.07695203358,7.57346851516654,0.413846749658688,index,0.8,2
2011,2535.01301018193,1182.11297889767,5436.27476942537,7.83795404823378,0.389239434004584,index,0.8,2
2012,1583.61309491432,720.548818064913,3480.44486578864,7.3674642842773,0.401768155705449,index,0.8,2
2013,725.40523766126,266.968190422059,1971.06912997568,6.58673044719944,0.510009847516241,index,0.8,2
2014,4915.0805604736,2443.57022488219,9886.36081335058,8.50006342318419,0.356561637323237,index,0.8,2
2015,3222.79154941985,1655.82986294412,6272.61628954115,8.07800320377594,0.339774413779926,index,0.8,2
2016,8496.02131352326,4738.87387956124,15231.9686056985,9.04735325213244,0.297861822169205,index,0.8,2
2017,7485.5661386397,4102.51923245142,13658.363859142,8.92073193041825,0.306829831683276,index,0.8,2
2018,3737.04927121733,1869.75049517501,7469.19831899754,8.22605161409681,0.353318399548397,index,0.8,2
2019,6403.43382180851,2790.65595180863,14693.3070283015,8.76458966012209,0.423761717723626,index,0.8,2
2021,1532.77424969557,659.476661016732,3562.51712821452,7.33483460755537,0.430307919728311,index,0.8,2
2022,1661.47364059892,750.827518349327,3676.6029360163802,7.41546022284721,0.405254521529377,index,0.8,2
2023,2340.63263709925,1177.15433907657,4654.07207873174,7.7581765295464,0.350680577345996,index,0.8,2
2024,2023.02760554961,958.981622614047,4267.69460050737,7.6123504829222,0.380863412380229,index,0.8,2
2025,1720.00363922518,727.986104177013,4063.83102915451,7.45008168563385,0.438681390102199,index,0.8,2
2003,1032.98451517336,385.857699615487,2765.41587650393,6.94020747885565,0.502427003237683,index,0.8,2
2004,663.578750315522,227.525426100309,1935.32989001492,6.49764753597646,0.546125106989344,index,0.8,2
2005,1380.36688979212,586.082458448177,3251.10011905064,7.23010460498437,0.437071353345451,index,0.8,2
2006,672.976624082265,263.776777708736,1716.97273920472,6.51171059513698,0.477869693540433,index,0.8,2
2007,1012.46869127185,419.445952671462,2443.92118764502,6.92014687630195,0.449606320901496,index,0.8,2
2008,560.89932583407,215.050301830265,1462.95099817822,6.32954143457752,0.48912606526208,index,0.8,2
2009,744.416513709525,305.820055350167,1812.03271724259,6.61260070844133,0.453887847373249,index,0.8,2
2010,931.61891428641,378.813428467857,2291.13789594667,6.83692384081654,0.459130900981017,index,0.8,2
2011,1136.90264988466,475.456776441364,2718.53867556385,7.03606286993071,0.444797404561293,index,0.8,2
2012,876.806388912494,370.849734114225,2073.04838838303,6.77628620279185,0.439033195691401,index,0.8,2
2013,401.150823682753,143.51312286679,1121.30500770107,5.99433747550119,0.524454022646155,index,0.8,2
2014,2482.85950088073,1115.42564892123,5526.6716406205,7.81716619948543,0.408259971529408,index,0.8,2
2015,1511.706752287,680.374973575482,3358.82034711051,7.32099459102921,0.407329175132964,index,0.8,2
2016,3684.80160230484,1760.36266679834,7713.04862596459,8.21197196390806,0.376893066530469,index,0.8,2
2017,3419.6624715716,1647.77051154724,7096.91752433085,8.1372971326633,0.372516378031148,index,0.8,2
2018,1765.7138470476,778.464446722867,4004.9939374631,7.47631033352051,0.417858194690727,index,0.8,2
2019,3377.08293990885,1326.08363707657,8600.2789448226,8.12476758031756,0.47693852755252,index,0.8,2
2021,750.953250968426,292.428392003102,1928.44060481674,6.62134340078321,0.481194340909783,index,0.8,2
2022,735.228022805979,291.85546079463,1852.15052700201,6.60018068621005,0.471397439473281,index,0.8,2
2023,1108.22567559607,502.762225227353,2442.8329862988,7.01051552490342,0.403271787679812,index,0.8,2
2024,999.014182158911,424.745435858982,2349.71173765829,6.90676897490305,0.436374834757822,index,0.8,2
2025,900.66530152055,353.273588840599,2296.23162044283,6.80313371414461,0.477504140674421,index,0.8,2
2003,18431.3976678002,8645.80766224579,39292.6182561349,9.82181088434839,0.386221926119486,index,0.8,2
2004,12256.3542457287,5332.85107734816,28168.4632137692,9.41379979542434,0.424578470073998,index,0.8,2
2005,22564.4379937997,11775.8921593294,43236.9671093375,10.0241304058486,0.331802383981092,index,0.8,2
2006,11113.6410960335,5299.59662462779,23306.1168915133,9.31592856035762,0.377834785800102,index,0.8,2
2007,17751.4198470941,9168.38845780272,34369.4977626771,9.78422078309,0.337100058568871,index,0.8,2
2008,10856.8755288178,5094.27792503121,23138.0674519284,9.29255384756429,0.386068642174158,index,0.8,2
2009,12280.0153004606,6113.90420787128,24664.8901671378,9.4157284476662,0.355826749117995,index,0.8,2
2010,18772.5956271758,9895.67775057987,35612.5528199227,9.8401534059643,0.326689705053909,index,0.8,2
2011,19432.8545759418,10272.8926386818,36760.4189250204,9.87472044748065,0.325238897332546,index,0.8,2
2012,14220.9945375871,7277.38801113076,27789.735180914,9.56247464026371,0.341816154999629,index,0.8,2
2013,6394.70575676936,2664.23807365231,15348.576435439,8.76322570150315,0.446718569195915,index,0.8,2
2014,36296.6409989842,20005.3574321345,65854.6667950521,10.4994804815081,0.303946959196934,index,0.8,2
2015,22274.2437620968,12759.2135345759,38884.9934855955,10.0111863016885,0.284279398144807,index,0.8,2
2016,51450.5173740059,30784.4556668427,85990.0128396319,10.8483757970718,0.262051060988786,index,0.8,2
2017,49068.1427768406,29208.2683415037,82431.5432677398,10.8009652799234,0.264677398902016,index,0.8,2
2018,29225.1429082835,16483.0279921115,51817.4802844691,10.282784676261,0.29219830405414,index,0.8,2
2019,43044.3544246601,20931.4723828897,88518.209036758,10.6699863612948,0.367852269762058,index,0.8,2
2021,12374.8500392656,5909.32874510575,25914.434633738,9.42342146932432,0.377116085149191,index,0.8,2
2022,12902.5931140729,6198.44755569492,26857.8394140593,9.46518358674344,0.374052506622424,index,0.8,2
2023,16814.196524907198,9644.32056161285,29314.3724300804,9.72997883979794,0.283604375359333,index,0.8,2
2024,16694.5010910369,8912.84707886608,31270.1838382813,9.72283466819579,0.320202649768839,index,0.8,2
2025,16478.6924921328,8112.89802014175,33471.0612134048,9.70982346124634,0.361543908179804,index,0.8,2
2003,17.8344436541013,2.88308854205886,110.32175245793,2.88113162427336,0.929746418140088,index,0.8,2
2004,10.9024296078786,1.67887978893458,70.7989768762293,2.388985664202,0.954537379385354,index,0.8,2
2005,25.9542765141782,4.47317414244579,150.59205117512,3.25633639426839,0.897076758823886,index,0.8,2
2006,10.5348220228399,1.7320938449162,64.0741697562475,2.3546861532207,0.92111649796205,index,0.8,2
2007,15.943697783501,2.70750935298188,93.8875792734205,2.7690636278576,0.904626047970484,index,0.8,2
2008,8.6403987322666609,1.38328859623359,53.970292573675,2.15644873131901,0.934703413322911,index,0.8,2
2009,12.5303398290647,2.10789240301228,74.4864472244751,2.52815288977442,0.90943727368061,index,0.8,2
2010,16.5770467660526,2.80245019024208,98.0565079945841,2.80801901357965,0.90691712966387,index,0.8,2
2011,19.9301310318616,3.40428207029612,116.679556730334,2.99223270880729,0.901648525740446,index,0.8,2
2012,17.6594197163753,3.18187599841532,98.0098234105976,2.87126933599356,0.874402994164843,index,0.8,2
2013,6.51036415495679,1.03272684143349,41.0416769756011,1.8733953924374,0.939401276805066,index,0.8,2
2014,44.7491434801766,7.88939771796088,253.819862275495,3.80107230442991,0.885502244446733,index,0.8,2
2015,28.2434054611675,5.06238053310003,157.572104038458,3.34085999533934,0.877068749805892,index,0.8,2
2016,80.8955133018305,14.9206736773895,438.591729425957,4.39315836272217,0.862470244177751,index,0.8,2
2017,69.4598540506557,12.8454398925497,375.594091373755,4.24074894611383,0.861117899738255,index,0.8,2
2018,32.6383860208031,5.75846306219704,184.991069758903,3.48548908098126,0.885127729408543,index,0.8,2
2019,66.3011015869004,10.9166849557593,402.67133195205,4.19420651224082,0.920381281350776,index,0.8,2
2021,12.2500547429929,2.03217976077194,73.8437829679595,2.5055304057965,0.916558380264218,index,0.8,2
2022,13.6156330346888,2.28013864051523,81.3044696674313,2.61121862043146,0.911742453517395,index,0.8,2
2023,20.4671703903747,3.61336706837426,115.93205336238,3.01882215808968,0.884803051588161,index,0.8,2
2024,16.9403726690559,2.90653004865214,98.7349937426509,2.82969968833588,0.899373537321336,index,0.8,2
2025,14.0982350806662,2.33240919950698,85.2167074421335,2.64604961796555,0.917949466202121,index,0.8,2
2003,17823.4152235593,8363.31603266967,37984.2312535449,9.78826833381578,0.386057120297387,index,0.8,2
2004,11867.1117937696,5164.33307594772,27269.4150928642,9.38152613817943,0.424494988302333,index,0.8,2
2005,21732.0756528045,11332.7559850407,41674.1622957941,9.98654458883618,0.332195909126776,index,0.8,2
2006,10737.306404676,5113.3558503267,22546.7877070455,9.2814795362977,0.378511213635515,index,0.8,2
2007,17231.738899462,8900.63603317363,33360.8547066221,9.75450824720744,0.337062433213112,index,0.8,2
2008,10516.0643299386,4924.02938315325,22458.763014243,9.26065930317023,0.387138158932864,index,0.8,2
2009,11866.7276303708,5901.46894962556,23861.7242343266,9.3814937655496191,0.356403075588113,index,0.8,2
2010,18228.4627409303,9609.98063927765,34576.2251111529,9.81073953833159,0.326629497308257,index,0.8,2
2011,18767.899201638,9919.19384795375,35510.3495144928,9.83990320012212,0.325351013336245,index,0.8,2
2012,13726.1126381396,7017.24028181997,26849.0404472841,9.52705532962314,0.342317531054737,index,0.8,2
2013,6156.00267888515,2559.26453712153,14807.5231898709,8.7251829301252,0.447818292089792,index,0.8,2
2014,34906.5945272591,19219.6368128704,63397.1574673321,10.4604310452766,0.304466441195113,index,0.8,2
2015,21429.8039503078,12275.3207916912,37411.3642438958,9.97253794005003,0.284286781992518,index,0.8,2
2016,49204.2923989793,29437.8139964651,82243.2803867493,10.8037361425566,0.262097073905491,index,0.8,2
2017,47061.8736985233,27994.2110495527,79117.0700290606,10.759218476587,0.265038266586915,index,0.8,2
2018,28214.7073417542,15911.8744050681,50029.914145582,10.2475986579147,0.292238905931603,index,0.8,2
2019,41152.8509273491,20036.7754949897,84522.4392453815,10.6250484850504,0.367212791622037,index,0.8,2
2021,11958.8471983909,5708.33748077995,25053.5338521929,9.38922663476459,0.377325062897057,index,0.8,2
2022,12491.6528306316,5998.43248587814,26013.694545765,9.43281592668086,0.374273441115704,index,0.8,2
2023,16217.6800623919,9306.73774219749,28260.5090947798,9.69385728799409,0.283353871367066,index,0.8,2
2024,16155.4343946011,8628.26790150536,30249.1836667152,9.69001176707079,0.320012364894023,index,0.8,2
2025,15997.6481711773,7874.02891394793,32502.3885238003,9.68019700111651,0.361675960952514,index,0.8,2
2003,625.816887895025,214.845224563913,1822.92521497542,6.43905781696051,0.545489581572669,index,0.8,2
2004,400.14488156689,130.027224927409,1231.40308757316,5.9918266854452,0.573522188807319,index,0.8,2
2005,858.316617509417,333.481453872887,2209.14059038982,6.75497304949378,0.482348555237526,index,0.8,2
2006,386.869513380362,141.066242383411,1060.97687054262,5.95808746144586,0.514732865099142,index,0.8,2
2007,535.624645415601,197.850690388804,1450.05185583534,6.28343362735061,0.508132280962964,index,0.8,2
2008,349.451597611395,127.448907987465,958.15979125664,5.85636506170091,0.514626547750802,index,0.8,2
2009,425.818009918858,163.15627436493,1111.33315759404,6.05401204822732,0.48944958981309,index,0.8,2
2010,560.70993301152,211.756391696437,1484.70431734823,6.32920371834906,0.496829129436189,index,0.8,2
2011,684.885505335657,264.290156394115,1774.82264878376,6.52925167879647,0.485827346550139,index,0.8,2
2012,512.541319163885,199.792150416697,1314.85948423077,6.23938133052152,0.480674012233769,index,0.8,2
2013,245.213442039161,82.7058395531831,727.030068028358,5.50212902327382,0.55451978762157,index,0.8,2
2014,1434.79561520521,604.1329641747,3407.59167185056,7.26877768962141,0.441326158732761,index,0.8,2
2015,872.683217250167,366.132561085919,2080.05536413186,6.7715726231492,0.443159758757934,index,0.8,2
2016,2327.12048832845,1032.75617401012,5243.72538599317,7.75238694035825,0.414497685816703,index,0.8,2
2017,2075.72893236798,931.221627482036,4626.8798678139,7.63806766368342,0.408971985153735,index,0.8,2
2018,1043.07395255008,423.648379554713,2568.17522029005,6.94992735617858,0.459714334350477,index,0.8,2
2019,1957.80459889793,717.815775893941,5339.80859182482,7.57957902183771,0.511930868710329,index,0.8,2
2021,428.252895617665,153.038710924689,1198.39314835295,6.05971389869372,0.525021380413471,index,0.8,2
2022,424.555916475959,156.464146523675,1152.00657926746,6.0510437202238,0.509303660709687,index,0.8,2
2023,616.983632905725,254.076445237132,1498.24515577689,6.42484249665845,0.452665108348214,index,0.8,2
2024,556.007069104831,211.641256536757,1460.6975310641,6.32078100838708,0.492809235703036,index,0.8,2
2025,495.142556036198,178.593413018073,1372.76143982561,6.20484571309928,0.520281971800674,index,0.8,2
2003,18403.8025316826,8632.81565954787,39234.0067230052,9.82031258157655,0.386224743179153,index,0.8,2
2004,12240.3660908798,5326.06693793836,28130.8071762152,9.41249446500464,0.424561949672956,index,0.8,2
2005,22529.1115678961,11757.3057082345,43169.8282441723,10.0225635993552,0.33180890859418,index,0.8,2
2006,11098.1889426332,5292.30633095823,23273.3689442509,9.31453721566733,0.37782725207217,index,0.8,2
2007,17728.2361705539,9156.49875466231,34324.2942679268,9.78291391135324,0.337095356848177,index,0.8,2
2008,10844.3007032627,5088.49374108111,23110.7403735939,9.29139494015503,0.386056991610445,index,0.8,2
2009,12261.1193895414,6104.57267747992,24626.629352646,9.41418850952626,0.3558203754921,index,0.8,2
2010,18748.5678803372,9883.24747568807,35566.1232229885,9.83887264876613,0.326677543674633,index,0.8,2
2011,19403.8779714395,10257.8600426174,36704.5834868347,9.87322822051001,0.325224698725009,index,0.8,2
2012,14198.3296066613,7265.45486817314,27746.7229894286,9.5608796033363,0.341839658115575,index,0.8,2
2013,6384.16592296917,2659.55634816951,15324.9524342859,8.76157612923193,0.446774295178959,index,0.8,2
2014,36227.6385083129,19966.4250377701,65732.4378002711,10.4975776012048,0.303969977079255,index,0.8,2
2015,22230.4436897216,12734.0988875983,38808.6060116256,10.0092179658109,0.284280396999044,index,0.8,2
2016,51336.6950203246,30716.7843091362,85798.572828665,10.8461610779924,0.262043883304991,index,0.8,2
2017,48968.5178737565,29149.0327448897,82263.9901549668,10.7989328782338,0.264676225222016,index,0.8,2
2018,29178.346860866,16456.758299889,51734.1210230177,10.2811821673145,0.292194479648834,index,0.8,2
2019,42948.7256304916,20886.6294878986,88314.5379847893,10.6677622559708,0.367811738299639,index,0.8,2
2021,12357.0606150345,5900.87243901689,25877.0120218151,9.42198288841178,0.377112745060694,index,0.8,2
2022,12882.7817450235,6188.93367378594,26816.5849301121,9.46364695033183,0.374052212807399,index,0.8,2
2023,16785.1449022402,9627.96686280719,29262.7813747019,9.72824954221811,0.283587958481789,index,0.8,2
2024,16669.8798436869,8899.97876057918,31223.0963104991,9.72135876778167,0.320186801117843,index,0.8,2
2025,16458.0491021795,8102.81828171364,33428.7862361471,9.70856994364519,0.36153864717704,index,0.8,2
2003,45.4295797717394,10.7322997796967,192.302373265905,3.81616342971179,0.736189835968728,index,0.8,2
2004,26.890584456768,5.93520604000509,121.832928385744,3.29177620514193,0.770868482027542,index,0.8,2
2005,61.2807024177733,15.7530013017245,238.387873960538,4.11546498779767,0.693091348900062,index,0.8,2
2006,25.9869754231298,6.19679613930295,108.979362312589,3.25759546724225,0.731423164806333,index,0.8,2
2007,39.1273743237066,9.76094231017465,156.844633726768,3.66682233260897,0.708397398943344,index,0.8,2
2008,21.2152242873693,4.92510484930677,91.3860222948826,3.05471905071103,0.745102205261668,index,0.8,2
2009,31.4262507482845,7.72771053850767,127.801013142604,3.44764355474344,0.715743210486176,index,0.8,2
2010,40.6047936046486,10.0956535037486,163.31278238342,3.7038861287181,0.710105468589251,index,0.8,2
2011,48.9067355341747,12.2518346845965,195.225355400596,3.88991512798057,0.706257585829041,index,0.8,2
2012,40.3243506421569,10.6408070909905,152.812962476164,3.69695552077329,0.679736564461843,index,0.8,2
2013,17.0501979551433,3.95573689802801,73.4905424206789,2.83616181393446,0.745419263303105,index,0.8,2
2014,113.751634151408,30.0632835145318,430.406554422482,4.73401742389409,0.678947584757061,index,0.8,2
2015,72.043477836344,19.258260109046,269.508391171734,4.27726979560478,0.673139782536557,index,0.8,2
2016,194.717866983166,53.794439332864,704.813512189742,5.27155167490213,0.656329188366843,index,0.8,2
2017,169.084757134776,46.381754495202,616.398741412073,5.13040011071075,0.659958020198174,index,0.8,2
2018,79.43443343826,20.8620207819931,302.455322118347,4.37493194475227,0.682156221685774,index,0.8,2
2019,161.929895755456,38.6460017055791,678.499456143934,5.08716349932217,0.730993115025112,index,0.8,2
2021,30.0394789740819,7.25868288226067,124.315982895408,3.40251248234079,0.724663362358884,index,0.8,2
2022,33.4270020840953,8.13542632900394,137.345533367631,3.5093640189981,0.721000938836393,index,0.8,2
2023,49.51879305735,13.0650779410249,187.684365675074,3.90235225524713,0.679813201246018,index,0.8,2
2024,41.5616200189729,10.4621291963117,165.106760410726,3.72717714571609,0.703796173104174,index,0.8,2
2025,34.7416250340597,8.44060477812812,142.996922819418,3.54793853675003,0.721893149921863,index,0.8,2
2003,16479.5163074915,7722.10087428997,35168.4680309036,9.70987345275916,0.386757980639414,index,0.8,3
2004,13251.1304163927,5655.13846522142,31050.0721409609,9.49183814222003,0.434456079415717,index,0.8,3
2005,22525.7950840372,11887.334487061,42685.048083768,10.0224163797021,0.326122113091266,index,0.8,3
2006,9824.20756261449,4795.09975632867,20127.8511684662,9.19260477828002,0.365953146382766,index,0.8,3
2007,19563.7023098567,10141.70111602,37739.0778618111,9.8814312053227,0.335220536963712,index,0.8,3
2008,9528.92007890465,4464.50966934767,20338.2509155635,9.162086672169,0.386829557769693,index,0.8,3
2009,7377.80310408458,3451.56796347391,15770.2178310451,8.90623119090496,0.387582275975961,index,0.8,3
2010,21743.2125362138,11449.5766839026,41291.2463444735,9.98705692051318,0.327224830716947,index,0.8,3
2011,19677.8316548693,9888.80587977712,39157.109902344,9.88724798439721,0.351072424116867,index,0.8,3
2012,17205.2933287832,9009.7853253117,32855.6239511989,9.75297236712915,0.330060066502672,index,0.8,3
2013,11303.4785741815,4578.24262629376,27907.788709838,9.33286579575105,0.461128523511269,index,0.8,3
2014,37277.8500512017,19710.7900941087,70501.390243876,10.5261545968361,0.325124908706223,index,0.8,3
2015,18227.4688676919,10004.0322081042,33210.6708986334,9.8106850136935,0.306098227779091,index,0.8,3
2016,64406.429096729,39211.0289358416,105791.360787277,11.0729687378042,0.253196183760299,index,0.8,3
2017,41782.7676975967,24296.085513707,71855.1832346167,10.6402392774736,0.276621792731303,index,0.8,3
2018,29977.1785854083,17051.734213567,52700.2840113751,10.308191657335,0.287854506940082,index,0.8,3
2019,38315.2654860918,17263.0109959223,85040.7596691251,10.5536036724185,0.406784144977302,index,0.8,3
2021,14194.4259590546,6343.4867858762,31761.9843956614,9.56060462843136,0.410936513274029,index,0.8,3
2022,13326.304175815,6581.79192455429,26982.0719071682,9.49749511860226,0.359921308739569,index,0.8,3
2023,21257.5049100418,12110.8245323258,37312.2006511037,9.96446528423919,0.287051378265313,index,0.8,3
2024,15419.4124067746,7871.22275017306,30206.0158270792,9.64338254047522,0.343074591128311,index,0.8,3
2025,16369.6698680521,8043.53609372168,33314.4637466316,9.70318550327436,0.362538001077289,index,0.8,3
2003,13840.2030204091,6468.57343672288,29612.5910171602,9.53533289816877,0.388079592226857,index,0.8,3
2004,11287.7807661667,4822.31148319384,26421.7678739939,9.33147607149489,0.433919921632522,index,0.8,3
2005,18718.7819880154,9838.69933762954,35613.7317637832,9.83728268317201,0.328171276651576,index,0.8,3
2006,8199.83757844194,3982.9082135775,16881.4676882637,9.01186962554909,0.368426202151554,index,0.8,3
2007,16444.0789028246,8460.40880199445,31961.5443285171,9.70772074628068,0.339071522916311,index,0.8,3
2008,8041.73791694975,3752.80827146745,17232.3081934638,8.99240049763866,0.388854485367877,index,0.8,3
2009,6189.70272132561,2879.95867513121,13303.1144193901,8.73064233889139,0.390369986801907,index,0.8,3
2010,18396.5746780581,9659.09227222474,35037.8638434332,9.81991976746619,0.328712577085772,index,0.8,3
2011,16355.9002813113,8169.61992082124,32745.1554178677,9.70234398470093,0.354172997424357,index,0.8,3
2012,14299.4018948904,7436.83167253281,27494.6245330245,9.56797298984115,0.333563681953834,index,0.8,3
2013,9481.47583037662,3822.12519379874,23520.5231026636,9.15709526144223,0.463545957093558,index,0.8,3
2014,30795.6712888184,16194.8949459151,58560.0198887469,10.3351294165138,0.327903000678043,index,0.8,3
2015,14840.2835882361,8075.02660207795,27273.472625167,9.60510062625819,0.310500187043283,index,0.8,3
2016,49753.6556154067,29866.8473294244,82882.0738859081,10.8148392195939,0.260379713283754,index,0.8,3
2017,33391.1218891133,19199.2653275272,58073.4211436217,10.4160453319274,0.282361330718425,index,0.8,3
2018,24312.0711029204,13731.8418064924,43044.2477886686,10.0987282591942,0.291462307089394,index,0.8,3
2019,30874.5657551299,13898.1284998829,68587.5663457764,10.3376880092202,0.407241431862196,index,0.8,3
2021,11915.0139005979,5291.71266041713,26828.2813829599,9.38555455617907,0.414118491867167,index,0.8,3
2022,11007.0088324215,5396.50940934744,22450.4831265837,9.30628751545984,0.363669895577885,index,0.8,3
2023,16911.2294236301,9564.83010975233,29900.1317678456,9.7357331431901,0.290763007700909,index,0.8,3
2024,12852.1169937245,6529.34768947791,25297.6130351531,9.46126382334749,0.345517318594761,index,0.8,3
2025,13752.4161408026,6721.32507573995,28138.6404583304,9.52896980698898,0.365276716647478,index,0.8,3
2003,1772.65138834969,747.103263110504,4205.9687057655,7.48023166426527,0.440838841124602,index,0.8,3
2004,1314.49912536966,497.502554474302,3473.16397686327,7.18121097879859,0.495728643615573,index,0.8,3
2005,2478.69241532048,1173.55983084562,5235.28151550675,7.81548644822597,0.381481218622626,index,0.8,3
2006,1068.27001590622,477.150188559325,2391.70151085957,6.97379581144779,0.411213938502776,index,0.8,3
2007,2032.7141061618,969.678249999165,4261.13160462529,7.61712717715898,0.377641052364538,index,0.8,3
2008,982.85152158808,415.977344849662,2322.23491362763,6.89045806254127,0.438695440345429,index,0.8,3
2009,788.915200817205,338.522532595937,1838.53993206218,6.67065883828555,0.431675372000575,index,0.8,3
2010,2233.35375659072,1041.80790227107,4787.7050953488,7.71125966141125,0.389061644466159,index,0.8,3
2011,2223.39008291368,1029.86943505233,4800.08755726181,7.7067883744647,0.392660818990371,index,0.8,3
2012,1866.85157880959,885.67068926388,3935.0233213662,7.53200864322557,0.380447523597207,index,0.8,3
2013,1197.32782647699,445.515061109422,3217.83492680622,7.08784754147585,0.504405435880675,index,0.8,3
2014,4217.51491519072,2018.3616602351,8812.80714467407,8.34700135091434,0.376006883140824,index,0.8,3
2015,2225.32097012241,1123.58422586555,4407.37178937499,7.7076564404312,0.348668337588629,index,0.8,3
2016,9726.74925060128,5611.13869002703,16861.043045011,9.18263502383883,0.280681724362629,index,0.8,3
2017,5540.74753803595,3010.71721840895,10196.8670762361,8.619884705302,0.311205257960317,index,0.8,3
2018,3733.51269446362,1959.86485530641,7112.28480983285,8.22510481062094,0.328819313636089,index,0.8,3
2019,4852.03080456273,2007.0990322344,11729.4675301683,8.48715261888194,0.450368953128927,index,0.8,3
2021,1519.20044161565,629.204660130393,3668.07515590696,7.32593945018764,0.449744423645842,index,0.8,3
2022,1546.13085958025,721.181668876483,3314.72739548487,7.34351086953697,0.389098882468,index,0.8,3
2023,2846.48904934429,1488.65989180995,5442.81467688749,7.95384160132394,0.330725469279765,index,0.8,3
2024,1678.06379029473,776.53641429553,3626.22799454018,7.42539590197485,0.393146185920373,index,0.8,3
2025,1737.00714053341,775.532845263798,3890.47843001126,7.45991887707515,0.411420081213419,index,0.8,3
2003,866.66189873272,338.985047022882,2215.74034994028,6.76464893386408,0.478933768139518,index,0.8,3
2004,648.850524856327,227.2012156447,1853.01386883734,6.47520237408532,0.535400826229998,index,0.8,3
2005,1328.32068070126,581.686562249092,3033.31028304393,7.19167077731731,0.421303163735391,index,0.8,3
2006,556.099968266315,227.731952649994,1357.94371895228,6.32094807712881,0.455507750704933,index,0.8,3
2007,1086.90930087024,471.770112422449,2504.12605040219,6.99109344377812,0.42582498116067,index,0.8,3
2008,504.330640366839,202.686571732306,1254.89021122106,6.22323208545002,0.465095934609397,index,0.8,3
2009,399.185181941771,159.435934361745,999.453543015825,5.98942542436403,0.468265363808345,index,0.8,3
2010,1113.28410156501,477.717786563226,2594.42190694606,7.01506957617371,0.431665800694657,index,0.8,3
2011,1098.54129064435,460.558936856383,2620.27912320563,7.0017384793243,0.443527357741217,index,0.8,3
2012,1039.03985508319,461.246109798671,2340.62422970361,6.94605234944264,0.414354852726988,index,0.8,3
2013,624.67491732787,220.687110458633,1768.19911016836,6.43723138214528,0.530869690357581,index,0.8,3
2014,2264.66384719255,1007.03201517368,5092.88906757987,7.72518161506749,0.413486643949317,index,0.8,3
2015,1161.86430933342,527.523558166429,2558.99220500204,7.05778115721416,0.40285823569116,index,0.8,3
2016,4926.02423072083,2423.98435489699,10010.6729949088,8.50228749761293,0.361802364884466,index,0.8,3
2017,2850.8982704476,1384.60022508985,5870.01273086872,7.95538940621628,0.368487727888102,index,0.8,3
2018,1931.59478802428,896.064055158163,4163.83003385178,7.5661012557271,0.391889525131166,index,0.8,3
2019,2588.66892639913,966.982316161551,6930.02002053665,7.85889909455609,0.502416827226089,index,0.8,3
2021,760.211616841065,291.249815167662,1984.28178245338,6.63359683773419,0.489506682285846,index,0.8,3
2022,773.164483813182,318.389847112063,1877.5200417107,6.65049181225587,0.452669157700422,index,0.8,3
2023,1499.78643706744,705.984456206076,3186.13156003375,7.3130780016656,0.384438074915356,index,0.8,3
2024,889.231622755277,379.466934087978,2083.79916107435,6.79035774461027,0.434492821547149,index,0.8,3
2025,880.246586716161,366.429369477213,2114.55226564102,6.78020208039761,0.447149182767032,index,0.8,3
2003,16465.7357891901,7715.73940025237,35138.622627735,9.70903688188912,0.386751638477267,index,0.8,3
2004,13241.0016622395,5650.93227398009,31025.6992154577,9.49107348087706,0.434445567786201,index,0.8,3
2005,22503.2909940073,11875.1866491981,42643.380733318,10.0214168438969,0.326133797525073,index,0.8,3
2006,9815.47407521946,4790.88496831731,20109.7567481659,9.19171540663625,0.365948040704557,index,0.8,3
2007,19546.9898481191,10133.0866310155,37706.6560304521,9.8805765815954,0.335218062153938,index,0.8,3
2008,9521.01590882129,4460.85488434943,20321.1595728133,9.16125683520345,0.386824011273813,index,0.8,3
2009,7371.37375390442,3448.55049267302,15756.5189012597,8.90535936590086,0.38758369909104,index,0.8,3
2010,21724.9778074851,11440.023003189,41256.4433309402,9.9862179286134,0.327222672443067,index,0.8,3
2011,19659.8754470039,9879.87314961679,39121.0187356198,9.88633505833032,0.351067729920513,index,0.8,3
2012,17187.1222306911,8999.64499892566,32823.2025383199,9.75191567486213,0.330095485931786,index,0.8,3
2013,11293.8642797894,4574.30045389001,27884.3446459301,9.33201487314176,0.461133888431697,index,0.8,3
2014,37241.2386979151,19691.5549578176,70431.7085535434,10.5251719934027,0.325121715479357,index,0.8,3
2015,18208.5781969759,9993.75145022587,33175.962160625,9.80964809152819,0.306093772418703,index,0.8,3
2016,64310.1729175648,39152.7862097279,105632.286768381,11.0714731079383,0.253191510360526,index,0.8,3
2017,41731.6634779214,24266.1770282644,71767.8658078693,10.6390154356696,0.276625831923362,index,0.8,3
2018,29943.6721510242,17032.8603696452,52640.8062080944,10.3070733007875,0.287848952862332,index,0.8,3
2019,38271.2112828014,17243.739465548,84940.1381863361,10.5524532288936,0.40676706721703,index,0.8,3
2021,14182.5627445059,6338.21449095104,31735.2917432848,9.55976851327032,0.410934148733899,index,0.8,3
2022,13313.3498066619,6575.4518662518,26955.6049804343,9.4965225556566,0.359916805426612,index,0.8,3
2023,21231.2982160487,12096.1230249649,37265.4959782126,9.96323170290066,0.287041720284672,index,0.8,3
2024,15405.0419440854,7864.03252623624,30177.306173047,9.64245013378496,0.34306514873598,index,0.8,3
2025,16355.8626873474,8036.79131819296,33286.2001333527,9.70234168620274,0.362535484870651,index,0.8,3
2003,13.780518301465,2.22626501641752,85.301023578316,2.62325587746635,0.930083711274354,index,0.8,3
2004,10.1287541532249,1.55070055152902,66.1582667235877,2.3153783248359,0.957503067447358,index,0.8,3
2005,22.5040900298447,3.91668990951702,129.301547932296,3.11369707179476,0.892082813427744,index,0.8,3
2006,8.73348739503134,1.4475486745701,52.6917010937981,2.16716476259579,0.917003179766031,index,0.8,3
2007,16.7124617375715,2.84707720093545,98.1028463991145,2.81615465297572,0.90300727075426,index,0.8,3
2008,7.90417008335569,1.2814768688798,48.7530490981302,2.06739047885722,0.928270762414221,index,0.8,3
2009,6.42935018016807,1.05617930338018,39.1378088994306,1.86087347251551,0.921555457663794,index,0.8,3
2010,18.2347287286487,3.11703221322642,106.673691210663,2.90332794773917,0.901264832543667,index,0.8,3
2011,17.9562078654884,3.01126708400423,107.073000140487,2.88793589723319,0.911024367281172,index,0.8,3
2012,18.1710980921463,3.27444494710457,100.838099649949,2.89983231493237,0.874344608128655,index,0.8,3
2013,9.61429439206364,1.48442443954174,62.2696947012014,2.26325099018702,0.953192962012807,index,0.8,3
2014,36.6113532865442,6.2977456683893,212.836665697706,3.60035839139144,0.898060712507422,index,0.8,3
2015,18.8906707160263,3.30504529588821,107.973539892267,2.93866818728998,0.889413286452887,index,0.8,3
2016,96.2561791642608,17.6967514058666,523.556658214163,4.56701317021642,0.864113880271463,index,0.8,3
2017,51.1042196753586,9.25545357129926,282.173234246012,3.93386707061758,0.871778324003152,index,0.8,3
2018,33.5064343841188,5.91200880636097,189.898422331395,3.51173749155544,0.885093722139917,index,0.8,3
2019,44.0542032903418,6.96333358319757,278.713177296263,3.78542076872302,0.94122262474773,index,0.8,3
2021,11.8632145487532,1.89650053143824,74.2081834920551,2.47344239805476,0.935441696964502,index,0.8,3
2022,12.9543691530859,2.16701469776205,77.4409515208795,2.56143311758226,0.912303810996624,index,0.8,3
2023,26.206693993088,4.64249664435388,147.935661059145,3.26601487405292,0.883058360393679,index,0.8,3
2024,14.3704626891159,2.4087192834419,85.7344395915592,2.66517489784091,0.911281902799281,index,0.8,3
2025,13.8071807047445,2.29791859450313,82.9612674136924,2.62518879775628,0.914907139926957,index,0.8,3
2003,16042.9416498643,7517.79435259024,34235.5702630083,9.68302425923571,0.386739856175784,index,0.8,3
2004,12926.7897548642,5518.94150471793,30277.8881101771,9.46705716212014,0.434250733351112,index,0.8,3
2005,21856.5727348737,11531.3667268914,41426.9863259827,9.99225696695368,0.326246211240856,index,0.8,3
2006,9550.34788765616,4659.9766251203,19572.8760276568,9.16433286083811,0.366112416074829,index,0.8,3
2007,19052.7840630724,9877.16163791821,36752.3175038956,9.85496851491987,0.33520414367078,index,0.8,3
2008,9269.76185758644,4336.09963612285,19816.9996326925,9.13451296864917,0.387651228785907,index,0.8,3
2009,7178.35048053186,3356.0504680835,15353.975189407,8.87882489756095,0.387917736202596,index,0.8,3
2010,21178.3316724745,11150.552467189,40224.1712909859,9.96073384704797,0.327296586988523,index,0.8,3
2011,19123.9500042473,9608.33263465969,38063.3641310132,9.85869675544888,0.35118541826504,index,0.8,3
2012,16681.587106773,8728.86615054864,31879.8963807419,9.72206082167239,0.330449980736796,index,0.8,3
2013,10994.012298522,4449.00765871012,27167.475466899,9.30510606707761,0.461574662577311,index,0.8,3
2014,36174.001646635,19117.0151662691,68449.9323638993,10.4960959532373,0.325394698269867,index,0.8,3
2015,17661.2488587036,9691.6568570255,32184.3535992454,9.77912818845852,0.306182928179612,index,0.8,3
2016,61846.0589079127,37654.2592340513,101580.407641695,11.0324036556273,0.25316909170026197,index,0.8,3
2017,40306.1977359424,23415.7967828801,69380.0681220752,10.6042605260841,0.277094059172571,index,0.8,3
2018,29007.8580188793,16498.8245256768,51000.9561913891,10.2753220384322,0.287902036159981,index,0.8,3
2019,37024.9197762293,16695.741470074,82107.4455958342,10.5193464723877,0.406353134330765,index,0.8,3
2021,13821.5482259278,6175.29431999448,30935.3992639849,9.53398411897231,0.411064847012508,index,0.8,3
2022,12944.0223216845,6394.45091627912,26202.0486290261,9.46838936377797,0.35980432315313,index,0.8,3
2023,20508.3212991001,11686.9527902323,35988.1014372405,9.92858599979374,0.286922439297748,index,0.8,3
2024,14988.0878467832,7653.33948853532,29352.2556577302,9.61501102103753,0.342921431374697,index,0.8,3
2025,15939.158531465,7829.74290618549,32447.652207133,9.6765341612058,0.362684831367397,index,0.8,3
2003,436.574657627224,159.997964263291,1191.24910469912,6.07895939760118,0.512151403658721,index,0.8,3
2004,324.340661528508,108.47705440199,969.761442184032,5.78179438790347,0.558814205818709,index,0.8,3
2005,669.222349163463,274.942491378778,1628.91719782544,6.50611636539222,0.453862631594478,index,0.8,3
2006,273.859674958324,105.930204319029,708.005068529883,5.61261584001345,0.484618809369629,index,0.8,3
2007,510.918246784246,204.128206312345,1278.79169475317,6.23620959068087,0.468101117754101,index,0.8,3
2008,259.158221318205,100.878123565683,665.78343552440106,5.55743876830078,0.481399497601435,index,0.8,3
2009,199.452623552724,75.486289205275,527.000988668083,5.29557673220185,0.495736503340025,index,0.8,3
2010,564.880863739289,229.192532187107,1392.23729138935,6.33661484827378,0.460239296823802,index,0.8,3
2011,553.881650622042,218.81028938309,1402.0587594886,6.31695103688975,0.473858677170868,index,0.8,3
2012,523.706222010159,217.96539485143,1258.31078442108,6.26093088208208,0.447250346445894,index,0.8,3
2013,309.4662756595,103.886063841743,921.869327116426,5.73484912224419,0.556925725288159,index,0.8,3
2014,1103.84840456659,461.106783205128,2642.5143690028,7.00655790270434,0.445379741447094,index,0.8,3
2015,566.220008988283,239.781178811801,1337.0736609412,6.33898271113549,0.438403953043723,index,0.8,3
2016,2560.37018881634,1185.28216243718,5530.74678041218,7.8479071320257,0.392951605802069,index,0.8,3
2017,1476.56996165438,673.500622276557,3237.20391569996,7.29747708350496,0.4005115246517,index,0.8,3
2018,969.320566529049,422.471982634742,2224.01105710371,6.87659537919263,0.423718116473281,index,0.8,3
2019,1290.34570986248,456.459300953053,3647.62432813643,7.16266545359369,0.530196432316485,index,0.8,3
2021,372.877733126829,134.023437329731,1037.41410183157,5.92125057268221,0.522068716900349,index,0.8,3
2022,382.281854130472,147.377131365828,991.601713529599,5.9461581745758,0.48631676966891,index,0.8,3
2023,749.183610941687,326.426148228996,1719.45809472921,6.61898409491914,0.423875321483096,index,0.8,3
2024,431.324559991294,169.262104629442,1099.12893059539,6.06686084613478,0.477260003270252,index,0.8,3
2025,430.511336587122,166.901190047076,1110.47746800219,6.06497365705677,0.483463830758467,index,0.8,3
2003,16435.2721548458,7701.43771870307,35073.7330703672,9.70718504542856,0.386753401736297,index,0.8,3
2004,13218.8712479577,5641.76339636942,30972.3298893623,9.48940072760895,0.434420621893994,index,0.8,3
2005,22455.7275926957,11850.1161735289,42553.144149235,10.0193009872546,0.326132542285472,index,0.8,3
2006,9796.46808007068,4781.72007177315,20070.3482017625,9.18977719970619,0.365936107477685,index,0.8,3
2007,19510.8742005962,10114.4399534499,37636.7069084875,9.87872724043475,0.335214251625052,index,0.8,3
2008,9503.74486649867,4452.81608545099,20284.0550236541,9.15944119638716,0.386817920720558,index,0.8,3
2009,7356.50829384442,3441.17198514592,15726.6810583741,8.90334068255454,0.387646560266679,index,0.8,3
2010,21684.1392864177,11418.1383980744,41180.2590054485,9.98433636382472,0.327239638783979,index,0.8,3
2011,19621.1204116142,9860.5994096058,39043.0997361098,9.88436183707575,0.351057266717599,index,0.8,3
2012,17149.7914669939,8979.57776619731,32753.8059159692,9.74974129316121,0.330125021392506,index,0.8,3
2013,11271.9963750243,4564.95454920328,27833.3334777091,9.33007673198729,0.461188523105859,index,0.8,3
2014,37160.3135801987,19647.7244961606,70282.3833695624,10.5229966315412,0.325148741353535,index,0.8,3
2015,18166.7103253399,9970.44833827654,33100.7546348572,9.80734609521006,0.306110351651271,index,0.8,3
2016,64110.5522369835,39031.8922630231,105302.681213453,11.0683642508419,0.253183177592067,index,0.8,3
2017,41623.4018001536,24202.6340897571,71583.4305882536,10.6364178313541,0.276638286583505,index,0.8,3
2018,29872.5278309887,16992.5774356927,52515.1597743368,10.3046945353826,0.287843365271542,index,0.8,3
2019,38176.8423133792,17202.5236487895,84724.2717857381,10.5499843886049,0.406728398627409,index,0.8,3
2021,14156.8489972973,6326.79985372045,31677.3689963375,9.55795381404513,0.410927948385449,index,0.8,3
2022,13285.3283571469,6561.78507141502,26898.1607346598,9.49441557427138,0.35990335555592,index,0.8,3
2023,21175.9558300563,12065.0106574619,37167.0708006511,9.96062165805551,0.2870240479402,index,0.8,3
2024,15374.0912508233,7848.54722978485,30115.4691267777,9.6404389852904,0.343044700419866,index,0.8,3
2025,16325.8416173625,8022.07270980576,33224.9674313483,9.7005045067124,0.362533394607227,index,0.8,3
2003,44.2441526457559,11.4688780152524,170.683221212887,3.78972321912347,0.688832102266863,index,0.8,3
2004,32.2591684350059,7.71020640520784,134.970958418853,3.47380229539663,0.73024675369845,index,0.8,3
2005,70.0674913414573,19.6858864480134,249.389498199641,4.24945893956452,0.647745057841713,index,0.8,3
2006,27.7394825438191,7.3489450748262,104.706033854395,3.32285676092103,0.67771652729810306,index,0.8,3
2007,52.8281092604929,14.5671388256736,191.582517434374,3.96704342141015,0.657295340629709,index,0.8,3
2008,25.1752124059807,6.5180034647134,97.2370332598638,3.22585987574801,0.689447242107906,index,0.8,3
2009,21.2948102401641,5.72859247060351,79.1588763717425,3.05846339233121,0.669906969854949,index,0.8,3
2010,59.0732497961147,16.5551978992082,210.788711963452,4.07877819582266,0.649031350006578,index,0.8,3
2011,56.7112432550966,15.2938703944822,210.291118505822,4.03797248481678,0.668645125543119,index,0.8,3
2012,55.5018617892477,16.0450939919853,191.987448849566,4.01641656594195,0.633181753931631,index,0.8,3
2013,31.4821991572398,7.73544409087866,128.128243463722,3.44942227997957,0.716140396202676,index,0.8,3
2014,117.53647100295,33.2728229908754,415.198374349416,4.7667486769372,0.643893331468311,index,0.8,3
2015,60.7585423519964,17.4483716741597,211.572778118112,4.10690768718299,0.636573613868261,index,0.8,3
2016,295.876859745588,89.8839644231161,973.956997722235,5.68994335339306,0.607880455197195,index,0.8,3
2017,159.365897443125,47.5678366247745,533.921470261381,5.07120280019927,0.616871523174819,index,0.8,3
2018,104.650754419673,30.3572296081663,360.763499896599,4.65062865784522,0.631437093039137,index,0.8,3
2019,138.423172712552,34.4043150424041,556.935219323293,4.93031546206241,0.710285229346782,index,0.8,3
2021,37.5769617573702,9.50167886840635,148.608269598538,3.62639114338784,0.701504031834301,index,0.8,3
2022,40.9758186680094,10.9550872721099,153.263746222098,3.71298210412547,0.673062451706875,index,0.8,3
2023,81.5490799854758,23.7037966403937,280.556425089507,4.40120504740284,0.630404347243393,index,0.8,3
2024,45.3211559512224,12.2222615953322,168.054591266437,3.81377394226044,0.668642353997488,index,0.8,3
2025,43.8282506896753,11.7370448755714,163.662623674131,3.78027860237883,0.672220787847589,index,0.8,3
2003,16442.0372324207,8467.82463608089,31925.6243451716,9.70759658017982,0.338561148258988,index,1,1
2004,14465.4001494108,6826.21071555204,30653.5807641928,9.57951488031215,0.383165143694024,index,1,1
2005,22393.8861617037,12570.1562783683,39894.9803262463,10.0165432613788,0.294629152259985,index,1,1
2006,10583.9765254355,5383.7022111641,20807.346821426,9.26709648786296,0.344886402690081,index,1,1
2007,16440.9503855269,9061.7782501241,29829.1176542148,9.70753047627789,0.303939167429098,index,1,1
2008,11455.6874791873,5938.62677521797,22098.1685814046,9.34624160872945,0.335214529912394,index,1,1
2009,10415.6928976585,5511.84163963085,19682.4701490515,9.25106888030195,0.324707394192776,index,1,1
2010,19354.5006980395,10805.6586697378,34666.7157199312,9.87068026562602,0.29738048424557,index,1,1
2011,18603.0806929799,10448.9636264802,33120.4723875663,9.83108247464122,0.294303569461375,index,1,1
2012,17880.4874060402,9831.98258530712,32517.5341904426,9.79146530820161,0.305143070434296,index,1,1
2013,10393.3852283842,4822.77595884692,22398.398231093,9.2489248470406409,0.391752035630082,index,1,1
2014,44873.0198578225,26398.5346618537,76276.5031072044,10.711591999086,0.27068263545129,index,1,1
2015,21467.3326864035,12763.3621233926,36106.9730854138,9.97428764870718,0.265287342687338,index,1,1
2016,50573.242398493,32139.7475479571,79579.1206163128,10.8311779090543,0.231294619764025,index,1,1
2017,45047.5802631852,28072.3672870114,72287.6153201027,10.715474549345,0.241297060634089,index,1,1
2018,28181.1309226628,16959.9115046157,46826.6676901072,10.2464079167504,0.259086508380674,index,1,1
2019,38884.7967746642,19741.1686089306,76592.5994635858,10.5683586247984,0.345872229726265,index,1,1
2021,15782.3201484007,8069.4841345845,30867.1068822219,9.66664561454249,0.342251584445535,index,1,1
2022,16104.3487759329,8334.76581957667,31116.6570376496,9.68684462480572,0.336054096525499,index,1,1
2023,19613.4188982486,11947.3204149061,32198.5338568655,9.8839692486269,0.252916356312443,index,1,1
2024,18480.216135406,10237.1165142555,33360.799199242,9.82445604076614,0.301373278739106,index,1,1
2025,14398.3596311342,7498.88765877907,27645.8015509501,9.57486956457077,0.332842640657801,index,1,1
2003,13759.1870521981,7066.02137511335,26792.337340522,9.52946202923316,0.340010929542387,index,1,1
2004,12385.6524827235,5846.71737914295,26237.6950132798,9.42429402384002,0.382996003395474,index,1,1
2005,18910.3563780297,10553.4956523428,33884.656811765,9.84746500748389,0.297583316125944,index,1,1
2006,8931.15376528341,4513.98713353669,17670.7432297531,9.09730086656439,0.348151682847082,index,1,1
2007,13940.2956111879,7626.4773621666,25481.2061321189,9.54253889005724,0.307739101173054,index,1,1
2008,9787.533941759,5053.19685652443,18957.468584941,9.18886480816114,0.337296221000109,index,1,1
2009,8698.41833866059,4567.34712264919,16565.9582165632,9.07089648796107,0.328683932987983,index,1,1
2010,16614.6998395974,9253.24774794419,29832.5796822252,9.7180431149979,0.298634690660849,index,1,1
2011,15449.4755159993,8631.93718621819,27651.5327405937,9.64533033456516,0.296998367876504,index,1,1
2012,15122.6724253654,8268.76256176044,27657.7322878427,9.62395038182484,0.308021085866771,index,1,1
2013,8663.29557886649,3995.38867628867,18784.8283027433,9.06685048099716,0.394881917702847,index,1,1
2014,36796.7316372001,21500.7125798541,62974.6318477276,10.5131643060063,0.274149399391552,index,1,1
2015,17506.8289854874,10336.3446078283,29651.5908433413,9.7703463115347,0.268844095954697,index,1,1
2016,39363.217513885,24689.2723639513,62758.5483364744,10.5805870936048,0.237995690869885,index,1,1
2017,35734.5954364112,22013.8560604046,58007.1618302622,10.4838745583758,0.247171482324726,index,1,1
2018,22929.6856732465,13690.6265446886,38403.6832322959,10.0401876676571,0.263127785966773,index,1,1
2019,31075.5355953403,15731.6464012691,61385.1143043336,10.3441761518005,0.347326022453163,index,1,1
2021,13260.9637445939,6733.34215517423,26116.7716392222,9.49257994168652,0.345798719842728,index,1,1
2022,13404.8953924025,6872.47564382315,26146.5052470222,9.50337524701429,0.340871350829087,index,1,1
2023,15742.7499115021,9525.47524622871,26018.0377744639,9.66413521519335,0.256336405050759,index,1,1
2024,15520.4910481228,8546.77201501041,28184.4001398189,9.64991643293532,0.30439716704056,index,1,1
2025,12381.4231762909,6416.38542093754,23891.9001608222,9.42395249732863,0.335384875910814,index,1,1
2003,1830.93518103087,823.681542253395,4069.9268651394,7.51258214319091,0.407557573573742,index,1,1
2004,1379.91483522972,555.212059087661,3429.61742512588,7.22977706264524,0.464512072982513,index,1,1
2005,2293.48190425147,1148.89713691596,4578.35525576185,7.73782642399148,0.352694579905484,index,1,1
2006,1081.98045452378,493.801383594966,2370.754199692,6.98654839503234,0.400219097074559,index,1,1
2007,1621.97939831356,803.255354448762,3275.19406373458,7.39140253318505,0.358542235864503,index,1,1
2008,1099.12623841767,495.056994816142,2440.28162540528,7.00227081442904,0.406945190695959,index,1,1
2009,1123.67750750677,531.873497331134,2373.96889901911,7.02436207425608,0.38161742055547,index,1,1
2010,1850.41533043606,885.170159182658,3868.22449852404,7.52316539581377,0.376224004543403,index,1,1
2011,2170.59405105355,1079.66371823157,4363.83890178894,7.68275616531597,0.356308213416341,index,1,1
2012,1785.94481784619,870.852329602106,3662.61739673936,7.48770286389652,0.366450837003964,index,1,1
2013,1098.64882533811,454.546045534754,2655.46087854925,7.00183636315607,0.450282327289651,index,1,1
2014,5270.44490816756,2774.70306935518,10011.0133717785,8.5698700607742,0.327338179381657,index,1,1
2015,2639.35016105644,1408.52687244654,4945.71272223494,7.87828801472522,0.320408106360624,index,1,1
2016,7901.84622390378,4724.99449032041,13214.6553555004,8.97485171038003,0.262367084588697,index,1,1
2017,6427.79852339266,3715.7795005029,11119.2264911675,8.7683873827745,0.279619231162788,index,1,1
2018,3623.47871688955,1987.91523757154,6604.70716437124,8.19518981489873,0.30630566192191,index,1,1
2019,5170.43033864314,2392.56040564481,11173.5318463387,8.55071120168699,0.393166321850054,index,1,1
2021,1684.67261525934,770.711837293571,3682.46818495884,7.42932653029438,0.39899303489815,index,1,1
2022,1859.51089172452,904.854393140863,3821.36704275671,7.5280687706884,0.367504064958109,index,1,1
2023,2652.23168000259,1449.72982675213,4852.1681451285,7.88315670797368,0.308181283463513,index,1,1
2024,1961.31670747719,965.947075179964,3982.37473446718,7.58137131620416,0.361364941742606,index,1,1
2025,1351.24019906436,614.080876370819,2973.30554626314,7.20877811569075,0.402380595748248,index,1,1
2003,851.914999191692,350.679646702872,2069.5788098096,6.7474867556454,0.452872421835257,index,1,1
2004,699.83283145753,262.525220966861,1865.59596134075,6.5508414943197,0.500261405190941,index,1,1
2005,1190.04787942256,538.366013712485,2630.57830406521,7.08174882010505,0.404706502073026,index,1,1
2006,570.842305628277,238.512510980978,1366.22157284234,6.3471129992337,0.445258810989126,index,1,1
2007,878.675376025401,388.17687218373,1988.96552514841,6.77841551892193,0.416821142362771,index,1,1
2008,569.027299010688,241.803605462943,1339.07046753702,6.34392841014715,0.436641983167956,index,1,1
2009,593.597051491117,257.8843772697,1366.33891230428,6.38620072467627,0.425359545837276,index,1,1
2010,889.385528006116,386.569710942134,2046.21985384966,6.79053080630728,0.425119337116997,index,1,1
2011,983.011125927097,435.180060779376,2220.485175644,6.89062043842197,0.415752823307577,index,1,1
2012,971.870162828558,437.889473271818,2157.00917936909,6.87922221820132,0.406770578483037,index,1,1
2013,631.440824179615,249.669321177034,1596.98241081815,6.4480042306375,0.473410180465586,index,1,1
2014,2805.84331245494,1326.04748245746,5937.00964573164,7.93945941892329,0.382405720686261,index,1,1
2015,1321.1535398596,621.739484369264,2807.36018825353,7.18626052779055,0.384567963570764,index,1,1
2016,3308.17866070416,1659.0430808895,6596.60148503841,8.10415306336236,0.352127289565782,index,1,1
2017,2885.18630338126,1451.11405560467,5736.48912920917,7.96734475341919,0.350648228343847,index,1,1
2018,1627.9665325268,769.856613979722,3442.55668250601,7.39508698893521,0.382090034789211,index,1,1
2019,2638.8308406808,1072.1318007746,6494.93672391505,7.87809123466893,0.459542603443971,index,1,1
2021,836.683788547462,349.978604934101,2000.23587770443,6.72944620764768,0.444688877278991,index,1,1
2022,839.94249180582494,354.814597111929,1988.37194208902,6.7333334273578,0.439670342293186,index,1,1
2023,1218.43730674383,590.152102094562,2515.60481644659,7.10532442056707,0.369876243874912,index,1,1
2024,998.408379806079,444.100593743538,2244.57995983372,6.9061623908152,0.413329682559978,index,1,1
2025,665.696255778886,279.55865326717,1585.18257181084,6.50083349410366,0.442672099936643,index,1,1
2003,16430.8859011174,8462.11363997194,31903.8508559235,9.70691812930487,0.338559215323931,index,1,1
2004,14456.8956749869,6822.25408579273,30635.3046851036,9.57892678905406,0.383160908891012,index,1,1
2005,22377.6568533312,12560.8367810251,39866.7330031634,10.0158182781421,0.294637667937321,index,1,1
2006,10577.2110508506,5380.27892571812,20793.9765129004,9.26645706488246,0.344884688429692,index,1,1
2007,16430.6209818952,9056.09786455695,29810.334416467,9.70690200592847,0.30393844154493,index,1,1
2008,11448.8466012423,5935.12194250409,22084.8180995375,9.34564427039246,0.335210964286141,index,1,1
2009,10408.3302157965,5507.92404642829,19668.633221497,9.25036174680247,0.324709373106638,index,1,1
2010,19342.8224426455,10799.1740683273,34645.684723708,9.87007669644858,0.297378812066437,index,1,1
2011,18590.2147276438,10441.8484217468,33097.2132194667,9.83039063135582,0.294298129072474,index,1,1
2012,17865.7231935933,9823.27632832343,32492.6281784208,9.79063925066774,0.305173600821213,index,1,1
2013,10385.869889985799,4819.22689782644,22382.4890710924,9.24820149688365,0.391758574852386,index,1,1
2014,44836.5704319567,26377.2161833334,76214.1855352439,10.7107793896927,0.270680227147347,index,1,1
2015,21450.2879230221,12753.3587729788,36077.935246001,9.97349334725079,0.265282118591506,index,1,1
2016,50519.5095871867,32105.5796748221,79494.6197757446,10.830114869117,0.231294940638886,index,1,1
2017,45004.166823455,28045.1852086974,72218.2797653714,10.7145103605425,0.241299390381422,index,1,1
2018,28157.9801732055,16946.0755929444,46787.9328807403,10.2455860808957,0.259083599157553,index,1,1
2019,38848.3550648956,19723.0608808972,76519.2938541264,10.5674210142275,0.345862059904542,index,1,1
2021,15772.1926532077,8064.32339371331,30847.2327987027,9.66600370981055,0.342250481237218,index,1,1
2022,16093.0204681646,8328.93767826026,31094.6386914088,9.68614094568524,0.336051964971249,index,1,1
2023,19596.4453087637,11937.1223217762,32170.2884822433,9.8831034669728,0.252910321087874,index,1,1
2024,18467.9875402071,10230.4420310603,33338.3995285585,9.82379410895734,0.301368314066989,index,1,1
2025,14390.3824772096,7494.75154114214,27630.4166593926,9.57431537890342,0.332841380764946,index,1,1
2003,11.1513313032344,1.76100576348526,70.6143003123312,2.4115588901718,0.941687603636376,index,1,1
2004,8.50447442390131,1.28023486323944,56.4943881029622,2.14059242780683,0.966114119819156,index,1,1
2005,16.2293083724936,2.68815533426277,97.9818565141537,2.78681876647762,0.91734520206713,index,1,1
2006,6.76547458488558,1.06463836973898,42.9926702434694,1.91183241213858,0.943485311034871,index,1,1
2007,10.3294036316501,1.67567885566452,63.6736442814595,2.33499454977576,0.927964081987063,index,1,1
2008,6.84087794508118,1.07579701463188,43.5004098570692,1.92291607794175,0.943820548082263,index,1,1
2009,7.36268186203771,1.18841953530618,45.6144337846254,1.9964242497983,0.930527275698618,index,1,1
2010,11.6782553939828,1.89331173201737,72.0333829557849,2.4577285992902,0.928282906618331,index,1,1
2011,12.8659653360683,2.08719433348567,79.3088891499946,2.55458547875763,0.927958244720394,index,1,1
2012,14.7642124468873,2.51908654111604,86.5321479111421,2.69220617458517,0.902215467430649,index,1,1
2013,7.51533839833708,1.16322828706662,48.5547951932544,2.01694605190997,0.951929178703317,index,1,1
2014,36.4494258658257,6.07721647265529,218.613349043306,3.59592570705011,0.913985638016764,index,1,1
2015,17.0447633813607,2.85603019143763,101.722999846978,2.83584302349649,0.911450629671942,index,1,1
2016,53.7328113062621,9.32359022682058,309.667728915081,3.98402382621322,0.89362665234582,index,1,1
2017,43.4134397302074,7.49899044466623,251.330730865099,3.77076906437106,0.895935167236813,index,1,1
2018,23.1507494573584,3.87264102287525,138.395786563108,3.14202715397618,0.912307807153607,index,1,1
2019,36.4417097686281,5.70871431172047,232.626496676218,3.5957139913961,0.945792969679819,index,1,1
2021,10.1274951929791,1.60219352408851,64.0160862853095,2.31525402144429,0.940772582090774,index,1,1
2022,11.3283077683066,1.80516359727051,71.0908180773848,2.42730470539467,0.937085322280075,index,1,1
2023,16.9735894848684,2.85088095475365,101.057443145931,2.83165857631738,0.910236380332305,index,1,1
2024,12.2285951989181,1.97377383698343,75.7627534305277,2.50377707792725,0.930542463431078,index,1,1
2025,7.97715392455862,1.26019452027292,50.496160483478,2.07658169678879,0.941504854746095,index,1,1
2003,15960.4076972444,8219.77230540441,30990.4708302895,9.67786641561766,0.33856164361064,index,1,1
2004,14069.2174691081,6638.18104576188,29818.8432687344,9.55174453158294,0.383247483860337,index,1,1
2005,21715.3404354195,12180.9476170521,38712.5883019178,9.98577422227728,0.29497780955593,index,1,1
2006,10272.7247626406,5220.2526855188,20215.2808314646,9.23724758055136,0.345387210682657,index,1,1
2007,16013.2732316361,8825.47923797473,29055.0702887243,9.68117323429038,0.303972447492071,index,1,1
2008,11122.8378939635,5755.78597608977,21494.4619777954,9.31675574153667,0.336126001379314,index,1,1
2009,10102.0754612217,5339.65931840904,19112.0673696136,9.220496172929,0.325301406602276,index,1,1
2010,18852.9291020413,10524.6135833953,33771.5900835885,9.84442357083309,0.297429764894383,index,1,1
2011,18049.8575830125,10136.9596006596,32139.5538308978,9.80089307359209,0.29436749251695,index,1,1
2012,17345.3971095693,9531.56301744641,31564.8965797071,9.7610824538993,0.305474215443062,index,1,1
2013,10040.6688668913,4650.9081089697,21676.4186546986,9.21439901123499,0.392650704573883,index,1,1
2014,43424.2101898616,25530.2107965418,73860.0258979728,10.6787724030305,0.271002243001207,index,1,1
2015,20787.6166848764,12357.5531697224,34968.4926702249,9.94211273670859,0.265356911153156,index,1,1
2016,48661.2274328727,30912.2970947221,76601.0707006971,10.7926378406982,0.231498382790507,index,1,1
2017,43386.64890183,27018.1681056449,69671.685199759,10.6779070437709,0.241658640673835,index,1,1
2018,27284.8116355065,16418.5107938987,45342.7814087573,10.214085476005,0.259148023006994,index,1,1
2019,37473.3303222039,19037.1805857308,73763.5743440683,10.531384767534,0.345534690420766,index,1,1
2021,15330.5167750879,7833.56551167036,30002.2696230871,9.63760068134908,0.34257141245075,index,1,1
2022,15650.8882384687,8098.89560178139,30244.9018603427,9.65828295080939,0.336128607515427,index,1,1
2023,18968.8507182082,11556.3297840338,31135.9492411503,9.85055347691919,0.252843869450611,index,1,1
2024,17978.2578042271,9960.81452944908,32448.9280188543,9.79691840701423,0.301283229881799,index,1,1
2025,14046.4665088982,7313.32275646605,26978.6016501395,9.55012614910336,0.333002624199163,index,1,1
2003,481.629535176332,184.131045697772,1259.79303639493,6.17717521930756,0.490584274966949,index,1,1
2004,396.182680302664,142.017742308395,1105.21906362206,5.98187541877756,0.523439936264116,index,1,1
2005,678.545726284255,285.045238022328,1615.26747772773,6.51995187020124,0.442510158077966,index,1,1
2006,311.251762794849,121.514436051538,797.252268872908,5.74060211136079,0.479890981578359,index,1,1
2007,427.677153890811,172.90541834171,1057.84856087429,6.05836859760512,0.462061484058692,index,1,1
2008,332.849585223886,135.000769894644,820.653441237214,5.8076906919107,0.460421833096597,index,1,1
2009,313.61743643675,129.184985942921,761.357023954907,5.74817388781307,0.452522861687939,index,1,1
2010,501.57159599826,204.415743155394,1230.69809609037,6.21774636091763,0.457962743869762,index,1,1
2011,553.223109967414,228.279774589586,1340.70488702848,6.31576137398568,0.451635551841492,index,1,1
2012,535.090296470853,224.005442735651,1278.19048448369,6.28243551110472,0.444276103278601,index,1,1
2013,352.716361492912,132.47307074885,939.125446111685,5.86566422542864,0.499644303678092,index,1,1
2014,1448.8096679608,648.327026621943,3237.63990668969,7.27849757962866,0.410263834544717,index,1,1
2015,679.716001527056,297.439666246795,1553.30272038626,6.52167506611911,0.421672883150643,index,1,1
2016,1912.01496562022,903.360480790313,4046.89081102747,7.55591292078794,0.38255358231719,index,1,1
2017,1660.93136135518,781.747478216398,3528.87993118606,7.41513378507202,0.384497888992896,index,1,1
2018,896.319287156358,395.452731280256,2031.56585093636,6.79829669677104,0.417490035285723,index,1,1
2019,1411.46645246035,543.843532280874,3663.25501392941,7.25238448011414,0.486602257305024,index,1,1
2021,451.803373312807,176.32872565691,1157.64625063989,6.11324707039117,0.480058340588999,index,1,1
2022,453.460537464147,179.089568414707,1148.17664064674,6.1169082480493,0.47399962064656,index,1,1
2023,644.568180040307,288.632165067797,1439.43811190581,6.4685806042788,0.409919528325681,index,1,1
2024,501.958331178959,203.497732641914,1238.15711835636,6.21851711062697,0.460652468482496,index,1,1
2025,351.893122236023,136.922163275977,904.373452144708,5.86332749948187,0.481598077224155,index,1,1
2003,16404.6978394864,8448.19308640915,31854.6354767602,9.7053230264195,0.338585387332046,index,1,1
2004,14438.4340072364,6813.64621246545,30595.7148464698,9.57764895831356,0.383153102836166,index,1,1
2005,22344.281891947,12541.8765470953,39807.9929579933,10.0143257235474,0.294646881375076,index,1,1
2006,10562.5350247984,5372.87227466726,20764.8982604936,9.26506858761717,0.344879127474077,index,1,1
2007,16408.582336034,9043.96355722655,29770.3072966574,9.70555979010451,0.303937720749417,index,1,1
2008,11433.9293666543,5927.44650963247,22055.8280111321,9.34434047432139,0.335205996491419,index,1,1
2009,10390.34465014,5497.91908734368,19636.3861005553,9.24863225487517,0.324754591422372,index,1,1
2010,19315.7693885129,10783.7894316308,34598.1298536715,9.86867710803797,0.297392097851191,index,1,1
2011,18562.6695771788,10426.6247054539,33047.3870083079,9.82890783097424,0.294285994004907,index,1,1
2012,17837.9185418033,9807.59731052145,32443.3526203875,9.78908172566137,0.305193937385342,index,1,1
2013,10368.1006617438,4810.51474110193,22346.363563461,9.24648912743225,0.391808095114678,index,1,1
2014,44754.8663319425,26328.2636768324,76077.8638871118,10.7089554626386,0.270697401165477,index,1,1
2015,21411.5182862776,12730.1532980563,36013.1653240655,9.97168429388852,0.265288323787643,index,1,1
2016,50410.8518545252,32035.8809264534,79325.2412984361,10.8279617454565,0.231305226250417,index,1,1
2017,44914.9082782189,27989.1403720226,72076.1323437182,10.7125250515421,0.24130707768232,index,1,1
2018,28109.5344322712,16917.0188018939,46707.1613061388,10.2438641014109,0.25908061654271,index,1,1
2019,38771.4349918021,19684.8085689973,76364.6832558508,10.5654390429231,0.345841336704954,index,1,1
2021,15750.5087735309,8053.25466328731,30804.7537296937,9.66462794681337,0.342249325703503,index,1,1
2022,16068.6890667532,8316.46723847502,31047.1695396638,9.68462787897298,0.336044463717622,index,1,1
2023,19561.2873433539,11915.9430728534,32111.932743367,9.88130775652298,0.25290016754467,index,1,1
2024,18441.7058021074,10216.1710624508,33290.0174451361,9.82236999836949,0.301353933487396,index,1,1
2025,14373.0473460703,7485.76015860046,27596.9955803394,9.57311001964379,0.332838855967304,index,1,1
2003,37.3393929343203,9.96469982206997,139.916935743072,3.62004888019674,0.673992002215279,index,1,1
2004,26.9661421743219,6.65267582145208,109.30531462557,3.29458208555287,0.714075842052071,index,1,1
2005,49.6042697567058,13.8998673414038,177.022090762453,3.90407691383044,0.649092344327838,index,1,1
2006,21.4415006371062,5.586915206288,82.2883349032389,3.06532832615559,0.686186605146158,index,1,1
2007,32.3680494929249,8.864881027264,118.184398048237,3.47717180949382,0.660764330759894,index,1,1
2008,21.7581125330653,5.70304236612146,83.0110370236462,3.07998667801719,0.683169133560168,index,1,1
2009,25.3482475184775,6.98469893958892,91.9916030476493,3.2327095962265,0.657658873123811,index,1,1
2010,38.7313095266215,10.6590825810117,140.73578342655,3.65664830464165,0.658295745025668,index,1,1
2011,40.4111158010894,11.0259994958379,148.109772806131,3.69910489071337,0.662690144571981,index,1,1
2012,42.5688642368261,12.1695819258372,148.904721087094,3.75112309958812,0.638880895722592,index,1,1
2013,25.2845666403713,6.51333085990075,98.1539743554678,3.23019419538453,0.692024561617384,index,1,1
2014,118.153525879919,33.9250545290154,411.502822078495,4.77198484559068,0.636660184765433,index,1,1
2015,55.8144001258274,15.9704422416476,195.063305966696,4.02203190286486,0.638426143983191,index,1,1
2016,162.390543967811,48.8847602007639,539.446008569137,5.09000419923314,0.612530900124596,index,1,1
2017,132.671984966371,39.4781610115105,445.863108714331,4.88787980349905,0.618446144845195,index,1,1
2018,71.596490391663,20.5190661836677,249.819235949617,4.27104605588902,0.637609442876447,index,1,1
2019,113.361782862179,29.4609196215629,436.201380634638,4.73058432269505,0.687522682476739,index,1,1
2021,31.8113748698178,8.38668508974207,120.663117820631,3.45982392613536,0.680205655195445,index,1,1
2022,35.6597091796952,9.42260200317819,134.953684592805,3.57402145703705,0.679048286572959,index,1,1
2023,52.1315548946243,15.0336333984625,180.774596779057,3.95377042558676,0.634440488584195,index,1,1
2024,38.5103332986517,10.398104357712,142.626551893886,3.6509266026491898,0.668024053880682,index,1,1
2025,25.3122850639282,6.6752680534223,95.9829283303585,3.23128985352911,0.680053563609644,index,1,1
