Year,est,lwr,upr,log_est,se,type,effort,replicate
2003,53714.0460810618,36937.2456642632,78110.8253880949,10.8914298120499,0.191051532808102,index,0.2,1
2004,67052.6434648836,45644.7483601995,98501.07968936,11.1132333132106,0.196222725640074,index,0.2,1
2005,47737.8978872968,33787.7720946552,67447.681614334,10.7734808663992,0.176343353988766,index,0.2,1
2006,41545.0800942164,30132.2459424822,57280.6183558141,10.6345343839879,0.163871997363134,index,0.2,1
2007,55107.8713996839,40117.0597881172,75700.400434222,10.9170478415566,0.161988123308013,index,0.2,1
2008,51199.7533088056,36733.5831311072,71362.8923572841,10.8434899928286,0.169412962756266,index,0.2,1
2009,52620.6106878642,38226.546270909,72434.7067490886,10.8708631601496,0.163052832025961,index,0.2,1
2010,38892.8478989245,28301.9444554785,53446.9855973472,10.568565654063,0.162186584358306,index,0.2,1
2011,42025.2968167645,30368.1144150447,58157.235197395,10.6460270211136,0.165757409143716,index,0.2,1
2012,55317.5784484595,40588.2530970497,75392.1209194364,10.9208460112931,0.15796822931197,index,0.2,1
2013,61375.6829986422,42185.9948185996,89294.4324235535,11.0247689933224,0.191291997034259,index,0.2,1
2014,45175.7350132196,32196.3529553598,63387.5220840779,10.7183153856816,0.172812829976117,index,0.2,1
2015,49374.0853919261,36054.8717381657,67613.6175436366,10.807180978324,0.160402797629518,index,0.2,1
2016,55601.1533135548,40941.3368506712,75510.1930616795,10.9259592230731,0.156157823768701,index,0.2,1
2017,56398.6414604284,40986.6259902568,77605.9673547679,10.940200349615,0.162859754066507,index,0.2,1
2018,52063.3718835268,38387.9264018709,70610.6045819214,10.8602169456314,0.155471567598388,index,0.2,1
2019,59800.3552635579,36011.825307017,99303.0055866379,10.9987668807832,0.25876201834981,index,0.2,1
2021,59537.6409208357,43162.2448969944,82125.7257327039,10.994364012032,0.164106372964444,index,0.2,1
2022,56558.2642240306,40544.3605470441,78897.217982353,10.9430266109912,0.169837118335134,index,0.2,1
2023,80665.4874773237,58834.9273966905,110596.225029425,11.2980660983142,0.16101068178892,index,0.2,1
2024,69602.3272874722,50086.732126851,96721.9013523008,11.1505532838019,0.167881584664204,index,0.2,1
2025,61327.2798631351,44773.5390742367,84001.2948088673,11.0239800451684,0.160516953072159,index,0.2,1
2003,5243.37228486934,3176.52423064246,8655.04272012915,8.56472013613018,0.255707386110823,index,0.2,1
2004,7008.26891559127,4139.1241155534,11866.2383204897,8.85484600453859,0.268681736270558,index,0.2,1
2005,4653.20245910631,2832.5391069137,7644.1285744595,8.44531096241886,0.253260859396671,index,0.2,1
2006,3808.82586055834,2362.70201376724,6140.06944232751,8.24507624754386,0.243634621414106,index,0.2,1
2007,5480.16412383176,3418.86160310027,8784.268657409,8.60889032909792,0.240732698542045,index,0.2,1
2008,4183.42502236245,2577.38719904424,6790.22729848977,8.33888557334783,0.247123991023446,index,0.2,1
2009,5076.41325910509,3089.39635459535,8341.42616206761,8.53236023984362,0.253386923154321,index,0.2,1
2010,3695.86017567009,2256.4239481996,6053.5532114889,8.21496860078786,0.251755690112475,index,0.2,1
2011,3913.08692150588,2495.08456379994,6136.96604813274,8.27208183548424,0.229598063084816,index,0.2,1
2012,5868.27917849029,3714.7589590927,9270.23822970024,8.67731671456099,0.233293900435008,index,0.2,1
2013,6066.81724583562,3582.19040976585,10274.7948277753,8.71058940483088,0.268810891623654,index,0.2,1
2014,4941.74788946319,3126.89688971363,7809.93843556207,8.50547437137907,0.233513468748995,index,0.2,1
2015,4804.59834851562,2967.2550788965,7779.63628901894,8.4773287275912,0.245890303498674,index,0.2,1
2016,6789.02349112096,4124.84444418605,11173.9583362852,8.82306239446961,0.254228552586987,index,0.2,1
2017,5956.07777950978,3672.72755340087,9658.99648143549,8.69216745273639,0.246676770072361,index,0.2,1
2018,5167.86113536624,3309.31141818372,8070.19507674094,8.55021417500976,0.227411708866096,index,0.2,1
2019,5962.90399602631,3448.56041189825,10310.4541660776,8.69331288904822,0.279393265558919,index,0.2,1
2021,6306.11760726025,3900.91911256709,10194.2947620947,8.74927548998823,0.245059613103038,index,0.2,1
2022,6028.48826487376,3547.45638681267,10244.7124916943,8.70425155594748,0.270548563766579,index,0.2,1
2023,8248.43665663745,5101.92116834711,13335.5073576338,9.0177789652069,0.245109870151429,index,0.2,1
2024,5910.4062699448,3722.24026760205,9384.91332218791,8.68446985083692,0.235917019907769,index,0.2,1
2025,5431.70585596101,3240.82948518591,9103.66578696709,8.60000851754426,0.263486437327974,index,0.2,1
2003,7459.88143649601,4777.74036878177,11647.7302555407,8.91729479984041,0.227336734672706,index,0.2,1
2004,9231.33861739549,5990.25890123216,14226.0316413851,9.13035934595147,0.220651724697425,index,0.2,1
2005,7145.56814273229,4747.65238917875,10754.6087828184,8.87424760333041,0.208596721958939,index,0.2,1
2006,5879.75782390841,3965.44095927604,8718.2112715464,8.67927085363436,0.200972321901811,index,0.2,1
2007,7713.00110300195,5222.62076842565,11390.9067215008,8.95066263893956,0.198936319347215,index,0.2,1
2008,6553.20132798097,4376.69491000552,9812.07247205571,8.78770896159227,0.205952677195304,index,0.2,1
2009,7168.15525498583,4824.67138321717,10649.9377218347,8.87740361387693,0.201996420674739,index,0.2,1
2010,5273.70052256612,3489.46123659175,7970.26111368378,8.57048758156304,0.210710479891651,index,0.2,1
2011,5592.01827180669,3736.74184632733,8368.43154764743,8.62909555139878,0.205680414506371,index,0.2,1
2012,8023.20100422668,5443.25196685648,11825.973654385,8.99009274893935,0.197942820750046,index,0.2,1
2013,8923.55460093825,5839.19141107283,13637.1324572311,9.0964496440579,0.216382565279273,index,0.2,1
2014,6249.01090435655,4131.86954442262,9450.96084543103,8.7401784749038,0.211071846443915,index,0.2,1
2015,9000.6656088081,6054.99968807255,13379.3535218775,9.10505381011794,0.202255862236906,index,0.2,1
2016,8739.46002654565,6098.58194259509,12523.9215074133,9.07560368488124,0.183570786509261,index,0.2,1
2017,9382.36984345104,6304.70121015084,13962.4164484701,9.14658765864555,0.202828625349623,index,0.2,1
2018,7888.59116576391,5395.69679379149,11533.2408322448,8.97317283842403,0.193787139249426,index,0.2,1
2019,8658.1761696244,5031.59292782791,14898.6644308313,9.06625937540688,0.27692727074363,index,0.2,1
2021,9023.84345698091,6070.53769257944,13413.9272103748,9.10762562617834,0.202260432947409,index,0.2,1
2022,9695.8952674839,6413.70246839968,14657.7402835891,9.17945790662987,0.210853831270198,index,0.2,1
2023,14481.012617914,9875.14122448404,21235.1116478479,9.58059359567095,0.195318744533027,index,0.2,1
2024,11753.1277312945,8003.40958669936,17259.645401341,9.37187467404747,0.196050411576803,index,0.2,1
2025,9796.47355461961,6746.70479029436,14224.8545163,9.18977775853488,0.190293431932499,index,0.2,1
2003,41010.7923596965,27226.0849265291,61774.7683704354,10.6215905393332,0.209013913102416,index,0.2,1
2004,50813.0359318964,33352.6244409661,77414.1364853087,10.8359082134797,0.214808269269768,index,0.2,1
2005,35939.1272854581,24581.3489193331,52544.7514812545,10.4895818775012,0.193798773930031,index,0.2,1
2006,31856.4964097498,22375.9062432599,45353.9781795472,10.3689966091104,0.180236252850537,index,0.2,1
2007,41914.7061728502,29558.6695996539,59435.7803430007,10.6433920269758,0.178196978341969,index,0.2,1
2008,40463.1269584618,27910.3004395302,58661.6631663949,10.6081463929173,0.189490880848202,index,0.2,1
2009,40376.0421737733,28451.8244749401,57297.7238438329,10.6059918725453,0.178587111108223,index,0.2,1
2010,29923.2872006884,21157.3225621831,42321.192308867,10.3063922923867,0.17686597821843,index,0.2,1
2011,32520.1916234516,22723.9138360682,46539.6441324034,10.3896164561244,0.182882612660736,index,0.2,1
2012,41426.0982657429,29349.8872275631,58471.1486015981,10.6316663540916,0.175830971330515,index,0.2,1
2013,46385.3111518681,30777.6561763433,69907.7629020175,10.7447381180926,0.209286427940455,index,0.2,1
2014,33984.9762194001,23301.2720092031,49567.1913609273,10.4336738300424,0.192559966553475,index,0.2,1
2015,35568.8214346027,25009.0345554461,50587.3609571684,10.4792247307023,0.179713664483296,index,0.2,1
2016,40072.6697958883,28314.4530031092,56713.751962433,10.5984498297083,0.177208444828229,index,0.2,1
2017,41060.193837468,28720.9105004873,58700.768485102,10.6227944113964,0.182357272323751,index,0.2,1
2018,39006.9195823969,27769.4606239054,54791.8375482511,10.5714943345635,0.173371643616618,index,0.2,1
2019,45179.2750979068,26096.1467023696,78217.1759552147,10.7183937451369,0.280031063315025,index,0.2,1
2021,44207.6798565952,30992.4447791557,63057.9153154644,10.6966538053842,0.181204895203979,index,0.2,1
2022,40833.8806916727,28232.7577517542,59059.2611250724,10.617267424903,0.188283673907422,index,0.2,1
2023,57936.0382027726,40451.6325834889,82977.7269361233,10.9670948914013,0.183285311378918,index,0.2,1
2024,51938.793286233,35813.2630169622,75325.1175898818,10.8578212521057,0.189670665340872,index,0.2,1
2025,46099.1004525544,32653.0649534792,65082.0088577404,10.7385487158346,0.175949515019194,index,0.2,1
2003,36055.5804279073,24992.4966013344,52015.8070132091,10.4928169276239,0.186986091408218,index,0.2,1
2004,44681.8074523525,30427.6417497287,65613.4949146002,10.7073217056405,0.196031644625845,index,0.2,1
2005,31032.493773479,21575.6333073745,44634.4103128529,10.3427901207449,0.185447413488714,index,0.2,1
2006,28071.428317079,20365.7474271831,38692.667213829904,10.2425075521753,0.163726391781561,index,0.2,1
2007,36088.8493076217,26095.5000216444,49909.1814016966,10.4937392131613,0.1654219415441,index,0.2,1
2008,32629.2641007253,23518.6493831947,45269.1333761557,10.3929648364898,0.167051977940716,index,0.2,1
2009,34621.6829122789,24936.2672463939,48068.9798450778,10.4522354385331,0.167430066286824,index,0.2,1
2010,26036.1334976251,18828.3663015383,36003.1367910436,10.1672406021037,0.165370765575226,index,0.2,1
2011,29019.1860505271,20892.7522107,40306.4732947834,10.275712478165,0.16763312342689,index,0.2,1
2012,37441.2924394063,27425.3275646348,51115.1736010928,10.530529450279,0.158833133489493,index,0.2,1
2013,40907.4503071085,28597.6593173085,58515.9600672539,10.6190674845399,0.182649954773229,index,0.2,1
2014,30094.6970273358,21529.3892134355,42067.6490256367,10.3121042567219,0.170885811423276,index,0.2,1
2015,36437.5699346068,26336.7282228739,50412.3553808112,10.5033556623941,0.165633608896503,index,0.2,1
2016,38764.4846432615,28406.7243351282,52898.9281527055,10.5652597621822,0.15861444197318,index,0.2,1
2017,41513.9201537345,29895.112178204,57648.4060757983,10.6337840753675,0.167520323966391,index,0.2,1
2018,36461.8431019198,26913.3059621119,49398.0934286041,10.5040215982967,0.154924025118296,index,0.2,1
2019,41251.5442387692,24956.6247752482,68185.899231488,10.6274438271535,0.256407384588989,index,0.2,1
2021,42116.5382306718,30429.708156368,58291.8108652462,10.6481957746146,0.165830150445788,index,0.2,1
2022,38676.3620921694,27766.4669632957,53872.9319312382,10.5629838937524,0.169084508237776,index,0.2,1
2023,60733.1641709192,43950.8880478971,83923.61096759,11.0142451898054,0.165011746939885,index,0.2,1
2024,47892.4425531307,34211.8718284648,67043.5708751996,10.7767129954424,0.171628155309628,index,0.2,1
2025,43773.1211565297,31473.1834783257,60879.9595091407,10.6867752357653,0.168311302799008,index,0.2,1
2003,17658.4656531544,10397.1384439334,29991.0798442409,9.7789705877761,0.270252256830795,index,0.2,1
2004,22370.836012531,13286.1560776651,37667.3509609637,10.0155134258257,0.265839349218024,index,0.2,1
2005,16705.4041138176,10464.4637762355,26668.4019911,9.72348754568757,0.238650891311704,index,0.2,1
2006,13473.6517771376,8432.61343064975,21528.2360213178,9.50849133712679,0.23910098469873,index,0.2,1
2007,19019.0220920619,12004.4905121596,30132.324314134,9.85319492005951,0.2347792385836,index,0.2,1
2008,18570.4892080803,11310.3842593364,30490.835812475,9.82932899799977,0.252990594823934,index,0.2,1
2009,17998.9277755853,11472.033819399,28239.2299544065,9.79806746708102,0.229800118677501,index,0.2,1
2010,12856.7144012996,8215.54809158174,20119.790348006,9.46162147535846,0.228492835712386,index,0.2,1
2011,13006.110766237,8198.83401394929,20632.0699962732,9.47317458494189,0.235426446026808,index,0.2,1
2012,17876.2860090535,11329.5132346891,28206.1192619499,9.79123030953676,0.232689948668138,index,0.2,1
2013,20468.2326915332,11901.9946750404,35199.8602715999,9.92662933841289,0.276621436865754,index,0.2,1
2014,15081.037985884,9202.10742732544,24715.8282521572,9.62119347114831,0.252048338669687,index,0.2,1
2015,12936.5154573195,7903.62622345968,21174.2594406507,9.46780924719464,0.251398649318957,index,0.2,1
2016,16836.6686702934,10874.1641860299,26068.5241701076,9.73131444579774,0.223049735964451,index,0.2,1
2017,14884.7213066941,9006.70204429634,24598.896165134898,9.60809055017712,0.256314046259627,index,0.2,1
2018,15601.5287816067,9839.88400632973,24736.8465082237,9.655124187257,0.235170130109799,index,0.2,1
2019,18548.8110247884,9840.66783199824,34962.9106791471,9.82816097028262,0.323415184377773,index,0.2,1
2021,17421.1026901644,10942.1661269582,27736.264960695,9.76543754864218,0.237279100686562,index,0.2,1
2022,17881.9021318612,11070.0319323217,28885.4111540398,9.79154442628292,0.244671595899266,index,0.2,1
2023,19932.3233064046,11881.6733970241,33437.8415493686,9.90009797973957,0.263956655575273,index,0.2,1
2024,21709.8847343414,13786.5898377926,34186.778654021,9.98552295352344,0.231673290581043,index,0.2,1
2025,17554.1587066054,11390.6147292298,27052.8408889066,9.77304616416197,0.220667900853814,index,0.2,1
2003,19125.4485634882,13254.0446481021,27597.8233411951,9.85877511271973,0.187103984725595,index,0.2,1
2004,24081.1225088018,16401.802959213,35355.897319702,10.0891835141503,0.195940829970574,index,0.2,1
2005,17235.7681842466,11974.2631593753,24809.1845775491,9.75474204913534,0.185833598575546,index,0.2,1
2006,14553.1458297999,10314.8966083678,20532.8333947242,9.58556245746368,0.175624683998802,index,0.2,1
2007,19656.6193566885,13919.7018406106,27757.9713242475,9.88616942350763,0.176079209652403,index,0.2,1
2008,16250.0461061524,11378.4881946446,23207.3008237037,9.69585102505554,0.181825368518007,index,0.2,1
2009,17629.5608276348,12468.4524653624,24927.0240904945,9.77733236456745,0.176725407680512,index,0.2,1
2010,12979.2398994026,9084.02257640593,18544.7214545447,9.47110642917535,0.182061529433284,index,0.2,1
2011,14795.5678118121,10509.9058422075,20828.8095212803,9.6020829427266,0.174497817546655,index,0.2,1
2012,20478.4266509228,14788.472756401,28357.6245502233,9.92712725251694,0.166086707010075,index,0.2,1
2013,22351.7813026718,15553.9558852487,32120.582769319,10.0146612972091,0.184998814799758,index,0.2,1
2014,16404.6981717951,11599.121373315,23201.2506332439,9.70532304667643,0.176859584596782,index,0.2,1
2015,20819.1326966878,14722.7225145632,29439.9548598132,9.94362768408167,0.176778939918576,index,0.2,1
2016,21851.7578128664,15899.404617764,30032.528323650102,9.99203664638932,0.162247728434852,index,0.2,1
2017,22939.0580450113,16159.8975479901,32562.1113889946,10.0405963281581,0.178732027077254,index,0.2,1
2018,19473.792792584,14119.604928484,26858.3014644741,9.87682488127382,0.164036356138754,index,0.2,1
2019,21808.2537665049,13206.242322271,36013.2671155235,9.99004379026374,0.255922503794435,index,0.2,1
2021,22545.5163084145,15954.6844429897,31859.0008739614,10.0232914918311,0.17642351287088,index,0.2,1
2022,20923.5819745855,14529.7784492563,30130.9675282492,9.94863212601649,0.186062917614487,index,0.2,1
2023,33764.5524395793,24177.3452438375,47153.4401294819,10.4271667867628,0.170408978257045,index,0.2,1
2024,26356.9898965401,18857.3238220758,36839.3162763139,10.1794887900073,0.170835864105667,index,0.2,1
2025,23927.5725012783,16948.8712489769,33779.7554417372,10.0827867341053,0.175937016809909,index,0.2,1
2003,34588.5975175737,22351.062543898,53526.36260057,10.4512793552166,0.22278481575944,index,0.2,1
2004,42971.5209560811,27595.4990338061,66914.9563491058,10.668292871909,0.225965841965061,index,0.2,1
2005,30502.1297030499,20554.2418995611,45264.6184163837,10.3255517864873,0.201396134065569,index,0.2,1
2006,26991.9342644166,18673.1143668659,39016.7650141623,10.20329336941,0.187989850016421,index,0.2,1
2007,35451.2520429954,24610.7085439845,51066.8463351973,10.4759138498978,0.186216134025254,index,0.2,1
2008,34949.707202653,23544.9604468795,51878.7039930263,10.4616653700204,0.201533441611433,index,0.2,1
2009,34991.0498602292,24220.7343382281,50550.6378635513,10.4628475894909,0.187698986434347,index,0.2,1
2010,25913.607999522,18071.5164622206,37158.7564860275,10.1625235150975,0.183896855419728,index,0.2,1
2011,27229.7290049519,18746.2551532113,39552.3338193819,10.2120646335416,0.190470513844896,index,0.2,1
2012,34839.1517975371,24236.0248950305,50081.0881004133,10.4584970850196,0.185157304228827,index,0.2,1
2013,39023.90169597,25148.9817694475,60553.7400097366,10.5719296013866,0.224165809396571,index,0.2,1
2014,28771.036841425,19406.3270026349,42654.7775278776,10.2671244948752,0.200906788055042,index,0.2,1
2015,28554.9526952387,19560.4468887108,41685.4138387766,10.2595856744784,0.193024406092977,index,0.2,1
2016,33749.3955006884,23371.5873471936,48735.3160802174,10.4267177850496,0.187473565989689,index,0.2,1
2017,33459.5834154174,23038.8811733512,48593.6671103733,10.4180935242367,0.190388687615567,index,0.2,1
2018,32589.5790909429,22801.0019104946,46580.4384164354,10.3917478564657,0.182242174786553,index,0.2,1
2019,37992.1014970527,21749.2050563053,66365.6337059502,10.5451335617629,0.284597614777235,index,0.2,1
2021,36992.1246124218,25561.7294805439,53533.8301104589,10.518460320658,0.188579358505052,index,0.2,1
2022,35634.6822494449,24432.1530689348,51973.7485041169,10.4810746630854,0.192564441756648,index,0.2,1
2023,46900.9350377446,31875.7557073693,69008.488068761,10.7557928910745,0.197040304553857,index,0.2,1
2024,43245.3373909321,29339.8804998219,63741.2005160314,10.6746447005585,0.197933086971968,index,0.2,1
2025,37399.7073618569,26100.637495514,53590.1895496974,10.5294181588227,0.183525382880526,index,0.2,1
2003,28266.8972788992,19669.0901176165,40623.0017249353,10.2494466915302,0.185025358344961,index,0.2,1
2004,35552.7916603706,24334.5984175656,51942.5458828739,10.4787739598661,0.193431891087082,index,0.2,1
2005,25115.3204610307,17425.3403209891,36198.9671501842,10.1312333158491,0.186509830118439,index,0.2,1
2006,22014.5260024169,15855.1338677128,30566.7148038405,9.99945778729338,0.167456728642185,index,0.2,1
2007,28660.98532213,20546.2588686301,39980.6156871477,10.2632920804887,0.169828593765653,index,0.2,1
2008,24760.9546190553,17659.472749663,34718.1867962969,10.1170232809445,0.172449935571896,index,0.2,1
2009,27048.8373271995,19372.2398990911,37767.4241370316,10.2053993009922,0.170310738550674,index,0.2,1
2010,20136.7344615331,14420.8526194649,28118.1761907044,9.91030101119629,0.170345208981083,index,0.2,1
2011,23195.7887403184,16582.7531434596,32446.0365918003,10.0517260213638,0.1712314904909,index,0.2,1
2012,30477.2809146337,22152.9134321706,41929.6836415472,10.3247367969838,0.162764469525938,index,0.2,1
2013,32871.0168307085,23085.4851281596,46804.4635616829,10.4003466010964,0.180302931226559,index,0.2,1
2014,24643.4651702051,17533.3259129494,34636.9182099435,10.1122670396674,0.173680922461178,index,0.2,1
2015,30320.0509209536,21694.3594203528,42375.3230061618,10.3195645192059,0.170797499674809,index,0.2,1
2016,31876.6506271046,23420.5243976718,43385.9139082085,10.3696290654997,0.15727892961856,index,0.2,1
2017,34156.0785198687,24230.0225199297,48148.4364653747,10.438695843885,0.175180821361903,index,0.2,1
2018,28899.7194635281,21187.8170687843,39418.585801418,10.2715871669091,0.158373082591457,index,0.2,1
2019,32780.5417954716,19700.5662079125,54544.8241976455,10.397590380394,0.25979442917268,index,0.2,1
2021,33526.6663060653,24061.5246529536,46715.1342157479,10.4200964103022,0.169251606975137,index,0.2,1
2022,30138.9702666321,21389.3574571227,42467.7333367228,10.313574306588,0.174965227459717,index,0.2,1
2023,49451.0074959316,35756.0710421581,68391.2429718421,10.8087377108763,0.165443018529168,index,0.2,1
2024,38710.831195345,27748.7100086575,54003.5357091181,10.5638747157086,0.169865408964242,index,0.2,1
2025,36050.6741675888,25706.7843688583,50556.735890782,10.4926808434422,0.172539203189314,index,0.2,1
2003,25447.1488021628,15713.026734296,41211.4987843828,10.1443589843535,0.245980850951886,index,0.2,1
2004,31499.8518045126,19436.4521518597,51050.5032479046,10.357738120184,0.246347670217442,index,0.2,1
2005,22622.577426266,14806.2395342143,34565.2255743111,10.026703687753,0.216279344946652,index,0.2,1
2006,19530.5540917997,12969.9579832469,29409.6976740724,9.87973539478418,0.208852999464053,index,0.2,1
2007,26446.886077554,17635.2836121912,39661.2721734513,10.182893701719,0.206757256779975,index,0.2,1
2008,26438.7986897501,16981.043773022,41164.1407619275,10.1825878575987,0.225889318570784,index,0.2,1
2009,25571.7733606646,17078.3355442024,38289.187556757,10.1492444190546,0.205962155538812,index,0.2,1
2010,18756.1134373916,12584.7674302925,27953.7777098298,9.83927502825003,0.203591802661721,index,0.2,1
2011,18829.5080764457,12518.4579583304,28322.2083407644,9.84318049685141,0.208279860890528,index,0.2,1
2012,24840.2975338261,16649.8648902106,37059.7831056154,10.120222513988,0.204118614663363,index,0.2,1
2013,28504.6661679334,17408.1629926122,46674.4247333939,10.2578230780459,0.251600830034197,index,0.2,1
2014,20532.2698430148,13259.4462367447,31794.246711307,9.92975306615251,0.223110000320804,index,0.2,1
2015,19054.0344709728,12309.8876929083,29493.0578310781,9.85503414138511,0.222900037416421,index,0.2,1
2016,23724.5026864504,15803.3261912394,35616.0482235321,10.0742636616757,0.207293577631243,index,0.2,1
2017,22242.56294056,14474.9592267583,34178.4455772571,10.009762981858,0.21918132150057,index,0.2,1
2018,23163.6524199986,15492.0921498955,34634.1080496429,10.0503396230526,0.205235727484776,index,0.2,1
2019,27019.8134680856,15080.7037275155,48410.8920274118,10.2043257080146,0.297533222988021,index,0.2,1
2021,26010.9746147711,17282.7632868382,39147.1426866973,10.1662738285124,0.208579795205832,index,0.2,1
2022,26419.2939573984,17416.9632854857,40074.6721323738,10.1818498539266,0.212580407320521,index,0.2,1
2023,31214.4799813923,19804.6005857379,49197.8495749316,10.3486373681033,0.232130707086484,index,0.2,1
2024,30891.4960921273,20253.6539595559,47116.6601698394,10.3382362176348,0.21538442658158,index,0.2,1
2025,25276.6056955465,16995.1980517465,37593.3715831264,10.1376345708736,0.202528443589849,index,0.2,1
2003,34954.5681263149,25182.0449864013,48519.5635841725,10.4618044437364,0.167308137961859,index,0.2,2
2004,40899.7573789917,28332.6294273581,59041.1192843658,10.6188794099593,0.187304465847123,index,0.2,2
2005,44900.3962263961,32655.9425537605,61735.9483030819,10.7122018983327,0.162462052838259,index,0.2,2
2006,49435.4208218834,36558.1066760317,66848.6706243721,10.8084224669254,0.153964170688434,index,0.2,2
2007,45213.5900566461,33334.6224121801,61325.6901648148,10.7191529855997,0.155513642130255,index,0.2,2
2008,31968.7964318551,23312.3294208562,43839.6321041628,10.3725155945468,0.161114151967112,index,0.2,2
2009,43652.9518590352,32231.2906135766,59122.0571603348,10.6840261846178,0.15476466360793,index,0.2,2
2010,34820.6264331527,25856.1394361326,46893.1577427527,10.4579652037736,0.151871081315397,index,0.2,2
2011,39521.8013778694,28959.0656724364,53937.2644759901,10.5846077322468,0.158660644487666,index,0.2,2
2012,42317.3532698974,31458.0554733066,56925.2727425835,10.652952523695,0.151299799805746,index,0.2,2
2013,50454.012822061,34951.1066978349,72833.3849871021,10.8288175631946,0.187305559569263,index,0.2,2
2014,44817.4834496028,32385.8943882093,62021.039119015,10.7103535978447,0.165755775009847,index,0.2,2
2015,44516.0935495837,32391.9619638085,61178.220298277,10.7036060555734,0.16221750737074,index,0.2,2
2016,52927.5030045078,39126.0041941053,71597.4102644048,10.8766783883096,0.154153748169196,index,0.2,2
2017,48676.3011508102,36193.5560850464,65464.2027480494,10.7929475612814,0.15118195556173,index,0.2,2
2018,52403.1852715394,38594.227118702,71152.9685037425,10.8667226560864,0.156056269779005,index,0.2,2
2019,50931.4120148313,34706.251486417,74741.8294608892,10.838235144113,0.195697492056025,index,0.2,2
2021,53874.5707485445,38952.1091466047,74513.7923704172,10.8944138598299,0.165475316102702,index,0.2,2
2022,68696.2935337269,49906.1617518426,94561.0838344572,11.1374505252809,0.163039102597935,index,0.2,2
2023,58139.8951411959,40803.1901152262,82842.7237547753,10.9706073705542,0.180662413652978,index,0.2,2
2024,62418.6170037578,45412.6934356918,85792.8357449001,11.0416188592794,0.162284575503745,index,0.2,2
2025,62058.7830283446,45777.3528717713,84130.9579814969,11.035837328212,0.15525415853925,index,0.2,2
2003,3401.1648980628,2268.85566644528,5098.57142298458,8.13187326900172,0.206556039052121,index,0.2,2
2004,3921.13791789174,2456.94406313295,6257.90501372778,8.27413717583638,0.238506203986048,index,0.2,2
2005,4450.80048337165,2952.73562123422,6708.90573484567,8.40083924288686,0.20936705840616401,index,0.2,2
2006,4829.01025319984,3244.25000272004,7187.89859164918,8.48239680912659,0.202941142698687,index,0.2,2
2007,4405.50535654874,2954.34948939116,6569.45886607997,8.39061025518364,0.20386930151947,index,0.2,2
2008,3092.25407366539,2021.68217388252,4729.74208291942,8.03665557763331,0.216825603834596,index,0.2,2
2009,4204.41935825531,2791.00904917597,6333.60258910343,8.34389147922347,0.209051292092194,index,0.2,2
2010,3338.88592019986,2196.7535800183,5074.83374080398,8.1133924735019,0.213604215557555,index,0.2,2
2011,3918.0754992204,2594.74083179439,5916.31943718055,8.27335586815558,0.210266082915164,index,0.2,2
2012,4121.10649359957,2758.5162001444,6156.75874250783,8.32387697269373,0.204814359016609,index,0.2,2
2013,4926.41176455555,3171.76735571373,7651.73802240929,8.50236616523079,0.224658173175884,index,0.2,2
2014,4307.46985153518,2821.80284692755,6575.33411382261,8.36810596931437,0.215807385016968,index,0.2,2
2015,4398.42418984896,2842.29016698296,6806.53072602507,8.38900161708869,0.222777672200008,index,0.2,2
2016,5092.84002131308,3347.12139512466,7749.05252031419,8.53559091490747,0.214154417037049,index,0.2,2
2017,4776.21494422834,3144.23932868283,7255.24580313247,8.47140365913268,0.213308198223989,index,0.2,2
2018,5138.48562758263,3411.65023499939,7739.37324348197,8.54451369005482,0.208964195355861,index,0.2,2
2019,5071.38464309262,3191.40249465737,8058.82123650993,8.53136916444528,0.236307103314834,index,0.2,2
2021,5390.16383567637,3573.69016867829,8129.93427076496,8.59233105967047,0.20968602551051,index,0.2,2
2022,6683.97742953175,4347.87167919126,10275.2697353754,8.807468512919,0.219405448830137,index,0.2,2
2023,5501.52760457201,3528.9239930585,8576.78035667629,8.61278107894202,0.226551506463386,index,0.2,2
2024,6095.57737284866,3946.34548263499,9415.30934680745,8.7153187663622,0.221827306227299,index,0.2,2
2025,5859.64431398415,3875.48341349926,8859.65125455265,8.67584418345657,0.210931680806489,index,0.2,2
2003,5966.65311984199,4101.80573375487,8679.3358250856,8.69394143274062,0.19120701048331,index,0.2,2
2004,7186.72859655189,4812.73075539863,10731.7592746197,8.87999135364866,0.204581017912175,index,0.2,2
2005,7822.54947611847,5405.18189467634,11321.0399758407,8.9647658003704,0.188601637958661,index,0.2,2
2006,8570.41046486342,6009.05680372371,12223.5382249546,9.05607090599486,0.181150180002573,index,0.2,2
2007,7797.29102032527,5484.50784137576,11085.360621965,8.9615316472668,0.179518098014984,index,0.2,2
2008,5470.72231143964,3656.14653141604,8185.88706763126,8.60716593632158,0.205616495007328,index,0.2,2
2009,7433.26949346732,5086.02172236854,10863.7946077785,8.91372108042044,0.193610630821998,index,0.2,2
2010,5835.94703554398,4061.71928955009,8385.18749665913,8.67179183412925,0.184916765664062,index,0.2,2
2011,6788.86579641165,4709.67607076322,9785.95939703749,8.82303916630712,0.186567079462148,index,0.2,2
2012,7393.42379404944,5134.78849249733,10645.5631966704,8.90834620760541,0.185999476701452,index,0.2,2
2013,9091.44969142718,6110.50343142833,13526.6199289951,9.11508965646081,0.202720670458414,index,0.2,2
2014,7963.30229424835,5538.57424558878,11449.5501220531,8.98259905389384,0.185261906101542,index,0.2,2
2015,7735.56244763145,5309.61937269393,11269.9088542849,8.9535834749895,0.191997428277385,index,0.2,2
2016,9652.30849695413,6919.76266090984,13463.9096578672,9.17495238820619,0.169807017049413,index,0.2,2
2017,8571.99357335011,6073.42488106111,12098.4576677135,9.05625560686735,0.175808154554283,index,0.2,2
2018,9330.91762547888,6607.44362900738,13176.9605042476,9.14108864114649,0.176093300076731,index,0.2,2
2019,9155.31188387423,6014.73905026244,13935.7227288774,9.12208952358178,0.214351530228594,index,0.2,2
2021,9221.8256523816,6301.27949043057,13496.0000571427,9.12932830696894,0.194299652695037,index,0.2,2
2022,12194.4059035571,8495.36406976807,17504.0803571787,9.40873259306786,0.184420073931917,index,0.2,2
2023,10062.295345935,6556.87104014053,15441.7841999612,9.21655058322782,0.218515132954122,index,0.2,2
2024,11250.0466910736,7852.64616174048,16117.312297602,9.32812755794161,0.183432816182203,index,0.2,2
2025,11228.3677863244,7947.21644522002,15864.2015118134,9.32619869311954,0.176340831864703,index,0.2,2
2003,25586.7501084099,18126.7976803202,36116.7919814644,10.1498299225898,0.175862040395391,index,0.2,2
2004,29791.8908645481,20398.5353196111,43510.8083682777,10.3019915168232,0.193255151938742,index,0.2,2
2005,32627.046266906,23392.7825377246,45506.520927389,10.3928968634828,0.169755184736647,index,0.2,2
2006,36036.0001038201,26258.8952000576,49453.4630489584,10.4922737206523,0.161489521117117,index,0.2,2
2007,33010.7936797721,23987.5494690103,45428.2543857299,10.4045898681744,0.162910986169305,index,0.2,2
2008,23405.8200467499,16918.990742818,32379.7335425217,10.0607399903667,0.165588760974767,index,0.2,2
2009,32015.2630073124,23404.8636615628,43793.3363017484,10.3739680370468,0.159834012759876,index,0.2,2
2010,25645.7934774089,18875.2967895886,34844.841403961,10.1521348401678,0.156393456533051,index,0.2,2
2011,28814.8600822374,20813.7119955518,39891.786805562,10.2686465081324,0.165961839937033,index,0.2,2
2012,30802.822982248,22589.7719893583,42001.92477032,10.3353616200294,0.158221838001582,index,0.2,2
2013,36436.1513660782,24847.8525264991,53428.8878669069,10.5033167301562,0.195304670305013,index,0.2,2
2014,32546.7113038191,23171.3007720658,45715.5352267135,10.3904316073194,0.173351068586987,index,0.2,2
2015,32382.1069121033,23317.6372016769,44970.2874694131,10.3853612934317,0.167552047575238,index,0.2,2
2016,38182.3544862407,27802.831631196,52436.8241858188,10.5501287634307,0.161857878106006,index,0.2,2
2017,35328.092633232,25964.0380161267,48069.3383797627,10.4724337517244,0.157128420631816,index,0.2,2
2018,37933.7820184782,27506.0262233817,52314.7839145957,10.5435973401914,0.164001454967125,index,0.2,2
2019,36704.7154878643,24670.4022275977,54609.4111727928,10.5106605131966,0.202708316386952,index,0.2,2
2021,39262.5812604868,28021.7982192193,55012.539708427,10.5780272135165,0.172089498618561,index,0.2,2
2022,49817.9102006376,35747.7422998198,69426.0397186343,10.8161298409399,0.169333441778758,index,0.2,2
2023,42576.0721906887,29598.2565703047,61244.2127758769,10.6590476887884,0.185501852447601,index,0.2,2
2024,45072.9929398358,32329.4721243116,62839.7112313736,10.716038519955,0.169545960908226,index,0.2,2
2025,44970.7709280359,32684.0044235196,61876.4522136266,10.7137680227807,0.162822862793045,index,0.2,2
2003,23723.5449807831,17081.0745247338,32949.1324237406,10.0742232930741,0.167603547318889,index,0.2,2
2004,27620.0700989398,18962.7642738513,40229.8030631696,10.2262979649376,0.191873630172625,index,0.2,2
2005,30521.2292707667,22093.099903424,42164.5418827953,10.3261777621353,0.164879124052449,index,0.2,2
2006,33317.5749040883,24476.2996584106,45352.476190497,10.4138403116419,0.157339495326568,index,0.2,2
2007,30535.4809502303,22486.0558540886,41466.3915678366,10.3266445963185,0.156122225957236,index,0.2,2
2008,21730.1127743145,15782.2430949182,29919.5620257852,9.98645426303519,0.163173167105673,index,0.2,2
2009,29585.5315068519,21783.2415420687,40182.4344119082,10.2950407203661,0.156199045612869,index,0.2,2
2010,23534.6196992782,17351.4338115578,31921.1847507793,10.0662277947618,0.155511721016244,index,0.2,2
2011,27008.0375152999,19753.1177119896,36927.5423284243,10.2038897864387,0.159606590835556,index,0.2,2
2012,28966.0684183471,21500.0046934551,39024.7877421058,10.2738803693806,0.152080313370966,index,0.2,2
2013,34261.8567259002,23751.4944158935,49423.1986312661,10.4417879655614,0.186935697897367,index,0.2,2
2014,30376.9320157894,21934.0379965222,42069.6817812662,10.3214387840782,0.166147863438613,index,0.2,2
2015,30607.3099115958,22213.7510288454,42172.4101799824,10.3289941454116,0.16353736911724,index,0.2,2
2016,35912.9875891383,26522.9683119279,48627.3882474,10.4888542803381,0.154639532866414,index,0.2,2
2017,33179.5693246252,24618.5584927034,44717.6393733166,10.4096895836911,0.152264908067974,index,0.2,2
2018,35985.2298847273,26493.6823661622,48877.1908698718,10.4908638522702,0.156228518692257,index,0.2,2
2019,34850.2976366537,23806.0094769469,51018.3467136516,10.4588169566588,0.194454404696507,index,0.2,2
2021,36708.4681537197,26541.2360580208,50770.4928002189,10.5107627473097,0.165466237985321,index,0.2,2
2022,46822.1051395983,34042.4243124651,64399.3362394244,10.7541107024348,0.162629469356358,index,0.2,2
2023,39562.1670861067,27644.5855803259,56617.4182644619,10.585628563966,0.18288264422091,index,0.2,2
2024,42894.7324929801,31111.687054043,59140.4147402292,10.6665043116659,0.163862957229838,index,0.2,2
2025,42449.846397902,31165.1335540993,57820.6878554656,10.656078573309,0.157667865902283,index,0.2,2
2003,11231.0231455317,7639.65786356734,16510.6714394891,9.32643515182208,0.196599047716825,index,0.2,2
2004,13279.6872800522,8891.883697319,19832.7036496384,9.49399087456432,0.204644923173775,index,0.2,2
2005,14379.1669556293,9951.17402726544,20777.4923613388,9.57353569883407,0.187804411639946,index,0.2,2
2006,16117.8459177952,11341.4206715098,22905.8567311924,9.68768237920328,0.179322443099008,index,0.2,2
2007,14678.109106416,10213.8173187758,21093.6695082456,9.59411248640726,0.185011442860825,index,0.2,2
2008,10238.6836575405,7064.5228221692,14839.026736557,9.23392834126204,0.189333881870152,index,0.2,2
2009,14067.4203521829,9797.21908158006,20198.8251683656,9.55161678945973,0.184576316253688,index,0.2,2
2010,11286.0067338743,7987.26292088139,15947.1334872496,9.3313188951862,0.176388689248719,index,0.2,2
2011,12513.7638625695,8650.60169477598,18102.1264801401,9.43458442652007,0.188370945505036,index,0.2,2
2012,13351.2848515505,9327.75442438326,19110.3666624488,9.49936790275912,0.18297189339253,index,0.2,2
2013,16192.1560961605,10643.4249689815,24633.6042962229,9.69228221236684,0.214077712140191,index,0.2,2
2014,14440.5514338132,9868.52047004692,21130.7790611103,9.57779559965488,0.194233354890301,index,0.2,2
2015,13908.7836379879,9571.23007544557,20212.058509037,9.54027583594569,0.190696782276303,index,0.2,2
2016,17014.5154153694,11869.3166116687,24390.0929001457,9.74182210668046,0.183733066682257,index,0.2,2
2017,15496.7318261854,10872.8756788698,22086.9532941877,9.64838443075184,0.180798186367428,index,0.2,2
2018,16417.9553868124,11375.6303432556,23695.3250896704,9.70613085557064,0.187198439047456,index,0.2,2
2019,16081.1143781775,10367.1106304579,24944.485388655,9.68540084245714,0.223987385099209,index,0.2,2
2021,17166.1025948249,11698.7275338793,25188.6435890299,9.75069193888998,0.195644708184151,index,0.2,2
2022,21874.1883941285,14969.8657112074,31962.8864501841,9.99306260855482,0.193507689274003,index,0.2,2
2023,18577.7280550891,12425.0610215109,27777.0852868516,9.82971872583242,0.205232324096022,index,0.2,2
2024,19523.8845107777,13459.4393644648,28320.7982196177,9.87939384174562,0.189777921594347,index,0.2,2
2025,19608.9366304424,13740.734595596,27983.2488650168,9.88374069183753,0.181442448064481,index,0.2,2
2003,12788.1111390804,9194.87133675886,17785.5437576049,9.45627120103033,0.168304142030893,index,0.2,2
2004,15215.1686184458,10386.2154257387,22289.2888890058,9.6300481446519,0.194806323758639,index,0.2,2
2005,16742.83084606,12026.3866115529,23308.9450550751,9.72572543644069,0.168812814925316,index,0.2,2
2006,18250.9960823784,13322.8762237865,25002.023016943,9.81197493737756,0.160583095587062,index,0.2,2
2007,16790.3381265851,12277.1005074514,22962.7064007461,9.7285588884385,0.159731419615224,index,0.2,2
2008,11721.8347558744,8325.21163221271,16504.2543197794,9.36920860001451,0.174577118202741,index,0.2,2
2009,15883.1060897888,11468.0904806337,21997.8260099623,9.67301131326816,0.166170194467599,index,0.2,2
2010,12684.858379481,9232.16753156963,17428.8033181015,9.44816430756278,0.162102556297897,index,0.2,2
2011,14736.8371193571,10672.4989598536,20348.9706674509,9.59810556465555,0.1646357004665,index,0.2,2
2012,15988.585531794,11756.9442672812,21743.3085924298,9.67963034236513,0.156855431181212,index,0.2,2
2013,19023.8104851442,13160.4982205125,27499.3666129298,9.85344665699828,0.187999165821666,index,0.2,2
2014,16705.9051318203,11978.5589497339,23298.9015994766,9.72351753661065,0.169719424847816,index,0.2,2
2015,16637.4541496373,11881.1140255397,23297.8894055105,9.71941170685508,0.171792108323007,index,0.2,2
2016,20013.8190174801,14680.8798102773,27283.9882105734,9.90417826481348,0.158103431647179,index,0.2,2
2017,18198.9197491247,13267.9970092995,24962.3722256602,9.80911751685964,0.161231198477311,index,0.2,2
2018,19874.6346538805,14470.4938415951,27297.0022273743,9.89719955715889,0.161907367669384,index,0.2,2
2019,19176.8820851412,13005.1109727835,28277.560051354,9.86146077449001,0.198148061199601,index,0.2,2
2021,19944.8198828348,14284.8597073026,27847.3746546747,9.90072473360607,0.170293557739843,index,0.2,2
2022,25772.4247541151,18408.8907099656,36081.3635200164,10.1570603913471,0.171672222726612,index,0.2,2
2023,21435.6861379164,14742.8025850893,31166.9804673354,9.97281238868614,0.190973971611183,index,0.2,2
2024,23787.3559584145,17094.4749524215,33100.6541626576,10.0769094562383,0.168573948684777,index,0.2,2
2025,23497.7357072784,17134.5617419556,32223.9688230328,10.0646593426082,0.161128718636131,index,0.2,2
2003,22166.4569872344,15579.3863540819,31538.585936549,10.0063354787086,0.17991736052994,index,0.2,2
2004,25684.5887605459,17544.9537998188,37600.4466768771,10.1536464318931,0.194454990053248,index,0.2,2
2005,28157.5653803361,20089.0969540864,39466.6066852063,10.2455713498702,0.172267881326049,index,0.2,2
2006,31184.424739505,22602.2307384726,43025.3260214071,10.3476740420851,0.164222485205075,index,0.2,2
2007,28423.251930061,20510.1470113583,39389.3446903293,10.2549628191045,0.16647642653038,index,0.2,2
2008,20246.9616759806,14556.744838672,28161.4785209097,9.91576002058514,0.168345079401874,index,0.2,2
2009,27769.8457692463,20175.7273117205,38222.3808903155,10.2317060264232,0.162998139918668,index,0.2,2
2010,22135.7680536717,16175.3811829095,30292.4686463441,10.0049500431715,0.160056184898176,index,0.2,2
2011,24784.9642585123,17782.735092431,34544.430319788,10.1179924683924,0.16939553178191,index,0.2,2
2012,26328.7677381031,19111.5624199087,36271.4463305658,10.1784174507155,0.163456400253636,index,0.2,2
2013,31430.2023369168,21302.5618274898,46372.7145560847,10.3555245674711,0.198443416553928,index,0.2,2
2014,28111.5783177823,19895.0228565761,39721.5344367196,10.2439368102355,0.176386883249759,index,0.2,2
2015,27878.6393999463,19960.6240534988,38937.5869566566,10.2356160616731,0.170461931814229,index,0.2,2
2016,32913.6839870279,23806.5108990735,45504.8032107929,10.4016437769373,0.165273132597128,index,0.2,2
2017,30477.3814016857,22303.8853852792,41646.1419639865,10.3247400940917,0.159300845198849,index,0.2,2
2018,32528.5506176592,23470.6807656922,45082.0585840138,10.389873463223,0.166516411317454,index,0.2,2
2019,31754.52992969,21221.0518918246,47516.5027726097,10.3657906690946,0.205637292603509,index,0.2,2
2021,33929.7508657098,24037.9914369052,47892.0211295886,10.4320475151551,0.1758484766009,index,0.2,2
2022,42923.8687796113,30696.5979389432,60021.5865834387,10.6671833320023,0.171062439684217,index,0.2,2
2023,36704.2090032794,25392.7990008341,53054.3701981088,10.5106467142045,0.187975803740767,index,0.2,2
2024,38631.2610453437,27543.9170910653,54181.6301951324,10.5618170993249,0.172595061457054,index,0.2,2
2025,38561.047321066,27868.1239224209,53356.8163625533,10.5599979091717,0.165696466276489,index,0.2,2
2003,18920.951783032,13625.5414709464,26274.3625373853,9.84802514699767,0.167515214493102,index,0.2,2
2004,22134.5425294889,15165.8463875972,32305.3498280473,10.0048946776606,0.192908364729574,index,0.2,2
2005,24405.424510923,17591.4058420427,33858.8485142469,10.1025607025942,0.167041306799111,index,0.2,2
2006,26619.4709245947,19570.9992207232,36206.4411895244,10.1893982166425,0.156938648455624,index,0.2,2
2007,24575.513532631,18029.5876855575,33498.0408828941,10.1095058413436,0.158031676140494,index,0.2,2
2008,17309.4184252784,12524.528430028,23922.3351118777,9.7590060499905,0.165085571773567,index,0.2,2
2009,23570.4505662593,17291.6872333328,32129.0879484289,10.0677491118382,0.158047778438736,index,0.2,2
2010,18798.465415355,13800.9365327896,25605.6754650454,9.84153051864357,0.15767574687277,index,0.2,2
2011,21729.1983323909,15897.808046915,29699.5698259173,9.9864121803652,0.15942928686936,index,0.2,2
2012,23513.9282302565,17420.6057928857,31738.5530326075,10.0653482152097,0.15303301084243,index,0.2,2
2013,27566.1765495022,19137.3037466331,39707.4791527001,10.2243448128447,0.186202415310396,index,0.2,2
2014,24505.9069509548,17678.7274975959,33969.6098359185,10.1066694675118,0.166611279903179,index,0.2,2
2015,24534.9997213777,17751.0756986168,33911.5342387342,10.1078559371679,0.165132902397477,index,0.2,2
2016,28808.6590754218,21205.6941010162,39137.546442496,10.2684312832752,0.1563326017341,index,0.2,2
2017,26584.5628556784,19514.9628448441,36215.2358601204,10.1880859825337,0.157732085531852,index,0.2,2
2018,29101.860424862,21457.9142521642,39468.8071839382,10.2785573832419,0.15546640985976,index,0.2,2
2019,27921.5887913159,19021.4283278025,40986.150314055,10.2371554603904,0.195837287847742,index,0.2,2
2021,29560.0634864337,21361.5894466189,40905.0719519514,10.2941795227741,0.165732545462952,index,0.2,2
2022,37750.3235829469,27342.8498339916,52119.1806731712,10.5387493263741,0.164563730393524,index,0.2,2
2023,31657.3496759071,21960.03593328,45636.8920136357,10.3627256178623,0.186608574861141,index,0.2,2
2024,34691.5068032582,25167.4828950635,47819.6667222755,10.4542501752631,0.163748976427724,index,0.2,2
2025,34309.8904594623,25141.4933123538,46821.7447832294,10.4431889431765,0.158632538859832,index,0.2,2
2003,16033.6163432827,11109.4539451439,23140.3680426574,9.68244281861815,0.18719276983577,index,0.2,2
2004,18765.2148495029,12717.8193481683,27688.1813389433,9.83976016098415,0.198473429485182,index,0.2,2
2005,20494.971715473,14471.7406580851,29025.1100777825,9.92793485286786,0.17754496967907,index,0.2,2
2006,22815.9498972888,16290.0887087754,31956.0917697867,10.0352151272653,0.171892434118413,index,0.2,2
2007,20638.0765240152,14694.7017102486,28985.2908217965,9.93489302358695,0.173294380071895,index,0.2,2
2008,14659.3780065765,10330.8965912975,20801.4243140062,9.59283554661262,0.178544705988261,index,0.2,2
2009,20082.5012927754,14306.5598363756,28190.3450435993,9.9076041324212,0.173029042480424,index,0.2,2
2010,16022.1610177976,11556.5454067739,22213.3548257217,9.68172810651845,0.166697373918769,index,0.2,2
2011,17792.6030454785,12526.0198116072,25273.5288539632,9.78653809066872,0.179072038422283,index,0.2,2
2012,18803.4250396409,13412.2997564082,26361.5337893463,9.84179431518436,0.172384217591062,index,0.2,2
2013,22887.8362725584,15285.009383174,34272.3407037032,10.0383608812859,0.205990026482405,index,0.2,2
2014,20311.5764986478,14150.5943931419,29154.9689291052,9.91894627335659,0.184408676606275,index,0.2,2
2015,19981.093828206,14048.790077443,28418.3981944897,9.90254179686048,0.179722813311739,index,0.2,2
2016,24118.843929086,17217.336429222,33786.7959348399,10.0907487197209,0.171981033972545,index,0.2,2
2017,22091.7382951321,15989.0858037281,30523.6276102047,10.0029589848135,0.164950660405078,index,0.2,2
2018,23301.3248466777,16430.4806015604,33045.3961011241,10.0562654983097,0.178254314363744,index,0.2,2
2019,23009.8232235154,15167.7753466417,34906.3691067032,10.043676500406,0.212630482149394,index,0.2,2
2021,24314.5072621109,16908.7253839125,34963.9165564619,10.0988284578623,0.185331668410559,index,0.2,2
2022,30945.9699507796,21701.6503967532,44128.121073125,10.339998058028,0.181051523926268,index,0.2,2
2023,26482.5454652885,18119.2002833231,38706.1903039161,10.1842411332742,0.193632991279005,index,0.2,2
2024,27727.1102004998,19423.4110824195,39580.7222947833,10.2301659211527,0.181601064932224,index,0.2,2
2025,27748.8925688822,19793.6830112666,38901.3524345662,10.2309512109506,0.172366986164952,index,0.2,2
2003,37051.8224118185,26947.6224644743,50944.662960407,10.5200728174179,0.162463426739567,index,0.2,3
2004,53471.4908266493,36392.6970576774,78565.2222118357,10.8869039091073,0.196320192069902,index,0.2,3
2005,39047.2119401951,28652.8903024861,53212.2499408106,10.5725267555408,0.157919817797374,index,0.2,3
2006,45185.8628404736,33690.7742947527,60603.0061160124,10.7185395478818,0.149778379161868,index,0.2,3
2007,42821.5319505508,31917.8707459029,57450.0602872269,10.6647963380229,0.149938976918731,index,0.2,3
2008,36527.7679113803,27033.31327583,49356.7997001914,10.5058280150312,0.15357568196396,index,0.2,3
2009,47623.5347481752,35315.7647781139,64220.6412960422,10.7710823455132,0.152552603192178,index,0.2,3
2010,38542.7387977712,28871.4609255437,51453.6731571799,10.5595230032154,0.147407876129924,index,0.2,3
2011,44951.5074731669,33641.8354529058,60063.2515113155,10.7133395760041,0.147866952694738,index,0.2,3
2012,52387.7721587649,38381.4558871444,71505.3300695117,10.8664284873287,0.15872678654078,index,0.2,3
2013,54019.5369787432,37381.8564403569,78062.2112776467,10.8971010560167,0.187840345610115,index,0.2,3
2014,41055.8565300414,30132.2727147617,55939.4696633546,10.6226887729149,0.157827753867525,index,0.2,3
2015,45637.6079105948,33851.7983425015,61526.7536078344,10.728487390477,0.152421161355356,index,0.2,3
2016,46538.5921923491,34792.8833575916,62249.5278987334,10.7480371869864,0.148405300122878,index,0.2,3
2017,45749.7768160097,34037.5231265042,61492.1970360672,10.7309421923532,0.150882045926409,index,0.2,3
2018,47776.0520552823,35741.8356295112,63862.1690740584,10.774279789908,0.148065293115567,index,0.2,3
2019,68006.7222441308,44568.303932812,103771.377016333,11.1273618358036,0.215607851944988,index,0.2,3
2021,68411.0228194454,49923.7628530821,93744.2968186391,11.1332892429581,0.160736047996076,index,0.2,3
2022,56028.4577427702,40422.4333643727,77659.5522772308,10.9336150146187,0.166571848288981,index,0.2,3
2023,88841.3445083759,64317.506765858,122715.95854592,11.3946074119368,0.164809289533798,index,0.2,3
2024,79520.8779520908,58884.5243365322,107389.337037544,11.2837748819145,0.153289189943768,index,0.2,3
2025,64063.0765302409,47929.1171779322,85628.0694527192,11.0676234477708,0.148035870588863,index,0.2,3
2003,2945.41469410763,1988.92981149034,4361.87726190521,7.98800489911225,0.200336798185488,index,0.2,3
2004,4253.68276332633,2668.03488939827,6781.70181466415,8.35554041924325,0.237985462481263,index,0.2,3
2005,2963.41568681222,2027.86687351529,4330.57645328634,7.99409783027895,0.193553613708268,index,0.2,3
2006,3504.03915655589,2360.27922022644,5202.04995470787,8.16167162681002,0.201603919893625,index,0.2,3
2007,3375.27685378644,2309.94845947685,4931.92555572718,8.12423263069383,0.193499545059594,index,0.2,3
2008,2809.36227741133,1892.95337174565,4169.41934415608,7.94071278903085,0.201442104638105,index,0.2,3
2009,3839.47906191156,2630.28712966116,5604.55902346917,8.25309197541846,0.192985016262143,index,0.2,3
2010,3048.83877804004,2044.07202215375,4547.50018283922,8.02251606859449,0.203991953504259,index,0.2,3
2011,3483.31749557746,2382.22885938247,5093.33967943841,8.15574042199034,0.193854887651668,index,0.2,3
2012,4101.95160111937,2792.81936351249,6024.73871305588,8.31921813971322,0.196131793037925,index,0.2,3
2013,4254.64417237066,2782.62402494359,6505.36934606343,8.35576641174582,0.216645183142932,index,0.2,3
2014,3284.19666753179,2251.71823903677,4790.09654229247,8.09687735536012,0.19256909452722001,index,0.2,3
2015,3670.53908541129,2509.12439437249,5369.54533133118,8.20809382001922,0.194087594781712,index,0.2,3
2016,3723.81001417444,2575.16954700787,5384.7953575631,8.22250262049364,0.188183032430439,index,0.2,3
2017,3598.87240603955,2430.30446442459,5329.32510495939,8.18837585483583,0.200311860546824,index,0.2,3
2018,3896.41077897987,2681.68080085514,5661.38108372526,8.26781109528756,0.1906218975537,index,0.2,3
2019,5497.76802617558,3371.94857869212,8963.79424663768,8.61209747543339,0.249418565740035,index,0.2,3
2021,5513.3974929616,3684.50943313555,8250.09474586327,8.61493631701748,0.205638292219407,index,0.2,3
2022,4443.26386010744,2928.13525430706,6742.37766219884,8.39914448899774,0.212770961539072,index,0.2,3
2023,7024.3417209905,4723.55759584199,10445.8081884471,8.85713678461426,0.202462527445575,index,0.2,3
2024,6250.31916354937,4222.56158958731,9251.84602222714,8.74038780759451,0.200100908008805,index,0.2,3
2025,5148.71724602605,3483.8749763642,7609.13909350197,8.54650288419105,0.199290617087084,index,0.2,3
2003,6025.82810618091,4160.45021142047,8727.56613348405,8.70381019392344,0.188999198733587,index,0.2,3
2004,8813.30888323658,5769.56549896152,13462.7838934002,9.08401823107694,0.2161601851998,index,0.2,3
2005,6595.30685428899,4630.03769327702,9394.75559030376,8.79411359239183,0.180510104797237,index,0.2,3
2006,7522.7813115426,5364.20238377245,10549.9820127024,8.92569120382261,0.172548185982299,index,0.2,3
2007,7294.96905118273,5193.08721444444,10247.5793800831,8.89494021847808,0.173399400621056,index,0.2,3
2008,6193.7202366526,4451.26981113567,8618.25321708197,8.73129119268271,0.168547233528754,index,0.2,3
2009,7833.32571822706,5491.42553864313,11173.9640965794,8.96614243932244,0.181227451306081,index,0.2,3
2010,6262.04511790388,4424.16673556173,8863.4112144702,8.74226210689136,0.177260846765371,index,0.2,3
2011,7567.00548162187,5463.785002336,10479.8362187412,8.93155269110577,0.166153889169987,index,0.2,3
2012,8803.79154350141,6121.26289922964,12661.8880478375,9.08293776489005,0.185418741086803,index,0.2,3
2013,9300.57755987592,6205.36094110062,13939.6795397247,9.13783178042549,0.206464464793606,index,0.2,3
2014,6818.15239880462,4776.36386609858,9732.75978056859,8.82734380486878,0.181589544061366,index,0.2,3
2015,7761.65940092278,5524.44634890989,10904.8677190648,8.95695143064178,0.173479268140181,index,0.2,3
2016,8036.89167624744,5846.86248397312,11047.2288330345,8.99179767998918,0.162317886284504,index,0.2,3
2017,7869.92037692967,5629.30016123847,11002.3706260472,8.97080322407052,0.170953557612537,index,0.2,3
2018,8255.59314035122,5941.34431680511,11471.278967327,9.01864620602631,0.16783752452061,index,0.2,3
2019,11630.9615753159,7456.34287460121,18142.8442121782,9.36142592268952,0.226843750440339,index,0.2,3
2021,11860.8225430024,8399.954168217,16747.6046391874,9.3809960245315,0.176031038631858,index,0.2,3
2022,9387.85149870273,6496.68731775509,13565.6452975404,9.147171738642,0.187821847236294,index,0.2,3
2023,15331.6171069908,10630.2448817619,22112.2359578617,9.63767245273379,0.186847282754897,index,0.2,3
2024,13833.8866178527,9891.99717648132,19346.5905358941,9.53487641322212,0.171123078108053,index,0.2,3
2025,10986.4674606839,7842.79240084619,15390.2412681027,9.3044195635784,0.171977313221132,index,0.2,3
2003,28080.57961153,20136.5266085026,39158.6377655879,10.242833499363,0.169667816819755,index,0.2,3
2004,40404.4991800862,27187.8024580864,60046.1753578772,10.6066964235922,0.202132648381762,index,0.2,3
2005,29488.489399094,21321.0365492623,40784.6497064687,10.2917552763228,0.165465173416274,index,0.2,3
2006,34159.0423723748,25144.3638096936,46405.6352600123,10.438782613914,0.156326120740992,index,0.2,3
2007,32151.2860455818,23634.8771486532,43736.4318791785,10.3782077302835,0.157007469195287,index,0.2,3
2008,27524.6853973163,20041.0263368308,37802.8696478944,10.2228385318186,0.161891629653068,index,0.2,3
2009,35950.7299680365,26300.261407723,49142.2866563278,10.4899046680345,0.159477680674939,index,0.2,3
2010,29231.8549018271,21670.2186052765,39432.0591114578,10.2830143149296,0.15271715954414,index,0.2,3
2011,33901.1844959675,24988.0861093979,45993.5308849998,10.4312052336421,0.155641022697758,index,0.2,3
2012,39482.029014144,28500.9531315266,54693.9819128152,10.5836008856955,0.166282686496917,index,0.2,3
2013,40464.3152464963,27604.856180331,59314.2307162055,10.6081757596686,0.195120307257874,index,0.2,3
2014,30953.507463705,22374.7786472258,42821.4124220817,10.3402415984674,0.165590771460433,index,0.2,3
2015,34205.4094242609,24953.6735970882,46887.2861275962,10.4401390808431,0.160902319955494,index,0.2,3
2016,34777.8905019276,25507.152591229,47418.1374592149,10.4567371334503,0.158177879954195,index,0.2,3
2017,34280.9840330405,25102.9812806629,46814.5935789242,10.4423460780477,0.158984647838941,index,0.2,3
2018,35624.0481359509,26188.7195597211,48458.7573171929,10.4807761982231,0.156988676715712,index,0.2,3
2019,50877.9926426398,32904.0544792008,78670.2482814326,10.8371857444574,0.222368667120864,index,0.2,3
2021,51036.8027834812,36661.3703178048,71049.0419692509,10.8403022746671,0.168790537724956,index,0.2,3
2022,42197.3423839598,30060.9882234384,59233.4387357497,10.6501125213576,0.17302817104537,index,0.2,3
2023,66485.3856803942,47413.1753446574,93229.4974326972,11.1047374382877,0.172493990214844,index,0.2,3
2024,59436.6721706884,43315.2117460281,81558.368442002,10.9926666914631,0.16143537898226001,index,0.2,3
2025,47927.8918235309,35357.1992391154,64967.8951976159,10.7774529066992,0.155204688720145,index,0.2,3
2003,25029.4699756841,18207.6734914619,34407.1617693191,10.1278092086397,0.162355434350676,index,0.2,3
2004,36125.7300098799,24486.2756554377,53297.9529884905,10.4947606330965,0.198418222946051,index,0.2,3
2005,26326.5513464346,19233.6600881516,36035.1229365552,10.1783332658047,0.160164225267238,index,0.2,3
2006,30421.8465550401,22658.9516409,40844.288053816,10.3229162659776,0.150311944267179,index,0.2,3
2007,28979.5238773496,21549.5955909743,38971.1630834326,10.2743447863867,0.151141785995871,index,0.2,3
2008,24611.8584520281,18238.2510864085,33212.8104604328,10.1109836566667,0.152914687933108,index,0.2,3
2009,32203.2857526392,23767.2920136388,43633.5621521806,10.379823768333999,0.154981490174089,index,0.2,3
2010,25819.1987980411,19096.059515849,34909.3500687662,10.1588736336342,0.153898924334272,index,0.2,3
2011,30405.4546501896,22845.5960974463,40466.9533918652,10.3223773005814,0.14585148301398,index,0.2,3
2012,35473.1627481974,25935.7053725455,48517.8736141927,10.4765317106433,0.15977631680492899,index,0.2,3
2013,36526.5175008742,25293.9196843359,52747.3202015387,10.5057937826655,0.187490417382361,index,0.2,3
2014,27690.8493840711,20268.8275198487,37830.6608441174,10.2288572904533,0.159195729241356,index,0.2,3
2015,31058.7642021689,23055.6645269361,41839.9058781811,10.3436363084729,0.152028069417726,index,0.2,3
2016,31383.456793135,23494.3812201497,41921.5705686201,10.3540361793383,0.147716798417183,index,0.2,3
2017,31158.8230409343,23174.5734190409,41893.856501305,10.3468527277994,0.151044481845203,index,0.2,3
2018,32499.7020325587,24320.5187144094,43429.6095658234,10.3889862000468,0.147916256504443,index,0.2,3
2019,46051.2759824295,30206.3908219635,70207.6600978055,10.73751074993,0.215158010891867,index,0.2,3
2021,46207.3741418945,33701.4212565775,63354.0469653727,10.7408946777939,0.16102305503899,index,0.2,3
2022,37927.9053066322,27339.591174434,52616.9536248978,10.5434424079176,0.167019013471315,index,0.2,3
2023,60173.9699262315,43497.5381950367,83243.944529628,11.004995144536,0.165582390716436,index,0.2,3
2024,53823.7666582458,39796.8716716126,72794.6126315183,10.8934704080498,0.15404712712268,index,0.2,3
2025,43616.8989222678,32458.8457640152,58610.6445505347,10.6831999442038,0.150753618339955,index,0.2,3
2003,12022.3524361345,8193.25911653548,17640.9602141018,9.3945228991014,0.195644341380023,index,0.2,3
2004,17345.7608167693,11259.6639663816,26721.5273218547,9.76110342219334,0.220474134974535,index,0.2,3
2005,12720.6605937604,8822.67766624755,18340.82713468,9.45098276901735,0.186688162996566,index,0.2,3
2006,14764.0162854331,10314.6070019679,21132.7660699963,9.59994816719948,0.182978791912798,index,0.2,3
2007,13842.0080732012,9705.34564206813,19741.8200819213,9.53546331064114,0.181141696290307,index,0.2,3
2008,11915.909459352,8234.67215420956,17242.8113207747,9.38562971556261,0.188534528147408,index,0.2,3
2009,15420.248995536,10785.5910405486,22046.4579261699,9.64343679455738,0.182386226463673,index,0.2,3
2010,12723.5399997301,9116.0559351143,17758.6086874643,9.4512091000409,0.170113622697503,index,0.2,3
2011,14546.0528229773,10106.0272916247,20936.7782832131,9.58507495215141,0.185813447920006,index,0.2,3
2012,16914.6094105675,11645.782422821,24567.1781529605,9.7359329896427,0.190428815494315,index,0.2,3
2013,17493.019477869,11430.6914185566,26770.5355037695,9.76955719335612,0.217095798795708,index,0.2,3
2014,13365.0071459703,9235.55214096883,19340.8486342106,9.50039516325079,0.188564426413453,index,0.2,3
2015,14578.8437084264,10092.5380455767,21059.3889183184,9.58732669572542,0.187643791527974,index,0.2,3
2016,15155.1353992145,10562.552889546,21744.5660504897,9.62609472374526,0.184199530014727,index,0.2,3
2017,14590.9537750754,10137.1318065251,21001.5945466301,9.58815701121538,0.185818023327077,index,0.2,3
2018,15276.3500227233,10661.0536112997,21889.6629287572,9.63406116132743,0.183528183934028,index,0.2,3
2019,21955.4462617013,13666.5169929368,35271.724375683,9.99677050898835,0.241875058677451,index,0.2,3
2021,22203.6486775508,15222.6662021055,32386.0490699007,10.0080119092002,0.192590842774301,index,0.2,3
2022,18100.5524361378,12294.5271862784,26648.4423133437,9.80369773812173,0.197344565019671,index,0.2,3
2023,28667.3745821443,19530.5376474022,42078.6350212068,10.2635149809886,0.195809938965784,index,0.2,3
2024,25697.1112938448,17857.6208748743,36978.1357480463,10.1541338635481,0.185691283388422,index,0.2,3
2025,20446.1776079732,14421.3977152531,28987.9099814736,9.9255512299648,0.178106790553791,index,0.2,3
2003,12641.1292006895,9110.70925156862,17539.5946743677,9.44471099920826,0.167097538724834,index,0.2,3
2004,18463.3865468709,12426.6578766706,27432.6891560411,9.82354494447463,0.202016809908808,index,0.2,3
2005,13410.8069395238,9720.43395055639,18502.2339212422,9.50381614892644,0.164202306719977,index,0.2,3
2006,15558.8289827712,11412.6702245953,21211.2638454604,9.65238353672368,0.158117240290633,index,0.2,3
2007,14907.6121219088,10930.4107376972,20331.9806099163,9.60962724214347,0.158331012813218,index,0.2,3
2008,12617.9594249718,9261.64509944036,17190.5637001632,9.44287642927903,0.157778134358621,index,0.2,3
2009,16318.1116521508,11856.2261602518,22459.1505166096,9.70003091423466,0.162973653498485,index,0.2,3
2010,13084.5926943821,9510.64709199483,18001.5685916874,9.4791906868055,0.162770077805022,index,0.2,3
2011,15515.6224023811,11451.7402726231,21021.65546915,9.64960269224808,0.154954738115113,index,0.2,3
2012,18159.2417766548,13198.5944447786,24984.3317243117,9.80693489889678,0.162793439045215,index,0.2,3
2013,19011.0989654681,13207.5913982094,27364.7081423053,9.8527782436731,0.185835656857334,index,0.2,3
2014,14253.9205795045,10356.2639880142,19618.4890730832,9.56478727624221,0.162982813411175,index,0.2,3
2015,15906.1499767598,11704.4756685784,21616.1419141901,9.67446110441515,0.156500080318318,index,0.2,3
2016,16449.315239916,12258.9753262354,22071.9892700222,9.70803912857428,0.150015767384854,index,0.2,3
2017,15994.8654570586,11787.7094872606,21703.5990975088,9.68002304078579,0.155722423690191,index,0.2,3
2018,16848.3997816755,12533.8987404421,22648.0667413744,9.73201096282416,0.150930738113493,index,0.2,3
2019,23929.5183108995,15597.3484634759,36712.7687076157,10.0828680516108,0.218377402077725,index,0.2,3
2021,24231.0777485265,17565.7947276802,33425.4804839494,10.095391292744,0.164126732249895,index,0.2,3
2022,19494.1950058463,13959.4840255869,27223.3299045583,9.8778720082249,0.170389658250694,index,0.2,3
2023,31142.4430255753,22425.9284441893,43246.8943265759,10.3463268952836,0.167530530974116,index,0.2,3
2024,28050.0941721647,20624.5029075713,38149.1755992077,10.2417472682416,0.156896841577651,index,0.2,3
2025,22816.5045368844,16754.5756348241,31071.6839762637,10.0352394362621,0.157560427906451,index,0.2,3
2003,24410.693211129,17385.2386464052,34275.1661433806,10.1027765616371,0.173166340209391,index,0.2,3
2004,35008.1042797781,23443.2421066013,52278.0663054585,10.4633348645186,0.204594226438482,index,0.2,3
2005,25636.4050006715,18456.3827007753,35609.6463762018,10.151768690622,0.167657751738931,index,0.2,3
2006,29627.0338577021,21697.5418130308,40454.4045942695,10.2964425295054,0.158925510548194,index,0.2,3
2007,27913.9198286421,20445.1794582382,38111.0335466334,10.2368807619803,0.158869425186425,index,0.2,3
2008,23909.8084864083,17320.4571741204,33005.9960952362,10.0820440506507,0.164493059919072,index,0.2,3
2009,31305.4230960242,22840.3299127023,42907.8528623204,10.351546623374,0.160851687929459,index,0.2,3
2010,25458.146103389,18842.6249182636,34396.3330922805,10.144791053411,0.153530468155337,index,0.2,3
2011,29435.8850707858,21620.7445750735,40075.9246237737,10.2899697896628,0.157432107077686,index,0.2,3
2012,34228.5303821098,24523.3260717487,47774.6080891007,10.4408147969803,0.170122906064309,index,0.2,3
2013,35008.4380132748,23649.5910345123,51822.9144149164,10.4633443975085,0.200127808082987,index,0.2,3
2014,26801.9359505369,19269.7515682276,37278.3099020904,10.1962294008503,0.168338568606202,index,0.2,3
2015,29731.4579338352,21568.6540287155,40983.5305297471,10.2999609539366,0.163760466612836,index,0.2,3
2016,30089.2769524335,21934.2075110692,41276.3755911104,10.3119241398383,0.16128942080212,index,0.2,3
2017,29754.9113589512,21655.2646199398,40884.0420801796,10.3007494850441,0.162118086948804,index,0.2,3
2018,30927.6522736064,22581.0155013001,42359.4623147946,10.3394059582915,0.160483126524148,index,0.2,3
2019,44077.2039332317,28410.7277236911,68382.6167870962,10.6936980101732,0.224073464646759,index,0.2,3
2021,44179.9450709189,31549.999801267,61865.8497231123,10.6960262336714,0.171787530106071,index,0.2,3
2022,36534.2627369234,25823.2659499534,51687.9761187977,10.5060058043836,0.177031140145989,index,0.2,3
2023,57698.9014828002,40850.0427851007,81497.1785913557,10.9629934138886,0.176192148913985,index,0.2,3
2024,51470.7837799259,37264.8838971768,71092.1732704122,10.8487696204292,0.16478002211542,index,0.2,3
2025,41246.5719933563,30277.4133291209,56189.7306982571,10.6273232851182,0.157740656826587,index,0.2,3
2003,19420.6124612446,14139.7204348335,26673.8080224492,9.87409027900222,0.161914766535755,index,0.2,3
2004,28245.6682813319,19094.5596608786,41782.4653109768,10.2486953896435,0.199767268061634,index,0.2,3
2005,20532.5959653468,14982.9697595697,28137.7793482435,9.92976894943013,0.160767986652102,index,0.2,3
2006,23514.4091008234,17401.8381717405,31774.0821345417,10.0653686654571,0.153593405876203,index,0.2,3
2007,22582.5395016951,16655.5666172803,30618.6575373856,10.0249322982396,0.155325572173973,index,0.2,3
2008,19262.9412724845,14253.4819472477,26033.000767145,9.86593838773636,0.153667050562093,index,0.2,3
2009,25030.860389939,18376.162850495,34095.4734107474,10.1278647581834,0.15768409734149,index,0.2,3
2010,20148.9097057695,14797.5827337861,27435.464942819,9.91090545701608,0.157495924331562,index,0.2,3
2011,23765.9475116747,17710.8256876909,31891.2438690098,10.0760090583006,0.150042402946497,index,0.2,3
2012,27719.6810659714,20249.911518952398,37944.8926322481,10.2298979476811,0.160203068559986,index,0.2,3
2013,28785.165843048,20030.029591102,41367.1766605809,10.2676154585332,0.185017457155196,index,0.2,3
2014,21804.9442395546,15937.9285769592,29831.7056068021,9.98989202304152,0.159918770381145,index,0.2,3
2015,24349.6576631738,18095.4830258279,32765.4049061578,10.1002730694047,0.151459640187693,index,0.2,3
2016,24746.4123941445,18535.5435320221,33038.4121362887,10.1164358037181,0.147446772600137,index,0.2,3
2017,24388.8087524784,18099.5818611558,32863.4107090352,10.1018796483804,0.152163782263015,index,0.2,3
2018,25533.758524994,19202.0430315744,33953.3050384613,10.1477567193368,0.145403059104811,index,0.2,3
2019,36214.5017190435,23769.873048527,55174.4694673446,10.4972149175687,0.214820630061305,index,0.2,3
2021,36409.343306142,26550.0249350869,49929.9071554778,10.5025807049217,0.161122725503325,index,0.2,3
2022,29809.8019191488,21470.6579680927,41387.8462308637,10.3025925418714,0.167426548716045,index,0.2,3
2023,47334.0945705715,34250.1039454547,65416.3418710775,10.7649861302628,0.165075100473952,index,0.2,3
2024,42629.5842214276,31531.8482952542,57633.2041774189,10.6603037565198,0.153855064616641,index,0.2,3
2025,34567.7944634432,25700.2032441698,46495.0569734475,10.4506777317321,0.151239285458698,index,0.2,3
2003,17631.2099505738,12295.4730670065,25282.4403442735,9.77742590324536,0.183901069512156,index,0.2,3
2004,25225.8225453173,16698.9743219063,38106.659176849,10.1356234530278,0.210473701360312,index,0.2,3
2005,18514.6159748484,13113.3952920972,26140.5225008884,9.82631575183358,0.175986000979062,index,0.2,3
2006,21671.4537396498,15596.2970988044,30113.0392819834,9.9837511776356,0.167841032095327,index,0.2,3
2007,20238.9924488557,14630.877282616,27996.7364521289,9.91536634196745,0.165552473247016,index,0.2,3
2008,17264.8266388956,12257.5105586587,24317.6815915986,9.75642656858605,0.174764657085006,index,0.2,3
2009,22592.6743582361,16219.1511474057,31470.7551596462,10.0253809892737,0.16910157497117,index,0.2,3
2010,18393.8290920014,13461.6242529905,25133.1445825044,9.81977051191145,0.1592744794653,index,0.2,3
2011,21185.5599614922,15274.1500844086,29384.8069058935,9.96107509469115,0.166920390239411,index,0.2,3
2012,24668.0910927935,17379.6650883513,35013.0290237993,10.113265828856,0.178681701771054,index,0.2,3
2013,25234.371135695,16750.1504452105,38015.9861069232,10.1359622781427,0.209085351750657,index,0.2,3
2014,19250.9122904869,13610.2054876125,27229.3922640128,9.86531373030659,0.17691066735332,index,0.2,3
2015,21287.9502474213,15096.9502235011,30017.7730619548,9.96589647553629,0.175334061134072,index,0.2,3
2016,21792.1797982049,15577.9025405628,30485.4327545519,9.98930645956704,0.171277521922526,index,0.2,3
2017,21360.9680635312,15256.1666050841,29908.6243892448,9.96932061337352,0.171728433879856,index,0.2,3
2018,22242.2935302879,15837.1640596765,31237.8920634604,10.0097508694092,0.173286988631106,index,0.2,3
2019,31792.2205250873,20156.8666752656,50143.9684152927,10.3669769012637,0.232492340474638,index,0.2,3
2021,32001.6795133032,22454.6396327422,45607.8346578704,10.3735436651953,0.180764101287707,index,0.2,3
2022,26218.655823621,18217.2860283714,37734.3755884887,10.1742264906955,0.18576886589816,index,0.2,3
2023,41507.2499378043,28872.5957664814,59670.8315155865,10.6336233882575,0.185194835344713,index,0.2,3
2024,36891.2937306629,26202.4085716271,51940.5515489804,10.5157308599314,0.174556393327326,index,0.2,3
2025,29495.2820667975,21223.6673898176,40990.6378676726,10.2919855995987,0.167918072943295,index,0.2,3
2003,41497.4868376202,32344.4486126253,53240.7101590311,10.6333881462554,0.127140328574917,index,0.4,1
2004,46177.7995128835,35173.2269647764,60625.3492176738,10.7402544315541,0.13888722400401,index,0.4,1
2005,47389.8371588965,37170.6095572757,60418.6127883162,10.7661630787645,0.123925448809321,index,0.4,1
2006,38556.9576995687,30839.393372165,48205.8440354453,10.5598918477791,0.113952956391182,index,0.4,1
2007,41969.5155113484,33688.7699985685,52285.679540457,10.6446988125714,0.112134196323682,index,0.4,1
2008,40522.3184248023,32347.4051893205,50763.2151917768,10.6096081735274,0.114960830466155,index,0.4,1
2009,38948.6404071937,31174.9654785354,48660.7303739717,10.5699991445842,0.113588047095341,index,0.4,1
2010,33252.2291933008,26601.333376124,41565.9895949515,10.4118770872442,0.113859473219438,index,0.4,1
2011,32994.8625224021,26252.2639676988,41469.2216340547,10.4041071471897,0.116634610790603,index,0.4,1
2012,43329.5364162292,34777.9668555414,53983.8551760017,10.6765898157667,0.11217067690466,index,0.4,1
2013,50043.8066670618,38889.4961308618,64397.4037951815,10.8206540341707,0.128662855725307,index,0.4,1
2014,40738.884418856,32353.0619309876,51298.288465961,10.6149383064617,0.117591120409292,index,0.4,1
2015,41241.9902283342,32906.5415567957,51688.8642052617,10.6272121966254,0.115198774009975,index,0.4,1
2016,50725.8704247092,40802.790312738,63062.2050752518,10.8341913242256,0.111066110332054,index,0.4,1
2017,47367.8087276471,37958.1756636657,59110.0405757034,10.7656981361957,0.112990823205588,index,0.4,1
2018,52952.2606557014,42644.8014794461,65751.0836320996,10.8771460442769,0.110453757534082,index,0.4,1
2019,44718.5532131546,32515.7549151879,61500.9249114395,10.7081437551848,0.162586527212097,index,0.4,1
2021,54172.8415151053,43299.8044139677,67776.2127921769,10.8999349827886,0.114303929854715,index,0.4,1
2022,53583.7498399163,42612.373722824,67379.9179924315,10.8890011264637,0.116890501668663,index,0.4,1
2023,64403.2305699091,51056.5098414282,81238.9276259401,11.0729190749633,0.118487248950043,index,0.4,1
2024,61479.9513001869,48879.053527091,77329.3290095815,11.0264664055277,0.11702366822688,index,0.4,1
2025,58532.8983993917,46572.5699177711,73564.7657211672,10.9773442409531,0.116623174877744,index,0.4,1
2003,4319.57770342085,3208.66649642326,5815.11090563313,8.37091292262217,0.15168759060354,index,0.4,1
2004,4764.44379305334,3345.37375920687,6785.46742189615,8.46893608168924,0.180412692005818,index,0.4,1
2005,4789.38414003722,3473.58502393606,6603.60989662715,8.47415711012159,0.163888022910731,index,0.4,1
2006,3821.95440903008,2824.059905653,5172.45950606947,8.24851719616552,0.154383645370125,index,0.4,1
2007,4308.551490604,3196.36369590313,5807.7295681275,8.36835704554354,0.152343589102024,index,0.4,1
2008,3859.09356608419,2851.58338128763,5222.57327263131,8.25818760744327,0.154369120279088,index,0.4,1
2009,3867.02324358756,2840.81790882966,5263.93075739481,8.26024030234371,0.157346267083041,index,0.4,1
2010,3284.11369854342,2398.44069769393,4496.8394654621,8.09685209194115,0.160348862800968,index,0.4,1
2011,3196.0280590541,2367.27759181781,4314.91236581909,8.06966408627632,0.153149858980382,index,0.4,1
2012,4346.08270062655,3225.99759543174,5855.06786100301,8.37703018977167,0.15206028213226,index,0.4,1
2013,4941.63028941644,3554.61295199559,6869.86466517224,8.50545057383847,0.168089370207747,index,0.4,1
2014,4170.32357755433,3099.76935007222,5610.61058981708,8.3357489083182,0.151362946541668,index,0.4,1
2015,4037.13182230086,2930.86747185375,5560.95883118374,8.30328977384989,0.163388742193426,index,0.4,1
2016,5373.40872601808,3945.61004398657,7317.88519771558,8.58921775819074,0.157583966870393,index,0.4,1
2017,4721.28812724975,3450.99961703963,6459.16083862999,8.45983694966253,0.159909947329425,index,0.4,1
2018,5445.35651127586,4025.18693944091,7366.59141078625,8.60251850820546,0.154182361121618,index,0.4,1
2019,4688.74525435535,3239.29428737202,6786.76591563259,8.45292028926129,0.188681791939049,index,0.4,1
2021,5454.11564681643,4039.1073380941298,7364.83955459432,8.60412576721748,0.153240967162168,index,0.4,1
2022,5487.55203535955,3971.11533875404,7583.06540404514,8.61023753986413,0.165021024079627,index,0.4,1
2023,6385.19329657831,4678.86773159399,8713.79482676227,8.76173704155238,0.158638435225582,index,0.4,1
2024,5772.14619708775,4277.79023703459,7788.52395148081,8.66079924824378,0.152863723577621,index,0.4,1
2025,5808.97876827124,4184.33335969636,8064.42303456308,8.66716006301447,0.167379292758252,index,0.4,1
2003,6578.39379499817,4886.84046142678,8855.46914487066,8.79154589041748,0.151658214909991,index,0.4,1
2004,7544.17405893923,5586.05656392534,10188.6834800644,8.92853089654703,0.153320176517273,index,0.4,1
2005,7606.09244268463,5770.890845233,10024.9066908713,8.93670484233029,0.14088172248849,index,0.4,1
2006,6120.13563498883,4682.09313942203,7999.85371399166,8.71933953784066,0.136655060509154,index,0.4,1
2007,6676.32787407128,5161.93208515416,8635.01362412246,8.80632339592915,0.131256071263905,index,0.4,1
2008,6696.57212518496,5134.10054042053,8734.55396417522,8.80935105134858,0.135559178103297,index,0.4,1
2009,6279.28481550634,4849.01768743065,8131.42379258696,8.74501137009594,0.131879946463858,index,0.4,1
2010,5170.22966024893,3963.80108126537,6743.84869262517,8.55067238822745,0.135570692853598,index,0.4,1
2011,5253.94629495459,4006.27776135299,6890.17420023936,8.56673474844878,0.138327489908722,index,0.4,1
2012,7047.1598275518,5415.02282009131,9171.23773713338,8.86037995329571,0.134414500322925,index,0.4,1
2013,8719.59148489663,6551.0450238017,11605.9766628438,9.07332766774331,0.145894418712281,index,0.4,1
2014,6769.81442225447,5121.56275926713,8948.51619827125,8.82022895375136,0.142356725976283,index,0.4,1
2015,7202.3345875976,5525.71849627025,9387.67031775477,8.88216050072448,0.135202452856283,index,0.4,1
2016,8685.17953255276,6780.85969703627,11124.3038321,9.06937335002779,0.126285064476242,index,0.4,1
2017,7905.11448488202,6106.0522515637,10234.2450481141,8.97526523212972,0.131752166619085,index,0.4,1
2018,8896.61729758899,6922.48870715251,11433.7202541017,9.09342640454935,0.128010403665383,index,0.4,1
2019,7134.4100316035,4987.08929024716,10206.3154551063,8.87268483996152,0.182695770329841,index,0.4,1
2021,9417.87085036675,7261.79627117972,12214.0980057787,9.15036431764585,0.132646223200205,index,0.4,1
2022,9156.18657436997,6986.44806419119,11999.7675234101,9.12218505814422,0.137991054694084,index,0.4,1
2023,11042.0256980614,8426.61607861467,14469.1926603939,9.30946379014262,0.137917449519028,index,0.4,1
2024,10755.3443563912,8311.61548923327,13917.5630025719,9.28315805944971,0.131506899866853,index,0.4,1
2025,10214.9950350104,7878.28286420301,13244.7800318785,9.23161202120269,0.132526298840043,index,0.4,1
2003,30599.5153392011,23417.895057575,39983.5397968925,10.3287394492268,0.136473780237786,index,0.4,1
2004,33869.181660891,25436.5733821687,45097.3269529527,10.4302607843416,0.146083026175591,index,0.4,1
2005,34994.3605761748,26991.0983418774,45370.7091361795,10.4629422010943,0.132492129221641,index,0.4,1
2006,28614.8676555498,22557.1985429279,36299.3059349269,10.2616817098299,0.1213655923612,index,0.4,1
2007,30984.6361466731,24448.4460973868,39268.2493323916,10.3412467524411,0.120882228309146,index,0.4,1
2008,29966.6527335333,23530.1517579134,38163.8114913634,10.3078404668371,0.123370907574689,index,0.4,1
2009,28802.3323480999,22676.2649070552,36583.377028388,10.268211647154,0.122011216225768,index,0.4,1
2010,24797.8858345085,19565.9469946756,31428.8463537521,10.1185136799107,0.120904131820179,index,0.4,1
2011,24544.8881683932,19224.5188365339,31337.6652139684,10.1082588902949,0.124653884545861,index,0.4,1
2012,31936.293888051,25219.705748158,40441.664049885,10.3714983814753,0.120470295009208,index,0.4,1
2013,36382.5848927488,27838.8913606252,47548.318872722,10.5018455021249,0.136561800317427,index,0.4,1
2014,29798.7464190471,23289.0507219034,38128.0155533149,10.3022216051337,0.125758944589095,index,0.4,1
2015,30002.5238184357,23565.8002880582,38197.3633177204,10.309036784387,0.123208888854061,index,0.4,1
2016,36667.2821661386,28957.6827014452,46429.4603719838,10.5096401423148,0.120435537639418,index,0.4,1
2017,34741.4061155151,27380.1812557973,44081.7132511712,10.4556875143794,0.121488352556417,index,0.4,1
2018,38610.2868468363,30544.1377637099,48806.5586243581,10.5612740185712,0.119566463531001,index,0.4,1
2019,32895.3979271957,23592.6588507434,45866.2676230939,10.4010880463369,0.169593508851455,index,0.4,1
2021,39300.8550179221,30839.1334627277,50084.325715782,10.5790015538019,0.123707285576792,index,0.4,1
2022,38940.0112301866,30510.608638913,49698.2702820667,10.5697775673233,0.124465471254693,index,0.4,1
2023,46976.0115752693,36633.2301146603,60238.9048580435,10.7573923583823,0.126880558132919,index,0.4,1
2024,44952.4607467079,35037.0515961335,57673.9090513914,10.7133607824883,0.127144879645692,index,0.4,1
2025,42508.9245961102,33263.3474271653,54324.3182086371,10.6574693233643,0.125133897042989,index,0.4,1
2003,28838.2005177305,22525.333061955,36920.2891168549,10.2694561940892,0.126053502690072,index,0.4,1
2004,31859.629694743,24177.9887336429,41981.8213776301,10.3690949605071,0.140766371676747,index,0.4,1
2005,32593.6534570992,25495.8760827393,41667.3756270991,10.3918728691722,0.125308870615466,index,0.4,1
2006,26559.2776851038,21243.6764593563,33204.9507769537,10.1871344076296,0.113940795701868,index,0.4,1
2007,28862.4317375771,23144.7820066047,35992.5604643232,10.2702960885695,0.11264056660506,index,0.4,1
2008,27870.3448295963,22304.1906636203,34825.5685505571,10.2353184931873,0.113669757718047,index,0.4,1
2009,26878.8801545055,21544.172234204,33534.5535909359,10.1990961328505,0.112877331218249,index,0.4,1
2010,22995.7690907457,18369.6938839232,28786.8376803869,10.0430655254137,0.114598029875926,index,0.4,1
2011,22887.0709427895,18203.5142814517,28775.6533294245,10.0383274424516,0.116817195338883,index,0.4,1
2012,30061.3840717093,24135.5659546341,37442.1223022246,10.3109967058834,0.112019868862948,index,0.4,1
2013,34703.2282034124,27051.9614561495,44518.5481167523,10.4545879934064,0.127080498153629,index,0.4,1
2014,28406.2432509741,22585.3869561773,35727.2893840241,10.2543642327704,0.116994931187905,index,0.4,1
2015,28854.1192359537,23003.5933984898,36192.6148867373,10.2700080428862,0.11561555582081,index,0.4,1
2016,35522.3471342861,28589.5040098151,44136.377654384,10.477917274154,0.110778738324164,index,0.4,1
2017,33123.1227898452,26590.9886273113,41259.8899096329,10.4079868911875,0.112073093667195,index,0.4,1
2018,36782.8956899746,29657.5327870429,45620.1608223681,10.5127882250749,0.109857526829992,index,0.4,1
2019,31233.3948355222,22736.8325006389,42905.0507771569,10.3492431486767,0.161993631284557,index,0.4,1
2021,37620.8886525791,30139.4676428728,46959.3982143359,10.5353147243883,0.113126525244287,index,0.4,1
2022,37462.9427482171,29856.4380863258,47007.3514897606,10.5311075299926,0.115793838526615,index,0.4,1
2023,45168.9858881135,35830.0079615593,56942.13878907,10.7181659773918,0.118178163841867,index,0.4,1
2024,42772.4405346089,34003.2887407795,53803.0801442035,10.6636492614263,0.117061709626076,index,0.4,1
2025,40960.6969817797,32578.8862452658,51498.9580859899,10.6203682757253,0.116812646144388,index,0.4,1
2003,12659.2863198896,9230.93765447664,17360.915665076,9.44614632127263,0.161140925918046,index,0.4,1
2004,14318.1698181407,10402.1948949183,19708.3393468496,9.56928462635099,0.163019585268361,index,0.4,1
2005,14796.1837017976,10974.4411886372,19948.8109120322,9.60212456851447,0.152451907778498,index,0.4,1
2006,11997.6800144651,9009.10395544387,15977.6517666349,9.39246857795117,0.146164768618297,index,0.4,1
2007,13107.0837737712,9881.83694135134,17384.9908749013,9.48090810912816,0.144112041169216,index,0.4,1
2008,12651.9735952064,9420.24690592391,16992.3822010587,9.44556849741786,0.150488438408841,index,0.4,1
2009,12069.7602526882,9019.5576953509,16151.4696704543,9.39845845081959,0.148629197911372,index,0.4,1
2010,10256.4601025552,7713.32026116469,13638.0923225691,9.2356630399478,0.145389928012455,index,0.4,1
2011,10107.7915796124,7552.31642073846,13527.9621410372,9.22106184894572,0.14870285646294,index,0.4,1
2012,13268.15234452,9955.2244132693,17683.5658674599,9.49312188210232,0.146568572358809,index,0.4,1
2013,15340.5784636496,11170.7916770708,21066.8459678141,9.63825678370502,0.161839207943637,index,0.4,1
2014,12332.6411678819,9164.10282207424,16596.7188636705,9.42000477986029,0.151510700438674,index,0.4,1
2015,12387.8709923806,9276.84585715183,16542.1901028524,9.42447312712061,0.147551815991848,index,0.4,1
2016,15203.5232904233,11419.3636929531,20241.6812930728,9.62928247539655,0.146031618260398,index,0.4,1
2017,14244.6859378017,10632.2820349354,19084.4333135522,9.56413919950059,0.14923186077834,index,0.4,1
2018,16169.3649657264,12145.277885464,21526.7502201635,9.69087367942683,0.146011845045188,index,0.4,1
2019,13485.1583776325,9285.60132927536,19584.0301582302,9.50934498023104,0.190373266021876,index,0.4,1
2021,16551.9528625261,12324.6466691088,22229.2087488374,9.71425937157974,0.150463499955468,index,0.4,1
2022,16120.8070916991,11960.8801002378,21727.533351213,9.68786608253054,0.152283140461353,index,0.4,1
2023,19234.2446817953,14260.3325972485,25943.0252384544,9.86444754650769,0.15266123836015,index,0.4,1
2024,18707.5107655776,13934.9298678199,25114.6552127537,9.83668036742288,0.150271363479495,index,0.4,1
2025,17572.2014176124,13106.6212670495,23559.2572921464,9.77407346744816,0.149594915024332,index,0.4,1
2003,15325.3607968125,11952.5795341479,19649.8741448635,9.6372643035493,0.126819630792539,index,0.4,1
2004,17050.1424833603,12890.3538999271,22552.317877365,9.74391383947207,0.14269613663092,index,0.4,1
2005,17236.0410387779,13449.0913950826,22089.307148218,9.75475787972488,0.126579392888161,index,0.4,1
2006,13929.6513639315,11031.9905148277,17588.4113442521,9.54177503874575,0.118992226846915,index,0.4,1
2007,15387.6301593007,12242.505937823,19340.7430735153,9.64131922922546,0.116660286839693,index,0.4,1
2008,14842.3689025489,11768.0390953663,18719.8489785858,9.60524113353374,0.118419803074355,index,0.4,1
2009,14078.8150721135,11184.3149465081,17722.4116794614,9.55242646936053,0.117430139862641,index,0.4,1
2010,11867.4203900464,9365.28671855894,15038.0517913029,9.38155214217011,0.120811868819189,index,0.4,1
2011,11904.6128718718,9380.65573487424,15107.6653524623,9.38468124027983,0.121571771131195,index,0.4,1
2012,16014.1589827858,12768.6300178448,20084.6361408805,9.68122854632064,0.115554105142735,index,0.4,1
2013,18762.9337250702,14599.6434372147,24113.4438306899,9.83963859226722,0.128005518956753,index,0.4,1
2014,15194.7199489068,11991.657106485,19253.3452445741,9.62870327470437,0.1207863158303,index,0.4,1
2015,15412.3347311584,12168.9094934078,19520.2423022334,9.64292342437591,0.120555199178232,index,0.4,1
2016,19039.4696251983,15308.9574661853,23679.0391775238,9.85426945213796,0.111265340834554,index,0.4,1
2017,17763.672248608,14158.9277161094,22286.1545791316,9.78491076592699,0.115721579375521,index,0.4,1
2018,19882.667309484,15917.2061150003,24836.045753474,9.89760364170769,0.113495806430109,index,0.4,1
2019,16457.2593075214,11883.3534169114,22791.6627918819,9.70852195414145,0.166139852300545,index,0.4,1
2021,20276.0605177788,16179.0210645421,25410.5998428814,9.91719618428787,0.11516818681147,index,0.4,1
2022,20135.4583874962,15803.6213994081,25654.6695360453,9.91023763873271,0.12359576267581,index,0.4,1
2023,24261.2021941011,19142.9034292945,30747.9967224986,10.0966337358499,0.120893235740975,index,0.4,1
2024,22836.9889228648,18154.995841111,28726.4215110463,10.0361368215794,0.11706121572513,index,0.4,1
2025,22241.2146769552,17535.8695484671,28209.1303735575,10.0097023636426,0.121277031041176,index,0.4,1
2003,26172.1260408076,19874.0963597643,34465.978683825,10.1724502318426,0.140450417303803,index,0.4,1
2004,29127.6570295235,21779.4003201321,38955.1774410108,10.2794434151884,0.148331068777105,index,0.4,1
2005,30153.7961201189,23127.6400856334,39314.4919709517,10.3140661020279,0.135350640313292,index,0.4,1
2006,24627.3063356372,19301.729886996,31422.2725579603,10.1116111199546,0.124319181142967,index,0.4,1
2007,26581.8853520477,20873.8490128233,33850.8067407851,10.18798526098,0.123335352995303,index,0.4,1
2008,25679.9495222537,20037.8023038763,32910.7851981314,10.1534657921576,0.126578809817257,index,0.4,1
2009,24869.8253350803,19463.0992730675,31778.505751819,10.1214105136558,0.125071128222359,index,0.4,1
2010,21384.8088032544,16792.1461978941,27233.567535822,9.97043607992683,0.123354058528527,index,0.4,1
2011,21090.2496505299,16440.687315111,27054.746665783,9.95656611079157,0.127069495935278,index,0.4,1
2012,27315.3774334436,21414.7840429566,34841.810350961,10.215205098543,0.124169778039894,index,0.4,1
2013,31280.8729419914,23705.8747835479,41276.3933390931,10.3507621016225,0.141473989441423,index,0.4,1
2014,25544.164469949,19822.0427187744,32918.1178612732,10.1481641730659,0.12939743229099,index,0.4,1
2015,25829.6554971758,20180.150589045,33060.7593912092,10.1592785486868,0.125932820430548,index,0.4,1
2016,31686.4007995113,24804.9792764178,40476.8729874248,10.363642870959,0.124922286131487,index,0.4,1
2017,29604.1364790388,23144.5461174162,37866.5838691935,10.2956693764621,0.12559155960276,index,0.4,1
2018,33069.593346217,25984.876337426598,42085.9422182058,10.406369509142401,0.123012230128359,index,0.4,1
2019,28261.2939056331,20202.2311973224,39535.2733774495,10.2492484409523,0.171278712771134,index,0.4,1
2021,33896.7809973264,26395.2777563651,43530.201598414,10.4310753330289,0.127622208740626,index,0.4,1
2022,33448.2914524199,26090.1769788834,42881.5872729242,10.4177559865963,0.126758362423512,index,0.4,1
2023,40142.0283758079,31074.4308755495,51855.5737537919,10.6001791536049,0.130634314690068,index,0.4,1
2024,38642.9623773219,29919.2682417891,49910.2628188417,10.5621199514675,0.13054422369791,index,0.4,1
2025,36291.6837224366,28241.1275401862,46637.1714633278,10.4993438954504,0.127966268542797,index,0.4,1
2003,22656.58594346,17706.7637261601,28990.1020057666,10.0282058587764,0.12576959767171,index,0.4,1
2004,25088.7460036259,19079.970489447802,32989.8401248875,10.1301746581842,0.139686372819761,index,0.4,1
2005,25492.9764049846,19937.2550828035,32596.8566528324,10.1461582581087,0.125417040743582,index,0.4,1
2006,20678.6294697681,16492.19450356,25927.7633825903,9.93685605320415,0.115417205325452,index,0.4,1
2007,22785.6065554355,18188.0294773315,28545.3609334747,10.0338843241659,0.114984453948033,index,0.4,1
2008,21939.8887243675,17526.8450260041,27464.082470259,9.99606166200084,0.11458000134344,index,0.4,1
2009,21065.9041612809,16828.4864081734,26370.304932280502,9.95541109593588,0.114585139687108,index,0.4,1
2010,17892.2963349066,14239.8983785303,22481.4994901077,9.7921255268405,0.116493200916008,index,0.4,1
2011,17944.1182440758,14244.1864345247,22605.108479691098,9.79501766579468,0.117815191844618,index,0.4,1
2012,23891.7412768739,19107.4560377219,29873.9560156085,10.0812881249334,0.114009349339133,index,0.4,1
2013,27492.2144501659,21497.2743396347,35158.962175051,10.2216581326681,0.125500623189995,index,0.4,1
2014,22598.3740246259,17966.7607793443,28423.9610483377,10.0256332368591,0.117019767848067,index,0.4,1
2015,22835.5578292352,18178.752795474298,28685.2848068963,10.0360741540151,0.11636203192766,index,0.4,1
2016,28146.6464481858,22688.0174037395,34918.5956701791,10.2451834949679,0.10999758171419,index,0.4,1
2017,26332.7700891246,21075.1416294546,32902.0223331539,10.1785694535317,0.113634715832642,index,0.4,1
2018,29006.0919851911,23417.068259057,35929.0651991824,10.2752611553622,0.109206449106574,index,0.4,1
2019,24492.883522385,17771.607695956,33756.1662121108,10.1061378858646,0.163666525946053,index,0.4,1
2021,29904.0476796447,23943.4097666665,37348.5679918247,10.3057491241177,0.113420821615122,index,0.4,1
2022,29633.6582181517,23543.0845031629,37299.8575981944,10.296666096266,0.117389244614034,index,0.4,1
2023,35923.6140586398,28487.2060410163,45301.2501533498,10.4891501314595,0.118338795337304,index,0.4,1
2024,33864.0955292101,26973.4530898415,42515.0225368571,10.4301106031633,0.116074663893246,index,0.4,1
2025,32647.5301130048,25959.5767148584,41058.4977631586,10.393524484462,0.11695552615652,index,0.4,1
2003,18840.9008941601,14059.0495156226,25249.1853100813,9.84378536514847,0.149372032545763,index,0.4,1
2004,21089.0535092577,15528.070053157,28641.5617906047,9.95650939381509,0.15617876653962,index,0.4,1
2005,21896.860753912,16551.6390446782,28968.2797928327,9.99409856095955,0.142787393714039,index,0.4,1
2006,17878.3282298007,13769.8710844055,23212.6080435477,9.79134454490429,0.133219955747679,index,0.4,1
2007,19183.9089559129,14851.0358565813,24780.9221109424,9.86182713142163,0.130615785285294,index,0.4,1
2008,18582.4297004351,14210.8559310377,24298.7963038477,9.82997177348642,0.136844514445091,index,0.4,1
2009,17882.7362459129,13746.5197737799,23263.506756878,9.79159107090676,0.134211704544309,index,0.4,1
2010,15359.9328583943,11853.0168914777,19904.4293595846,9.63951763549382,0.132237088731906,index,0.4,1
2011,15050.7442783259,11519.4250048014,19664.6015957518,9.61918272266359,0.136427355066833,index,0.4,1
2012,19437.7951393557,14992.2972002347,25201.4667821316,9.87497465282461,0.132493671653921,index,0.4,1
2013,22551.592216896,16743.1926788506,30374.9900793759,10.0235609507262,0.151948661128855,index,0.4,1
2014,18140.5103942301,13788.3919609369,23866.3158325831,9.80590285966968,0.139962013034225,index,0.4,1
2015,18406.432399099,14108.197458021,24014.1771952578,9.82045546941337,0.135688300437779,index,0.4,1
2016,22579.2239765238,17336.6267114782,29407.1830620016,10.0247854693772,0.134802872924554,index,0.4,1
2017,21035.0386385224,16148.5771051517,27400.1138083535,9.95394483289112,0.134878811626731,index,0.4,1
2018,23946.1686705099,18408.2404763966,31150.1251155296,10.0835636180384,0.134191201875959,index,0.4,1
2019,20225.6696907695,14257.5307439928,28692.0450522244,9.91470785340666,0.178404979274192,index,0.4,1
2021,24268.7938354603,18538.4469486276,31770.4258539131,10.0969465997296,0.137423204633711,index,0.4,1
2022,23950.0916217643,18285.5889839276,31369.3416818612,10.0837274283751,0.137685635614861,index,0.4,1
2023,28479.6165112692,21627.911987026,37501.9353285472,10.2569439002411,0.140412742947211,index,0.4,1
2024,27615.8557709764,20996.7660608953,36321.5691288628,10.2261453712079,0.139809540186844,index,0.4,1
2025,25885.3682863871,19736.8695327597,33949.2689157076,10.1614331570264,0.138364502470753,index,0.4,1
2003,36178.5681542245,28300.475922092,46249.7096265479,10.4962221825505,0.12530244635241,index,0.4,2
2004,36681.7580622556,28309.061836192,47530.7653190266,10.5100348549452,0.132195090515361,index,0.4,2
2005,44084.92259319,35033.4491719429,55474.9944976591,10.6938731116659,0.117254469348257,index,0.4,2
2006,47830.0348300869,38408.8930216027,59562.0454502718,10.77540906488,0.111922854574285,index,0.4,2
2007,40171.9371646389,32287.370563201,49981.9126615092,10.6009239503539,0.111477824880407,index,0.4,2
2008,33231.4152573058,26541.6568338058,41607.3106105769,10.4112509501891,0.114685891284085,index,0.4,2
2009,37943.7114983345,30269.4245693088,47563.6806035827,10.5438590641745,0.115290726796731,index,0.4,2
2010,35423.4984292365,28343.7623534093,44271.6187540709,10.4751306763419,0.113761485394989,index,0.4,2
2011,38423.7333346814,30737.8057002894,48031.5120008976,10.5564306032488,0.113870445078842,index,0.4,2
2012,44039.3812866238,35514.9037531308,54609.9496028525,10.692839541842,0.109763154907455,index,0.4,2
2013,42829.05859685,33258.2969530523,55154.0045144754,10.6649720903737,0.129039382861136,index,0.4,2
2014,44331.7941953294,35225.3545207787,55792.425748838,10.6994574005345,0.117316441101485,index,0.4,2
2015,39753.8096154298,31521.9272667558,50135.4300314801,10.5904609548721,0.118380883704891,index,0.4,2
2016,48996.2636777256,39340.4235902058,61022.06421018,10.7994993227105,0.111987498310781,index,0.4,2
2017,49583.4609321618,39750.7327945277,61848.4094549743,10.8114126081582,0.112771997295178,index,0.4,2
2018,49575.8619013563,39748.6330701308,61832.719603866,10.8112593390433,0.112720748680906,index,0.4,2
2019,54372.923311211,40853.6630150478,72365.9660167531,10.9036215756839,0.145854623748075,index,0.4,2
2021,44497.5728645202,35253.0358565773,56166.3397980477,10.7031899242965,0.11882003853674,index,0.4,2
2022,67832.7276620576,53881.4069263866,85396.4141723542,11.1248000663419,0.11748140565608,index,0.4,2
2023,62446.1924020942,48855.0871967536,79818.2373478291,11.0420605433522,0.125230235914657,index,0.4,2
2024,57695.2557326458,45579.3996135701,73031.7328064222,10.9629302261113,0.120267054601015,index,0.4,2
2025,57058.4230286505,45836.6334154588,71027.5470933352,10.9518309873132,0.111732706529361,index,0.4,2
2003,3205.74908481042,2354.95558465056,4363.91550725901,8.07270106585542,0.157362034219278,index,0.4,2
2004,3210.93943238191,2283.770694124,4514.52156074703,8.07431883137094,0.173847920135784,index,0.4,2
2005,4001.96678795268,2943.34397211591,5441.34097937692,8.29454121624685,0.156757776781376,index,0.4,2
2006,4147.50826288915,3076.70204873583,5590.99468139975,8.3302630143204,0.152374981266299,index,0.4,2
2007,3583.42936142384,2647.75683379237,4849.75275086814,8.18407554306551,0.154394398443552,index,0.4,2
2008,2939.20783126637,2165.74006117003,3988.91022531597,7.98589537887837,0.155807948320105,index,0.4,2
2009,3326.66841475708,2453.60623152681,4510.3907055436,8.10972660611534,0.155315330266901,index,0.4,2
2010,3084.37479849999,2260.97863193957,4207.63282024513,8.03410425729256,0.158447419555207,index,0.4,2
2011,3405.87596249167,2520.9568171089,4601.42394869806,8.13325744320533,0.153504680600182,index,0.4,2
2012,3927.80625185682,2924.75295531938,5274.85985579278,8.27583634337414,0.1504471762343,index,0.4,2
2013,3787.2140294787,2762.94655132724,5191.19347357275,8.23938594319907,0.160887121082149,index,0.4,2
2014,3908.7129649088,2869.16853846949,5324.90051985442,8.27096343380776,0.157750794053714,index,0.4,2
2015,3541.58593868275,2562.72340064335,4894.33661000115,8.17232991108103,0.165056150647297,index,0.4,2
2016,4328.28141897725,3199.87029504863,5854.61856715009,8.37292584128147,0.154115222777075,index,0.4,2
2017,4345.4238103646,3181.13764185134,5935.83498031049,8.37687857272751,0.159127623966798,index,0.4,2
2018,4506.03541623618,3322.9690978068,6110.3051442085,8.41317298075628,0.155390106315024,index,0.4,2
2019,4892.12190907847,3442.01374063005,6953.1555004498,8.49538141658619,0.179375463298086,index,0.4,2
2021,4003.24621204569,2964.68808713607,5405.62101753493,8.29486086398236,0.153234324059537,index,0.4,2
2022,6190.10107297879,4548.35229432172,8424.44665984417,8.73070669397486,0.157240838690374,index,0.4,2
2023,5388.04459758082,3913.93140952542,7417.35650115543,8.59193781470105,0.163084726970986,index,0.4,2
2024,4980.50418860855,3609.89020166565,6871.51702323294,8.51328640758648,0.164214125520628,index,0.4,2
2025,4999.05637248226,3679.08609563415,6792.60119650665,8.51700444810179,0.15642368623973,index,0.4,2
2003,6241.38385937291,4720.46182528285,8252.34350406095,8.73895720911103,0.142500215912807,index,0.4,2
2004,6282.58142885727,4743.28001597263,8321.42088961802,8.74553623055258,0.143396547538884,index,0.4,2
2005,7641.85039952096,5868.82569385742,9950.52171847266,8.94139505172533,0.134688807117034,index,0.4,2
2006,8107.71296253063,6266.21826145769,10490.3798016597,9.00057110518532,0.131452824465381,index,0.4,2
2007,7144.69268312977,5591.20452162354,9129.80974653122,8.87412507798055,0.12509161344202,index,0.4,2
2008,5767.64125609778,4418.20982239945,7529.22269340644,8.66001848148579,0.135986481442947,index,0.4,2
2009,6532.00300718289,4982.68783697489,8563.06168113282,8.7844689144673,0.138137315728181,index,0.4,2
2010,6062.67376634343,4687.56402839754,7841.17570969458,8.70990619732462,0.131246221755513,index,0.4,2
2011,6601.35753309919,5160.17708888286,8445.04375124844,8.79503059369709,0.125667827675541,index,0.4,2
2012,7588.25797320506,5871.54257743872,9806.90479690404,8.93435732800007,0.130861924862225,index,0.4,2
2013,7637.7721600923,5786.88830140312,10080.644472667,8.94086123755425,0.141589967977339,index,0.4,2
2014,7776.42010053766,5989.74025352259,10096.0487467686,8.95885136995587,0.133190224513065,index,0.4,2
2015,7068.86917052933,5440.70031325733,9184.27931571623,8.86345579850631,0.133570175244124,index,0.4,2
2016,8877.49334152716,6982.06251597886,11287.479573335,9.09127451477778,0.122540452359825,index,0.4,2
2017,8658.28166604829,6720.92369769831,11154.0979752978,9.06627155993387,0.129232313882318,index,0.4,2
2018,8878.35562658013,6959.06242057269,11326.9854282382,9.09137164165188,0.124273511659742,index,0.4,2
2019,9751.30326820372,7124.74519945577,13346.1496189006,9.18515622359277,0.160118748635532,index,0.4,2
2021,7983.51896005297,6110.55095608123,10430.5774460639,8.9851345656818,0.136411866159626,index,0.4,2
2022,12230.561044089,9498.48803003692,15748.4668065224,9.41169310204349,0.128984610864468,index,0.4,2
2023,11096.1707658498,8360.03705891544,14727.8062043511,9.31435535173293,0.144460416116182,index,0.4,2
2024,10700.5477017803,8256.94024780844,13867.3307159352,9.27805020622226,0.132268164326311,index,0.4,2
2025,10312.7088004795,8035.51776045147,13235.234613869,9.24113227775718,0.127301096086516,index,0.4,2
2003,26731.435210041,20617.653864527,34658.1445727949,10.1935955005476,0.1324986229871,index,0.4,2
2004,27188.2372010164,20738.8570002379,35643.2489066419,10.2105397029031,0.138153218967001,index,0.4,2
2005,32441.1054057164,25460.7893142171,41335.1411441568,10.3871815830408,0.123617939508878,index,0.4,2
2006,35574.8136046671,28225.4306588743,44837.8406799934,10.4793931834409,0.11807081063745,index,0.4,2
2007,29443.8151200854,23334.2134750526,37153.094950153,10.2902391541236,0.118656875303143,index,0.4,2
2008,24524.5661699416,19362.0185482724,31063.6178931617,10.1074305949781,0.120595060720486,index,0.4,2
2009,28085.0400763943,22153.3429935502,35604.9864041881,10.2429923319334,0.121047450107706,index,0.4,2
2010,26276.4498643931,20769.6801753598,33243.2570769716,10.1764283745993,0.119991417238582,index,0.4,2
2011,28416.4998390904,22396.9246633909,36053.9437999239,10.2547252356953,0.121454425167049,index,0.4,2
2012,32523.3170615618,25885.6598326573,40863.0168025466,10.3897125591231,0.116465476399079,index,0.4,2
2013,31404.0724072784,24060.2867930157,40989.3602784432,10.3546928579861,0.135908083373136,index,0.4,2
2014,32646.6611298826,25618.1604617708,41603.4743993368,10.393497866991,0.123696709173246,index,0.4,2
2015,29143.3545062178,22832.3697110688,37198.7280612114,10.2799821900152,0.124516399119341,index,0.4,2
2016,35790.4889172211,28307.4397688087,45251.6761457596,10.4854374643882,0.11967440616216,index,0.4,2
2017,36579.7554557493,28986.8519850163,46161.5669716081,10.5072502367325,0.118702492614024,index,0.4,2
2018,36191.4708585403,28583.1913500651,45824.9237064841,10.4965787584105,0.120412748024474,index,0.4,2
2019,39729.4981339286,29518.5547758059,53472.5712001172,10.5898492168116,0.151571610038817,index,0.4,2
2021,32510.8076924216,25423.120472452,41574.4643919268,10.3893278574194,0.125468409400507,index,0.4,2
2022,49412.0655449897,38685.918959351,63112.168124733,10.8079499151553,0.124858903253913,index,0.4,2
2023,45961.9770386641,35550.6182838568,59422.4076902187,10.7355697475446,0.131051857350186,index,0.4,2
2024,42014.203842257,32711.5700246688,53962.3540896243,10.6457630268137,0.127695667419839,index,0.4,2
2025,41746.6578556892,33089.4159973919,52668.9090631682,10.639374675714,0.118576629827171,index,0.4,2
2003,24681.0490078617,19281.2829861862,31593.0314681285,10.1137909814864,0.125972146711256,index,0.4,2
2004,24870.8724342899,19091.2265939529,32400.2385388191,10.1214526159687,0.134935361149485,index,0.4,2
2005,29984.9878282619,23732.7170784715,37884.3893890518,10.308452129675,0.119309481663631,index,0.4,2
2006,32387.916910707,25887.968377265,40519.8718774734,10.3855406973682,0.11429143637263,index,0.4,2
2007,27339.2705218454,21931.1201968492,34081.054955598,10.2160794282045,0.112459978483341,index,0.4,2
2008,22670.1131110942,18096.1436612894,28400.1960909048,10.0288027329507,0.114975886068107,index,0.4,2
2009,25858.2086774456,20629.3183299271,32412.4600392788,10.1603833799129,0.11526477977929,index,0.4,2
2010,23999.5951633314,19091.3701323313,30169.6821135103,10.0857922409933,0.116737121906128,index,0.4,2
2011,26266.9776298649,20989.3633181316,32871.6075542799,10.1760678258082,0.1144392181954,index,0.4,2
2012,30218.4113529311,24322.911467135,37542.8897946203,10.3162066650515,0.110732963930484,index,0.4,2
2013,29245.2179646141,22726.5433277993,37633.6498455354,10.2834713509051,0.128666915790325,index,0.4,2
2014,30239.04563522,24016.5738186268,38073.7022622154,10.3168892701136,0.117547988209166,index,0.4,2
2015,27496.2441356156,21822.4712437537,34645.17987539,10.2218046974405,0.117915018025141,index,0.4,2
2016,33559.2519735244,26940.1907482903,41804.5812498182,10.4210678711052,0.112090498811679,index,0.4,2
2017,33915.3040785427,27125.5186400878,42404.6399260402,10.4316216392413,0.113977312834064,index,0.4,2
2018,34110.7806697623,27354.7185321443,42535.453491629,10.4373687619805,0.112616582102932,index,0.4,2
2019,37315.4061098185,28038.9208498962,49660.9530942714,10.5271615527923,0.145825484924131,index,0.4,2
2021,30568.5767686681,24223.6416532779,38575.4503404945,10.3277278573297,0.118697841430742,index,0.4,2
2022,46516.5938294736,36969.6655266805,58528.8903935213,10.7475643844651,0.117201837147148,index,0.4,2
2023,42889.5492720275,33447.4907448432,54997.0534648038,10.6663834685265,0.126865301019358,index,0.4,2
2024,39782.7992885274,31346.475558529,50489.603409357696,10.5911899191762,0.121600602710255,index,0.4,2
2025,39235.6292718142,31384.9543321733,49050.0826626068,10.5773405229652,0.113908535595643,index,0.4,2
2003,11497.5191463626,8573.17871905784,15419.3620421228,9.3498865646758,0.149743929885715,index,0.4,2
2004,11810.8856279654,8789.93026207319,15870.0939777398,9.37677689604667,0.150724626324353,index,0.4,2
2005,14099.9347649282,10722.7909071646,18540.7103520404,9.55392544975472,0.139695782859338,index,0.4,2
2006,15442.1179193801,11857.6336416723,20110.16810285,9.644853985116,0.134761076665816,index,0.4,2
2007,12832.6666427937,9819.90627384017,16769.7459194458,9.45974928034615,0.136524153285111,index,0.4,2
2008,10561.3021462115,8002.48723907055,13938.3043910391,9.26495185895862,0.141555755066,index,0.4,2
2009,12085.5028208888,9134.61849426786,15989.6528273584,9.39976189929634,0.142826703268035,index,0.4,2
2010,11423.903265905,8767.72948390188,14884.7619065315,9.34346321692316,0.135017818161894,index,0.4,2
2011,12156.7557048165,9241.4352954401,15991.7485262825,9.4056403193318,0.139894321486377,index,0.4,2
2012,13820.9699336924,10576.3904738322,18060.9074883009,9.53394227819412,0.136514139109996,index,0.4,2
2013,13583.8406322354,10050.8492871577,18358.7198504448,9.51663617646195,0.153688416081288,index,0.4,2
2014,14092.7485601095,10646.5089108014,18654.5245622227,9.55341565755853,0.143078313772286,index,0.4,2
2015,12257.5654798146,9204.20070353716,16323.8412906622,9.41389861553148,0.146167664688114,index,0.4,2
2016,15437.0117042009,11758.9097578921,20265.5973438096,9.64452326237297,0.1388580377124,index,0.4,2
2017,15668.1568536196,11965.5490208832,20516.4960472084,9.65938570581677,0.13755294642166,index,0.4,2
2018,15465.0812315944,11745.9944141743,20361.7275018621,9.64633993771413,0.140345628467064,index,0.4,2
2019,17057.5172013922,12266.7753605451,23719.2648046391,9.74434627712479,0.168215632206375,index,0.4,2
2021,13928.9960958523,10473.0682319424,18525.31922274,9.54172799639884,0.145495370253276,index,0.4,2
2022,21316.1338325843,16074.7991460112,28266.4534369248,9.96721952190063,0.14398808850766,index,0.4,2
2023,19556.643130067,14643.3818101254,26118.440089593,9.88107030974333,0.147618299737513,index,0.4,2
2024,17912.4564441186,13518.6626921181,23734.3073919226,9.79325164054205,0.143586928822192,index,0.4,2
2025,17822.7937568365,13680.0911266912,23220.0191034516,9.78823346521457,0.134970139675528,index,0.4,2
2003,13031.425232288,10162.445152431,16710.3527780504,9.47511904497285,0.126872070174524,index,0.4,2
2004,13401.5716745566,10251.7830380123,17519.1108397765,9.50312726820718,0.136696564811561,index,0.4,2
2005,16130.5469522173,12693.5728270797,20498.1330727156,9.68847007954729,0.122256844359679,index,0.4,2
2006,17214.9434666301,13646.7360855871,21716.128801836,9.75353309180732,0.118511072768607,index,0.4,2
2007,14917.4124161195,11916.4693634519,18674.0876349752,9.61028442816194,0.114597884211023,index,0.4,2
2008,12204.5249181855,9646.86501568997,15440.2936328385,9.40956205689006,0.119988829403897,index,0.4,2
2009,13615.330973166,10729.3928283526,17277.5142521571,9.5189517142627,0.121537675425887,index,0.4,2
2010,12722.0927505484,10075.1060750855,16064.5101646915,9.45109534777564,0.119018734176615,index,0.4,2
2011,14172.9218202446,11286.8199438355,17797.0158044803,9.55908850904674,0.116174360111063,index,0.4,2
2012,16248.2261550212,12991.1230332605,20321.9423377639,9.69573902210853,0.114143659918616,index,0.4,2
2013,15930.9839796927,12362.3094321169,20529.841285308,9.67602116996651,0.129397076247534,index,0.4,2
2014,16290.5567039176,12833.6414989173,20678.6388528885,9.69834087559273,0.12169388481217,index,0.4,2
2015,14819.1590555877,11665.1612713622,18825.9270494563,9.60367615335261,0.122101296577732,index,0.4,2
2016,18355.5110948163,14721.6666477112,22886.3209318971,9.81768514053462,0.112557951600759,index,0.4,2
2017,18194.1466202334,14415.0932472883,22963.914666374,9.80885520706304,0.11879000332665,index,0.4,2
2018,18613.6255071019,14824.1856677741,23371.7427913635,9.83164914565973,0.116141855033638,index,0.4,2
2019,20142.2570231908,15039.7270906999,26975.9228702467,9.91057522668624,0.149045991261295,index,0.4,2
2021,16583.3705304721,13072.5783646312,21037.0265513179,9.71615569695966,0.121371432421564,index,0.4,2
2022,25587.0032197308,20214.2563287014,32387.7724275684,10.1498398148218,0.120255486006757,index,0.4,2
2023,23082.7630822985,17827.5870853109,29887.0480320097,10.0468414310604,0.131808063985498,index,0.4,2
2024,21902.6302539513,17173.2193316495,27934.495144844,9.99436201151297,0.124112269225582,index,0.4,2
2025,21639.4689142786,17248.8055017765,27147.7706003353,9.98227419080522,0.115704175589938,index,0.4,2
2003,23147.1429219365,17751.8621158178,30182.198461937,10.0496266359989,0.135400926117891,index,0.4,2
2004,23280.1863876989,17700.2462576297,30619.1829400331,10.0553579081578,0.139810771521145,index,0.4,2
2005,27954.3756409728,21846.8047969699,35769.4008226317,10.23832901878,0.125777343074795,index,0.4,2
2006,30615.0913634567,24196.5178193245,38736.3101662604,10.3292483481786,0.120045235528092,index,0.4,2
2007,25254.5247485195,19908.035937054,32036.8630180383,10.1367606166106,0.121370531986191,index,0.4,2
2008,21026.8903391203,16505.5013141121,26786.8336089477,9.95355738991349,0.123526949743874,index,0.4,2
2009,24328.3805251682,19093.29481765,30998.8456486962,10.0993988706837,0.123627973198826,index,0.4,2
2010,22701.4056786881,17856.1039662927,28861.4930088453,10.0301821257236,0.122492780463399,index,0.4,2
2011,24250.8115144366,19011.9903191549,30933.2084245913,10.0962053603186,0.124175869404286,index,0.4,2
2012,27791.1551316025,21980.9747007569,35137.1271776313,10.2324730883211,0.119665727688548,index,0.4,2
2013,26898.0746171565,20476.9899453223,35332.6548502504,10.1998099874579,0.139162197154579,index,0.4,2
2014,28041.2374914114,21901.626833524,35901.9449115148,10.2414314732493,0.126081539006362,index,0.4,2
2015,24934.6505598422,19418.0254863566,32018.5385984935,10.1240137038392,0.127582263434666,index,0.4,2
2016,30640.7525829091,24064.6445327358,39013.9034702922,10.3300861856583,0.123261027787565,index,0.4,2
2017,31389.3143119287,24760.198209609,39793.2619372439,10.3542228054409,0.121037975856234,index,0.4,2
2018,30962.2363942547,24348.0001590948,39373.2576092342,10.3405235600514,0.122613765252309,index,0.4,2
2019,34230.66628802,25333.0829070966,46253.2933247356,10.440877196366,0.153579735870184,index,0.4,2
2021,27914.2023340481,21695.110666001,35916.0505766531,10.2368908825215,0.128598630025418,index,0.4,2
2022,42245.7244423267,32925.7908178378,54203.7469511629,10.6512584310333,0.127169115305824,index,0.4,2
2023,39363.4293197963,30353.3551923554,51048.0491528937,10.5805924743982,0.132619852240047,index,0.4,2
2024,35792.6254786945,27755.0133808491,46157.860602656,10.4854971589542,0.129760238315748,index,0.4,2
2025,35418.9541143724,27889.5848266999,44981.0321075497,10.4750023827917,0.121937846952826,index,0.4,2
2003,19776.0952802407,15443.7959741387,25323.6927752776,9.89222917821915,0.126158711874513,index,0.4,2
2004,19978.4609664844,15297.6048693299,26091.5944684628,9.90241002053119,0.136205803779564,index,0.4,2
2005,24065.4170077323,18956.3586615443,30551.4527392294,10.0885311099782,0.121755505821643,index,0.4,2
2006,26021.8041503512,20751.0439898744,32631.3361183007,10.1666900867247,0.115480820745591,index,0.4,2
2007,22112.5629067191,17677.2449101125,27660.726588897898,10.0039011833128,0.114220308080088,index,0.4,2
2008,18229.8615429783,14517.2590015133,22891.9145026975,9.81081627263445,0.116187224802305,index,0.4,2
2009,20594.4278381097,16356.3465353002,25930.6353691976,9.93277582489211,0.117555505307703,index,0.4,2
2010,19218.9282390726,15235.3629379773,24244.069810631,9.86365091817409,0.118510547248046,index,0.4,2
2011,21181.5565089116,16922.2069283908,26512.9919542285,9.96088610601663,0.114544986547153,index,0.4,2
2012,24412.7172018049,19562.5444674539,30465.4009690216,10.1028594723007,0.113005878511622,index,0.4,2
2013,23559.7159308445,18316.2643715128,30304.2259864609,10.0672935804282,0.12844566269083,index,0.4,2
2014,24504.4559706724,19434.0740953591,30897.7088114539,10.1066102563493,0.118281283288564,index,0.4,2
2015,22079.9545995194,17491.4320151463,27872.1830605223,10.0024254442077,0.118858818407361,index,0.4,2
2016,27152.6851025842,21749.6905222702,33897.8758123103,10.209231219278,0.113204331035487,index,0.4,2
2017,27242.9574343462,21662.3636650154,34261.2071908024,10.212550323913,0.116950456901872,index,0.4,2
2018,27617.3627367976,22168.0781092257,34406.1727307987,10.226199938581,0.11214049353231,index,0.4,2
2019,30056.1798644594,22527.9009123063,40100.2273385911,10.3108235715472,0.147101535179806,index,0.4,2
2021,24788.9706175902,19610.2348116569,31335.3241397435,10.1181541000683,0.119567098538906,index,0.4,2
2022,37810.8757260536,29957.6394320574,47722.7962641542,10.5403520578454,0.118784026546937,index,0.4,2
2023,34500.7018476695,26746.5360003638,44502.9004116869,10.4487349462232,0.129887436506937,index,0.4,2
2024,32288.5757868788,25417.3120476557,41017.4027997259,10.3824687558387,0.122085385347915,index,0.4,2
2025,31891.7693524841,25453.3338469424,39958.810839792,10.3701032414529,0.115053763171962,index,0.4,2
2003,16402.4728739837,12419.9256732536,21662.055269876,9.70518738744438,0.141905677149582,index,0.4,2
2004,16703.297095771,12601.8689533381,22139.5838111527,9.72336140980243,0.143758252934796,index,0.4,2
2005,20019.5055854578,15511.4574271255,25837.7142037803,9.90446235653318,0.130169809168419,index,0.4,2
2006,21808.2306797357,17018.6297049183,27945.7825704451,9.99004273163788,0.126522143050625,index,0.4,2
2007,18059.3742579201,14087.2838407177,23151.4465297386,9.80142017841502,0.126733126829081,index,0.4,2
2008,15001.5537143274,11590.1443066591,19417.0674574387,9.61590905567537,0.131634392515026,index,0.4,2
2009,17349.2836602246,13412.0727895603,22442.291228633,9.76130649692753,0.131326883651881,index,0.4,2
2010,16204.5701901639,12631.8826907987,20787.7243222994,9.69304859193874,0.127078520156434,index,0.4,2
2011,17242.1768257697,13323.381760045,22313.603786589,9.75511380224273,0.131552419593649,index,0.4,2
2012,19626.6640848186,15342.4470280024,25107.203720192,9.88464433318668,0.125648100425988,index,0.4,2
2013,19269.342666005,14476.6097321566,25648.7930288777,9.86627064904688,0.145911428626391,index,0.4,2
2014,19827.3382246567,15242.595172417,25791.1029341203,9.89481698278444,0.134169751695045,index,0.4,2
2015,17673.8550159106,13544.3238103374,23062.4396978035,9.77984170880286,0.135777432313212,index,0.4,2
2016,21843.5785751411,16963.498791844,28127.5655938249,9.99166227060934,0.129003944891416,index,0.4,2
2017,22340.5034978157,17428.7825459166,28636.4291493699,10.0141566103198,0.126674941172982,index,0.4,2
2018,21958.4991645588,16950.5518813278,28446.0169164805,9.99690954923321,0.132070731720629,index,0.4,2
2019,24316.7434467513,17789.0593191976,33239.7571588846,10.0989204227865,0.159483298128155,index,0.4,2
2021,19708.6022469302,15100.0482090064,25723.6928751011,9.88881048169757,0.135899061590526,index,0.4,2
2022,30021.8519360042,23105.5245702378,39008.4886810291,10.3096807933581,0.133601315443999,index,0.4,2
2023,27945.4905544253,21348.7908839124,36580.546719204,10.2380111258323,0.137380453914006,index,0.4,2
2024,25406.679945767,19454.9924780368,33179.112590013,10.1427674084216,0.136180262363158,index,0.4,2
2025,25166.6536761668,19618.4127916507,32283.9805636912,10.1332751303901,0.127069323710519,index,0.4,2
2003,42664.0123618919,32724.5905666078,55622.3292423104,10.6611110420303,0.1353233859174,index,0.4,3
2004,53263.1661727652,39676.8311024675,71501.8007214586,10.8830003050806,0.150246438466546,index,0.4,3
2005,47097.7271280025,37096.7240585121,59794.9268276372,10.7599800225345,0.121785951185881,index,0.4,3
2006,49888.5789052058,39340.2031261757,63265.3140401538,10.8175473758875,0.121198717161037,index,0.4,3
2007,44558.1571054157,35540.7782287651,55863.4184049463,10.7045505161475,0.11536666959093,index,0.4,3
2008,45343.2521823861,35466.5580582949,57970.3989063748,10.7220166502581,0.125344724313909,index,0.4,3
2009,43092.1364305935,34313.7497111441,54116.272275245,10.6710958100397,0.11622376369862,index,0.4,3
2010,40613.6931603763,32587.2110974244,50617.1598175079,10.6118605586871,0.11234153671341,index,0.4,3
2011,46142.4073199576,36723.7735626124,57976.6605316532,10.7394877046181,0.116485864586396,index,0.4,3
2012,40090.2296097316,32144.6486159113,49999.815812746,10.5988879329769,0.11269935030636,index,0.4,3
2013,45628.6997375072,34666.8340857566,60056.7745697612,10.7282921777343,0.140182912064185,index,0.4,3
2014,45046.157425952,35757.3752692485,56747.9095868856,10.7154429636373,0.117824172982829,index,0.4,3
2015,41950.6287754428,33686.7476038344,52241.7680493054,10.6442487004706,0.111935172982365,index,0.4,3
2016,48320.2834498055,38858.3205548239,60086.2250177639,10.7856066986885,0.111190407705306,index,0.4,3
2017,53169.1340261371,42910.2589831524,65880.67469365,10.8812333194772,0.109372982210044,index,0.4,3
2018,50631.3538852234,40935.0384011142,62624.443420113,10.8323263053772,0.108463546852974,index,0.4,3
2019,65058.5273983397,47955.5834466773,88261.0883453608,11.0830425652544,0.155621251730659,index,0.4,3
2021,63326.8950666786,50499.5666313666,79412.4763101477,11.0560654004652,0.115484452051691,index,0.4,3
2022,62251.9978716711,48772.2792981308,79457.2510201109,11.038945908136,0.124506637259139,index,0.4,3
2023,78934.5806078597,62958.9420775308,98963.9884365584,11.2763746948189,0.115377944054727,index,0.4,3
2024,65685.571198444,52537.8867474578,82123.483276088,11.0926345638914,0.113953483332726,index,0.4,3
2025,63641.6666359265,51321.7799155035,78918.9645968394,11.0610236706055,0.109774042526947,index,0.4,3
2003,3427.8616039636,2360.07387598676,4978.7573581844,8.13969190666337,0.190433961385784,index,0.4,3
2004,4048.6543408805,2538.0412899118,6458.36694504689,8.30613984337851,0.238265565203909,index,0.4,3
2005,3017.62117283146,2067.94184215149,4403.43019185044,8.01222410886185,0.192817316726562,index,0.4,3
2006,3643.75017981093,2451.93332817868,5414.87617966121,8.20076869944657,0.202114220810458,index,0.4,3
2007,3128.16963782933,2134.67543848116,4584.0436005577,8.04820333223732,0.194969622192911,index,0.4,3
2008,2745.99418622587,1855.6077846535,4063.6195499656,7.91789846914646,0.199968419903331,index,0.4,3
2009,3776.88751692447,2527.50555221503,5643.85676739606,8.23665554120584,0.204936109418264,index,0.4,3
2010,3537.61414886676,2367.01323076385,5287.13304328412,8.17120780966177,0.205015813380562,index,0.4,3
2011,3034.74126641013,2088.97208812626,4408.70158409505,8.01788144991238,0.190541281751777,index,0.4,3
2012,3867.87258323268,2682.1308075613,5577.81830697724,8.26045991477742,0.186785615765704,index,0.4,3
2013,3568.75484149197,2429.36757122525,5242.52125101389,8.17997203003863,0.19622084352867,index,0.4,3
2014,3766.25689642881,2597.40705531356,5461.09666595372,8.23383692155569,0.189578984366977,index,0.4,3
2015,3688.22255729424,2427.40577736233,5603.91911356304,8.21289992919364,0.213433281306159,index,0.4,3
2016,4519.07520356259,3052.30997836277,6690.68372485823,8.41606265091091,0.2002121983412,index,0.4,3
2017,4701.77059811318,3131.48817071073,7059.46998748015,8.45569443975866,0.207366471282909,index,0.4,3
2018,4520.19872455343,3008.88274579418,6790.62570251851,8.41631123746898,0.207650310230312,index,0.4,3
2019,6368.62220285673,4017.12971760103,10096.599217349,8.75913843048617,0.235114271550161,index,0.4,3
2021,5897.26422458407,3851.35084695479,9030.0070589667,8.68224383160755,0.217383890667282,index,0.4,3
2022,6069.64013658678,3826.45669418836,9627.84485281612,8.71105459672554,0.235392125325466,index,0.4,3
2023,6484.22364201247,4500.03189891349,9343.30182187931,8.77712737362603,0.186374653884788,index,0.4,3
2024,5038.5640168418,3353.27663502219,7570.84193014839,8.52487640317548,0.207750325817045,index,0.4,3
2025,5663.53105294058,3669.39207158283,8741.38913528152,8.64180283762045,0.221443639672247,index,0.4,3
2003,5478.06332188004,4039.65248241716,7428.65330350674,8.60850690906254,0.155407427592278,index,0.4,3
2004,7038.37576042361,4902.12452507063,10105.5640450514,8.85913270668417,0.184548666639127,index,0.4,3
2005,7364.53493497731,5435.88204360408,9977.47456133938,8.90443118161816,0.154928410977952,index,0.4,3
2006,6668.48738965404,4940.96104462182,9000.01511130686,8.8051483350288,0.152978933637194,index,0.4,3
2007,6782.77621264811,5061.13752510689,9090.06185321815,8.82214176801616,0.149388063237993,index,0.4,3
2008,5835.14694495802,4292.26171370294,7932.63368833091,8.67165472777254,0.156679230437715,index,0.4,3
2009,5920.84466407489,4314.65599854779,8124.95864048102,8.68623439744264,0.16146292576609,index,0.4,3
2010,4675.73792687169,3403.00701640602,6424.47254895048,8.45014227458667,0.16210886565494,index,0.4,3
2011,6136.5690004256,4601.59539381477,8183.57023470636,8.72202107023828,0.146871435097364,index,0.4,3
2012,8096.24547404532,5950.77672057951,11015.2327761368,8.99915571147833,0.157083845730362,index,0.4,3
2013,7994.41535192777,5741.82871103068,11130.7181101309,8.98649849588094,0.168863034803349,index,0.4,3
2014,6877.93081115409,4974.57104274747,9509.55003688028,8.83607313149906,0.165298296674107,index,0.4,3
2015,8124.15021492058,6049.89238463707,10909.585248524,9.00259641279528,0.150411258531913,index,0.4,3
2016,9216.44343657118,6938.64559182055,12241.9899525707,9.12874449772553,0.144840734416589,index,0.4,3
2017,8100.59570988715,6014.6351789541,10909.9968497928,8.99969288238678,0.15191192799659,index,0.4,3
2018,8871.39920226351,6653.13263224232,11829.2732395742,9.09058780832687,0.14681122477191,index,0.4,3
2019,10018.2056271971,6974.05358534911,14391.1202804129,9.21215927948023,0.184803073700477,index,0.4,3
2021,11123.8886565346,8060.28004625032,15351.9354331298,9.31685020600267,0.164363543643811,index,0.4,3
2022,9884.91783451379,7248.72091502579,13479.8403388029,9.19876542343196,0.158260620658562,index,0.4,3
2023,15715.0763756416,11250.4770401597,21951.3914486191,9.66237580926705,0.170518438910072,index,0.4,3
2024,11774.04224629,8794.00972027767,15763.9205808207,9.37365257768182,0.148893818923677,index,0.4,3
2025,11243.0520329061,8431.60401200888,14991.9539431166,9.32750561976592,0.146820714502948,index,0.4,3
2003,33758.0874360487,24823.111674836,45909.1705450919,10.4269752953293,0.156862512372147,index,0.4,3
2004,42176.1360714612,30369.7327398028,58572.3446814227,10.649609844134,0.16755822497842,index,0.4,3
2005,36715.5710201937,27914.0672981196,48292.2513921751,10.5109562225414,0.139834292736157,index,0.4,3
2006,39576.341335741,30175.0403097651,51906.7009503284,10.5859867776869,0.138378254904238,index,0.4,3
2007,34647.211254938,26682.5597083643,44989.2836693626,10.4529725181161,0.133271368074042,index,0.4,3
2008,36762.1110512024,27732.4746934972,48731.7783168423,10.5122230027642,0.14381061483609,index,0.4,3
2009,33394.4042495944,25779.4975255693,43258.6490128148,10.4161436274915,0.132047753985318,index,0.4,3
2010,32400.341084638,25271.3762403687,41540.3614118944,10.3859242290286,0.126786293349366,index,0.4,3
2011,36971.0970531218,28462.9646940352,48022.4752412316,10.5178917256349,0.133437497282076,index,0.4,3
2012,28126.1115524539,21581.9213256065,36654.6675398398,10.2444536605908,0.135126152895478,index,0.4,3
2013,34065.5295440873,24684.046798253,47012.5629157863,10.4360412881945,0.16435447559342,index,0.4,3
2014,34401.969718369,26426.4532109453,44784.5010095187,10.4458691009772,0.134567930859722,index,0.4,3
2015,30138.2560032282,23358.6255007356,38885.6131490921,10.3135506073089,0.130017191118651,index,0.4,3
2016,34584.7648096719,26691.1430359129,44812.8412983647,10.4511685406551,0.132186853862367,index,0.4,3
2017,40366.7677181365,31593.2569076089,51576.7000779696,10.6057621442094,0.125034520194158,index,0.4,3
2018,37239.7559584065,29068.8939551242,47707.3336874317,10.5251321781581,0.126384073851486,index,0.4,3
2019,48671.6995682859,34385.1679045355,68894.0750687164,10.792853022462,0.177285113596869,index,0.4,3
2021,46305.7421855599,35736.0581073948,60001.6306474453,10.7430212536707,0.132199247876716,index,0.4,3
2022,46297.43990057,35042.0656261077,61167.9963223955,10.7428419448214,0.142113555753506,index,0.4,3
2023,56735.2805902054,43628.9893993183,73778.7445450118,10.9461515288409,0.134020026919023,index,0.4,3
2024,48872.9649353119,37715.9988170669,63330.3313311001,10.7969796582686,0.132216716782201,index,0.4,3
2025,46735.0835500795,36547.6224221392,59762.2468899598,10.7522504153562,0.125450775750689,index,0.4,3
2003,27721.9164484734,21357.0985163898,35983.5700990177,10.2299785868619,0.133083639454394,index,0.4,3
2004,33721.1176226178,24679.7840350284,46074.7051961436,10.4258795557723,0.159257940890748,index,0.4,3
2005,31708.0322706555,24795.6158136388,40547.4628270338,10.3643253117014,0.125463109946844,index,0.4,3
2006,30845.3311693421,24437.6395873774,38933.1568437495,10.3367406781509,0.11880873896707,index,0.4,3
2007,27825.772061899,22447.4968600687,34492.6472500412,10.2337179228172,0.109585449526259,index,0.4,3
2008,26308.5038684747,20917.2096496562,33089.3741273432,10.1776475069091,0.117002139520323,index,0.4,3
2009,27717.2582352455,22020.373602697,34887.9822813357,10.2298105391496,0.117393566573192,index,0.4,3
2010,25010.451607557,19942.73818595,31365.9380061781,10.1270490807881,0.115526982753108,index,0.4,3
2011,29060.588721083,23395.0372688675,36098.1607812938,10.2771381957313,0.11064437975175,index,0.4,3
2012,27297.2590834429,21915.1044326605,34001.2230267134,10.2145415762588,0.112048078331421,index,0.4,3
2013,31444.4893383313,23967.4503645313,41254.1131705715,10.3559790270089,0.138536766568478,index,0.4,3
2014,30075.7102504685,23828.8581646867,37960.2052611415,10.3114731565397,0.118788153918583,index,0.4,3
2015,31755.1834099337,25250.1981584025,39935.990485008,10.3658112480016,0.116952131406234,index,0.4,3
2016,34750.8387459829,27858.3242413304,43348.6516664805,10.4559589872767,0.112793853747312,index,0.4,3
2017,38904.1999714736,30971.7658436885,48868.2751593526,10.5688574921967,0.116342037290145,index,0.4,3
2018,37338.0069305561,29960.276781576,46532.5060816385,10.527767039414,0.112318065633623,index,0.4,3
2019,45566.4578545139,33976.80985628,61109.3887327807,10.7269271514697,0.149744406503324,index,0.4,3
2021,44656.900114958204,35315.0402944725,56469.9547628575,10.7067641122139,0.119747041895255,index,0.4,3
2022,43172.8860792222,33885.0192857195,55006.5525031299,10.6729679401306,0.12359393096973,index,0.4,3
2023,59415.3333689994,46832.7283587171,75378.521881317,10.9923076095642,0.121415520919959,index,0.4,3
2024,47081.931588758,37100.5248376676,59748.7041444194,10.7596445883312,0.121562536427822,index,0.4,3
2025,45925.8700599566,36359.2885219198,58009.5383190035,10.7347838551397,0.119175085096542,index,0.4,3
2003,14942.0959134187,9761.26888478751,22872.6647038434,9.61193773756338,0.217228510971494,index,0.4,3
2004,19542.0485501473,12869.0840660589,29675.1236976936,9.88032375890133,0.213136890410849,index,0.4,3
2005,15389.694857347,10550.604568805,22448.2593634992,9.64145339930348,0.192613211221705,index,0.4,3
2006,19043.2477358641,12758.3897878354,28424.0637227795,9.85446786816181,0.204352485331937,index,0.4,3
2007,16732.3850435167,11381.7026060651,24598.4910109412,9.72510134469969,0.196605160788761,index,0.4,3
2008,19034.7483139117,12645.7320332724,28651.6939012035,9.85402144644979,0.208649955367712,index,0.4,3
2009,15374.8781953484,10625.4107456111,22247.3168502632,9.64049017038958,0.188516994112231,index,0.4,3
2010,15603.2415528193,10998.7614313648,22135.3239157781,9.65523396349928,0.178419612791524,index,0.4,3
2011,17081.8185988748,11612.8065811747,25126.4433455628,9.74576993701842,0.196894512514774,index,0.4,3
2012,12792.9705262892,8761.293900279,18679.9001094225,9.45665112142078,0.193142448469667,index,0.4,3
2013,14184.2103991756,9116.81179879496,22068.2217740497,9.55988468120125,0.225519063719226,index,0.4,3
2014,14970.4471754838,10199.6374284801,21972.7701308445,9.61383334840933,0.195782115907731,index,0.4,3
2015,10195.4453655092,6948.32824134202,14960.0166530139,9.22969636675369,0.195636246873952,index,0.4,3
2016,13569.4447038229,9201.50548340664,20010.8373463618,9.51557583112375,0.19819417348352,index,0.4,3
2017,14264.9340546635,10016.7880760159,20314.7298355177,9.56555964076019,0.180381819050447,index,0.4,3
2018,13293.3469546673,9148.71206481887,19315.6230084786,9.49501896008121,0.190641548829249,index,0.4,3
2019,19492.0695438256,11824.5603801654,32131.4926632409,9.87776297177078,0.255019449437518,index,0.4,3
2021,18669.9949517203,12924.6211658287,26969.3561633233,9.83467296614046,0.187648130415531,index,0.4,3
2022,19079.1117924486,12607.6868519008,28872.2674559347,9.85634939216025,0.211375015506892,index,0.4,3
2023,19519.2472388598,13088.7916903043,29108.9522842636,9.87915629564048,0.20390412884873,index,0.4,3
2024,18603.639609686,13004.9755476199,26612.5380597442,9.83111251849897,0.182669285594628,index,0.4,3
2025,17715.7965759698,12682.613338744,24746.4335573779,9.78221198247377,0.170525927560085,index,0.4,3
2003,13157.0654844128,10273.3815543131,16850.1842597727,9.48471419250727,0.126228175855787,index,0.4,3
2004,16538.8366425429,12033.8509850801,22730.3061860956,9.71346663010295,0.162241632873304,index,0.4,3
2005,15662.0426233455,12111.1034081727,20254.1065721526,9.6589953967569,0.131184782441202,index,0.4,3
2006,15362.4668339013,11803.3791046171,19994.7307572625,9.63968259497213,0.134462399714313,index,0.4,3
2007,14143.0853349991,11148.7160023612,17941.695057144,9.55698111472916,0.121380547340353,index,0.4,3
2008,12513.4087119884,9672.46791667933,16188.7740483738,9.43455604532119,0.131388779460174,index,0.4,3
2009,13542.4118066759,10535.0671133808,17408.2343821672,9.51358165517383,0.128123251458245,index,0.4,3
2010,11946.6429745453,9268.99614489758,15397.8139736112,9.38820559526131,0.129479539063386,index,0.4,3
2011,13547.1857864411,10587.4985644697,17334.2401526496,9.51393411369952,0.125770122446582,index,0.4,3
2012,16704.0332357037,13110.7428253563,21282.1447309499,9.72340548036571,0.123583007723974,index,0.4,3
2013,17016.2362119944,13051.3874036039,22185.5566667523,9.74192323854174,0.135346118133762,index,0.4,3
2014,15779.9529861761,12188.2160641163,20430.1363658163,9.66649561506565,0.131773210907919,index,0.4,3
2015,17118.29358146,13183.8830397162,22226.8336466798,9.74790297074781,0.133243565738247,index,0.4,3
2016,19940.6651643495,15633.513079895,25434.4704971053,9.9005164012518,0.124157504843578,index,0.4,3
2017,19002.7583567758,14934.5933365263,24179.086569625,9.85233942428388,0.122912423286706,index,0.4,3
2018,19761.6845884762,15420.8645638583,25324.4022834935,9.89150022012132,0.12654493084415,index,0.4,3
2019,23811.8390496237,17372.0822060046,32638.7863125126,10.0779381750376,0.160879716047527,index,0.4,3
2021,23779.4981289437,18273.3744641074,30944.724105289,10.0765790652678,0.134379373955817,index,0.4,3
2022,22270.9151446986,17011.0021718829,29157.2275619471,10.0110368525683,0.13746234849652,index,0.4,3
2023,32646.6107255807,25068.9071278658,42514.8645862942,10.3934963230554,0.134753866786331,index,0.4,3
2024,25053.2029946423,19376.5819172822,32392.8638688816,10.1287569623967,0.131092441591364,index,0.4,3
2025,26666.5511441259,20511.976678248,34667.7924354495,10.1911652928832,0.133880557099097,index,0.4,3
2003,29506.9468774795,21147.6345686621,41170.5579271072,10.2923810019773,0.169950910889253,index,0.4,3
2004,36724.3295302224,26066.515278067,51739.8035394157,10.5111947443805,0.17489500673619,index,0.4,3
2005,31435.6845046569,23574.6977952195,41917.918475999,10.3556989758197,0.146823966938524,index,0.4,3
2006,34526.1120713046,25816.6769461118,46173.735575981,10.4494711883686,0.148316619751094,index,0.4,3
2007,30415.0717704164,23018.3114114821,40188.7251528855,10.3226935464567,0.142170071580889,index,0.4,3
2008,32829.843470398,24270.8207683419,44407.1765260069,10.3990932426012,0.15411667184148,index,0.4,3
2009,29549.7246239179,22502.9354860712,38803.2141802063,10.2938297038033,0.138996767400827,index,0.4,3
2010,28667.050185831202,22039.5790942201,37287.4528521499,10.2635036650535,0.13413945429675,index,0.4,3
2011,32595.2215335166,24727.1105755039,42966.947697947,10.3919209778846,0.140954356923794,index,0.4,3
2012,23386.1963740282,17579.4853356725,31110.9324534549,10.0599012287414,0.145621723532205,index,0.4,3
2013,28612.4635255126,20195.025729093,40538.3523636421,10.2615976894854,0.177761474294473,index,0.4,3
2014,29266.2044397757,22162.0821023598,38647.5746436995,10.2841886972008,0.141865159390113,index,0.4,3
2015,24832.3351939831,19051.0608836086,32368.0069552917,10.1199019213609,0.135218736170067,index,0.4,3
2016,28379.6182854562,21520.38791806,37425.1029811736,10.2534265004987,0.141160992056813,index,0.4,3
2017,34166.3756693611,26342.9458366385,44313.237920276,10.4389972718619,0.13267665424918,index,0.4,3
2018,30869.6692967472,23750.8840190538,40122.1479472536,10.3375294046674,0.133754689428125,index,0.4,3
2019,41246.6883487158,28655.5860621877,59370.2496973536,10.6273261060846,0.185831183545952,index,0.4,3
2021,39547.3969377348,30115.608879118,51933.0892770103,10.5852551540319,0.139010855526481,index,0.4,3
2022,39981.0827269719,29867.0096229388,53520.1547192486,10.5961616894028,0.148804722210957,index,0.4,3
2023,46287.9698822788,34890.8559626366,61407.9562312018,10.7426373765563,0.144215563003401,index,0.4,3
2024,40632.3682038016,31010.9878677674,53238.8504645264,10.6123202743568,0.137871618292616,index,0.4,3
2025,36975.1154918001,28674.5571552417,47678.4753197852,10.5180004110846,0.129714073725442,index,0.4,3
2003,20174.3449910561,15829.6113622041,25711.5722240625,9.91216702624462,0.123741776021167,index,0.4,3
2004,25208.179211454,18286.4335527149,34749.9307245965,10.1349237927205,0.163783144621885,index,0.4,3
2005,24156.1881766935,18718.9832857488,31172.7094532999,10.0922958654576,0.13010567059962,index,0.4,3
2006,22661.4807281875,17765.3258865798,28907.0243953112,10.0284218779099,0.12419515217524,index,0.4,3
2007,20827.966728736,16576.7597084232,26169.4206638528,9.9440519168519,0.116479151052339,index,0.4,3
2008,19151.2211887345,15093.5829181509,24299.68252129,9.86012176222231,0.12148019245842,index,0.4,3
2009,21133.3707718364,16594.1786674743,26914.2190842693,9.95860862329364,0.123370324680519,index,0.4,3
2010,19346.711305575,15181.4138956335,24654.8339248506,9.87027772564515,0.123701526630362,index,0.4,3
2011,21761.0254019231,17287.868149418,27391.5917480598,9.98787582310976,0.11740805110623,index,0.4,3
2012,23003.1076900149,18289.3406686441,28931.7681257696,10.043384602741,0.116997512479421,index,0.4,3
2013,25560.61759556,19577.9473307891,33371.4848052008,10.1488080707802,0.136047905619679,index,0.4,3
2014,24834.3720771838,19480.6056697814,31659.489798344,10.1199839434362,0.123884559492086,index,0.4,3
2015,25841.9616067283,20251.0941194829,32976.3407223091,10.1597548685883,0.124385329957327,index,0.4,3
2016,28688.0682101985,22723.9514297674,36217.5240594336,10.2642365734982,0.118911265237446,index,0.4,3
2017,31104.5246021775,24592.8960671311,39340.2813595646,10.3451085731859,0.119846932179103,index,0.4,3
2018,30333.845450944,24116.2660937313,38154.4214293162,10.3200193796865,0.117031510802823,index,0.4,3
2019,36027.2739961509,26625.3655926502,48749.1699250894,10.4920315416001,0.15429462474243,index,0.4,3
2021,35139.468015521,27507.9662084949,44888.1681420892,10.467080222626,0.124925408090641,index,0.4,3
2022,33322.1163659919,25689.2891206406,43222.8168671497,10.41397661065,0.132730598329109,index,0.4,3
2023,48572.8840574374,37918.1652028272,62221.4986679088,10.7908207129765,0.1263467827638,index,0.4,3
2024,38041.8862873179,29666.6810754407,48781.4969465951,10.5464431023731,0.126871339779434,index,0.4,3
2025,39030.0747484652,30408.191755489,50096.5906529381,10.5720877753269,0.127359717096775,index,0.4,3
2003,22489.6673708359,15471.9454094268,32690.4681387173,10.0208112547522,0.190833897133768,index,0.4,3
2004,28054.9869613111,19388.3312230591,40595.6698564773,10.2419216834304,0.188521322638921,index,0.4,3
2005,22941.538951309,16671.6154381633,31569.4787590669,10.0407044743665,0.162881358497663,index,0.4,3
2006,27227.0981770184,19595.5428736547,37830.7903955885,10.211968012858,0.167814613176278,index,0.4,3
2007,23730.1903766796,17333.6878602674,32487.1394854327,10.0745033720137,0.160256113034735,index,0.4,3
2008,26192.030993652,18545.3260050914,36991.6650364675,10.1732104829354,0.176144774471672,index,0.4,3
2009,21958.7656587575,16123.0756875713,29906.662884919,9.9969216854261,0.157612532947006,index,0.4,3
2010,21266.9818548013,15799.1734794377,28627.0998796923,9.96491100131363,0.151634467489768,index,0.4,3
2011,24381.3819180348,17739.6017818577,33509.871954455,10.1015750838749,0.162258224254726,index,0.4,3
2012,17087.1219197173,12307.5621116471,23722.7919591794,9.74608035465529,0.167406747763525,index,0.4,3
2013,20068.0821419469,13496.8326848785,29838.6984753197,9.9068858787763,0.202389207628434,index,0.4,3
2014,20211.7853487683,14574.2961555482,28029.9139405899,9.91402114636571,0.166843079825444,index,0.4,3
2015,16108.6671687146,11770.3773998661,22045.9505364184,9.68711273958362,0.160090429088889,index,0.4,3
2016,19632.2152396073,14236.1978372642,27073.5121568342,9.88492713060327,0.163974435058417,index,0.4,3
2017,22064.6094239595,16409.5893764979,29668.4443383544,10.0017302203895,0.151078826812489,index,0.4,3
2018,20297.5084342795,14765.7344113988,27901.6835303227,9.91825342026944,0.16234425214851,index,0.4,3
2019,29031.2534021885,19142.9634880684,44027.335403288,10.2761282321868,0.212472142479378,index,0.4,3
2021,28187.4270511572,20690.4130650717,38400.9270992075,10.2466313082561,0.157760844421503,index,0.4,3
2022,28929.8815056787,20833.6185590875,40172.4761139751,10.2726303020641,0.167506682191533,index,0.4,3
2023,30361.696550422,21854.4135127743,42180.6156857552,10.3209371110557,0.167747439285392,index,0.4,3
2024,27643.684911126,20358.6408896072,37535.5761521251,10.2271525870537,0.156070149747005,index,0.4,3
2025,24611.5918874609,18380.4137977939,32955.213190447,10.110972825871,0.148947592422998,index,0.4,3
2003,35861.9992119076,29533.2255100375,43546.9870041034,10.4874334960766,0.0990642178077788,index,0.6,1
2004,38769.533346123,31148.7470942003,48254.8049631186,10.5653899941242,0.111665670460725,index,0.6,1
2005,45540.1253072216,37891.9889516262,54731.9649978004,10.7263490911998,0.0938048337775798,index,0.6,1
2006,49711.9962012695,41389.6794067099,59707.7001257081,10.8140015552181,0.0934786136993707,index,0.6,1
2007,45955.614727411,38588.9570655536,54728.5722541447,10.735431312428,0.0891393340226373,index,0.6,1
2008,38882.979078661,32569.8125452553,46419.857649805,10.5683118780326,0.090394893282896,index,0.6,1
2009,39641.6292581674,33043.4882219092,47557.2905526377,10.5876350889658,0.0928870594643402,index,0.6,1
2010,38813.7435346514,32557.6193057485,46272.0161761858,10.5665296777027,0.0896766363010424,index,0.6,1
2011,47841.7172046715,39984.3027113049,57243.2117077945,10.7756532827268,0.0915379365564573,index,0.6,1
2012,41768.7271254084,34831.5716758378,50087.5062978294,10.6399031836108,0.0926668543416091,index,0.6,1
2013,38868.4916378278,31727.2060176321,47617.1662061986,10.5679392177892,0.103578123681164,index,0.6,1
2014,45854.5445664764,38366.912045079,54803.452905683,10.7332295909074,0.0909602883918783,index,0.6,1
2015,47960.5500101157,39823.9472301468,57759.5772709227,10.7781340771765,0.0948539764572866,index,0.6,1
2016,44791.6731075305,37349.6147119798,53716.5910610682,10.709777532992,0.0927056106780968,index,0.6,1
2017,55056.5786162302,46130.6889816899,65709.5507532585,10.9161166375765,0.0902480488815015,index,0.6,1
2018,47547.2602888254,39841.7774123802,56742.9996301024,10.7694794488336,0.0902098843449568,index,0.6,1
2019,59762.8174251108,47675.0180976248,74915.4271797764,10.9981389643632,0.115296074863144,index,0.6,1
2021,59237.4207059112,49606.8128169506,70737.7034045225,10.9893087276957,0.0905247599619597,index,0.6,1
2022,68398.2386225312,56441.5489285244,82887.857181049,11.1331023521465,0.098033180335908,index,0.6,1
2023,66019.1988282952,54771.6335057524,79576.494892602,11.0977008700457,0.0952941836479252,index,0.6,1
2024,62089.957031558,51865.8769923661,74329.4626011652,11.0363395323239,0.0917992151302719,index,0.6,1
2025,64219.6444064809,53903.5900751634,76509.9823953118,11.0700644305133,0.0893445343880273,index,0.6,1
2003,2838.76172646452,2157.89997613124,3734.44933906878,7.9511232242662,0.139917076001903,index,0.6,1
2004,2889.25804147176,2073.61551311651,4025.72799894952,7.96875501509015,0.169240879081614,index,0.6,1
2005,3228.47312724125,2440.45376243416,4270.94292617236,8.07976458842688,0.142770643453696,index,0.6,1
2006,3450.67314350852,2554.44978465995,4661.33459143966,8.14632460505358,0.153437755207957,index,0.6,1
2007,3520.80608698224,2655.09000726831,4668.79671430984,8.16644524435878,0.143988059189219,index,0.6,1
2008,2640.06584789141,1996.85860685234,3490.45628833447,7.87855913821241,0.142466194421811,index,0.6,1
2009,2841.34564688851,2118.48944057286,3810.84981141525,7.95203303826526,0.149785636325613,index,0.6,1
2010,2833.29902490223,2117.49175567105,3791.08128426593,7.94919704487895,0.148579011697692,index,0.6,1
2011,3441.50604343357,2566.25715758985,4615.26773026647,8.14366445788324,0.149727598437839,index,0.6,1
2012,3117.96007423482,2388.0420369338,4070.98152970743,8.04493424460784,0.136076565155232,index,0.6,1
2013,2947.94235800068,2208.33325402246,3935.25937729969,7.98886270020107,0.147385041872032,index,0.6,1
2014,3411.70676322644,2549.27869282252,4565.89664794856,8.13496796213587,0.148677338897934,index,0.6,1
2015,3537.72692653066,2579.88330154524,4851.19299745218,8.17123968873663,0.161094921281051,index,0.6,1
2016,3720.45360286179,2767.90961911598,5000.80454775402,8.22160087608674,0.150897268658307,index,0.6,1
2017,4027.97124406671,3032.33245775045,5350.51897147997,8.30101811480272,0.14486527642207,index,0.6,1
2018,3472.46529507929,2588.10318716245,4659.01641222825,8.15262008036093,0.149971916046191,index,0.6,1
2019,4428.40453856938,3188.409222075,6150.64296685834,8.39579464886271,0.167613923786914,index,0.6,1
2021,4665.32512934834,3511.51277208805,6198.25698358116,8.44791280631871,0.14495704806319,index,0.6,1
2022,5311.4853020885,3905.95981502543,7222.77684623812,8.57762679302966,0.156823274347061,index,0.6,1
2023,4733.53382295265,3576.15947775812,6265.47630003437,8.46242731098604,0.143054964892288,index,0.6,1
2024,4501.82236566832,3328.02944700752,6089.61096490735,8.41223756392865,0.154136461766729,index,0.6,1
2025,4890.34169688906,3684.87609818246,6490.1617517419,8.49501745669209,0.144403304425354,index,0.6,1
2003,5849.99821700905,4601.3362808761,7437.50881265584,8.67419663544108,0.122499495501368,index,0.6,1
2004,6042.84275771795,4661.95538130244,7832.75377129469,8.70662983545673,0.132369568356079,index,0.6,1
2005,7367.85946471921,5824.97821180218,9319.40878025312,8.90488250401806,0.119885859080946,index,0.6,1
2006,7685.72280248889,6066.94686565506,9736.41871352037,8.94711970522447,0.120670041446364,index,0.6,1
2007,7666.99862377531,6125.82851485322,9595.90490566989,8.94468050405911,0.114497619258839,index,0.6,1
2008,6384.41835849761,5089.20117812259,8009.27225112331,8.76161566932861,0.11568555001721,index,0.6,1
2009,6513.69160437967,5163.84249386987,8216.39667889441,8.78166164120602,0.11848451927495,index,0.6,1
2010,6293.11404359481,4991.39065469793,7934.31873107655,8.74721130565652,0.118237615205715,index,0.6,1
2011,7224.50306844844,5775.49018774336,9037.05882780045,8.88523373116172,0.114213995841316,index,0.6,1
2012,6895.1955636613,5448.97284585365,8725.26312868535,8.83858015293777,0.120103100643899,index,0.6,1
2013,6704.15190090067,5237.90227782938,8580.84979946893,8.81048230015413,0.125923707576896,index,0.6,1
2014,7661.76427899317,6200.92046396266,9466.7609765377,8.94399755984257,0.107932869975136,index,0.6,1
2015,8167.89582990229,6490.33250579768,10279.0607767076,9.0079666063232,0.117296831060111,index,0.6,1
2016,8284.61184200279,6612.89829324597,10378.9277150614,9.02215507806945,0.114990771315936,index,0.6,1
2017,9601.41375327533,7680.97007560794,12002.0186453191,9.16966563257954,0.11386153227645,index,0.6,1
2018,8781.19919450417,7055.37747597641,10929.1755906922,9.08036825982018,0.111646384293579,index,0.6,1
2019,11058.5399471392,8464.53057307456,14447.5000363845,9.31095825434924,0.136389453311216,index,0.6,1
2021,10443.3336786426,8382.66110753635,13010.5722901547,9.25371912834317,0.112144117142947,index,0.6,1
2022,12329.4528032944,9731.64562937674,15620.7297530212,9.41974621587874,0.120720547639368,index,0.6,1
2023,11748.3186859884,9283.35995456754,14867.7841452906,9.3714654187797,0.120148429418367,index,0.6,1
2024,11773.6850070659,9389.0877286003,14763.9113247771,9.37362223596601,0.115470908533157,index,0.6,1
2025,11640.4578172547,9274.95066241788,14609.2699710344,9.36224205189124,0.115904927660662,index,0.6,1
2003,27173.239268434,21959.7063171157,33624.5358511037,10.2099879175604,0.108687403056464,index,0.6,1
2004,29837.4325469336,23630.1564858685,37675.2638741609,10.3035190099636,0.119002195604336,index,0.6,1
2005,34943.7927152612,28622.9656498842,42660.4518994728,10.4614961271748,0.101803634871536,index,0.6,1
2006,38575.6002552722,31663.2913035835,46996.9126325836,10.5603752378432,0.100747745152723,index,0.6,1
2007,34767.810016653,28720.6087310791,42088.2657701473,10.456447238165,0.0974900668394179,index,0.6,1
2008,29858.4948722723,24602.1588353767,36237.8652216299,10.3042246636698,0.098795278684468,index,0.6,1
2009,30286.5920068993,24847.3898588824,36916.4592579717,10.3184603855388,0.100997975958706,index,0.6,1
2010,29687.3304661543,24532.8630470343,35924.7752093572,10.2984756501469,0.0973011775035555,index,0.6,1
2011,37175.7080927895,30560.555578569,45222.7796921814,10.5234108187001,0.099973977687103,index,0.6,1
2012,31755.5714875123,26029.4409268331,38741.3745586427,10.3658234688477,0.101450817816001,index,0.6,1
2013,29216.3973789264,23436.3573937342,36421.9516481495,10.2824853847167,0.112472247516695,index,0.6,1
2014,34781.073524257,28606.4960927273,42288.4044092111,10.4568286535693,0.0997158866107159,index,0.6,1
2015,36254.9272536829,29638.1113829495,44348.9712683248,10.4983305752855,0.102815264983981,index,0.6,1
2016,32786.6076626657,26833.1891947551,40060.8975035917,10.3977754080264,0.102236881140094,index,0.6,1
2017,41427.1936188884,34139.6687593087,50270.328726283,10.6316927948792,0.0987148246223285,index,0.6,1
2018,35293.5957992417,29078.4379914634,42837.1670034662,10.4714568043446,0.0988306876320144,index,0.6,1
2019,44275.8729394019,34748.6653123808,56415.2006105281,10.6981951787616,0.123624076102591,index,0.6,1
2021,44128.7618979203,36337.7147450233,53590.2612563175,10.6948670460785,0.0991118168626223,index,0.6,1
2022,50757.3005171489,41232.2663134797,62482.7055636745,10.8348107391129,0.106039880823424,index,0.6,1
2023,49537.3463193541,40411.7355703608,60723.6646911901,10.8104821351846,0.103882842036353,index,0.6,1
2024,45814.4496588237,37625.4157358012,55785.7968209423,10.7323548150784,0.100471113339355,index,0.6,1
2025,47688.8448923371,39389.8558592929,57736.3353470826,10.7724527898276,0.0975472991849443,index,0.6,1
2003,23425.6642024278,19270.1257038048,28477.3307532994,10.0615874611306,0.0996325330431726,index,0.6,1
2004,25320.8547714383,20259.3533931834,31646.8978013875,10.1393836344339,0.11378360742325801,index,0.6,1
2005,29562.4520339906,24478.3845644425,35702.4610002853,10.2942603227041,0.0962847173511599,index,0.6,1
2006,32508.7852444456,26925.508347137,39249.81116213,10.389265647003,0.0961427181960762,index,0.6,1
2007,29849.7950739564,24992.2393594364,35651.4777704692,10.3039332536031,0.0906203506637322,index,0.6,1
2008,25072.9569117903,20962.1770169734,29989.8797625582,10.1295451304194,0.0913639911125591,index,0.6,1
2009,25927.147436645,21577.982522294,31152.911237508,10.1630458623248,0.0936839236027733,index,0.6,1
2010,24978.4212928612,20859.4443397995,29910.7454695342,10.1257675828378,0.0919432671481591,index,0.6,1
2011,31464.6629975016,26233.6617725015,37738.7276748418,10.3566203855112,0.0927678882718949,index,0.6,1
2012,27495.2459627994,22872.8898300402,33051.7287571574,10.2217683946302,0.0939102749134725,index,0.6,1
2013,25795.3815979244,21035.7294835843,31631.9770275519,10.1579507470535,0.104069806243773,index,0.6,1
2014,30153.1717268182,25171.832691765,36120.2847770571,10.3140453948585,0.0921264361278056,index,0.6,1
2015,32411.0976073141,26886.1342550758,39071.4127268975,10.3862561618785,0.0953538870393078,index,0.6,1
2016,29819.1955129112,24850.2170332633,35781.7567487238,10.3029076098499,0.0930046909372673,index,0.6,1
2017,36567.7726362656,30548.5904089468,43772.9524562938,10.5069226024322,0.0917612674394216,index,0.6,1
2018,32173.9779956945,26878.5707636203,38512.6452284626,10.3789132680343,0.0917509950313074,index,0.6,1
2019,40004.3646904768,31934.6288032216,50113.2862432777,10.5967438444051,0.114949868346407,index,0.6,1
2021,39547.4349901556,33057.2068615355,47311.9105571017,10.5852561162293,0.0914614945909239,index,0.6,1
2022,45648.4688576093,37651.1599034167,55344.4492650286,10.7287253445539,0.098270328328478,index,0.6,1
2023,44245.1979503286,36652.2279207987,53411.1472266839,10.6975021236507,0.0960592289250421,index,0.6,1
2024,41969.3007835168,34952.4663372471,50394.7902062707,10.6446936962774,0.0933432374058848,index,0.6,1
2025,43280.3023056899,36153.6205349678,51811.8113747464,10.6754528983779,0.0917978718558219,index,0.6,1
2003,12436.3350094798,9641.12885751483,16041.941846619,9.42837770950025,0.129892298714503,index,0.6,1
2004,13448.678574685,10266.601192522,17617.0235907215,9.50663613296809,0.137749893455301,index,0.6,1
2005,15977.6732732312,12574.5302952157,20301.83531573,9.67894760629312,0.122205798770396,index,0.6,1
2006,17203.2109568245,13547.9126048096,21844.7281037185,9.75285132891465,0.121871405629702,index,0.6,1
2007,16105.8196534541,12729.0649071683,20378.3568236431,9.68693595481696,0.120049512980123,index,0.6,1
2008,13810.0221668708,10857.8047571473,17564.9421328855,9.53314985153389,0.122711652153824,index,0.6,1
2009,13714.4818215225,10740.4968224017,17511.9470489088,9.52620762077844,0.124711982793808,index,0.6,1
2010,13835.3222417905,10958.7181090446,17467.0193748483,9.53498018373081,0.118925445957899,index,0.6,1
2011,16377.0542071701,12869.0014104158,20841.392113572,9.70363650040165,0.122991950470268,index,0.6,1
2012,14273.4811626091,11191.4748424014,18204.2373653446,9.56615863044732,0.12410995289152,index,0.6,1
2013,13073.1100399032,10051.4558123968,17003.1296267187,9.47831273086776,0.134104490179229,index,0.6,1
2014,15701.3728396584,12353.1536654701,19957.098869342,9.66150342953003,0.122367943715264,index,0.6,1
2015,15549.4524028016,12066.2227703535,20038.207037007,9.65178070173339,0.129397979887415,index,0.6,1
2016,14972.4775946189,11705.1614751339,19151.8148466037,9.61396896770196,0.125606283797018,index,0.6,1
2017,18488.8059799649,14561.6932719064,23475.0135291122,9.82492074576627,0.121824246013415,index,0.6,1
2018,15373.2822931307,12087.11426186,19552.8728647858,9.6403863656615,0.12270181516515,index,0.6,1
2019,19758.4527346337,14841.6830575021,26304.0554736425,9.89133666533287,0.145993367082803,index,0.6,1
2021,19689.9857157555,15496.6755900921,25017.9811297418,9.8878654461761,0.122188288264515,index,0.6,1
2022,22749.7697649218,17623.2943140047,29367.4959480002,10.0323103041047,0.13027456607966,index,0.6,1
2023,21774.0008779666,16956.574493075,27960.0761596814,9.98847191676291,0.127584489017888,index,0.6,1
2024,20120.6562480413,15802.9468983908,25618.057850531,9.90950224038362,0.123242328996249,index,0.6,1
2025,20939.3421007912,16586.6187608711,26434.3235915152,9.94938506563064,0.118896835318985,index,0.6,1
2003,12418.7587561502,10185.5728427885,15141.5704765837,9.42696341137489,0.10114259348138,index,0.6,1
2004,13176.5503168414,10420.1395127623,16662.1068786657,9.48619403759437,0.119746248036795,index,0.6,1
2005,15535.4987462114,12728.0720930654,18962.1585679917,9.65088292599229,0.101694568589745,index,0.6,1
2006,16897.8495019728,13782.0987197892,20717.9852355383,9.73494164441042,0.103989568775604,index,0.6,1
2007,15590.0261218362,12894.583557181,18848.9153916243,9.65438663760117,0.0968507667543884,index,0.6,1
2008,13118.6063390265,10825.4962553507,15897.4543262425,9.48178683269633,0.0980260040191991,index,0.6,1
2009,13572.6075666484,11127.361264142,16555.1986482077,9.51580889108608,0.101352147119977,index,0.6,1
2010,13458.3788352801,11094.5891363362,16325.7925686223,9.50735715280073,0.0985448462668351,index,0.6,1
2011,16162.0683602244,13235.171860776,19736.234363129,9.69042231647288,0.101935146842963,index,0.6,1
2012,14582.4314802852,12017.4411012355,17694.8907912975,9.58757275985352,0.0987051102501663,index,0.6,1
2013,13832.7581224896,11227.6100666824,17042.3800024115,9.53479483517937,0.106462990442537,index,0.6,1
2014,16010.6158986881,13196.7662714317,19424.4420324583,9.68100727487532,0.0986141466245206,index,0.6,1
2015,17394.4703371302,14171.0161322533,21351.157565946,9.76390763797789,0.104570083619515,index,0.6,1
2016,16640.8218108541,13707.7464620986,20201.4934625659,9.71961410082719,0.0989292227556086,index,0.6,1
2017,19200.6989354883,15877.3368163437,23219.6900447286,9.86270196024332,0.096968080936705,index,0.6,1
2018,17591.8208396533,14472.6714034979,21383.2092104062,9.7751893479884,0.0995793444432513,index,0.6,1
2019,21849.5920440443,17224.5022144452,27716.6019979835,9.99193752959631,0.121353930492809,index,0.6,1
2021,21454.4837883962,17703.240532358,26000.5999345278,9.97368893693558,0.0980558600681869,index,0.6,1
2022,25513.1012642769,20753.4442913066,31364.3522002712,10.146947374279,0.105348809509328,index,0.6,1
2023,23932.6699611106,19536.5033274005,29318.0761095624,10.0829997484817,0.103552815238939,index,0.6,1
2024,23426.5930539612,19180.8381118461,28612.162769726,10.0616271113668,0.102022316881729,index,0.6,1
2025,24685.2286990323,20345.2555899609,29950.9884861909,10.1139603153465,0.0986534924748076,index,0.6,1
2003,23443.2404557574,18784.2223287211,29257.826778708,10.0623374788356,0.113045403872941,index,0.6,1
2004,25592.9830292818,20172.2143608515,32470.4451687899,10.1500734924766,0.121436967495571,index,0.6,1
2005,30004.6265610104,24418.8131632895,36868.1970350279,10.3091068674542,0.105102809851258,index,0.6,1
2006,32814.1466992969,26779.1642847074,40209.1795007166,10.3986150031962,0.103693533522079,index,0.6,1
2007,30365.5886055742,24925.1202271499,36993.5616342025,10.3210652924868,0.100733419424555,index,0.6,1
2008,25764.3727396348,21079.0135270062,31491.1749459424,10.1567479150219,0.102407346092298,index,0.6,1
2009,26069.021691519,21255.7271522823,31972.2720885566,10.1685029800063,0.104145448858927,index,0.6,1
2010,25355.3646993714,20809.1402385558,30894.8140897698,10.1407456118516,0.100817162814202,index,0.6,1
2011,31679.648844447,25932.6561767579,38700.2451298047,10.3634297614113,0.102130168344356,index,0.6,1
2012,27186.2956451231,22119.5046463171,33413.7080699543,10.2104682887394,0.105233172093267,index,0.6,1
2013,25035.733515338,19908.0006267321,31484.2240766951,10.1280594239289,0.116931971340703,index,0.6,1
2014,29843.9286677885,24421.2491296457,36470.7011340731,10.3037367034193,0.102311984676453,index,0.6,1
2015,30566.0796729856,24840.5294265056,37611.3250460109,10.3276461656729,0.105825575379087,index,0.6,1
2016,28150.8512966761,22865.3858741386,34658.0824434666,10.2453328745556,0.106100603916059,index,0.6,1
2017,35855.8796807422,29358.5837749133,43791.0805758426,10.487262840411,0.102003198513942,index,0.6,1
2018,29955.439449172,24563.3616855136,36531.1704514052,10.3074662047216,0.101254388828907,index,0.6,1
2019,37913.2253810659,29592.8284555316,48573.0068335802,10.5430552848455,0.12641454524189,index,0.6,1
2021,37782.9369175149,30935.6371020843,46145.819379835,10.5396128753955,0.102016554567724,index,0.6,1
2022,42885.1373582548,34572.7455501065,53196.0935405293,10.6662805963634,0.109930411109816,index,0.6,1
2023,42086.5288671846,34146.649894157,51872.6117372779,10.6474829890644,0.106666872584615,index,0.6,1
2024,38663.3639775966,31603.060459166,47300.9794730357,10.5626477633999,0.102878685593929,index,0.6,1
2025,39534.4157074484,32333.7634191356,48338.6361515948,10.5849268552747,0.102583305871424,index,0.6,1
2003,18436.0364579283,15234.5167552214,22310.3525854583,9.82206253137849,0.0973199310537893,index,0.6,1
2004,19563.4100141619,15542.144011455,24625.1103515789,9.88141626449638,0.117403015887692,index,0.6,1
2005,23337.6287444637,19195.6118834351,28373.4073558978,10.0578223044695,0.099688219708928,index,0.6,1
2006,25341.7772473849,20909.9726756058,30712.8892045513,10.1402095874609,0.0980773643380079,index,0.6,1
2007,23199.971751812,19299.8877548182,27888.1771812639,10.0519063400593,0.0939056954350141,index,0.6,1
2008,19598.5998003205,16331.0348386788,23519.9494659947,9.88321340390758,0.0930582658593234,index,0.6,1
2009,20180.4941498152,16671.6937276302,24427.7726537033,9.91247178071459,0.097452916635454,index,0.6,1
2010,20012.9251244407,16603.9257731339,24121.8358542971,9.90413360002454,0.095276833021077,index,0.6,1
2011,24314.7099804237,20174.2568553155,29304.9268516845,10.0988367951675,0.095243657081873,index,0.6,1
2012,21913.179946619,18151.1046343263,26454.9990232993,9.99484355882766,0.0961022044675245,index,0.6,1
2013,20534.5070402054,16770.6640599139,25143.0699391404,9.92986202026883,0.103305759568015,index,0.6,1
2014,24096.9844642008,20017.9395442324,29007.214203283602,10.0898419856831,0.0946230948332949,index,0.6,1
2015,25881.8782447789,21364.9436960884,31353.7742484295,10.1612983211274,0.097854659524162,index,0.6,1
2016,23910.9776079195,19878.663658249,28761.2316398932,10.082092946606,0.0942316749295885,index,0.6,1
2017,28974.8143027789,24148.8296501968,34765.2402224668,10.2741822593101,0.0929563321215744,index,0.6,1
2018,25998.0593890522,21607.1982317248,31281.200123591,10.1657771753354,0.0943871352583783,index,0.6,1
2019,32236.1322481673,25688.993914446,40451.884794794,10.3808432219353,0.115831360639856,index,0.6,1
2021,31698.2297418225,26405.6588934159,38051.6075293199,10.3640161141995,0.093207067809836,index,0.6,1
2022,37325.4214794092,30565.090729536,45580.9897946503,10.5274299144912,0.101948864977204,index,0.6,1
2023,35327.5719448959,29005.8577081408,43027.0792913504,10.4724190129673,0.10059671300865,index,0.6,1
2024,33859.6435497024,28010.6572779667,40929.9735431316,10.4299791284522,0.0967562649807817,index,0.6,1
2025,35651.1782870682,29549.9812671259,43012.0920134156,10.4815374768269,0.0957666005149236,index,0.6,1
2003,17425.9627539794,13675.0143766738,22205.7666294709,9.76571648540684,0.123671051467507,index,0.6,1
2004,19206.1233319614,14963.1100190952,24652.3064370825,9.86298443071023,0.127370356690158,index,0.6,1
2005,22202.496562758,17848.4975937443,27618.6189358625,10.0079600193194,0.111372150607578,index,0.6,1
2006,24370.218953885,19553.0527948154,30374.1609094297,10.1011171311454,0.112364526324033,index,0.6,1
2007,22755.6429755986,18412.5306496082,28123.2002861012,10.032568436505,0.108053878947409,index,0.6,1
2008,19284.3792783407,15477.5609183576,24027.512223183,9.8670506833647,0.112198037200464,index,0.6,1
2009,19461.1351083523,15616.1830745882,24252.7753354692,9.87617468437556,0.112303927011527,index,0.6,1
2010,18800.8184102109,15209.5287946008,23240.0870314406,9.84165568032856,0.108154168750454,index,0.6,1
2011,23527.0072242481,18908.1902839736,29274.0902548977,10.0659042838424,0.111509104263381,index,0.6,1
2012,19855.5471787894,15902.2925615526,24791.5671431113,9.89623870192595,0.11327766203949,index,0.6,1
2013,18333.9845976223,14304.9849482136,23497.7521781894,9.81651169842222,0.126608625005614,index,0.6,1
2014,21757.560102276,17497.0832695796,27055.4477172312,9.98771656703035,0.111189334619667,index,0.6,1
2015,22078.6717653369,17569.1916822033,27745.5989859377,10.0023673430262,0.116566003391688,index,0.6,1
2016,20880.6954996107,16660.7006588724,26169.5743459189,9.94658035081016,0.115192106283404,index,0.6,1
2017,26081.7643134517,20970.1335324181,32439.3942771427,10.1689916638081,0.111296520685905,index,0.6,1
2018,21549.2008997732,17319.5942864556,26811.71693392,9.97809401362735,0.111481771133716,index,0.6,1
2019,27526.6851769428,21060.4915873376,35978.1913773606,10.2229111832206,0.136613252941566,index,0.6,1
2021,27539.1909640887,22130.9437425429,34269.0780736403,10.2233653950933,0.111549660753575,index,0.6,1
2022,31072.8171431225,24680.8674607737,39120.1794971133,10.3440886691207,0.117504732334949,index,0.6,1
2023,30691.6268833994,24560.8898181344,38352.6805309106,10.3317451564206,0.113693183238782,index,0.6,1
2024,28230.3134818553,22692.4419114433,35119.6491939432,10.2481516257504,0.111412472314949,index,0.6,1
2025,28568.4661194127,23064.2479216876,35386.2505808648,10.2600588052786,0.109195790541826,index,0.6,1
2003,42107.4278685169,33279.7751741315,53276.6664565852,10.6479794380394,0.120040113271383,index,0.6,2
2004,46257.3190344051,36256.0118854896,59017.5105582173,10.741974979813,0.124295390163087,index,0.6,2
2005,51324.070547278,42028.0251588342,62676.2786875383,10.8459151325615,0.101952481631507,index,0.6,2
2006,44888.4306240803,37151.4573265913,54236.6665775624,10.7119353706855,0.0965206986603438,index,0.6,2
2007,49193.0977278031,40955.1088770369,59088.1316253571,10.8035086025535,0.0935102703915559,index,0.6,2
2008,51204.984827076,41924.8400706503,62539.307644887,10.8435921661923,0.102021463526327,index,0.6,2
2009,43246.3506300151,35523.4018703251,52648.3034941689,10.6746681303032,0.100369785342236,index,0.6,2
2010,40121.6057632908,33537.6616862057,47998.0764337851,10.5996702652852,0.0914536955370536,index,0.6,2
2011,46386.1891486502,38251.0700293378,56251.4602097158,10.7447570462501,0.09838457965784,index,0.6,2
2012,40750.1772962811,33545.8656122343,49501.6872980235,10.6152154694885,0.0992602756227304,index,0.6,2
2013,45623.8871164055,36975.1534473174,56295.6169627884,10.7281866986181,0.107239348619038,index,0.6,2
2014,42890.044482722,35590.510004168,51686.6972548143,10.6663950146454,0.0951857828666142,index,0.6,2
2015,49218.9132751779,40940.7604088369,59170.8947219894,10.8040332447736,0.0939567325957443,index,0.6,2
2016,46584.8432110557,39084.4510254812,55524.5771671147,10.7490305142259,0.0895682373309872,index,0.6,2
2017,52473.9048846204,43861.1821446574,62777.8495517723,10.8680712751928,0.0914742833621988,index,0.6,2
2018,51378.0275762924,43158.2635253258,61163.2976401207,10.8469658809876,0.0889489282590009,index,0.6,2
2019,53896.4548438392,42091.5061445954,69012.2096072101,10.8948199818924,0.126134326351005,index,0.6,2
2021,64620.6129006765,53996.1675487012,77335.5554890585,11.0762887240236,0.091644731093524,index,0.6,2
2022,56756.289412637,46967.3006704082,68585.5125142541,10.9465217558572,0.0965909828996284,index,0.6,2
2023,71901.5497913257,60024.9370622359,86128.0846831081,11.1830530982936,0.0921127771502996,index,0.6,2
2024,65543.0257947385,54860.4629495847,78305.7232724699,11.090462088333,0.0907740583677726,index,0.6,2
2025,62629.0416399759,52564.5907661173,74620.5154377454,11.04498437347,0.0893824489451864,index,0.6,2
2003,4036.94508170565,2954.22802938612,5516.47517747431,8.30324351702141,0.159314592484556,index,0.6,2
2004,4649.36894555074,3026.43887100789,7142.59646838748,8.44448677873763,0.219057526011838,index,0.6,2
2005,3347.29120706496,2405.33470277008,4658.12862217928,8.11590670282393,0.168606343291476,index,0.6,2
2006,3427.49426933719,2354.07555333328,4990.3738007495,8.13958473946926,0.191677683571665,index,0.6,2
2007,4450.16504180135,3227.69266011309,6135.64269733689,8.40069646251779,0.16386711736331,index,0.6,2
2008,2706.67007359386,1948.4235133639,3759.9951124796,7.90347440320377,0.167706414964568,index,0.6,2
2009,3050.8583373375,2103.4241441154,4425.04029467444,8.02317825208756,0.189726145167605,index,0.6,2
2010,3741.00171000529,2642.32695674773,5296.50343176614,8.22710869144649,0.177397882442401,index,0.6,2
2011,3169.78356479364,2247.21295596173,4471.10623004393,8.06141858845008,0.175499422443455,index,0.6,2
2012,3960.28668887018,2874.99122072551,5455.27601788102,8.28407169780739,0.16340443026888,index,0.6,2
2013,3885.23028398433,2671.37073406737,5650.66247342077,8.26493753620189,0.191121130772162,index,0.6,2
2014,4260.94448906357,3050.11340299215,5952.45013548369,8.35724612573694,0.170570519741587,index,0.6,2
2015,3565.37738289142,2407.11987618045,5280.96502721939,8.17902518499941,0.200431716299791,index,0.6,2
2016,6633.58546966017,4593.7437628831,9579.2143521015,8.79990073182363,0.187477999341587,index,0.6,2
2017,4594.31610866236,3277.10357569339,6440.97448212277,8.43257518990714,0.17238068531299,index,0.6,2
2018,4989.02178168082,3482.72173951457,7146.80649208425,8.51499513379274,0.183383858321544,index,0.6,2
2019,5146.10813488868,3440.66166684906,7696.90004429294,8.54599600600775,0.205400166685437,index,0.6,2
2021,6512.7838059339,4496.1596491933,9433.90720354986,8.78152226375838,0.189056210509926,index,0.6,2
2022,5082.00854853053,3297.40541726149,7832.46450440623,8.53346184599804,0.220703364141173,index,0.6,2
2023,6558.8608352999,4810.54289211301,8942.57808767507,8.78857221370318,0.158169737829137,index,0.6,2
2024,4797.70463018213,3379.32252872278,6811.41546059255,8.47589288047553,0.178810605777363,index,0.6,2
2025,5130.10499484092,3539.04585500442,7436.46122043786,8.54288140478596,0.189426423343336,index,0.6,2
2003,4487.6070634015005,3457.06945630512,5825.34352000408,8.40907489065154,0.133113853873177,index,0.6,2
2004,6312.67447313173,4632.54358593843,8602.15522303744,8.75031471250965,0.157887261248696,index,0.6,2
2005,6455.17744152788,4991.68194688554,8347.75056684231,8.77263779190802,0.131180776014013,index,0.6,2
2006,5830.45370013561,4526.92723411743,7509.32996961515,8.6708500979522,0.129110242022338,index,0.6,2
2007,6499.80185241611,5089.04214311093,8301.64556170211,8.7795269711754,0.124840081416976,index,0.6,2
2008,6051.77513213931,4704.72213486432,7784.51547192933,8.70810691825947,0.128464057189109,index,0.6,2
2009,5526.35088283974,4378.93820473332,6974.41997405932,8.6172830001812,0.118737613060893,index,0.6,2
2010,5118.34453725186,3936.92495151873,6654.2926585151,8.54058633318231,0.133895881170601,index,0.6,2
2011,4889.96757920162,3747.72828208118,6380.34060259148,8.49494095242682,0.135735049506836,index,0.6,2
2012,6262.64833977243,4869.32613178201,8054.6595496369,8.7423584321022,0.128393990339642,index,0.6,2
2013,8085.85363516576,6058.87880928694,10790.9451677938,8.99787134901856,0.147243165853098,index,0.6,2
2014,7339.48425943719,5760.15738527286,9351.83287391626,8.90102385475805,0.123626647999948,index,0.6,2
2015,8463.71611331282,6618.14434652937,10823.9540717054,9.04354361304797,0.125498894644648,index,0.6,2
2016,8853.35709691428,6958.233487676,11264.6308900539,9.08855199905807,0.122895670066664,index,0.6,2
2017,8969.47270056869,7033.41673010341,11438.4578098309,9.10158216855,0.124060586001347,index,0.6,2
2018,9935.55752933587,7760.23523470463,12720.658644119,9.20387527111001,0.126077492541061,index,0.6,2
2019,8350.20489635548,5984.62732259778,11650.8377301684,9.03004135602952,0.169948025155261,index,0.6,2
2021,11104.5270846894,8756.86670766584,14081.5803061902,9.31510814962158,0.12118320199826,index,0.6,2
2022,12037.0965335024,9226.90297103224,15703.1772645427,9.3957485380786,0.135650352974816,index,0.6,2
2023,13240.3403103444,10245.762369414,17110.1578597083,9.4910235323589,0.130820802154392,index,0.6,2
2024,12699.6298869712,9972.75039944511,16172.1283303177,9.44932812926385,0.123326978817928,index,0.6,2
2025,13066.9482694874,10253.4902710179,16652.3917772741,9.4778412881145009,0.1237103585457,index,0.6,2
2003,33582.8757234098,25428.0275451847,44353.0092866978,10.421771564946,0.141923155640873,index,0.6,2
2004,35295.2756157223,26576.2324457474,46874.8338701841,10.471504398716,0.144763792950145,index,0.6,2
2005,41521.6018986855,32982.6139418506,52271.2792646593,10.6339690984704,0.117468100903465,index,0.6,2
2006,35630.482654607,28671.4250589833,44278.6255509989,10.4809568048064,0.110869660513219,index,0.6,2
2007,38243.1308335855,30802.3909040462,47481.283531228,10.5517192370771,0.110395724656281,index,0.6,2
2008,42446.5396213428,33744.0086383731,53393.4407478,10.6560006718407,0.117064657786918,index,0.6,2
2009,34669.1414098375,27590.6649307418,43563.6244763383,10.4536052737297,0.116518725948327,index,0.6,2
2010,31262.2595160334,25380.4724462588,38507.1188929694,10.3501668827463,0.106344569793866,index,0.6,2
2011,38326.4380046548,30831.1555168453,47643.879235148,10.5538952243578,0.111029705455089,index,0.6,2
2012,30527.2422676385,24144.9034598997,38596.6554811382,10.3263747530424,0.119668603576544,index,0.6,2
2013,33652.8031972552,26188.6610111254,43244.3324441857,10.4238516361279,0.127946139760984,index,0.6,2
2014,31289.615734221,24941.1991722252,39253.9286517338,10.351041555802,0.115698684887113,index,0.6,2
2015,37189.8197789741,29980.8398414449,46132.2198613204,10.5237903409535,0.109939038675441,index,0.6,2
2016,31097.9006444813,25039.0387987274,38622.8653690645,10.344895592496,0.110565375874436,index,0.6,2
2017,38910.1160753894,31415.1658199062,48193.1924752386,10.5690095491504,0.109167060031623,index,0.6,2
2018,36453.4482652756,29577.3259384745,44928.1281611918,10.5037913355761,0.106648900716902,index,0.6,2
2019,40400.1418125953,30310.3307312557,53848.6852205389,10.6065885741558,0.146607128910681,index,0.6,2
2021,47003.3020100532,37848.0787885375,58373.1188098606,10.7579731337574,0.110531436520276,index,0.6,2
2022,39637.1843306038,31674.1600268672,49602.1482598305,10.5875229549071,0.11442377019534,index,0.6,2
2023,52102.3486456809,41918.42644147,64760.415999549,10.860965306297,0.110963531422411,index,0.6,2
2024,48045.6912775852,38809.2132016698,59480.4238453798,10.7799077387353,0.108927913647585,index,0.6,2
2025,44431.9883756475,36087.7296487748,54705.6190629796,10.7017149479254,0.106127848240966,index,0.6,2
2003,24929.4632880459,20234.669239105,30713.530944651,10.1238056475272,0.106457535942557,index,0.6,2
2004,28732.2566610142,22740.7749691678,36302.3060539351,10.2657756960872,0.119318952618116,index,0.6,2
2005,31138.5019179733,25302.319226384,38320.8469160635,10.3462003362659,0.10589429110009,index,0.6,2
2006,28691.4660482223,23664.9933176832,34785.5675657924,10.2643550072942,0.0982685645473221,index,0.6,2
2007,29413.6350272677,24541.5729116194,35252.9126243448,10.2892136222534,0.0923944580833847,index,0.6,2
2008,27713.6352034618,23015.4666243009,33370.8452984227,10.2296798166746,0.0947762751273353,index,0.6,2
2009,25683.0314319958,21261.3990939382,31024.2096779486,10.1535857972542,0.0963983727599122,index,0.6,2
2010,24928.1374024465,20851.323195736,29802.0431855532,10.1237524606276,0.0911138032115534,index,0.6,2
2011,28825.1170891091,23794.8497762343,34918.790537216,10.269002407197,0.0978476994596082,index,0.6,2
2012,27010.4188732449,22369.2650907233,32614.5148152723,10.2039779547466,0.0961929682064826,index,0.6,2
2013,30837.5827909461,25082.0537088857,37913.8217079713,10.336489445583,0.105400695879565,index,0.6,2
2014,29113.4439047961,24259.1967911644,34939.0222312067,10.2789553363307,0.0930651094511975,index,0.6,2
2015,35107.7835456637,28908.974776419,42635.7722825428,10.466178138308,0.0991195593655874,index,0.6,2
2016,33716.0154276153,28174.648148676,40347.2543939688,10.4257282386928,0.0916090241184617,index,0.6,2
2017,37832.7379687445,31508.4602450612,45426.4045618045,10.5409300906027,0.0933275938152293,index,0.6,2
2018,37048.6809971528,30914.1542945372,44400.527685512,10.5199880294739,0.0923581275536267,index,0.6,2
2019,38414.1810405253,30040.5114168058,49121.9768045867,10.556181968332501,0.125451202170698,index,0.6,2
2021,43719.967755562,36592.2869911962,52236.0239743217,10.6855602047687,0.0908013856054991,index,0.6,2
2022,41088.3089228309,33928.8206977127,49758.5561602439,10.6234789055872,0.0976848589274447,index,0.6,2
2023,54985.3390731196,45540.3070904771,66389.2649423558,10.9148218663736,0.0961593095343587,index,0.6,2
2024,46791.6243394748,38780.0848064064,56458.2599356471,10.753459498784,0.0958167520483419,index,0.6,2
2025,46443.1943345679,38599.8934246426,55880.2138718188,10.7459852175671,0.0943795011524082,index,0.6,2
2003,17177.9645804709,11420.5265138989,25837.9039502946,9.75138271241176,0.208276850462527,index,0.6,2
2004,17525.0623733905,11580.1004265278,26522.0334780221,9.77138727100576,0.21140380679081,index,0.6,2
2005,20185.5686293046,14653.5303663592,27806.0761264591,9.9127232037748,0.163414552638864,index,0.6,2
2006,16196.9645758578,11766.4075530352,22295.8163134441,9.69257913180355,0.163051566917564,index,0.6,2
2007,19779.4627005351,14529.1302431729,26927.0863550619,9.89239944103299,0.157395007294054,index,0.6,2
2008,23491.349623614,16919.7435951051,32615.3587397458,10.0643875312436,0.167427082711832,index,0.6,2
2009,17563.3191980191,12555.9427291277,24567.6639266525,9.77356786971533,0.171237081725306,index,0.6,2
2010,15193.4683608442,11111.0177906246,20775.9077684816,9.62862090137888,0.159660287174799,index,0.6,2
2011,17561.0720595409,12669.2112432753,24341.7878160393,9.77343991655226,0.166589744319555,index,0.6,2
2012,13739.7584230358,9561.40569284365,19744.0593556947,9.52804898360109,0.184982454894198,index,0.6,2
2013,14786.304325459,10192.0478055876,21451.5080556455,9.60145664790571,0.189847151549035,index,0.6,2
2014,13776.6005779256,9635.3500772135,19697.7506746269,9.53072682167583,0.182418100739895,index,0.6,2
2015,14111.1297295147,10144.8184365549,19628.1464758096,9.55471910751807,0.16837082459761,index,0.6,2
2016,12868.8277834404,9247.83988268387,17907.6120067711,9.46256321512425,0.168583678420574,index,0.6,2
2017,14641.166915876,10464.761928599,20484.3426081876,9.59159249170741,0.171341723130002,index,0.6,2
2018,14329.3465791394,10363.5641221156,19812.6986976347,9.57006492167648,0.165316016187717,index,0.6,2
2019,15482.2738033144,9954.68694507749,24079.1903796959,9.64745102287597,0.225336923208591,index,0.6,2
2021,20900.6451451146,14947.6540830818,29224.449873805,9.94753530566379,0.171036641143219,index,0.6,2
2022,15667.9804898057,10915.4144323484,22489.8114634496,9.65937444955937,0.184413190794214,index,0.6,2
2023,16916.2107182062,11884.8856059061,24077.4875376629,9.73602765525434,0.180107850640292,index,0.6,2
2024,18751.4014552638,13640.5527840245,25777.185287408,9.83902377288608,0.162360797510507,index,0.6,2
2025,16185.8473054079,11772.5547182818,22253.5939957997,9.69189251626642,0.162434763442634,index,0.6,2
2003,13141.6257099051,10714.4980298262,16118.5643805696,9.48354000660064,0.10417892819834,index,0.6,2
2004,15127.2019986958,11708.4534786065,19544.190078345,9.62424985899296,0.130708258713128,index,0.6,2
2005,15148.0297279381,12230.1223421713,18762.1021457221,9.62562575151897,0.109169617976331,index,0.6,2
2006,14054.4471306299,11334.1688308371,17427.6108902008,9.55069414643247,0.109755544259142,index,0.6,2
2007,14601.705454506,12007.3330600889,17756.6326438329,9.58889361282691,0.0998083556113811,index,0.6,2
2008,12784.7282053487,10410.5460261441,15700.3556657036,9.45600662862945,0.104814179208011,index,0.6,2
2009,12296.9793940672,10047.1264407595,15050.641903406,9.41710893348325,0.103097296056055,index,0.6,2
2010,12912.7630661243,10507.9819775461,15867.8850380748,9.46597148620192,0.105145325190119,index,0.6,2
2011,12467.6663209738,10022.4016412559,15509.5264643241,9.43089387769414,0.111387683009002,index,0.6,2
2012,14695.8393961725,12040.9954114732,17936.0333741438,9.59531969843109,0.101658657600755,index,0.6,2
2013,16867.5659380158,13591.9708169525,20932.5626507711,9.73314788166932,0.110161904554503,index,0.6,2
2014,16227.968253642,13324.7449012174,19763.7519962692,9.6944914680539,0.10056989063669,index,0.6,2
2015,19145.4755939203,15354.1756809278,23872.9348507263,9.85982170528058,0.112593373995102,index,0.6,2
2016,20158.4825644806,16494.7359181653,24636.0063791593,9.91138044973339,0.102340592782409,index,0.6,2
2017,19343.3955953257,15933.5030669534,23483.0314203346,9.87010632729435,0.09894418791961,index,0.6,2
2018,21145.3120523929,17241.560521774,25932.9323020621,9.95917350753678,0.104132245041818,index,0.6,2
2019,20352.6332813255,15499.8708394107,26724.7182751277,9.92096558207307,0.138971233293155,index,0.6,2
2021,24108.563315507,19754.5016365085,29422.2975518473,10.0903223806609,0.101627227292266,index,0.6,2
2022,23080.9817002514,18502.3951030544,28792.5813539349,10.0467642543904,0.112812678405301,index,0.6,2
2023,30404.2915035462,24879.163839001,37156.4312938633,10.3223390453109,0.102324893907053,index,0.6,2
2024,25382.294180574,20733.3108163028,31073.708563835102,10.1418071304288,0.103221399983072,index,0.6,2
2025,28761.3257123291,23380.0453869649,35381.1912269374,10.2667869064725,0.105690069720261,index,0.6,2
2003,28965.8021586117,21274.0646922218,39438.5232361636,10.2738711772129,0.157465744235567,index,0.6,2
2004,31130.117035709,22990.9818403897,42150.6220736726,10.3459310230081,0.154632279609416,index,0.6,2
2005,36176.0408193399,28337.5912012293,46182.6808097146,10.4961523228713,0.124598110778219,index,0.6,2
2006,30833.9834934498,24429.8706629688,38916.8879029504,10.3363727208841,0.118783229014157,index,0.6,2
2007,34591.3922732969,27492.686992503,43523.0073994365,10.451360151867,0.11718829169024,index,0.6,2
2008,38420.2566217272,30077.7645278179,49076.6565285849,10.5563401156789,0.12489956951606,index,0.6,2
2009,30949.3712359475,24283.8497006724,39444.4699546125,10.3401079624281,0.12374777156254,index,0.6,2
2010,27208.8426971663,21788.5908973154,33977.466666298,10.2112972986113,0.113346746122786,index,0.6,2
2011,33918.5228276762,26927.0181044656,42725.3469488624,10.4317165402452,0.117773127485044,index,0.6,2
2012,26054.3379001085,20220.1496883914,33571.8841786198,10.1679395553954,0.129341488854485,index,0.6,2
2013,28756.3211783896,21878.0487204478,37797.0640014998,10.2666128891327,0.139479000479963,index,0.6,2
2014,26662.0762290797,20877.2630713259,34049.7845151745,10.1909974687604,0.124788779918458,index,0.6,2
2015,30073.4376812581,23999.4159323214,37684.7360168668,10.3113975920707,0.115110696405472,index,0.6,2
2016,26426.3606465753,20895.7821590664,33420.7416456943,10.1821173002955,0.119805616395145,index,0.6,2
2017,33130.5092892946,26340.2698748968,41671.1996870662,10.4082098676266,0.11702033729752,index,0.6,2
2018,30232.7155238996,24212.2075436877,37750.2582653737,10.3166799125152,0.113301920523584,index,0.6,2
2019,33543.8215625139,24694.8075250107,45563.7471107313,10.4206079693311,0.156257815393531,index,0.6,2
2021,40512.0495851694,32136.6885271214,51070.1704752848,10.6093547294656,0.118166012267737,index,0.6,2
2022,33675.307712385,26487.2752791306,42814.0055016275,10.4245201389468,0.122502465522259,index,0.6,2
2023,41497.258287779,32814.7978812103,52477.0090505015,10.6333826386817,0.119771482020034,index,0.6,2
2024,40160.7316141646,32029.6653558941,50355.9542650093,10.6006449716839,0.115424150011502,index,0.6,2
2025,33867.7159276467,27022.3164040664,42447.218995007,10.430217507094,0.115205775103723,index,0.6,2
2003,19097.6373246976,15682.0029636695,23257.2173484873,9.8573199061056,0.100538010842869,index,0.6,2
2004,22035.5574391705,17307.0580054926,28055.9406168791,10.0004126748536,0.123238489215574,index,0.6,2
2005,23746.2562443611,19068.0171639597,29572.2770109864,10.0751801652212,0.11194718397015,index,0.6,2
2006,20979.4748051295,17201.0169706118,25587.9267982265,9.95129984851634,0.101316178680151,index,0.6,2
2007,21220.7753982986,17624.9836123102,25550.1689199024,9.96273595241925,0.0947278909213168,index,0.6,2
2008,20243.9508243305,16653.0101032899,24609.2173388493,9.91561130318315,0.0996268496107106,index,0.6,2
2009,18718.1673304117,15327.5056743665,22858.8914369314,9.83724984622269,0.101963912579036,index,0.6,2
2010,19970.5048913019,16488.7802618711,24187.4207357686,9.90201170857909,0.0977447879780641,index,0.6,2
2011,21140.8529038963,17208.9583913393,25971.1047781431,9.95896260411161,0.104990317075108,index,0.6,2
2012,22568.5768250252,18537.4593733353,27476.2927135372,10.0243138117767,0.100392159487884,index,0.6,2
2013,25159.2576345798,20481.7455009719,30904.9951183666,10.1329812045993,0.104946775124682,index,0.6,2
2014,24554.1238345737,20274.8499586768,29736.594771966,10.1086350960845,0.097705171600424,index,0.6,2
2015,29309.2197686554,23800.7470579264,36092.5798403145,10.2856574133798,0.106218872829549,index,0.6,2
2016,27891.547285703,23194.4998034942,33539.7795417607,10.2360789572362,0.0940877008860016,index,0.6,2
2017,30502.1436340645,25286.2423444284,36793.9511770955,10.3255522432098,0.0956836445611034,index,0.6,2
2018,30732.3846671801,25318.9342368375,37303.2868799574,10.3330722527379,0.0988612396177368,index,0.6,2
2019,31406.390689285,24340.6835749444,40523.1584023112,10.3547666763244,0.130034137239716,index,0.6,2
2021,35756.8721272655,29633.567358238,43145.4603109127,10.4844977569849,0.0958358053058603,index,0.6,2
2022,33099.7405336826,26941.497391365,40665.6247602725,10.4072807224729,0.105031364464315,index,0.6,2
2023,46531.8605095201,38112.4384677624,56811.2177946551,10.7478925291999,0.101836846987348,index,0.6,2
2024,38166.4755010556,31348.9125284453,46466.6788951903,10.5497128045898,0.100398756696764,index,0.6,2
2025,40243.6594409166,33088.9555349177,48945.3988200813,10.6027077410194,0.0998757663499933,index,0.6,2
2003,23009.7905438192,16101.393728782,32882.2752731036,10.0436750801553,0.18215332972463,index,0.6,2
2004,24221.7615952343,17154.9165821018,34199.7427949303,10.0950067475437,0.176006629501216,index,0.6,2
2005,27577.8143029167,20968.8898237973,36269.7237725497,10.2247668988565,0.139784057098366,index,0.6,2
2006,23908.9558189505,18329.9750697839,31185.9763134562,10.0820083881876,0.13557157658404,index,0.6,2
2007,27972.3223295042,21649.5301488445,36141.6996639735,10.2389708120487,0.130732902750529,index,0.6,2
2008,30961.0340027454,23411.8353123907,40944.488705327,10.3404847251675,0.142598420843609,index,0.6,2
2009,24528.1832996028,18626.3682945999,32300.004298387,10.1075780741595,0.140433482604463,index,0.6,2
2010,20151.1008719886,15501.6541595914,26195.0668085195,9.91101419972805,0.133835205447815,index,0.6,2
2011,25245.3362447538,19358.6919369186,32922.0075502747,10.1363967144657,0.13546163258805,index,0.6,2
2012,18181.6004712555,13420.3460523546,24632.0470729113,9.80816539857917,0.154920296732732,index,0.6,2
2013,20464.6294818253,14757.2976815071,28379.2513281891,9.92645328379438,0.166819537955583,index,0.6,2
2014,18335.9206481479,13627.0761789837,24671.9091901526,9.81661729185174,0.151433039668696,index,0.6,2
2015,19909.6935065231,15235.409953651,26018.0655938765,9.89896200299315,0.136525163407019,index,0.6,2
2016,18693.2959253528,14169.0773729818,24662.1077261627,9.83592023189817,0.141381685996161,index,0.6,2
2017,21971.7612505559,16709.0282599503,28892.0627184854,9.99751332832646,0.139700965830191,index,0.6,2
2018,20645.6429091122,15855.3365993239,26883.2243617425,9.93525957898873,0.13469541505391,index,0.6,2
2019,22490.0641545545,15594.5495942803,32434.6004748668,10.0208288975306,0.186815754377303,index,0.6,2
2021,28863.7407734108,21888.6602414071,38061.5132331691,10.2703414418565,0.141133949160854,index,0.6,2
2022,23656.5488789539,17861.4276160152,31331.8910947827,10.0713952637891,0.143368184855503,index,0.6,2
2023,25369.6892818056,19193.7901383392,33532.7795925903,10.141310405053,0.142333395841619,index,0.6,2
2024,27376.5502936831,20999.9014744213,35689.4772528077,10.217442097248,0.135292829020988,index,0.6,2
2025,22385.3821990593,17144.4088219706,29228.4990052148,10.0161634444207,0.1360923278678,index,0.6,2
2003,36450.5652494261,29817.0120562624,44559.9211784071,10.5037122448454,0.102490587812821,index,0.6,3
2004,36371.1234534755,29439.9727670657,44934.0979944054,10.5015304270689,0.107870236864496,index,0.6,3
2005,48046.3042975526,39841.480493019,57940.8026028927,10.7799204977579,0.0955408503714767,index,0.6,3
2006,44025.9891557625,36615.983589118,52935.5634111482,10.6925354011589,0.094029925278218,index,0.6,3
2007,44391.070248203,37143.1753691423,53053.2755532257,10.7007936076569,0.0909497728155082,index,0.6,3
2008,39507.3649021799,33083.5509651694,47178.4870722386,10.5842423867287,0.0905378363972305,index,0.6,3
2009,38731.7046949322,32316.139883398,46420.9201342798,10.564413786384801,0.0923954300241433,index,0.6,3
2010,36177.866503619,30250.0264650083,43267.3348655637,10.4962027882669,0.0913029276780253,index,0.6,3
2011,40026.7025514989,33298.5520821332,48114.3117933292,10.597302074162,0.0938960519720755,index,0.6,3
2012,43966.7926653408,36715.273401967,52650.5369063521,10.6911899158105,0.091961791529282,index,0.6,3
2013,43481.8376139463,35644.3096553667,53042.6937866346,10.6800986037723,0.101406867267975,index,0.6,3
2014,43323.9212238366,36234.740209376,51800.0719575608,10.6764602146509,0.0911683092889928,index,0.6,3
2015,46707.3111498481,38846.5776109532,56158.6901347421,10.7516559870747,0.0940225070434979,index,0.6,3
2016,48706.1569513833,40621.6304603275,58399.6678146547,10.793560727186,0.0926061677360363,index,0.6,3
2017,52324.0528691041,43720.4201958432,62620.7730022937,10.8652114462255,0.0916552009788446,index,0.6,3
2018,53269.5391281992,44566.1724400859,63672.5938882375,10.8831199482536,0.0910167558699541,index,0.6,3
2019,48218.7473234939,38070.7603844445,61071.740358434,10.783503173038,0.120564128933404,index,0.6,3
2021,52529.4189075138,44069.4536013322,62613.434596286,10.8691286517797,0.0895967955699596,index,0.6,3
2022,61739.7682723267,51267.6505448159,74350.9590514294,11.0306835447664,0.0948325110307024,index,0.6,3
2023,62239.6092928529,51684.2798623627,74950.6228052897,11.0387468814041,0.0948170135615966,index,0.6,3
2024,63184.0607983102,52754.7779802479,75675.1462485409,11.0538073457682,0.0920413447033281,index,0.6,3
2025,65337.8067786592,54578.5223361882,78218.1123986721,11.0873261183024,0.0918029102486669,index,0.6,3
2003,3490.95937282804,2698.13716426775,4516.74492465743,8.15793186934842,0.131438636967656,index,0.6,3
2004,3445.54509923615,2569.88007317647,4619.58561988314,8.14483740002698,0.149606263009471,index,0.6,3
2005,4505.459906748,3452.10948064155,5880.22166885079,8.41304525290017,0.135872132430311,index,0.6,3
2006,3978.85966428369,3039.07393345377,5209.25932528142,8.28875054071315,0.137473148486325,index,0.6,3
2007,4235.159892828,3291.58997987076,5449.21433942485,8.35117636146861,0.128599484419804,index,0.6,3
2008,3522.74731179468,2718.11896119417,4565.56493660767,8.1669964504764,0.13229890490488,index,0.6,3
2009,3447.0008773618,2637.63547481214,4504.7221884894,8.14525982104593,0.136544182359483,index,0.6,3
2010,3207.47836169392,2459.55746228554,4182.83272437746,8.0732403503077,0.135463525369938,index,0.6,3
2011,3586.51945626357,2749.72647692553,4677.96412410422,8.18493750041266,0.135553907995574,index,0.6,3
2012,3900.13262455702,3050.68369875557,4986.10671940157,8.26876583783621,0.125331297802836,index,0.6,3
2013,3993.39506630621,3043.74779831751,5239.33164384181,8.29239704189007,0.138549575679339,index,0.6,3
2014,4009.67394946754,3109.86756310477,5169.82953608077,8.29646520763511,0.129660437428338,index,0.6,3
2015,4231.71854880361,3203.67435499665,5589.65734090887,8.35036346584536,0.141997405072261,index,0.6,3
2016,4898.64425058713,3741.02117199958,6414.48267478905,8.49671376226111,0.137553480883485,index,0.6,3
2017,4733.30052336299,3650.23234268266,6137.72816116219,8.46237802321334,0.13256974372119,index,0.6,3
2018,4806.33115421093,3715.46735163544,6217.47332910095,8.47768931825282,0.131344029684261,index,0.6,3
2019,4387.5674671305,3240.02491373042,5941.54328784388,8.38653024477965,0.15469363161335,index,0.6,3
2021,4919.04953971857,3838.28614809228,6304.12831159864,8.50087060784009,0.126578538914303,index,0.6,3
2022,5776.50278125005,4422.90774802757,7544.35459267046,8.66155372339964,0.136227555804758,index,0.6,3
2023,5520.2912654375,4262.75997106485,7148.79933707672,8.6161859033569,0.131897216165675,index,0.6,3
2024,5551.07961481614,4291.07693905291,7181.0609149386,8.621747713015,0.131356851392879,index,0.6,3
2025,5861.54901968944,4501.41002925789,7632.66547301989,8.67616918547093,0.134708199252991,index,0.6,3
2003,5986.85218760278,4715.42132119293,7601.10214438624,8.69732104172844,0.121801979481759,index,0.6,3
2004,6124.84882702476,4805.90772157427,7805.76226744908,8.72010935380626,0.123730915607758,index,0.6,3
2005,7909.42488976402,6319.23642174984,9899.77236355647,8.97581035138822,0.114520824188828,index,0.6,3
2006,7275.36039205774,5800.05536997667,9125.92474691074,8.89224862923989,0.11562757682837,index,0.6,3
2007,7411.62540202492,6011.11440431434,9138.43713580209,8.91080504673588,0.106858908141704,index,0.6,3
2008,6527.92482799074,5271.93794104988,8083.13812423436,8.78384438125759,0.109028062890254,index,0.6,3
2009,6542.51106976617,5282.85671912202,8102.51978689416,8.78607632638089,0.109111214487307,index,0.6,3
2010,6129.63465665881,4921.95074073087,7633.64426083908,8.72089042791415,0.11195624344241,index,0.6,3
2011,6542.49875107249,5236.97315508669,8173.47896202393,8.78607444350975,0.11356100265558,index,0.6,3
2012,7054.52120425522,5638.83762605231,8825.62554937892,8.86142399582589,0.114283103675678,index,0.6,3
2013,7689.83946155188,6065.93546345523,9748.47676845498,8.94765518602064,0.12102831417359,index,0.6,3
2014,7512.65797917946,6102.37911100822,9248.85669759771,8.92434460746488,0.106078793683308,index,0.6,3
2015,8040.75790648485,6445.71829911887,10030.5015997266,8.99227862470589,0.112811901997451,index,0.6,3
2016,8552.36949253646,6930.02512639533,10554.5106407015,9.05396365716637,0.107320818599575,index,0.6,3
2017,9179.82848267192,7422.44648283473,11353.2985608124,9.12476379963519,0.108420259160942,index,0.6,3
2018,9516.73165201735,7695.03720248981,11769.6872611876,9.16080675497599,0.108408050229049,index,0.6,3
2019,8554.97748787807,6544.33739181992,11183.3537050797,9.05426855486498,0.13669287935646,index,0.6,3
2021,9194.30569877899,7474.23247966374,11310.2258342388,9.12633962562622,0.105676896401529,index,0.6,3
2022,11367.9986548482,9151.57132878545,14121.2245169467,9.33855755144901,0.110653399609446,index,0.6,3
2023,10859.2522181822,8721.4554280824,13521.0641974265,9.29277273459623,0.111854772056884,index,0.6,3
2024,11674.7187582676,9430.41080397083,14453.1411110166,9.36518099301933,0.108923458036504,index,0.6,3
2025,11983.4311641583,9675.09030509552,14842.5097790033,9.39128023835527,0.109170570647529,index,0.6,3
2003,26972.7536889953,21747.3573566627,33453.6941493865,10.2025825128496,0.109866806868005,index,0.6,3
2004,26800.7295272147,21460.0236233744,33470.564422332,10.1961843872932,0.113388445936999,index,0.6,3
2005,35631.4195010404,29202.9309632963,43475.0216426842,10.4809830978579,0.10151142610418,index,0.6,3
2006,32771.7690994208,26971.2946909696,39819.6995068738,10.3973227255705,0.0993866761171622,index,0.6,3
2007,32744.28495335,27006.0098036487,39701.8369208073,10.3964837205944,0.0983023242139971,index,0.6,3
2008,29456.6927623947,24355.1986384235,35626.7572020214,10.2906764217458,0.0970302623302244,index,0.6,3
2009,28742.1927478042,23665.3764953031,34908.1132985942,10.2661214527492,0.0991615676082963,index,0.6,3
2010,26840.7534852664,22187.5933291795,32469.7697928953,10.1976766639131,0.0971385764332388,index,0.6,3
2011,29897.6843441631,24566.4610160883,36385.8485175309,10.3055363096961,0.100205357289013,index,0.6,3
2012,33012.1388365283,27211.2414899438,40049.6725210044,10.4046306163419,0.0985962807946926,index,0.6,3
2013,31798.6030860882,25787.7454254058,39210.5297127061,10.367177639693,0.106901436346663,index,0.6,3
2014,31801.5892951895,26212.1274534996,38582.9453749618,10.3672715453556,0.0986212421872777,index,0.6,3
2015,34434.8346945591,28320.5848593555,41869.1155684203,10.4468239674608,0.0997364082171387,index,0.6,3
2016,35255.1432082596,28976.8801052971,42893.6834510241,10.4703667042144,0.100059568698239,index,0.6,3
2017,38410.9238630692,31654.5409121045,46609.3972460777,10.5560971737211,0.0987060401260659,index,0.6,3
2018,38946.4763219704,32142.6194808638,47190.5539248552,10.5699435805049,0.0979637604793578,index,0.6,3
2019,35276.2023684848,27556.9884567804,45157.7085607157,10.4709638617102,0.125998445252838,index,0.6,3
2021,38416.0636690161,31759.5414895101,46467.7346903556,10.5562309758164,0.0970846907334645,index,0.6,3
2022,44595.2668362289,36523.2987685086,54451.2103575155,10.7053830076283,0.101878070642599,index,0.6,3
2023,45860.0658092335,37600.8741345894,55933.4240076223,10.7333499914138,0.101311766752831,index,0.6,3
2024,45958.2624252264,37841.1884260907,55816.478630721,10.7354889250084,0.0991525850778263,index,0.6,3
2025,47492.826594812,39138.1890880257,57630.887645105,10.7683339595616,0.0987160931322161,index,0.6,3
2003,24907.2501406411,20373.6633447564,30449.6593995273,10.1229142103778,0.102509984222595,index,0.6,3
2004,24808.2981272373,20049.0742479589,30697.2605497005,10.1189334780911,0.108673026787241,index,0.6,3
2005,32490.2801481301,26810.7067220899,39373.0129923891,10.3886962512215,0.0980322401142429,index,0.6,3
2006,29969.5674151596,24806.783045645,36206.8297771272,10.3079377262779,0.0964636713266942,index,0.6,3
2007,30203.0939766076,25221.1463362441,36169.1286192202,10.3156996476719,0.0919718868043137,index,0.6,3
2008,26908.655807406,22512.4470304501,32163.3519617867,10.2002032910577,0.0910117001528493,index,0.6,3
2009,26383.6883618291,22011.6125362742,31624.1715788416,10.1805012330949,0.0924383299313084,index,0.6,3
2010,24634.4521415131,20558.4848193806,29518.5290960942,10.1119012357015,0.0922834377723934,index,0.6,3
2011,27601.2037162507,22897.1623323848,33271.6532960278,10.2256146636619,0.0953315463385611,index,0.6,3
2012,30186.0149516932,25188.2867764727,36175.3662228014,10.315134015038,0.0923484622582526,index,0.6,3
2013,29905.6308775447,24524.02909735,36468.1820688508,10.3058020653118,0.101222967110705,index,0.6,3
2014,29768.4957485156,24890.6475497133,35602.2613457317,10.301205923627199,0.0913070411265968,index,0.6,3
2015,32284.8268272369,26831.2178962091,38846.9150858763,10.3823526411694,0.0944054621228639,index,0.6,3
2016,33695.3263463727,28048.1189601656,40479.542289486,10.425114422639,0.093592318852494,index,0.6,3
2017,35986.979617447,30065.5324702134,43074.6637622199,10.4909124747241,0.0917250430065324,index,0.6,3
2018,36713.0204913588,30669.4593950998,43947.4937016425,10.5108867529034,0.09176909569457,index,0.6,3
2019,33417.4195171261,26357.4906880654,42368.3703581559,10.4168325854377,0.121086304213865,index,0.6,3
2021,36078.1528992667,30269.2467211063,43001.8337957268,10.4934427782781,0.0895706570555667,index,0.6,3
2022,42744.5639631373,35543.1057783375,51405.1236769607,10.6629973075225,0.0941322508164397,index,0.6,3
2023,43115.5880545193,35726.9149906244,52032.3104800635,10.6716398825029,0.0959100672093394,index,0.6,3
2024,43851.0329500809,36516.2423954791,52659.1172761836,10.6885535539671,0.0933900406771833,index,0.6,3
2025,45220.7106470727,37658.1055250824,54302.0590896226,10.7193104610352,0.0933726161453139,index,0.6,3
2003,11543.3151087846,8986.43924319883,14827.6887090224,9.35386176993282,0.12775224577373,index,0.6,3
2004,11562.8253262383,8970.07962203125,14904.9880445568,9.35555051774817,0.129543546849246,index,0.6,3
2005,15556.0241494223,12407.3121091557,19503.8123655194,9.65220324769294,0.115390887515339,index,0.6,3
2006,14056.4217406027,11207.6362738441,17629.3187360833,9.55083463372833,0.115555183867622,index,0.6,3
2007,14187.9762715949,11313.0131882146,17793.5504303174,9.56015014346436,0.115533343248757,index,0.6,3
2008,12598.7090947743,10021.8075228376,15838.2078774753,9.44134963489523,0.116752596899329,index,0.6,3
2009,12348.016333103,9767.99181282187,15609.5040090466,9.42125070835384,0.119586141671809,index,0.6,3
2010,11543.4143621059,9197.73879954902,14487.3015030398,9.35387036823355,0.115898771536327,index,0.6,3
2011,12425.4988352487,9855.01713245745,15666.4386504489,9.42750599786507,0.118252193231412,index,0.6,3
2012,13780.7777136471,10918.3378738156,17393.6579530476,9.53102998083047,0.118793485140892,index,0.6,3
2013,13576.2067364016,10606.5682858717,17377.2877694124,9.5160740348772,0.125943792343702,index,0.6,3
2014,13555.425475321,10766.898133892,17066.155686806,9.51454215025025,0.117507481388161,index,0.6,3
2015,14422.4843226107,11402.4646280116,18242.3766108383,9.57654367912131,0.119879178658027,index,0.6,3
2016,15010.8306050104,11922.1342208024,18899.7230931317,9.61652725987266,0.117540573055355,index,0.6,3
2017,16337.0732516571,12949.7574900396,20610.421672784,9.70119223680522,0.118553146039201,index,0.6,3
2018,16556.5186368402,13180.6076633218,20797.0919379411,9.71453517859445,0.116345641268575,index,0.6,3
2019,14801.3278063673,11223.827802786,19519.1256210437,9.60247217237435,0.141164784030699,index,0.6,3
2021,16451.2660082468,13092.4030306032,20671.8470735641,9.70815771421982,0.116517597455537,index,0.6,3
2022,18995.2043091898,14935.6345988784,24158.1825237581,9.85194182150964,0.12267398938977,index,0.6,3
2023,19124.0212383341,15163.2066907075,24119.4488596124,9.85870048030457,0.118406931031844,index,0.6,3
2024,19333.0278482293,15421.3170229849,24236.9679076909,9.86957019978196,0.115340969550528,index,0.6,3
2025,20117.0961315866,16055.283583813,25206.5031835074,9.90932528634153,0.115069469889274,index,0.6,3
2003,13251.9753300637,10845.6104966718,16192.2512524774,9.49190190181706,0.102239729303855,index,0.6,3
2004,13256.2456576265,10638.2136806798,16518.5673281298,9.49222409074115,0.112255240825726,index,0.6,3
2005,17366.7832162299,14268.5231661903,21137.797918301,9.76231465015812,0.100258698017428,index,0.6,3
2006,15825.7523241772,13013.5332513749,19245.690758099,9.66939378611474,0.0998225851916945,index,0.6,3
2007,16075.4403907704,13381.2136763496,19312.1334138734,9.68504794473493,0.0935940192605904,index,0.6,3
2008,14162.8576261562,11777.3619192985,17031.5336756433,9.55837815664366,0.094105642605024,index,0.6,3
2009,14014.0996934412,11601.0724041158,16929.0375386358,9.54781922275141,0.096413200849577,index,0.6,3
2010,13046.0934642049,10817.331233561301,15734.0614798514,9.47624401653434,0.0955829531955798,index,0.6,3
2011,14351.0848319865,11826.6063190376,17414.4323653813,9.57158081637822,0.0987129216844338,index,0.6,3
2012,15588.109136169,12942.6599491092,18774.2819015993,9.65426366772797,0.0948892745250927,index,0.6,3
2013,16063.8431884782,13107.0690225619,19687.6248640963,9.68432626077039,0.103787252564505,index,0.6,3
2014,15873.2701094495,13211.0461417641,19071.9721408754,9.67239184833979,0.0936666501211231,index,0.6,3
2015,17187.2235002865,14161.4939670727,20859.4271434671,9.75192156702347,0.0987975803225696,index,0.6,3
2016,18159.5511158624,15111.6362232731,21822.209842621,9.80695193356027,0.0937423331049827,index,0.6,3
2017,19310.3232149246,16036.0573702853,23253.1334887724,9.86839511349711,0.0947976920052802,index,0.6,3
2018,19858.1450774479,16488.3044313537,23916.7057812866,9.89636953331003,0.0948807980981989,index,0.6,3
2019,17857.4285461476,14010.6564915989,22760.3720405234,9.79017486568541,0.123778482961577,index,0.6,3
2021,19394.2851790682,16210.2325936169,23203.7569747847,9.87273372325613,0.0914995179863107,index,0.6,3
2022,23489.4795781933,19387.7851596397,28458.9315546456,10.0643079223711,0.0979147617408346,index,0.6,3
2023,22985.4933201363,18946.7887039527,27885.0897334286,10.042618570709,0.0985879524397684,index,0.6,3
2024,23976.4765875798,19870.3561749878,28931.1084558411,10.0848284864925,0.0958406518310244,index,0.6,3
2025,25154.8925296175,20891.911025959,30287.7327684561,10.1328076905894,0.0947417203929755,index,0.6,3
2003,23198.5899193624,18569.6267424148,28981.4427458307,10.0518467764694,0.113555261276106,index,0.6,3
2004,23114.8777958492,18430.5475001329,28989.7831582697,10.0482317496184,0.115546507066151,index,0.6,3
2005,30679.5210813224,25028.1696514864,37606.9455691663,10.331350645233,0.103876087150597,index,0.6,3
2006,28200.2368315849,23087.24424347,34445.5730173343,10.2470856551741,0.102068257382079,index,0.6,3
2007,28315.6298574325,23234.0386648197,34508.6321749626,10.2511692229564,0.100917954766697,index,0.6,3
2008,25344.507276024,20827.7075154226,30840.8425933958,10.1403173100398,0.100143594606076,index,0.6,3
2009,24717.6050014909,20245.0181256037,30178.2884667835,10.115271021825,0.101842176499681,index,0.6,3
2010,23131.7730394142,19000.0195659406,28162.0196279244,10.0489624076881,0.100393232378662,index,0.6,3
2011,25675.6177195129,20988.4479619774,31409.5328283843,10.1532970936899,0.102843535382237,index,0.6,3
2012,28378.6835291715,23243.7930981106,34647.9456020599,10.2533935623644,0.101838682795463,index,0.6,3
2013,27417.994425468,22076.7535736042,34051.492933898,10.2189548076793,0.110550168262453,index,0.6,3
2014,27450.6511143871,22506.608987641,33480.7543427619,10.2201451666705,0.101318641766542,index,0.6,3
2015,29520.087649561,24136.3764720959,36104.6562165298,10.2928262478686,0.102731923030523,index,0.6,3
2016,30546.6058355207,24925.6061098068,37435.2031384923,10.3270088564805,0.103755959908391,index,0.6,3
2017,33013.7296541796,27055.8989616205,40283.5014732025,10.4046788040504,0.101541900211231,index,0.6,3
2018,33411.394050751,27434.9851855517,40689.697656642304,10.4166522600341,0.100551822420822,index,0.6,3
2019,30361.3187773458,23616.0717942903,39033.1502177462,10.3209246685552,0.128186998879296,index,0.6,3
2021,33135.1337284456,27233.4441873175,40315.7632082862,10.408349440381,0.100077541848072,index,0.6,3
2022,38250.2886941341,31153.0648958466,46964.386652681,10.5519063867853,0.104715432277699,index,0.6,3
2023,39254.1159727169,32030.6030249672,48106.6691001234,10.5778115832595,0.103759311680002,index,0.6,3
2024,39207.5842107306,32126.2706515515,47849.7699379648,10.5766254818283,0.10163253438762,index,0.6,3
2025,40182.9142490424,32866.7199205065,49127.7073419931,10.6011971655805,0.102543360462315,index,0.6,3
2003,19839.101701381,16272.9966787956,24186.6918605473,9.89541010266569,0.101097640906159,index,0.6,3
2004,19638.8346456064,15838.1370695021,24351.5903761272,9.8852642443846,0.109740891607135,index,0.6,3
2005,25908.6096023125,21299.3730469885,31515.2962504662,10.162330609527,0.0999496389839811,index,0.6,3
2006,23846.1386521241,19722.4106945424,28832.0904286656,10.0793775818306,0.0968725530007313,index,0.6,3
2007,23921.9290023639,19934.7311172445,28706.6168000183,10.0825508487246,0.0930282793010309,index,0.6,3
2008,21348.0944527494,17831.2001894306,25558.6349725157,9.96871776187488,0.0918449225492245,index,0.6,3
2009,20852.3059132044,17332.3301552551,25087.1439675421,9.94521981646925,0.0943338685636142,index,0.6,3
2010,19483.9531390137,16220.6256090975,23403.8093888542,9.87734648982262,0.093526000536225,index,0.6,3
2011,21768.4058599025,18046.8410476488,26257.4204776504,9.9882149250845,0.0956594046264112,index,0.6,3
2012,24033.3417698997,20000.8043796872,28878.9143508357,10.0871973856409,0.0937107091650428,index,0.6,3
2013,23911.0292409759,19614.7870420853,29148.280740244,10.0820951059908,0.101050889638387,index,0.6,3
2014,23759.2456713889,19844.4250563808,28446.3648238527,10.0757270251354,0.0918632349726268,index,0.6,3
2015,25862.7092455951,21441.3131414964,31195.8379185124,10.1605574127159,0.0956561210380664,index,0.6,3
2016,26975.9290102741,22494.5652907831,32350.0692972055,10.2027002292098,0.0926910975192876,index,0.6,3
2017,28758.6498832892,23971.0111790446,34502.5054192384,10.2666938664803,0.0929064800099628,index,0.6,3
2018,29492.5463037229,24594.10990274,35366.6097662,10.2918928427316,0.0926703683133665,index,0.6,3
2019,26808.4722498677,21137.3077990959,34001.2167681385,10.1964732452672,0.12126669003294,index,0.6,3
2021,29182.6385487367,24450.1728499539,34831.0990638997,10.2813292411806,0.090275473514057,index,0.6,3
2022,34435.0676230134,28558.7075258842,41520.5723552712,10.4468307317641,0.0954678619130078,index,0.6,3
2023,34365.2158400483,28358.8115822738,41643.7782065344,10.4448001643464,0.0980156221282323,index,0.6,3
2024,35238.5281547593,29297.7183473821,42383.978567557,10.4698953128544,0.0942009110579248,index,0.6,3
2025,36857.2006882541,30639.0332303563,44337.3402927193,10.514806283908401,0.0942753104359,index,0.6,3
2003,16611.4635480448,13087.6098132038,21084.1188839256,9.71784831119074,0.12164869723838,index,0.6,3
2004,16732.2888078693,13179.7832803923,21242.3438833369,9.72509559322291,0.121765619291946,index,0.6,3
2005,22137.6946952396,17914.327798483,27356.7354540169,10.0050370768684,0.108002479238213,index,0.6,3
2006,20179.8505036381,16300.4485140268,24982.5252353491,9.91243988573537,0.108926482733924,index,0.6,3
2007,20469.1412458389,16596.2915746216,25245.7448977818,9.92667372593551,0.107011749869769,index,0.6,3
2008,18159.270449431,14695.9339493771,22438.7986766608,9.80693647785883,0.107966445866227,index,0.6,3
2009,17879.3987817276,14442.9343423872,22133.5147843097,9.79140442297915,0.108901910215477,index,0.6,3
2010,16693.9133646053,13530.0221179467,20597.6561601691,9.7227994627845,0.107212738879299,index,0.6,3
2011,18258.2966915969,14699.0690534892,22679.3545132198,9.81237486894353,0.110632353240724,index,0.6,3
2012,19933.4508954406,16095.8360345999,24686.0407714647,9.9001545490178,0.109103363415939,index,0.6,3
2013,19570.8083729705,15510.2536892673,24694.4084890482,9.88179436628053,0.118643891204645,index,0.6,3
2014,19564.6755524477,15798.2156258271,24229.098939932,9.88148095144786,0.109098266892319,index,0.6,3
2015,20844.6019042524,16782.9211428213,25889.2611631328,9.94485029223147,0.110580216921408,index,0.6,3
2016,21730.227941109,17466.768092096,27034.3548321475,9.98645956289215,0.111432748862396,index,0.6,3
2017,23565.402985815,19035.0640818615,29173.9610381995,10.0675349402434,0.108928993894015,index,0.6,3
2018,23776.992824476,19245.7364508634,29375.0976596079,10.0764737040681,0.107873855653951,index,0.6,3
2019,21410.2750736258,16432.8489347075,27895.3382063984,9.97162622940525,0.13499668216042,index,0.6,3
2021,23346.7803587769,18899.3015674285,28840.862249659,10.0582143674561,0.107825512541301,index,0.6,3
2022,27304.700649314,21903.1302703104,34038.3620216713,10.2148141513075,0.112466000772684,index,0.6,3
2023,27874.3934528052,22512.2324771092,34513.760958707,10.2354637489851,0.109006922862416,index,0.6,3
2024,27945.532643551,22615.9718493874,34531.02966048,10.2380126319462,0.10796166611416,index,0.6,3
2025,28480.6060904058,23041.3320605007,35203.9075322121,10.2569786465637,0.108131435052342,index,0.6,3
2003,34395.2467466097,28705.1358117122,41213.2869365303,10.4456736578437,0.0922681872669288,index,0.8,1
2004,35633.6009511788,29278.6550925727,43367.8907973459,10.4810443186399,0.100221374372037,index,0.8,1
2005,42276.7155765245,35712.0794556357,50048.0707699673,10.6519917542923,0.0860972369822265,index,0.8,1
2006,45513.1695660303,38632.2060457963,53619.7337912993,10.7257570040707,0.08363186480574,index,0.8,1
2007,40538.3098238394,34635.293056935,47447.3988330972,10.610002727569,0.0802944631100189,index,0.8,1
2008,36850.2635524001,31358.9736599753,43303.1367226965,10.5146180496245,0.0823292186223097,index,0.8,1
2009,36864.2292958663,31223.7777076021,43523.6060897055,10.5149969640847,0.0847269520457583,index,0.8,1
2010,36565.3477355843,31154.0444531758,42916.5676075776,10.5068562877264,0.0817142229240701,index,0.8,1
2011,43230.5695733711,36695.2151194983,50929.8593713661,10.6743031529941,0.0836247538013537,index,0.8,1
2012,39201.2547013482,33316.1253535426,46125.9631440475,10.5764640329538,0.0829950094113499,index,0.8,1
2013,40889.0927586974,34030.4998036766,49129.983875486,10.6186186257488,0.0936783393272029,index,0.8,1
2014,42175.3526688159,35838.062613951,49633.2737597977,10.649591269414,0.0830757409834762,index,0.8,1
2015,42791.0415563026,36255.8125690473,50504.2669774958,10.6640840502294,0.0845571946095346,index,0.8,1
2016,44874.6739498768,38139.0474851015,52799.8598521474,10.7116288600233,0.0829785427870136,index,0.8,1
2017,49319.3023416935,42051.3986366926,57843.3455801622,10.8060708116327,0.0813397015278665,index,0.8,1
2018,48285.5420800155,41158.5352900962,56646.6604685508,10.7848874590133,0.0814815255375678,index,0.8,1
2019,52459.1668497217,42626.4974380147,64559.9416318149,10.8677903716654,0.10589940877648,index,0.8,1
2021,55619.7616291644,47311.3831064154,65387.1791641955,10.9262938420751,0.08254623053473,index,0.8,1
2022,61774.6372385272,52228.2501538185,73065.9326075973,11.0312481585373,0.0856491964624795,index,0.8,1
2023,64413.20440821,54286.652300894,76428.7486201376,11.0730739284697,0.0872670457691545,index,0.8,1
2024,58395.0293109844,49621.2299120613,68720.1718755035,10.9749860506559,0.0830688769702045,index,0.8,1
2025,61513.1985348227,52456.363058836,72133.7388514803,11.0270070410914,0.0812617574716664,index,0.8,1
2003,3335.34748737187,2548.68634165538,4364.81440642571,8.1123321470364,0.137246808554378,index,0.8,1
2004,3092.44758949238,2218.38004184523,4310.90792080993,8.03671815650537,0.169485593362115,index,0.8,1
2005,3352.21800285451,2546.425762012,4412.99554312666,8.11737749613829,0.140273752659505,index,0.8,1
2006,3780.47376847264,2817.065013264,5073.35892030063,8.23760461633456,0.150081211769088,index,0.8,1
2007,3562.83177559371,2695.50969461518,4709.22819774627,8.1783109502318,0.142333410692477,index,0.8,1
2008,2720.12027078146,2069.14840453703,3575.89347931363,7.90843137551156,0.139563264851729,index,0.8,1
2009,3004.34358647004,2252.5963555547,4006.96749921759,8.00781438266514,0.146929035027315,index,0.8,1
2010,2982.17912743981,2233.43310921588,3981.93808063495,8.00040956308457,0.14751004298229,index,0.8,1
2011,3411.64302761561,2557.53952183238,4550.97880150807,8.13494928051679,0.147017155303055,index,0.8,1
2012,3282.93325700269,2516.23850675993,4283.2389461412,8.09649258741455,0.135702584422736,index,0.8,1
2013,3377.92112483383,2535.7842053683,4499.7327065303,8.12501574743079,0.146307549667515,index,0.8,1
2014,3680.82598194724,2779.24174484119,4874.88356654347,8.21089245759358,0.143349083954276,index,0.8,1
2015,3715.59205762172,2688.89932130813,5134.30318095558,8.22029331393484,0.165006143918694,index,0.8,1
2016,4446.49422388822,3296.89649461775,5996.94619329067,8.3998712498145,0.1526223968411,index,0.8,1
2017,4065.58585334294,3053.23826292474,5413.59268669352,8.310313132961,0.146102226010846,index,0.8,1
2018,4210.70732430075,3146.82085510651,5634.27566655041,8.34538592308698,0.148593522916632,index,0.8,1
2019,4552.89059201503,3281.19373134404,6317.4607902131,8.42351760517895,0.167122982928529,index,0.8,1
2021,4953.7307091162,3756.52000521964,6532.49494328359,8.50789625029897,0.141149518660404,index,0.8,1
2022,5759.00364898668,4210.46263809882,7877.07334793443,8.65851976112111,0.159794747591199,index,0.8,1
2023,5372.96570840807,4055.09979890386,7119.12454325604,8.58913530850262,0.143576480565632,index,0.8,1
2024,4716.4836883229,3518.72012786791,6321.96297910598,8.45881881965562,0.149475306449714,index,0.8,1
2025,5472.64392388987,4103.86333768391,7297.96025191021,8.60751712852856,0.146856291384645,index,0.8,1
2003,5275.27764841955,4203.53012327858,6620.28187066013,8.57078659173058,0.115872861305095,index,0.8,1
2004,5461.39899088588,4301.83859439872,6933.51883924374,8.60546026135579,0.121768804350627,index,0.8,1
2005,6520.76684343392,5236.20849409032,8120.45591278814,8.78274726202832,0.111937932623697,index,0.8,1
2006,6844.55783167567,5484.99545155412,8541.11408567873,8.83120913836442,0.112980440790678,index,0.8,1
2007,6615.38597620416,5380.73564662094,8133.33612507831,8.79715342347937,0.105396346060699,index,0.8,1
2008,5919.76528310358,4786.50522515912,7321.33766883613,8.68605207896765,0.108418447794404,index,0.8,1
2009,5838.75874834102,4729.74347548579,7207.81241055093,8.6722735101395,0.107475068571813,index,0.8,1
2010,5456.2995322511,4399.84434935224,6766.42222355585,8.60452609762251,0.10979877956257,index,0.8,1
2011,6540.88601826314,5286.62450367683,8092.72341437428,8.78582791207374,0.108620710691086,index,0.8,1
2012,6523.92233324368,5250.21813097322,8106.62748641002,8.7832310588944,0.110821503419625,index,0.8,1
2013,7271.28309229546,5763.4853614889,9173.53901192931,8.89168804632969,0.118568698195358,index,0.8,1
2014,7041.29801009106,5754.65212358715,8615.61682654879,8.85954780859023,0.102952880019959,index,0.8,1
2015,7287.64494850267,5870.25473900816,9047.26817773669,8.89393572047846,0.11035019701349,index,0.8,1
2016,8562.1206819519,6891.8680629768,10637.1610574106,9.05510318167118,0.110719242507206,index,0.8,1
2017,8506.51794706035,6908.34317045356,10474.4141682396,9.04858796592545,0.106176874821536,index,0.8,1
2018,9169.08412806292,7454.47042905395,11278.0786438997,9.12359268327915,0.105626172679678,index,0.8,1
2019,9426.59572520222,7262.91645284229,12234.8518729863,9.15129030569904,0.133039976925817,index,0.8,1
2021,9984.41924181676,8111.5935073799,12289.6478362315,9.20878108109546,0.105987389664096,index,0.8,1
2022,11339.799244657699,9103.86580166126,14124.8838362351,9.33607387383206,0.11205280295849,index,0.8,1
2023,11452.8500693582,9084.87824489369,14438.0333093538,9.34599389236278,0.118179372285514,index,0.8,1
2024,11200.5728290607,9032.89503429916,13888.441216546,9.32372020142715,0.109742835220196,index,0.8,1
2025,11616.8261815,9344.18796749591,14442.2020405212,9.36020985897578,0.111073488820653,index,0.8,1
2003,25784.6216108183,21035.1296149271,31606.4946488984,10.1575335315982,0.103871487093022,index,0.8,1
2004,27079.7543708005,21903.3684220666,33479.4668405481,10.2065416564829,0.108239715092882,index,0.8,1
2005,32403.7307302365,26872.261086938,39073.8152565828,10.3860288411466,0.0955012415690893,index,0.8,1
2006,34888.1379658819,29140.9178188205,41768.834403023,10.4599021640516,0.0918402528553198,index,0.8,1
2007,30360.0920720418,25483.0288893523,36170.5507859776,10.3208842641809,0.0893466868434731,index,0.8,1
2008,28210.377998515,23566.468128433102,33769.3973692617,10.2474452033574,0.09176957644687,index,0.8,1
2009,28021.1269610551,23301.7332217102,33696.358493883,10.2407140389628,0.0940991857159259,index,0.8,1
2010,28126.8690758931,23567.429537739,33568.3941579457,10.2444805933304,0.0902361784532409,index,0.8,1
2011,33278.0405274924,27731.9437814873,39933.2982237147,10.4126530148211,0.0930184347294817,index,0.8,1
2012,29394.3991111019,24524.4654734238,35231.37741938,10.288559428753,0.0924164633416856,index,0.8,1
2013,30239.8885415681,24686.7226210559,37042.213867081,10.316917144492,0.103520428799739,index,0.8,1
2014,31453.2286767778,26235.711090009,37708.3583059587,10.3562569174882,0.0925425867688698,index,0.8,1
2015,31787.8045501781,26521.9749319529,38099.1430959745,10.3668379905001,0.0924042895027565,index,0.8,1
2016,31866.0590440365,26572.6514693586,38213.940380355,10.3692967425338,0.0926848239790951,index,0.8,1
2017,36747.1985412902,30807.5519546941,43831.9994597053,10.5118172715663,0.0899517239684357,index,0.8,1
2018,34905.7506276515,29186.8551271621,41745.2110400859,10.460406869048,0.0912941005225323,index,0.8,1
2019,38479.6805325042,30756.9973350944,48141.4293388806,10.5578856025753,0.114294344886782,index,0.8,1
2021,40681.6116782315,33974.2111275249,48713.229058543,10.61353146782,0.0919274281037604,index,0.8,1
2022,44675.8343448828,37153.9955263685,53720.4719474888,10.707188015732,0.0940636775178819,index,0.8,1
2023,47587.3886304439,39429.1521774504,57433.6355616595,10.7703230603769,0.0959519344164257,index,0.8,1
2024,42477.9727936011,35410.3720630119,50956.2048498972,10.6567409333459,0.0928490943936521,index,0.8,1
2025,44423.7284294331,37247.5347583969,52982.5036844118,10.701529029753,0.089893482996467,index,0.8,1
2003,22836.9615549182,19080.5603258982,27332.88772201,10.0361356231743,0.0916906192334781,index,0.8,1
2004,23410.0334129428,19156.5664908206,28607.9274518064,10.0609199877775,0.102307570870382,index,0.8,1
2005,27588.0371299987,23217.3530887205,32781.5057029883,10.2251375204252,0.0880027723801937,index,0.8,1
2006,29834.8150415717,25229.1663194052,35281.2366962816,10.3034312805594,0.0855501856253451,index,0.8,1
2007,26631.2378814648,22725.3601617855,31208.4308477444,10.1898401621987,0.0809215862261794,index,0.8,1
2008,23857.9209988062,20320.3887863917,28011.2944869669,10.0798715585281,0.0818849351804837,index,0.8,1
2009,24246.5593421547,20595.6894098128,28544.5963101642,10.0960300035016,0.0832632251705752,index,0.8,1
2010,23692.5377416765,20145.1493533119,27864.5908648218,10.072915414323,0.0827548894212843,index,0.8,1
2011,28832.8684081818,24440.1907197154,34015.0496441465,10.2692712795501,0.0843316836481685,index,0.8,1
2012,26302.0377374717,22306.5725622695,31013.1548543465,10.1774016956766,0.0840653446795227,index,0.8,1
2013,27667.0911845064,23027.1262765549,33242.0088125001,10.2279989420112,0.0936602611931513,index,0.8,1
2014,28375.8192065118,24102.124490856,33407.3088016003,10.253292625081,0.0832858958774643,index,0.8,1
2015,29621.2423629425,24994.8186604641,35103.9953937352,10.2962470303231,0.0866460827207708,index,0.8,1
2016,30916.7824214707,26184.8296576983,36503.8630303079,10.3390544358853,0.0847561158481265,index,0.8,1
2017,33252.579095963,28313.2012982343,39053.6557447579,10.4118876098717,0.0820444453601965,index,0.8,1
2018,33209.3552862011,28207.8786310042,39097.632719992696,10.4105869009394,0.0832822951049218,index,0.8,1
2019,35920.3991988873,29187.722812668,44206.0892139011,10.4890606359091,0.105898470240006,index,0.8,1
2021,37527.2633738835,31906.6760658719,44137.9570038999,10.5328229711086,0.0827833697200281,index,0.8,1
2022,42663.989803076,36021.1161655092,50531.9162669327,10.6611105132751,0.0863535804626881,index,0.8,1
2023,44237.1284454843,37149.761463967,52676.6109925194,10.6973197255336,0.08908689020552,index,0.8,1
2024,40375.8773584162,34227.0072980257,47629.3898051642,10.6059877905283,0.0842961877579377,index,0.8,1
2025,42412.0856196807,35995.1640099831,49972.9632045083,10.6551886388044,0.083699886701829,index,0.8,1
2003,11558.2851916913,8996.56113291827,14849.4468718333,9.35515779140384,0.12783913705644,index,0.8,1
2004,12223.5675382357,9487.20963220278,15749.1622040946,9.41112113269113,0.129298966080994,index,0.8,1
2005,14688.6784465265,11664.0461940645,18497.6354616329,9.59483230232501,0.117637818606163,index,0.8,1
2006,15678.3545244587,12495.3104380588,19672.2443842541,9.66003634735553,0.115781545580627,index,0.8,1
2007,13907.0719423748,11117.8136504793,17396.1046740562,9.54015276257049,0.114210684496367,index,0.8,1
2008,12992.3425535943,10250.1092270041,16468.2113421023,9.47211542855589,0.120957216368781,index,0.8,1
2009,12617.6699537118,9918.05796661966,16052.0936252464,9.44285348780563,0.122829336704645,index,0.8,1
2010,12872.8099939074,10261.0020016226,16149.4206036639,9.46287261350311,0.11569949262268,index,0.8,1
2011,14397.7011651894,11411.9366736598,18164.6467878284,9.57482383151377,0.118578030070934,index,0.8,1
2012,12899.2169638763,10253.4796917881,16227.6420573998,9.46492188803271,0.117119233191104,index,0.8,1
2013,13222.0015741908,10278.5575907082,17008.3520070893,9.48963750695196,0.128483121099035,index,0.8,1
2014,13799.5334623043,10927.8069845895,17425.9230645084,9.53239006349442,0.119045118249427,index,0.8,1
2015,13169.7991933599,10414.6491997108,16653.8120936651,9.48568154734394,0.11975366806963,index,0.8,1
2016,13957.8915284058,11062.4661180243,17611.1487113451,9.54380032826203,0.118618047863038,index,0.8,1
2017,16066.7232457307,12786.2744945089,20188.8044845088,9.68450553288289,0.116521510203015,index,0.8,1
2018,15076.1867938144,11990.2200671701,18956.4000467614,9.6208717444545009,0.116851709613984,index,0.8,1
2019,16538.7676508344,12564.8988137075,21769.4419560213,9.71346245859719,0.140206689432648,index,0.8,1
2021,18092.4982552811,14351.5607544467,22808.5640801073,9.80325267030701,0.118185177628065,index,0.8,1
2022,19110.6474354513,15009.6503584071,24332.1354382886,9.85800091606656,0.123243226674543,index,0.8,1
2023,20176.0759627257,15874.0402197976,25644.0096923774,9.91225282320186,0.122355544160862,index,0.8,1
2024,18019.1519525679,14262.1068038899,22765.9098024125,9.79919046859918,0.119302724529555,index,0.8,1
2025,19101.1129151426,15277.0679652068,23882.3650865448,9.85750188014573,0.113978483632251,index,0.8,1
2003,12124.5615783143,10119.050948203,14527.5475159498,9.40298855666241,0.0922534288724834,index,0.8,1
2004,12236.0620278916,9867.33472306596,15173.4199915628,9.41214277455278,0.109776362463361,index,0.8,1
2005,14247.6769698711,11863.6524718641,17110.7759199135,9.56434915274948,0.0934275137026091,index,0.8,1
2006,15676.5111468581,13038.5459630267,18848.1907748339,9.6599187657577,0.0940085857957242,index,0.8,1
2007,13946.1009332058,11736.2979709857,16571.9830665504,9.54295524518527,0.0880187276712244,index,0.8,1
2008,12548.9351519503,10526.7503223387,14959.5809367375,9.43739109250992,0.0896527424799947,index,0.8,1
2009,12460.8933661039,10423.1200947326,14897.0617310533,9.43035048849545,0.0911081969577687,index,0.8,1
2010,12470.6432919618,10436.2803598955,14901.5682553882,9.43113262450965,0.090863462456206,index,0.8,1
2011,14801.9383208111,12295.7214989747,17818.9932222657,9.60251341879907,0.0946480573244954,index,0.8,1
2012,14238.6346395624,11917.9740569623,17011.1728243367,9.56371429831579,0.090772756647136,index,0.8,1
2013,14956.6529620261,12371.0399961427,18082.6727499252,9.61291149401174,0.0968374723182017,index,0.8,1
2014,15120.993818488,12662.8040023065,18056.3841955624,9.62383937630946,0.0905196326874655,index,0.8,1
2015,15866.2993231298,13114.0584333639,19196.1516330208,9.67195259937981,0.0972020426235903,index,0.8,1
2016,17568.4696925346,14634.5980689594,21090.5093452597,9.77386107963803,0.0932248480156578,index,0.8,1
2017,17510.2548899974,14713.0828964562,20839.21014178,9.77054198199847,0.0888024542579499,index,0.8,1
2018,18448.7200568928,15415.6843515814,22078.5054996721,9.82275027345207,0.0916392037617343,index,0.8,1
2019,19524.8637405068,15589.5722216522,24453.5448866187,9.87944399596429,0.11484214778569,index,0.8,1
2021,20491.9826634076,17228.1114564613,24374.1953108798,9.92778899904114,0.088517587446229,index,0.8,1
2022,23995.5107288071,19838.263543138,29023.9382032737,10.0856220388671,0.0970702453650383,index,0.8,1
2023,23909.4381533031,19761.8481955861,28927.5186788608,10.0820285617782,0.0972058997959974,index,0.8,1
2024,22341.2986570266,18628.296902097,26794.3778384952,10.014192202403,0.0927339284683418,index,0.8,1
2025,24942.6857999356,20724.9633261813,30018.7539597901,10.1243359038903,0.0945128047732036,index,0.8,1
2003,22270.6851682954,17986.3197018152,27575.592232761,10.0110265262036,0.109012102536304,index,0.8,1
2004,23397.5389232872,18821.6239863363,29085.9507162699,10.0603861215961,0.111034908520033,index,0.8,1
2005,28029.0386066538,23063.4678776063,34063.6980259202,10.2409963448426,0.0994871226643548,index,0.8,1
2006,29836.6584191721,24740.0401991552,35983.2150011119,10.3034930647754,0.0955705285622307,index,0.8,1
2007,26592.2088906338,22151.550212994,31923.073865426,10.1883735530182,0.0932215052891118,index,0.8,1
2008,24301.32840045,20122.7053518183,29347.6722787254,10.0982862945197,0.0962682069708262,index,0.8,1
2009,24403.3359297623,20122.0158659441,29595.5836864601,10.1024751203691,0.0984228845792856,index,0.8,1
2010,24094.7044436222,20030.7440463906,28983.1860903898,10.0897473627042,0.0942485625203884,index,0.8,1
2011,28428.6312525601,23570.8617312103,34287.5489284261,10.2551520590105,0.0956066053851858,index,0.8,1
2012,24962.6200617859,20657.1025472341,30165.5277609352,10.1251347873985,0.0965937642838989,index,0.8,1
2013,25932.4397966712,20952.3547365928,32096.2222271603,10.1632499657636,0.10879977922219,index,0.8,1
2014,27054.358850328,22401.396886049,32673.780859539,10.2056034117856,0.0962899402188777,index,0.8,1
2015,26924.7422331728,22335.4478937522,32457.0050160302,10.2008009284661,0.0953439159634578,index,0.8,1
2016,27306.204257342,22558.731834178,33052.7795810758,10.2148692175266,0.0974465490310908,index,0.8,1
2017,31809.047451696,26459.2456391842,38240.5270952179,10.3675060393623,0.0939533139543991,index,0.8,1
2018,29836.8220231225,24806.6144728509,35887.0392980788,10.3034985480805,0.0942022100050457,index,0.8,1
2019,32934.3031092148,26160.2642254451,41462.437532822,10.4022700412704,0.117488452443806,index,0.8,1
2021,35127.778965757,29092.6048365572,42414.9319732451,10.4667475199693,0.0961794348880594,index,0.8,1
2022,37779.12650972,31159.6999926001,45804.7542234482,10.5395120203467,0.0982830041231201,index,0.8,1
2023,40503.7662549072,33328.0058862165,49224.5196557243,10.6091502427193,0.0994900437670823,index,0.8,1
2024,36053.7306539582,29871.8712267532,43514.9001614603,10.4927656229055,0.0959676144313987,index,0.8,1
2025,36570.5127348873,30363.8704171392,44045.8473613311,10.5069975316874,0.094894000948381907,index,0.8,1
2003,17908.7287038266,15042.1005689457,21321.6606495367,9.79304351005781,0.0889992153905898,index,0.8,1
2004,18061.0754865409,14691.3576723155,22203.6965545551,9.80151437594768,0.105358920442667,index,0.8,1
2005,21566.0302143221,18039.9394258239,25781.3315348098,9.97887468045755,0.0910890434850297,index,0.8,1
2006,23195.1570608736,19534.8057938968,27541.3698377634,10.0516987884875,0.0876269787843943,index,0.8,1
2007,20617.5447576681,17460.2094884587,24345.821973982,9.93389767956331,0.0848065848960971,index,0.8,1
2008,18601.7309756937,15780.7692816516,21926.9662407654,9.83100991858052,0.0839110188986406,index,0.8,1
2009,18710.319654498,15794.521697469,22164.3977753116,9.83683050380942,0.0864363193727056,index,0.8,1
2010,18725.5089015883,15807.7897084247,22181.7654517879,9.83764198567103,0.0864219291607869,index,0.8,1
2011,22106.0887485439,18670.5088024229,26173.8533711027,10.0036083585441,0.0861790682409685,index,0.8,1
2012,21130.5845571269,17819.1902077405,25057.3453967584,9.95847677502284,0.0869635969144298,index,0.8,1
2013,22153.1109986618,18471.4308750988,26568.6145397983,10.0057332170178,0.0927326614322756,index,0.8,1
2014,22685.7883172549,19194.9371759707,26811.4965345946,10.0294939420896,0.0852526418420163,index,0.8,1
2015,23712.4185848956,19887.383058236,28273.1414937192,10.0737541808118,0.0897533779879287,index,0.8,1
2016,24966.6156697663,21050.0855133233,29611.8463560299,10.1252948382356,0.0870602409476147,index,0.8,1
2017,26444.9654289653,22432.4945491738,31175.141712669,10.1828210762187,0.0839582978730055,index,0.8,1
2018,26972.067389573,22796.6590711677,31912.2384116262,10.2025570683525,0.0858116768674298,index,0.8,1
2019,28836.1859552655,23350.6052796357,35610.4525124165,10.2693863342228,0.10765919735571,index,0.8,1
2021,30322.6634124002,25682.900976843,35800.6253752545,10.3196506793152,0.084731129150071,index,0.8,1
2022,34814.5008998821,29139.217107249,41595.1282577996,10.4577892714957,0.0907920044000695,index,0.8,1
2023,35333.928302855,29398.9092490306,42467.1023926668,10.4725989230444,0.0938211478524174,index,0.8,1
2024,32576.75769263,27433.5625176421,38684.189889004,10.3913543588683,0.0876709511164361,index,0.8,1
2025,35270.9416021004,29657.2294941118,41947.2534258728,10.4708147198428,0.0884472973538636,index,0.8,1
2003,16486.5180427829,13017.6944743481,20879.6786336176,9.71029823757388,0.120529466386812,index,0.8,1
2004,17572.5254646376,13915.2034354928,22191.0985805434,9.77409190816767,0.119060664525007,index,0.8,1
2005,20710.6853622029,16804.5905872705,25524.7211138296,9.93840504714012,0.106633423614313,index,0.8,1
2006,22318.0125051565,18143.8809198066,27452.4333786045,10.0131493670626,0.10564516759068,index,0.8,1
2007,19920.7650661716,16337.4359088797,24290.0344359371,9.89951793733739,0.101177115458339,index,0.8,1
2008,18248.5325767065,14777.3313947848,22535.1203344228,9.81183994902204,0.107650103595166,index,0.8,1
2009,18153.9096413684,14676.0667907941,22455.9100176415,9.80664122373412,0.108506017929474,index,0.8,1
2010,17839.8388339957,14583.0291761983,21823.9877173385,9.78918937212434,0.102846596827011,index,0.8,1
2011,21124.4808248273,17130.620447603,26049.4762278699,9.95818787558384,0.106922916253983,index,0.8,1
2012,18070.6701442211,14710.4476516488,22198.4488299813,9.80204546890973,0.104967349200731,index,0.8,1
2013,18735.9817600354,14795.1340377578,23726.517895446,9.83820111231202,0.120485626121446,index,0.8,1
2014,19489.5643515613,15794.0395940779,24049.7762685155,9.87763443984344,0.107270610348541,index,0.8,1
2015,19078.6229714068,15487.1294128684,23502.9904368622,9.85632377108789,0.106409696926042,index,0.8,1
2016,19908.0582801103,16133.2207095188,24566.1292075689,9.89887986744604,0.107269340613972,index,0.8,1
2017,22874.3369127283,18652.8930348784,28051.1601186275,10.0377709023019,0.104090875320063,index,0.8,1
2018,21313.4746904425,17328.3812572047,26215.0397453461,9.96709476625603,0.105611019647361,index,0.8,1
2019,23622.9808944562,18351.0657250634,30409.4178888848,10.0699752839247,0.12884540555859,index,0.8,1
2021,25297.0982167644,20542.6771642239,31151.8879974962,10.1384449731481,0.10621886970598,index,0.8,1
2022,26960.1363386451,21812.0266764406,33323.3111338254,10.2021146220849,0.108113131003613,index,0.8,1
2023,29079.2761053553,23563.463770134,35886.2477545967,10.2777810381242,0.107312376001888,index,0.8,1
2024,25818.2716183546,20972.058484789,31784.3453394241,10.1588377225146,0.10606901032758,index,0.8,1
2025,26242.2569327225,21418.4407024514,32152.4829230078,10.1751262505149,0.103633896899407,index,0.8,1
2003,42730.2169653079,34629.5459032403,52725.8268706157,10.6626616062125,0.107246400124892,index,0.8,2
2004,42506.0175231809,34461.7860461714,52427.9711811886,10.6574009336705,0.107040025755593,index,0.8,2
2005,48182.4691293446,40280.5580336924,57634.5126464832,10.7827505228704,0.0913926601108435,index,0.8,2
2006,46602.7380836323,39330.0785970552,55220.2099350557,10.7494145755471,0.0865677701539391,index,0.8,2
2007,44497.0239741091,37730.3033881735,52477.3183555439,10.7031775889317,0.0841641664203225,index,0.8,2
2008,48796.4639604076,40511.157564174,58776.2739503913,10.7954131293882,0.0949407337540503,index,0.8,2
2009,42287.5068753612,35205.9312916871,50793.5217767115,10.6522469756751,0.0935104558679575,index,0.8,2
2010,39706.0052709701,33575.2524518928,46956.2174353637,10.589257721507,0.0855695219009087,index,0.8,2
2011,44502.7461499016,37398.858656045,52956.012190026,10.703306177484,0.0887315854458984,index,0.8,2
2012,42017.5855314673,35333.5658982074,49966.0152892677,10.645843512764,0.0883969540774359,index,0.8,2
2013,43092.6260381418,35671.7272919667,52057.3170921648,10.6711071718521,0.0964270118947071,index,0.8,2
2014,42189.8385780447,35845.6284499219,49656.8914038763,10.6499346790396,0.0831432525100365,index,0.8,2
2015,43919.7093098624,37371.8872454988,51614.7566536165,10.6901184575336,0.0823711231348014,index,0.8,2
2016,44099.996546448,37723.0147321477,51554.9912753753,10.6942149831231,0.0796898957488382,index,0.8,2
2017,52914.7663416719,45027.3832009983,62183.7712508166,10.8764377157885,0.0823543788569955,index,0.8,2
2018,49423.7474963746,42323.8441901686,57714.6727412065,10.808186306218,0.0791241108422281,index,0.8,2
2019,53611.7737320261,43229.3389967113,66487.768478547,10.8895239821169,0.10982308688004,index,0.8,2
2021,56068.3083289567,47975.0877454239,65526.8254130668,10.9343260179645,0.0795365982934391,index,0.8,2
2022,57026.3033416357,48228.1271352637,67429.5160517322,10.9512679025097,0.0854965823188971,index,0.8,2
2023,66435.8489174008,56643.2360897503,77921.4311552087,11.1039920831089,0.0813607919728664,index,0.8,2
2024,61565.021150988,52408.2750422305,72321.6290989813,11.0278491497823,0.0821593521912925,index,0.8,2
2025,58880.0512840422,50463.4042134866,68700.4868824308,10.9832576243949,0.0787024364159887,index,0.8,2
2003,3981.4108751169,3001.54740508813,5281.15349090536,8.28939152669671,0.144139531419343,index,0.8,2
2004,3718.97234193002,2552.7301276966,5418.02485502859,8.22120265693318,0.191985136543757,index,0.8,2
2005,3299.58967390637,2449.72673031731,4444.28836956003,8.10155339848306,0.151952608395034,index,0.8,2
2006,3434.06106312251,2473.27026041094,4768.09007653482,8.14149882322201,0.167453218438825,index,0.8,2
2007,3822.79286354566,2883.3332999914,5068.35102192978,8.24873655057686,0.143897670114029,index,0.8,2
2008,2608.72893588889,1963.26861896868,3466.39608823319,7.86661838395111,0.145029378210531,index,0.8,2
2009,3012.66841501339,2169.22595045734,4184.0597457843,8.0105814816349,0.167582570998184,index,0.8,2
2010,3110.14602226677,2299.47560373107,4206.61487520311,8.0424249565684,0.154078636855871,index,0.8,2
2011,2958.28548699193,2192.84426214589,3990.91407156431,7.99236515213354,0.152763226514597,index,0.8,2
2012,3812.17837677218,2880.91764241198,5044.4704709303,8.24595605716624,0.142906661121592,index,0.8,2
2013,3332.45458985855,2389.41954528025,4647.67839344297,8.11146442551098,0.169726934163177,index,0.8,2
2014,4421.11699098977,3293.78716919198,5934.286110178,8.39414765603883,0.150183555091061,index,0.8,2
2015,3353.71492631118,2376.31743355044,4733.12346581479,8.11782394363406,0.175777042238312,index,0.8,2
2016,5631.09288442912,4065.74729524397,7799.10918471521,8.6360588203111,0.166179573362464,index,0.8,2
2017,4376.27006872408,3246.06803193588,5899.98100039468,8.38395205808506,0.152427470039247,index,0.8,2
2018,4952.03361341609,3586.27047780865,6837.92175189952,8.50755360218794,0.164638497117509,index,0.8,2
2019,4760.30320653238,3318.17031789892,6829.21141687243,8.46806664404812,0.184134936135211,index,0.8,2
2021,5470.70578281589,3993.91502820636,7493.55495817246,8.60716291502973,0.160531355995718,index,0.8,2
2022,6048.33675549177,4221.23376834092,8666.27614471366,8.70753859678079,0.183501264896216,index,0.8,2
2023,6022.81680441595,4554.9596973387,7963.6977426494,8.70331033657848,0.142522197923854,index,0.8,2
2024,4223.13839018481,3108.79629133531,5736.91428813182,8.34833382498303,0.15630029007367,index,0.8,2
2025,4646.45083874817,3335.6077353063,6472.43534315676,8.44385894666555,0.169109625510916,index,0.8,2
2003,4708.43296559317,3719.58014480337,5960.17295727779,8.45711042795659,0.12027994045745,index,0.8,2
2004,5437.48737637687,4188.97455621216,7058.11615026683,8.60107235380838,0.133094847094196,index,0.8,2
2005,5977.61503547067,4745.71081631355,7529.30022399497,8.69577694389355,0.117747286512387,index,0.8,2
2006,5754.90812944111,4596.654337662,7205.01589753054,8.65780835742146,0.114657391278828,index,0.8,2
2007,6323.41285375019,5099.93296373702,7840.40700207035,8.75201434989356,0.10971205457292,index,0.8,2
2008,5604.99740996726,4496.32505233602,6987.03843696039,8.63141387341289,0.112450120550059,index,0.8,2
2009,5234.86968166497,4235.04702499531,6470.73348236209,8.56309722933002,0.108138476054834,index,0.8,2
2010,5072.81617912165,4033.3877167642,6380.11165656129,8.53165140176759,0.116986575904008,index,0.8,2
2011,4779.10776802468,3824.03156949927,5972.72031971865,8.4720091486534,0.113751385562483,index,0.8,2
2012,6176.94719521933,4932.11624412257,7735.96459694062,8.7285794470466591,0.114826606737404,index,0.8,2
2013,7412.15105404752,5783.43613810309,9499.54005475325,8.91087596685861,0.126595537584359,index,0.8,2
2014,6608.29911877599,5312.17813576236,8220.66130448925,8.79608158033493,0.111392023970454,index,0.8,2
2015,8094.50631498468,6474.73727539815,10119.4889763767,8.99894087783873,0.113919219477224,index,0.8,2
2016,8515.33602019662,6881.43010848741,10537.1916002496,9.04962405446693,0.108697038422705,index,0.8,2
2017,8789.24554962883,7058.56371399873,10944.2714497943,9.08128415646415,0.111883324564538,index,0.8,2
2018,9280.9245961027409,7478.90560446623,11517.1344463964,9.13571645401792,0.11014217864196,index,0.8,2
2019,8597.92906293782,6438.70848057902,11481.2441647712,9.05927664660789,0.147550361331476,index,0.8,2
2021,10432.4487039513,8381.11146715311,12985.8654651142,9.25267629550671,0.111706377893035,index,0.8,2
2022,11892.0302022336,9428.62879367362,14999.0402025081,9.38362372382495,0.118429608678335,index,0.8,2
2023,12920.2428709472,10277.7188248553,16242.1913548128,9.46655057522084,0.116745494732503,index,0.8,2
2024,12192.0707925496,9758.89879945039,15231.902007111,9.4085410843851,0.113576698870266,index,0.8,2
2025,12226.4846321135,9834.77570961261,15199.8307712497,9.41135974926923,0.111063175522497,index,0.8,2
2003,34040.3731245978,26500.5474830417,43725.398624438,10.4353025439844,0.127748200712387,index,0.8,2
2004,33349.5578048738,26111.3897230742,42594.1712630406,10.4147997920317,0.124835409213177,index,0.8,2
2005,38905.2644199681,31592.9069040026,47910.1085628771,10.5688848525828,0.106224882145445,index,0.8,2
2006,37413.7688910687,30763.8632940962,45501.1156840933,10.5297940678189,0.0998477823535172,index,0.8,2
2007,34350.8182568133,28207.4421044234,41832.1771447534,10.4443811185258,0.10053245547281,index,0.8,2
2008,40582.7376145516,32738.464262696,50306.5317626454,10.6110980732668,0.109589835426031,index,0.8,2
2009,34039.9687786828,27471.0707578274,42179.6254200809,10.4352906654919,0.109390738647459,index,0.8,2
2010,31523.0430695816,25904.0454560587,38360.8902343969,10.3584740833974,0.100164928662435,index,0.8,2
2011,36765.352894885,30137.0693128678,44851.4472144871,10.5123111832483,0.101430410542059,index,0.8,2
2012,32028.4599594759,25994.2429914724,39463.4399513877,10.374380160257,0.106506952588245,index,0.8,2
2013,32348.0203942357,25777.2765908417,40593.6763621358,10.3843081046791,0.115848799234855,index,0.8,2
2014,31160.4224682785,25577.5418883923,37961.8937831648,10.3469040579248,0.100733525730926,index,0.8,2
2015,32471.4880685665,26832.9987716081,39294.8080966154,10.3881176930756,0.0973130057787192,index,0.8,2
2016,29953.5676418225,24692.3567831908,36335.7869137874,10.3074037163767,0.098550118852854,index,0.8,2
2017,39749.2507233187,32787.0230701479,48189.8868855777,10.590346270177,0.0982457808991792,index,0.8,2
2018,35190.7892868556,29194.6330248726,42418.469503515,10.4685396593581,0.0953076127860594,index,0.8,2
2019,40253.541462556,31285.580963972,51792.153137373,10.6029532656235,0.128594540156268,index,0.8,2
2021,40165.1538421891,33236.1244640391,48538.7393741473,10.6007550788555,0.0966152596247461,index,0.8,2
2022,39085.9363839103,31870.4136347225,47935.0673171892,10.573517997996,0.104126715320842,index,0.8,2
2023,47492.7892420374,39141.4156308073,57626.0463153324,10.7683331730683,0.0986736317132513,index,0.8,2
2024,45149.8119682528,37213.9183904497,54778.0402853715,10.7177413942352,0.0986259314939265,index,0.8,2
2025,42007.1158131808,34953.4441845332,50484.231814924,10.6455943070382,0.0937884673540491,index,0.8,2
2003,25475.9315359983,21071.7147988363,30800.6772976405,10.1454894240955,0.0968398074171939,index,0.8,2
2004,25508.7208693005,20829.3270430477,31239.3597279022,10.1467756675541,0.103399063718716,index,0.8,2
2005,28082.0013910079,23403.394303951,33695.9157241322,10.2428841302084,0.092985271716875,index,0.8,2
2006,28873.2827805055,24339.4433398642,34251.6649572515,10.2706719752506,0.0871538867531078,index,0.8,2
2007,26956.9912774443,22946.3396554665,31668.6403863586,10.2019979592972,0.0821873513676331,index,0.8,2
2008,26341.0510819275,22308.3295428426,31102.7757935972,10.1788838789023,0.084781389049116307,index,0.8,2
2009,25157.333439741,21273.2357081401,29750.5952776208,10.1329047210856,0.0855626431620985,index,0.8,2
2010,23940.1860991924,20335.8508818019,28183.3552869356,10.0833137526487,0.0832531073293324,index,0.8,2
2011,27728.1158222112,23338.8425296205,32942.8679281835,10.2302021890316,0.0879240014022784,index,0.8,2
2012,27258.7017655147,23017.0595378512,32282.0046026888,10.2131280799607,0.0862960453784778,index,0.8,2
2013,28981.0965879627,24156.8139801355,34768.8217548674,10.274399054633,0.0928982799681056,index,0.8,2
2014,29187.8603972839,24824.3139473852,34318.4184818558,10.2815081619936,0.0826185125302352,index,0.8,2
2015,33014.1098226469,27856.5896814271,39126.5212233961,10.4046903194497,0.0866676582253329,index,0.8,2
2016,32396.3091443744,27602.5884307881,38022.5517186363,10.3857997799945,0.0817030058845915,index,0.8,2
2017,38286.7851442245,32439.7044104396,45187.7704597168,10.5528600802315,0.0845534332447861,index,0.8,2
2018,35846.1896005134,30544.8810992005,42067.5826074696,10.486992553085,0.0816546436131856,index,0.8,2
2019,38806.8924873865,31240.8323048085,48205.338764159,10.5663531512625,0.110650964555989,index,0.8,2
2021,39913.9278655462,34071.6711979731,46757.954090341,10.5944806112794,0.080745896956943,index,0.8,2
2022,41548.2429104583,35097.3332757822,49184.8333713032,10.6346105108324,0.0860883570538035,index,0.8,2
2023,52112.9148938788,44046.5265887575,61656.5279730781,10.8611680836614,0.0858007128156657,index,0.8,2
2024,45525.408862201,38317.932233744,54088.5880644,10.7260258856033,0.0879366237498156,index,0.8,2
2025,44046.0964273314,37312.9842002543,51994.1959097595,10.6929920105779,0.0846420469684721,index,0.8,2
2003,17254.2854293097,11966.6029360074,24878.4360330267,9.75581582229033,0.186707952321871,index,0.8,2
2004,16997.2966538804,11903.2884790285,24271.2838598358,9.7408095900333,0.181758241041048,index,0.8,2
2005,20100.4677383374,14944.1742156129,27035.873476223,9.90849836434046,0.15123826171344,index,0.8,2
2006,17729.4553031272,13208.6853471362,23797.4921110325,9.78298267683249,0.150182761576582,index,0.8,2
2007,17540.0326966646,13161.4883167891,23375.2247158565,9.77224113004443,0.146528630038181,index,0.8,2
2008,22455.4128784803,16394.9561208126,30756.1401096343,10.0192869722813,0.160491703859632,index,0.8,2
2009,17130.17343562,12351.0176733957,23758.5962302119,9.74859671593825,0.166892339427193,index,0.8,2
2010,15765.8191717779,11744.0162133841,21164.9106779951,9.66559953204868,0.150258067470053,index,0.8,2
2011,16774.6303276906,12387.8362531366,22714.8807007704,9.72762292449963,0.154672536877783,index,0.8,2
2012,14758.8837659528,10701.618327608,20354.3654191965,9.59960046968175,0.164008225474,index,0.8,2
2013,14111.5294501793,9935.02523208161,20043.7602091076,9.55474743374077,0.179047034440336,index,0.8,2
2014,13001.9781807603,9444.8442181711,17898.8062384053,9.47285679261813,0.163080806033244,index,0.8,2
2015,10905.5994872151,8016.20399507127,14836.4612787638,9.29703165073456,0.157049507886249,index,0.8,2
2016,11703.6874020739,8639.82212372022,15854.0646837395,9.36765923370298,0.154860988285155,index,0.8,2
2017,14627.9811974471,10749.4448707743,19905.9427240408,9.59069149388747,0.157187634070388,index,0.8,2
2018,13577.557895861,10057.6272610327,18329.3806412676,9.5161735540031,0.153108424072957,index,0.8,2
2019,14804.8812446396,9965.69039798258,21993.9111004544,9.60271221920258,0.201946928510637,index,0.8,2
2021,16154.38046341,11964.5828444186,21811.3754194397,9.68994652799739,0.153186688778291,index,0.8,2
2022,15478.0604311774,11042.5363274223,21695.2290314178,9.64717884415004,0.17228317130613,index,0.8,2
2023,14322.9340235221,10441.3580561112,19647.4862694797,9.56961730943833,0.161272032012777,index,0.8,2
2024,16039.612288787,11978.2282273361,21478.064826606,9.68281670960636,0.148967402151122,index,0.8,2
2025,14833.9548567112,11248.3386210996,19562.5526669497,9.60467407906086,0.141175227014796,index,0.8,2
2003,12813.3249494695,10688.9494497871,15359.9095057904,9.45824092010811,0.092489043908951,index,0.8,2
2004,13219.3980562636,10599.2006805912,16487.3267556814,9.48944057955992,0.11270957606208,index,0.8,2
2005,13745.4686814766,11373.4031292111,16612.2581893007,9.52846449834298,0.0966505762952821,index,0.8,2
2006,13917.9333217429,11499.7751795658,16844.57869165,9.54093345460031,0.0973745903233124,index,0.8,2
2007,13360.4651358137,11261.683801601701,15850.3854121625,9.50005526203951,0.0871923334015491,index,0.8,2
2008,12088.8356501026,10124.8476969507,14433.7921664941,9.40003763211435,0.0904556328216532,index,0.8,2
2009,11816.3216091771,9868.87831003456,14148.0573561776,9.37723704194991,0.0918871794588754,index,0.8,2
2010,11644.8592633147,9722.16584687167,13947.7920247617,9.36262009665629,0.092071283806499,index,0.8,2
2011,11836.1960936106,9827.29182944546,14255.7624621093,9.37891758094036,0.0948991449784775,index,0.8,2
2012,13990.8799348081,11739.035425984,16674.6852911731,9.54616096309459,0.0895353362624446,index,0.8,2
2013,15700.6499793115,12989.8628530625,18977.1372154817,9.66145739043559,0.096702204840277,index,0.8,2
2014,15884.0738069997,13291.3363226685,18982.5759111901,9.67307223886586,0.0909223550168665,index,0.8,2
2015,17900.048971072,14760.0336391722,21708.0638838399,9.79255872763918,0.0984101503558353,index,0.8,2
2016,19017.8003577855,15936.3011140858,22695.1491352598,9.85313068050435,0.0901933948999376,index,0.8,2
2017,19454.8738437667,16313.9216934605,23200.5598279044,9.87585290088294,0.089837766603026,index,0.8,2
2018,20551.348471046,17119.008949331,24671.867701481,9.93068183680055,0.0932349158941085,index,0.8,2
2019,20318.4647138791,15935.4242738205,25907.0609753004,9.91928534341863,0.123974467673538,index,0.8,2
2021,21749.4675064566,18225.2333282301,25955.1868716924,9.98734455375536,0.0901966544837144,index,0.8,2
2022,24291.7874646277,20033.8192086354,29454.740111276,10.0978936077872,0.0983265633467541,index,0.8,2
2023,28595.4793363212,23787.9674817472,34374.5819856784,10.2610039191507,0.0939143559674987,index,0.8,2
2024,24951.4079258984,20621.8080158104,30190.0181112768,10.1246855294833,0.0972370383489151,index,0.8,2
2025,26753.3263567747,22299.6654621418,32096.466754948,10.1944140943793,0.0929033085187299,index,0.8,2
2003,29916.8920158385,22735.5506211551,39366.5604498066,10.3061785502169,0.140050259759822,index,0.8,2
2004,29286.619466917102,22505.5479565084,38110.8729926287,10.284886017214,0.134374348533405,index,0.8,2
2005,34437.0004478686,27583.3328009827,42993.6080749551,10.4468868597391,0.113226506312388,index,0.8,2
2006,32684.8047618895,26502.2422456624,40309.6633266073,10.3946655627045,0.10698203789445,index,0.8,2
2007,31136.5588382954,25258.4857531261,38382.5580743944,10.3461379331255,0.106747107140875,index,0.8,2
2008,36707.628310305,29149.4554067227,46225.5626174322,10.5107398683102,0.1176288753109,index,0.8,2
2009,30471.1852661839,24220.9629151685,38334.2782356779,10.3245367706713,0.117126130448989,index,0.8,2
2010,28061.1460076553,22754.2274548868,34605.7855325621,10.2421411941502,0.106958580103831,index,0.8,2
2011,32666.5500562911,26429.972759155,40374.7481052753,10.3941068992729,0.108090211873831,index,0.8,2
2012,28026.7055966593,22385.9529067105,35088.8001004574,10.2409131059157,0.114657294182521,index,0.8,2
2013,27391.9760588302,21329.4183426647,35177.722165385,10.2180054049206,0.127636459265932,index,0.8,2
2014,26305.7647710444,21247.3514746062,32568.4479318072,10.177543386962,0.108959071978276,index,0.8,2
2015,26019.6603387903,21253.800241227,31854.1962595829,10.16660769813,0.103224705393109,index,0.8,2
2016,25082.1961886627,20307.5355396785,30979.4639737228,10.1299135582441,0.107739864053466,index,0.8,2
2017,33459.8924979049,27192.0716481869,41172.4571947428,10.4181027616816,0.105829513728719,index,0.8,2
2018,28872.3990253284,23632.8600435086,35273.5734880622,10.270641366722,0.102169208729204,index,0.8,2
2019,33293.309018147,25444.6346532549,43562.9923747418,10.4131117253933,0.13717167605444,index,0.8,2
2021,34318.8408224996,27999.2229198883,42064.8401125256,10.4434497774633,0.103837490462849,index,0.8,2
2022,32734.515877008,26226.451156369,40857.5496285499,10.3961853316107,0.11309471336124,index,0.8,2
2023,37840.3695810794,30756.8024914447,46555.3456160136,10.54113179006,0.105749556467146,index,0.8,2
2024,36613.6132250888,29880.996231457,44863.1853841989,10.5081753962754,0.1036740563131,index,0.8,2
2025,32126.7249272679,26300.9532713478,39242.9294825876,10.3774435149901,0.102085065338164,index,0.8,2
2003,19135.9744788651,16027.2018418053,22847.7511464676,9.85932532307812,0.0904519938639373,index,0.8,2
2004,19179.9952100868,15567.0470404691,23631.4707151979,9.86162309870261,0.106487420437644,index,0.8,2
2005,21196.9650430039,17494.79464287,25682.5722282739,9.9616132920631,0.0979378329863115,index,0.8,2
2006,21326.416645427402,17869.6210817149,25451.9133256695,9.96770180135753,0.0902283914300263,index,0.8,2
2007,19532.3535159684,16570.9199538867,23023.0328149814,9.87982752434033,0.0838907742759469,index,0.8,2
2008,18765.241569782,15826.7035419585,22249.3768357211,9.83976158490923,0.0868932777607064,index,0.8,2
2009,18069.5265497184,15184.2636510319,21503.0374363124,9.80198218234199,0.088760456454821,index,0.8,2
2010,18356.3292482826,15450.9497232561,21808.0331310757,9.81772971217466,0.0879117995719399,index,0.8,2
2011,20218.7081273145,16881.2879472433,24215.9342116008,9.91436359969827,0.0920438006462791,index,0.8,2
2012,21843.9519500837,18310.7396775054,26058.9274492145,9.99167936358475,0.090020189484687,index,0.8,2
2013,23498.2689499269,19612.6927553405,28153.6375719108,10.0646820357139,0.0922209856703608,index,0.8,2
2014,24426.1780136188,20623.6966743785,28929.7395017557,10.1034107055788,0.0863356108850174,index,0.8,2
2015,27355.5682864446,22828.3838854362,32780.5559968591,10.216675380782,0.0923054883993225,index,0.8,2
2016,26713.594887273,22661.6106280905,31490.089716605,10.1929278866123,0.0839302547530881,index,0.8,2
2017,30665.41994121,25850.6826062687,36376.9109889084,10.3308909124457,0.0871437576266387,index,0.8,2
2018,29548.2572173657,24925.7047354183,35028.0769932643,10.2937800436793,0.0868001536515161,index,0.8,2
2019,31315.2391952412,24943.5230117584,39314.5830038881,10.3518601332903,0.116068798372686,index,0.8,2
2021,32299.7429377632,27380.0098786109,38103.4703227258,10.3828145505959,0.0843107793104176,index,0.8,2
2022,33713.541937054,28173.421353712,40343.0913012538,10.42565487352,0.0915938086794679,index,0.8,2
2023,42985.5171622482,35970.1075838747,51369.1731779607,10.6686185277621,0.0909072827607827,index,0.8,2
2024,37280.3520660609,31052.1769327848,44757.7203098466,10.526221712587,0.0932657531302883,index,0.8,2
2025,37774.5041880111,31689.3894118608,45028.10540477,10.5393896616547,0.0896202573488384,index,0.8,2
2003,23594.2424864429,17164.4390817041,32432.6519415628,10.0687579988112,0.162331029543272,index,0.8,2
2004,23326.0223130939,17291.9238771822,31465.7478725624,10.0573248538266,0.152722199289606,index,0.8,2
2005,26985.5040863416,21009.8579282389,34660.7498861369,10.2030551151207,0.127710552530969,index,0.8,2
2006,25276.3214382051,19855.625236932,32176.8978727053,10.1376233249436,0.123155677159278,index,0.8,2
2007,24964.6704581407,19737.6019608019,31576.0127456861,10.125216922693,0.119867558870376,index,0.8,2
2008,30031.2223906257,23067.5296320789,39097.134919078,10.3099928657975,0.134600229312988,index,0.8,2
2009,24217.9803256426,18602.8084386671,31528.0659362226,10.0948506249283,0.134585526764528,index,0.8,2
2010,21349.6760226876,16716.5567029513,27266.8991810526,9.96879184396026,0.124817047291809,index,0.8,2
2011,24284.0380225871,18997.4740536621,31041.7322332798,10.0975745419956,0.125264157487369,index,0.8,2
2012,20173.6335813838,15479.2447059662,26291.6892656315,9.91213176253637,0.135143507879003,index,0.8,2
2013,19594.357088215,14485.4401218973,26505.1545876117,9.88299690010389,0.154134263730478,index,0.8,2
2014,17763.6605644253,13651.6928159769,23114.1764542802,9.78491010816961,0.134334764056969,index,0.8,2
2015,16564.1410234174,12992.5767974965,21117.5021029337,9.71499545847958,0.123911460935122,index,0.8,2
2016,17386.4016591752,13524.002690175,22351.8857234314,9.76344366582097,0.12817699970828,index,0.8,2
2017,22249.3464004616,17362.5877536017,28511.4996838557,10.0100679119028,0.126530320253828,index,0.8,2
2018,19875.4902790086,15590.1524257071,25338.7589193536,9.8972426073445,0.123904250338255,index,0.8,2
2019,22296.534536785,16153.122248756,30776.4310016495,10.0121865434342,0.16445093272882,index,0.8,2
2021,23768.5653911928,18631.4356048714,30322.1240024951,10.0761192047757,0.12424395922605,index,0.8,2
2022,23312.7614045817,17951.2116960911,30275.6634765384,10.0567561893885,0.133340865368585,index,0.8,2
2023,23450.3317551527,18371.713226316,29932.8675911951,10.0626399211156,0.124529066348428,index,0.8,2
2024,24284.6690849265,19077.8491379726,30912.5598121307,10.0976005283714,0.123123343206701,index,0.8,2
2025,21105.5470960317,16720.3406381547,26640.8518739348,9.95729118045971,0.118833775911357,index,0.8,2
2003,41476.5005889292,33874.2961775089,50784.8219809109,10.632882294969,0.103303180899065,index,0.8,3
2004,41482.9843873496,33839.5325547025,50852.8890255594,10.6330386073771,0.103906810917981,index,0.8,3
2005,52273.8726370505,43533.1600900718,62769.5704796253,10.8642519580586,0.0933556595466222,index,0.8,3
2006,48493.7446710108,40871.728678696,57537.1619513358,10.789190092752,0.0872445725684278,index,0.8,3
2007,45826.4482462486,38816.0378931245,54102.9809546349,10.7326166760546,0.08470966272676,index,0.8,3
2008,44472.0075819505,37353.1215805407,52947.6352894531,10.7026152271215,0.0890034026008908,index,0.8,3
2009,42683.6480229019,35421.8562437613,51434.1709255811,10.6615711755892,0.0951481049857971,index,0.8,3
2010,38727.2162178178,32771.9479734152,45764.6666959882,10.5642978932877,0.0851901927157388,index,0.8,3
2011,42449.127269755,35745.6010858162,50409.794526545396,10.6560616325118,0.0876950494329646,index,0.8,3
2012,41327.508292446,34828.3756148754,49039.408571576,10.6292836175792,0.087295426949146,index,0.8,3
2013,42277.9252914823,34989.286484615,51084.8647267529,10.6520203680962,0.0965442102074854,index,0.8,3
2014,46058.1509892987,38829.5420931605,54632.4565832749,10.7376600290452,0.0871053755785053,index,0.8,3
2015,45409.4231502154,38482.5782379182,53583.0966960405,10.723474920867,0.0844474784294573,index,0.8,3
2016,47777.3484485756,40728.4626001645,56046.1868444648,10.7743069243331,0.0814425529199427,index,0.8,3
2017,54725.651386078804,46481.9224932292,64431.4339637497,10.910087825218,0.0833020780509167,index,0.8,3
2018,53098.6560409897,45134.9701604458,62467.4673171755,10.8799068969472,0.0829067684991912,index,0.8,3
2019,52189.4178156876,42256.7980746465,64456.7372835239,10.8626350294821,0.107713463170823,index,0.8,3
2021,53884.9710261933,45901.9811968554,63256.3132741777,10.8946068873337,0.0818093241259407,index,0.8,3
2022,60687.1130254724,51522.9817894582,71481.2217665556,11.0134866485021,0.0835236842828299,index,0.8,3
2023,66086.7543709774,55917.8081016746,78104.9767785713,11.0987236180284,0.0852492393963329,index,0.8,3
2024,61113.8372007359,51830.8788510725,72059.3819782542,11.0204935876168,0.084058799783953,index,0.8,3
2025,60946.7704054568,51891.1311613203,71582.7298369681,11.0177561459002,0.08206935220687,index,0.8,3
2003,4547.77265026859,3411.91950520734,6061.75967720381,8.42239286467384,0.14661623901333,index,0.8,3
2004,4041.69259784822,2787.64856688719,5859.87747865284,8.30441884307944,0.189526508713115,index,0.8,3
2005,4337.5700808878,3128.21558071903,6014.45575636715,8.37506958110161,0.166764065422737,index,0.8,3
2006,3773.21578736476,2723.75794051325,5227.02739705859,8.23568291084538,0.166286274581816,index,0.8,3
2007,4412.04525820854,3267.54596636503,5957.41989886542,8.39209363830096,0.153216654756275,index,0.8,3
2008,3036.19523939612,2238.24332050891,4118.62349694657,8.01836044454933,0.1555711440066,index,0.8,3
2009,3095.14352695723,2216.59877149215,4321.8978444242,8.0375895578584,0.170340039603374,index,0.8,3
2010,3020.44774705182,2211.09124273263,4126.06427828615,8.01316035999258,0.15914522655302701,index,0.8,3
2011,3544.36016994444,2589.29234734619,4851.707466391,8.17311293464935,0.16019327126822,index,0.8,3
2012,3911.89545857388,2919.80361829104,5241.08059286802,8.2717773075292,0.149240328315057,index,0.8,3
2013,3604.220775952,2568.00923976607,5058.55165964566,8.18986087544023,0.172949408902865,index,0.8,3
2014,4836.7570193208,3535.95583100939,6616.09465219785,8.48399973780493,0.159829878419579,index,0.8,3
2015,3527.08420540497,2407.71766253743,5166.85290205775,8.16822680446339,0.19479554609029,index,0.8,3
2016,6092.83648330526,4252.52584110418,8729.55457518315,8.71486901307651,0.183473071432001,index,0.8,3
2017,4580.43878329723,3359.17402900029,6245.70780388455,8.42955007673267,0.158217029059507,index,0.8,3
2018,5002.31292425515,3554.58619010759,7039.67585926302,8.51765566930788,0.174320415457056,index,0.8,3
2019,4550.40310120017,3182.23287657751,6506.80487145292,8.42297110169118,0.18246902121308,index,0.8,3
2021,5515.92278055963,4041.12773241392,7528.93898330763,8.61539423964182,0.158735144322468,index,0.8,3
2022,6725.96021593817,4648.18748147396,9732.51208276083,8.81372997731664,0.188522517029686,index,0.8,3
2023,5673.3173969636,4190.48557631797,7680.85934207438,8.64352930445947,0.154572946906981,index,0.8,3
2024,4508.67916229611,3266.85457795984,6222.55668362753,8.41375952093184,0.164378848423617,index,0.8,3
2025,5306.26584466048,3773.92689764693,7460.78500666406,8.57664363609251,0.173866603178654,index,0.8,3
2003,5390.72877886719,4225.66683615975,6877.01087048224,8.5924358642004,0.12423876547739,index,0.8,3
2004,5423.05954069266,4206.34963733543,6991.70951479144,8.59841542607134,0.129627353888987,index,0.8,3
2005,6313.27181113735,5011.09498309508,7953.8306688978,8.75040933322047,0.117859106261282,index,0.8,3
2006,6067.73442745152,4827.91972350328,7625.93481056569,8.71074057343477,0.116619295270837,index,0.8,3
2007,6715.1175398347395,5398.21066603685,8353.28711002335,8.81211661287484,0.111376430943075,index,0.8,3
2008,5543.34997918643,4404.48703196401,6976.68735740243,8.62035428637421,0.11733644491043,index,0.8,3
2009,5482.3282680381,4413.78683697966,6809.55477657296,8.60928515614219,0.110612676908748,index,0.8,3
2010,5357.10946271967,4241.9573123876,6765.41975369561,8.5861798292581,0.119083697002346,index,0.8,3
2011,5012.46969519408,4006.26802555391,6271.38580968138,8.51968402574998,0.114322817919266,index,0.8,3
2012,6326.0690531834,5073.55800946862,7887.7879371751,8.75243431957955,0.112571809405437,index,0.8,3
2013,6936.15817985604,5420.18899079583,8876.1278209452,8.84450332383125,0.125827496219439,index,0.8,3
2014,7201.95832501961,5794.68906792466,8950.98996811154,8.88210825760774,0.110926098755545,index,0.8,3
2015,8540.48623862741,6786.27171257186,10748.1557299069,9.05257322176921,0.117306358113405,index,0.8,3
2016,9497.34363160761,7658.15607428741,11778.2316241486,9.15876742076279,0.109818807935447,index,0.8,3
2017,9309.46600795416,7425.20373951,11671.8894718131,9.1387870118006,0.115385594136101,index,0.8,3
2018,9723.51028407356,7851.73595651892,12041.4966534868,9.18230197259579,0.109089782769528,index,0.8,3
2019,8831.81829590476,6642.23491725555,11743.1881563302,9.08611619492489,0.145366153362714,index,0.8,3
2021,9193.8950965367,7364.11365743728,11478.3273287416,9.12629496630942,0.113227075409348,index,0.8,3
2022,14302.436021953201,11370.1810527405,17990.8899614892,9.56818515292542,0.11706115234438,index,0.8,3
2023,12483.2780035693,9891.17835240593,15754.667862853,9.43214526797659,0.118750500748036,index,0.8,3
2024,12278.3070071681,9818.75837212201,15353.95996609,9.41558932633097,0.114052795573727,index,0.8,3
2025,12262.664464457,9853.24316685418,15261.263446101,9.41431451576794,0.111613571474709,index,0.8,3
2003,31537.9991597934,24647.0053452066,40355.6284859806,10.358948420324401,0.125786870161028,index,0.8,3
2004,32018.2322488088,25215.0089442043,40657.0229107254,10.3740607773068,0.12187269254057,index,0.8,3
2005,41623.0307450255,33620.870213654,51529.7991215512,10.6364089167348,0.108933953879981,index,0.8,3
2006,38652.7944561942,31725.6714763805,47092.4160071789,10.5623743529852,0.100763532726251,index,0.8,3
2007,34699.285448205,28433.1280415574,42346.3928715899,10.4544743734522,0.101616228842425,index,0.8,3
2008,35892.4623633682,29321.780885637,43935.5596964046,10.4882825904081,0.103163475567769,index,0.8,3
2009,34106.1762279067,27400.7440116288,42452.5427629029,10.4372337679242,0.111689971823098,index,0.8,3
2010,30349.6590080465,24959.360081824,36904.0632005413,10.3205405611048,0.0997652907093706,index,0.8,3
2011,33892.2974046163,27776.2495049328,41355.0369051432,10.4309430523482,0.101535769915022,index,0.8,3
2012,31089.5437806887,25289.4980907577,38219.806855107,10.3446268287955,0.105350066180531,index,0.8,3
2013,31737.5463356743,25302.9867203436,39808.4170276716,10.365255685978,0.115603127317491,index,0.8,3
2014,34019.4356449586,27663.1353286023,41836.2556468741,10.4346872768928,0.105528125662167,index,0.8,3
2015,33341.8527061831,27474.3192098847,40462.4818321557,10.4145687248323,0.0987577965331981,index,0.8,3
2016,32187.1683336623,26488.1968371407,39112.2812817087,10.3793231531561,0.0994246038764173,index,0.8,3
2017,40835.7465948276,33614.8260601833,49607.8187931542,10.6173131188339,0.0992827521063303,index,0.8,3
2018,38372.8328326606,31603.4763901723,46592.162248999,10.5551050098788,0.0990235563196011,index,0.8,3
2019,38807.196418583,30276.034392643,49742.2639418205,10.5663609831188,0.126660107368323,index,0.8,3
2021,39175.1531490971,32277.1306389265,47547.3684889562,10.5757979765745,0.0988200545609828,index,0.8,3
2022,39658.7167875806,32438.1876824999,48486.4885989313,10.5880660462195,0.102539846594158,index,0.8,3
2023,47930.1589704446,39208.3488154818,58592.1164327373,10.7775002088693,0.10247903908711,index,0.8,3
2024,44326.8510312719,36365.5758868388,54031.0355172922,10.6993458905053,0.10100593853221,index,0.8,3
2025,43377.8400963395,35756.4044060885,52623.775871133,10.677703992831,0.098583095429858,index,0.8,3
2003,25924.7730358074,21557.9823241128,31176.1020513679,10.1629542784136,0.0941103221537243,index,0.8,3
2004,25076.4094065812,20502.4630332488,30670.7690537819,10.1296828188909,0.102748068131193,index,0.8,3
2005,29723.4337752752,24718.4907249602,35741.7661629741,10.2996910296838,0.0940752872226502,index,0.8,3
2006,29885.8075066624,25085.3910686287,35604.8461784697,10.3051389813605,0.0893373838523557,index,0.8,3
2007,27870.0261138836,23616.4399645228,32889.730914371,10.2353070574646,0.084495787478818,index,0.8,3
2008,25531.9241938422,21630.3083745419,30137.3027953379,10.1476848773069,0.084610790285673,index,0.8,3
2009,25049.4068153392,21181.1722603602,29624.0819010125,10.1286054262063,0.0855819098671827,index,0.8,3
2010,24693.2119246093,20932.1004885494,29130.1255450797,10.1142836639799,0.0843099654322921,index,0.8,3
2011,26927.5387295108,22605.9428616813,32075.297476682,10.2009047865123,0.0892550468875126,index,0.8,3
2012,26828.3456602057,22640.1846182093,31791.2659724772,10.1972142814443,0.0865998538670565,index,0.8,3
2013,28548.7137219736,23750.0156427238,34316.990247074,10.2593671605482,0.0938939153454742,index,0.8,3
2014,31392.9168400618,26607.098212648,37039.560640948,10.3543375681077,0.0843914786910607,index,0.8,3
2015,34798.1172418288,29165.768688845,41518.1570043514,10.4573185620527,0.0900871485664104,index,0.8,3
2016,34966.5895940542,29590.429291961,41319.5217877825,10.46214830154,0.0851760795400588,index,0.8,3
2017,38542.2150902838,32670.893937901,45468.6776214099,10.5595094154149,0.084322747685122,index,0.8,3
2018,38507.1065628423,32506.2657106069,45615.7366411438,10.5585980892898,0.0864352354402886,index,0.8,3
2019,37835.6438727001,30522.2362499282,46901.4110086758,10.5410068968958,0.109591882429025,index,0.8,3
2021,38948.6490814922,33046.7495933298,45904.5831720592,10.5699993672954,0.0838387216845209,index,0.8,3
2022,46118.5499909003,39003.0870069717,54532.110570709,10.738970533969,0.0854987434904941,index,0.8,3
2023,51589.8729080323,43118.8072442684,61725.1532861153,10.8510806707356,0.0915150116334575,index,0.8,3
2024,46026.1660494258,38494.8619194312,55030.9276506328,10.7369653409118,0.0911676375635825,index,0.8,3
2025,45582.782931888,38467.066572086,54014.7790037981,10.7272853569228,0.0865973139164287,index,0.8,3
2003,15551.7275531218,10751.2806795905,22495.5739780517,9.65192700810038,0.188343689765201,index,0.8,3
2004,16406.5749807685,11668.5777248472,23068.424357014,9.70543744692945,0.173871870218906,index,0.8,3
2005,22550.4388617756,16677.6830367624,30491.1834418336,10.023509806461,0.153922750236858,index,0.8,3
2006,18607.937164348,13938.0499191535,24842.451241081,9.83134349794428,0.147434196095812,index,0.8,3
2007,17956.422132365,13493.9694048181,23894.6069998175,9.79570310889063,0.145770512762942,index,0.8,3
2008,18940.083388109,14101.8168328065,25438.3362797608,9.84903576948165,0.150501157343951,index,0.8,3
2009,17634.2412075626,12618.1623367786,24644.3542781278,9.7775978141041,0.170771150084479,index,0.8,3
2010,14034.0042932084,10403.2066851383,18931.9776548469,9.54923854172699,0.152742178619081,index,0.8,3
2011,15521.5885402438,11567.5659287549,20827.1742124889,9.64998714289651,0.150016390591416,index,0.8,3
2012,14499.1626322405,10596.3199629731,19839.5025603941,9.58184617724044,0.159994843373055,index,0.8,3
2013,13729.2115695084,9702.89173291799,19426.2963566674,9.5272810731881,0.177096027818284,index,0.8,3
2014,14665.2341492372,10474.6637848201,20532.3146470469,9.59323494781919,0.171697185822262,index,0.8,3
2015,10611.3059083865,7795.22446028798,14444.7172310416,9.26967530682251,0.157354284445687,index,0.8,3
2016,12810.7588545211,9555.66328214141,17174.688724686,9.45804063236502,0.149569769204438,index,0.8,3
2017,16183.4362957957,11844.6466120159,22111.5596707111,9.6917435472842,0.159243877927051,index,0.8,3
2018,14591.5494781475,10728.6974171439,19845.2158631114,9.58819783725878,0.156901049091088,index,0.8,3
2019,14353.7739429876,9846.89441535207,20923.4320706406,9.57176817915398,0.192277401756155,index,0.8,3
2021,14936.3219447013,10990.7679923062,20298.2824668791,9.61155123993712,0.156503035969012,index,0.8,3
2022,14568.563034572,10379.3205410623,20448.6438252513,9.58662126938191,0.17298816506362,index,0.8,3
2023,14496.8814629453,10563.375060918,19895.1159964231,9.58168883375645,0.16150333476295,index,0.8,3
2024,15087.67115131,11284.8675802603,20171.9532064568,9.62163320925595,0.14817377079438,index,0.8,3
2025,15363.9874735686,11418.2507405787,20673.2288904011,9.63978157415491,0.15143812850609,index,0.8,3
2003,13868.4151517029,11546.288160317,16657.5557572697,9.53736924230311,0.093496590167273,index,0.8,3
2004,13377.5928669342,10748.1757027209,16650.2665999537,9.50133641218597,0.111657712503842,index,0.8,3
2005,15143.7747475645,12504.5017826291,18340.1080340167,9.62534481874027,0.0977062941900313,index,0.8,3
2006,14738.1411932778,12156.9462907856,17867.3822058117,9.59819405150074,0.0982355065907182,index,0.8,3
2007,14547.4708700309,12205.0341957517,17339.4769174886,9.58517243412503,0.0895774875990366,index,0.8,3
2008,12234.2830127984,10174.9072054808,14710.4713403796,9.41199737283545,0.0940412598775159,index,0.8,3
2009,12441.8390050687,10365.3962808682,14934.2440591267,9.42882018535684,0.0931608591081485,index,0.8,3
2010,12241.7482725694,10205.3808254985,14684.4496380307,9.41260737859296,0.09282669882718,index,0.8,3
2011,13058.6419992972,10813.4936103489,15769.9386535547,9.47720541574686,0.0962545106022984,index,0.8,3
2012,14557.9877353271,12192.6397978845,17382.2084811123,9.58589510720822,0.0904645979194661,index,0.8,3
2013,15081.7953206378,12454.24832053,18263.69157251,9.62124368756838,0.0976684341277298,index,0.8,3
2014,16858.4259390181,14054.4442952934,20221.82586305,9.73260586652239,0.0928139104923825,index,0.8,3
2015,18979.5294536266,15536.4173498452,23185.6888347988,9.8511162801614809,0.102131584134247,index,0.8,3
2016,20450.3141174686,17029.5565211514,24558.2054343984,9.92575352162039,0.0933934453810961,index,0.8,3
2017,19938.3624806815,16623.9273891817,23913.6209575694,9.90040091781068,0.0927581188970773,index,0.8,3
2018,22126.882203807,18235.0325419111,26849.3579562233,10.0045485376163,0.0987001043467053,index,0.8,3
2019,19421.1071615866,15317.1418321473,24624.6595817383,9.87411575163045,0.121118496102439,index,0.8,3
2021,20385.2303245874,17062.7444780436,24354.6761144563,9.92256591391837,0.0907737260039227,index,0.8,3
2022,27989.3038733231,23078.6377068526,33944.8602323962,10.2395777116509,0.0984278380243792,index,0.8,3
2023,27754.4040277371,22835.9381329821,33732.2223614853,10.2311498102847,0.0995217279148361,index,0.8,3
2024,25492.5385628504,20940.4971782442,31034.1018576,10.1461410829508,0.100359423626187,index,0.8,3
2025,26654.5494746372,22222.8066464445,31970.0845621834,10.1907151270182,0.0927776028102776,index,0.8,3
2003,27608.0854372263,21099.908379959,36123.6820456122,10.2258639594277,0.137165776654882,index,0.8,3
2004,28105.3915204156,21767.3949497943,36288.8179471063,10.2437167059713,0.130384141396159,index,0.8,3
2005,37130.0978894861,29547.4889248861,46658.5899325499,10.5221831835664,0.116547621949163,index,0.8,3
2006,33755.6034777327,27335.2531228167,41683.9295771816,10.4269017114893,0.107639345335376,index,0.8,3
2007,31278.9773762174,25320.6135524982,38639.4438536577,10.3507015015487,0.107822080058538,index,0.8,3
2008,32237.7245691523,25951.6954944827,40046.3578812212,10.3808926162499,0.11066549922696,index,0.8,3
2009,30241.8090178333,23880.012243681,38298.4314806249,10.3169806505225,0.120504035871128,index,0.8,3
2010,26485.4679452486,21449.2341589311,32704.198531335802,10.1843514821347,0.107607723216302,index,0.8,3
2011,29390.4852704577,23742.0567650759,36382.7208813528,10.2884262706907,0.10889127088542,index,0.8,3
2012,26769.5205571189,21432.1136282667,33436.1436901343,10.1950192266461,0.113457959118432,index,0.8,3
2013,27196.1299708446,21238.782315664,34824.4769590947,10.2108299616776,0.126148143377319,index,0.8,3
2014,29199.7250502809,23354.1281595752,36508.489513552,10.2819145721258,0.113974303392567,index,0.8,3
2015,26429.8936965888,21528.4269870155,32447.2977628275,10.1822509855164,0.104655728826409,index,0.8,3
2016,27327.0343311065,22089.6347876781,33806.2087721809,10.2156317597193,0.10855709494945,index,0.8,3
2017,34787.2889053977,28246.3231968626,42842.9378561391,10.4570073376992,0.106271729257075,index,0.8,3
2018,30971.7738371824,25228.8481282248,38021.9806210023,10.3408315473097,0.104638739885488,index,0.8,3
2019,32768.3106541012,25164.6054100196,42669.5418278305,10.397217188765,0.13470831702551,index,0.8,3
2021,33499.7407016061,27217.2299395722,41232.4336299626,10.4192929775326,0.105964943117885,index,0.8,3
2022,32697.8091521489,26295.3606233786,40659.1390269734,10.3950633562356,0.111183449033884,index,0.8,3
2023,38332.3503432404,31063.8621611207,47301.5581647788,10.5540494751287,0.10727189001436,index,0.8,3
2024,35621.2986378856,29010.2854967309,43738.8634728334,10.4806990142893,0.104743402185082,index,0.8,3
2025,34292.2209308196,27756.8751522666,42366.3114063511,10.4426738124123,0.107876967309826,index,0.8,3
2003,20388.8702470078,16991.6135140691,24465.3651994327,9.92274445482443,0.0929962375070592,index,0.8,3
2004,19326.652291899,15694.001753937,23800.1431800698,9.86924037002832,0.106229760967433,index,0.8,3
2005,22776.3414316048,18741.1816195466,27680.3106410313,10.0334776196957,0.0994911202918179,index,0.8,3
2006,22884.7185681458,19084.4978390589,27441.6622517255,10.0382246553563,0.0926511934749647,index,0.8,3
2007,21688.044095921,18241.7157230492,25785.4723671787,9.98451642437088,0.0882924904577872,index,0.8,3
2008,18878.1383173326,15887.4736900424,22431.7668926625,9.84575982876411,0.0879983360125142,index,0.8,3
2009,19068.2832078492,15992.5707651652,22735.5207510935,9.85578166873431,0.0897476198084772,index,0.8,3
2010,19295.931402719,16191.8273095099,22995.1173256249,9.86764954452054,0.0894851329142824,index,0.8,3
2011,20921.8104551825,17439.4973027497,25099.4707659129,9.94854745626906,0.0928866984501542,index,0.8,3
2012,22332.0224691937,18655.5447553677,26733.0294614462,10.0137769125731,0.0917762913955634,index,0.8,3
2013,23140.4532171554,19274.5571791704,27781.7316433105,10.0493375864312,0.0932651638238016,index,0.8,3
2014,26357.291903497,22161.5589440502,31347.3812126677,10.1795002482666,0.0884637482049287,index,0.8,3
2015,29359.455760653,24302.8202165985,35468.2145890633,10.2873699457941,0.0964417032121493,index,0.8,3
2016,28815.4554097683,24291.9654749251,34181.2798692407,10.2686671683535,0.0871272298556964,index,0.8,3
2017,31301.9731159692,26302.9781088008,37251.0487937872,10.3514364133902,0.088776613719183,index,0.8,3
2018,32506.885747596,27085.9121094956,39012.8128872134,10.3892072150335,0.0930824204581747,index,0.8,3
2019,30383.0642230863,24254.6906562112,38059.8790010867,10.3216406342328,0.114938503578136,index,0.8,3
2021,32114.4445666136,27017.9288126903,38172.3394480809,10.3770611944034,0.0881675587157763,index,0.8,3
2022,38866.3314852302,32507.5648160967,46468.9290528398,10.5678836403141,0.0911524583709148,index,0.8,3
2023,43159.7792424368,35568.4938322651,52371.2517330751,10.6726643044942,0.0987001729315121,index,0.8,3
2024,38367.9829357221,31679.128532657,46469.1480713658,10.5549786130743,0.0977391816758788,index,0.8,3
2025,38686.2619814585,32334.7170119607,46285.4481003944,10.5632398284357,0.0915032458576702,index,0.8,3
2003,21087.6303419213,15401.0092605253,28873.9618238729,9.9564419078391,0.160336408049248,index,0.8,3
2004,22156.3320954507,16574.9247801393,29617.211446541,10.005878608003,0.148080440967322,index,0.8,3
2005,29497.5312054459,22841.8402814638,38092.56769571,10.2920618508749,0.1304680186086,index,0.8,3
2006,25609.0261028645,20079.8816058424,32660.6615920673,10.1507001504683,0.124097419504626,index,0.8,3
2007,24138.4041503276,18998.649475575,30668.6301925636,10.0915593843606,0.122163575892124,index,0.8,3
2008,25593.8692646184,19946.4344298129,32840.2625661916,10.1501081199365,0.127197459178253,index,0.8,3
2009,23615.3648150528,17923.6213536694,31114.5523744208,10.0696528306569,0.140705687579696,index,0.8,3
2010,19431.2848150988,15178.5982727201,24875.474189477,9.87463966551205,0.126021682630333,index,0.8,3
2011,21527.3168145723,16810.8467499822,27567.0450232054,9.97707795716574,0.126174951264876,index,0.8,3
2012,18995.4858232524,14623.3038358525,24674.8946552506,9.85195664167014,0.133464163318824,index,0.8,3
2013,19137.4720743267,14196.1288315514,25798.7823118121,9.85940358075268,0.152390040930628,index,0.8,3
2014,19700.8590858021,14933.0195968289,25990.9823463334,9.88841752219161,0.141373721151965,index,0.8,3
2015,16049.9673895622,12581.6393177141,20474.3950053731,9.68346209675312,0.124220784404673,index,0.8,3
2016,18961.8930388069,14823.2519174886,24256.0397419238,9.85018661464388,0.125632059658225,index,0.8,3
2017,23423.6782701104,18228.4204441422,30099.6296076747,10.0615026816134,0.127943914088742,index,0.8,3
2018,20591.7702933935,16034.1188332481,26444.9208731472,9.93264677463546,0.127641435610258,index,0.8,3
2019,21806.3535926014,15976.0796425269,29764.3143778387,9.98995665551601,0.158731893928224,index,0.8,3
2021,21770.5264595799,16954.6870834189,27954.2653895854,9.98831233673729,0.127559863360242,index,0.8,3
2022,21820.781540242,16799.5397514246,28342.8304627566,9.99061807635525,0.133426588014105,index,0.8,3
2023,22926.9751285405,17982.8555404064,29230.4071154673,10.0400694495112,0.123928469305551,index,0.8,3
2024,22745.8542650135,17853.7117550149,28978.5056096198,10.0321381776639,0.123559143191262,index,0.8,3
2025,22260.508423998,17432.9900284407,28424.856234442,10.0105694648202,0.124721575497626,index,0.8,3
2003,41079.5335143045,34155.3115275118,49407.4859306605,10.6232653084353,0.0941812817858337,index,1,1
2004,44134.3542924119,36544.912664609,53299.9284109516,10.6949937670632,0.0962754935519774,index,1,1
2005,48435.8719085398,41224.5610718316,56908.6395717503,10.78799597332,0.082249711911109,index,1,1
2006,49217.8015874047,42259.2540443441,57322.1664195784,10.8040106579212,0.0777728670968485,index,1,1
2007,45635.4712870595,39285.1535086841,53012.2973588906,10.7284405722135,0.0764496798044823,index,1,1
2008,45812.2243725164,38944.7437459272,53890.7102753057,10.7323062421856,0.0828623127929176,index,1,1
2009,42282.1076814164,35995.5773007465,49666.5636182426,10.6521192892955,0.0821280051220453,index,1,1
2010,39980.1514031751,34413.6249217014,46447.0833821647,10.5961383950201,0.0764965876680801,index,1,1
2011,44469.8936791016,38163.6055027451,51818.2550568591,10.7025676926564,0.0780269887300142,index,1,1
2012,41925.4259096309,36000.5301065917,48825.4293061675,10.6436477454861,0.0777355115578425,index,1,1
2013,44726.9133338719,37637.3548919619,53151.8960914794,10.7083306874255,0.0880518067757246,index,1,1
2014,42991.3527400088,36902.7548293853,50084.5104643548,10.668754275383,0.0779161212770891,index,1,1
2015,44032.990662738,38082.3298071726,50913.488657923,10.6926944197395,0.0740772544495097,index,1,1
2016,46335.1200597937,40274.0509017035,53308.3537137976,10.7436554851428,0.0715282749714255,index,1,1
2017,51243.6802416117,44437.5880270789,59092.1983232842,10.8443475770383,0.072708789906299,index,1,1
2018,51525.2301898282,44695.8472116498,59398.12111723,10.8498268732854,0.0725477619301222,index,1,1
2019,52712.9729305295,43584.0056824302,63754.0646314407,10.8726168699004,0.097027981897837,index,1,1
2021,55941.8961760229,48479.4816924515,64552.9951747855,10.9320688627854,0.0730487572174668,index,1,1
2022,59720.3279409352,51481.2744490111,69277.9580059785,10.9974277429464,0.0757433945301889,index,1,1
2023,67297.1097500793,58026.4707467327,78048.8787691645,11.1168725689466,0.0756228137441956,index,1,1
2024,62183.0082441913,53626.0342986885,72105.3974038079,11.0378370620532,0.0755356320602771,index,1,1
2025,59906.8248352525,52070.2044311678,68922.8648331069,11.0005457147627,0.07153067282653,index,1,1
2003,4250.13353797534,3254.58090522401,5550.21848178007,8.35470568212492,0.136169282717643,index,1,1
2004,3648.54408514517,2553.22866581462,5213.74137752779,8.20208348622029,0.182130645415176,index,1,1
2005,3423.22234218991,2567.61798531367,4563.93874442992,8.13833759177852,0.146739276801063,index,1,1
2006,3504.81503263194,2579.11634499651,4762.76630047856,8.16189302564592,0.156477828549869,index,1,1
2007,4105.65494254565,3102.83780804916,5432.57609647589,8.32012055667434,0.142884341346009,index,1,1
2008,2693.39426755626,2032.75119167396,3568.74599814206,7.89855748668378,0.143580222686951,index,1,1
2009,3166.98361988554,2326.99071610739,4310.19564418429,8.06053487440198,0.157249675595499,index,1,1
2010,2943.03055164748,2189.20256432316,3956.43097129677,7.98719512930344,0.150973436765517,index,1,1
2011,3187.69718266498,2385.1166965989,4260.34220583843,8.06705404878158,0.147987779139033,index,1,1
2012,3801.14360940006,2916.66610844,4953.83845873634,8.24305725028028,0.135135519365628,index,1,1
2013,3602.12889529527,2647.27046533723,4901.40042289492,8.18928030946414,0.157143670404968,index,1,1
2014,4262.21522321624,3212.573181811,5654.80615721738,8.35754430955726,0.144245916003054,index,1,1
2015,3499.51186036002,2485.16456982044,4927.87616945838,8.16037876928231,0.174638212928614,index,1,1
2016,5900.12037179402,4275.3475783207105,8142.36030262881,8.68272803168468,0.164343503905827,index,1,1
2017,4532.95241793472,3366.49566290136,6103.57466064623,8.41912875407012,0.151789082219451,index,1,1
2018,4842.23630760671,3554.43647719228,6596.61597813278,8.485131940026,0.157747860853605,index,1,1
2019,4693.22391011152,3350.95696678257,6573.15235283107,8.45387502616521,0.171877536052051,index,1,1
2021,5541.42841759885,4123.49223049347,7446.94719691451,8.62000758361876,0.150794542083579,index,1,1
2022,6634.44742485064,4680.19758498306,9404.70820598199,8.80003066143694,0.17803136034913,index,1,1
2023,5929.51408185548,4502.29603644177,7809.1571416768,8.68769754628279,0.140489709249344,index,1,1
2024,4214.19782305336,3125.02075311529,5682.99051266252,8.34621453750846,0.152563178059257,index,1,1
2025,5033.95311159535,3671.55164344352,6901.90044718358,8.52396086130849,0.161018886556679,index,1,1
2003,4916.69502130259,3958.32742415951,6107.09709989053,8.50039184012782,0.110621926958008,index,1,1
2004,5531.85448353201,4378.8287866982,6988.49293215866,8.61827838794338,0.119258222330444,index,1,1
2005,6049.96335642078,4898.5484396041,7472.02095994634,8.70780749421659,0.107712841912092,index,1,1
2006,5949.6757346194,4852.44624845865,7295.00947246206,8.69109199867129,0.10400893199040501,index,1,1
2007,6355.46929912682,5222.85657642772,7733.6969570339,8.75707102812386,0.100140238091761,index,1,1
2008,5597.82686709144,4553.7418293876,6881.30043554639,8.63013374196073,0.10532294956849,index,1,1
2009,5375.85902158824,4409.64467977922,6553.78433380684,8.58967365819624,0.101085665881014,index,1,1
2010,4963.94104089874,4022.08629740378,6126.3505642393,8.50995526891688,0.107348524836681,index,1,1
2011,5326.13376491563,4348.83996054981,6523.05008671506,8.58038088151392,0.103428670286887,index,1,1
2012,6864.90735743246,5586.04970187898,8436.54380845883,8.8341778231995,0.105180595552045,index,1,1
2013,7568.87686069052,6023.7914555311,9510.27228535511,8.93179996827612,0.116495925502916,index,1,1
2014,6681.25747366296,5474.43374202383,8154.12214905619,8.80706149337523,0.101643383105582,index,1,1
2015,8249.52739654659,6697.30108522313,10161.5115403021,9.01791119242078,0.106354653933444,index,1,1
2016,9265.30215602872,7631.92820476917,11248.2483769784,9.13403175081895,0.0989487288525397,index,1,1
2017,8798.15423262575,7185.06906325808,10773.3853661763,9.08229723217394,0.103337011883951,index,1,1
2018,9691.97648773924,7967.04894990657,11790.364139785,9.17905365598829,0.0999937876869317,index,1,1
2019,9271.21787232739,7141.48435940365,12036.0805275698,9.13467002774369,0.133162702274989,index,1,1
2021,10124.8669298632,8256.72753513263,12415.6852592316,9.22274974915882,0.10406627108502,index,1,1
2022,12825.5473838566,10398.4191246557,15819.1994113332,9.45919435013062,0.107035274859556,index,1,1
2023,13017.2101948135,10475.5047749498,16175.6177765445,9.47402762205165,0.110835041662235,index,1,1
2024,13016.2508005591,10599.387811582,15984.2047403837,9.47395391734869,0.104799064758774,index,1,1
2025,11977.9360380501,9828.55115109792,14597.3653212959,9.39082157285775,0.100907344557763,index,1,1
2003,31912.704955027,25519.7854585046,39907.1042036214,10.370759483935,0.114058296516329,index,1,1
2004,34953.9557237348,28040.6521761954,43571.7048612023,10.4617869236245,0.112438966075222,index,1,1
2005,38962.6862099293,32293.0359011188,47009.8544262547,10.5703597032731,0.0957940174239677,index,1,1
2006,39763.3108201533,33355.9932772687,47401.4032272159,10.5906999274283,0.0896481696359289,index,1,1
2007,35174.3470453867,29412.8266566546,42064.4606692155,10.4680723187794,0.0912701361697631,index,1,1
2008,37521.0032378686,31083.2178754302,45292.1473451745,10.5326561415119,0.0960389112396577,index,1,1
2009,33739.2650399426,27933.522344807,40751.6814880713,10.4264175728142,0.0963460604398725,index,1,1
2010,32073.1798106286,26941.4616289095,38182.3702564482,10.3757754399587,0.0889576226250585,index,1,1
2011,35956.0627315208,30136.3643726358,42899.6155995173,10.4900529923664,0.0900859166383058,index,1,1
2012,31259.3749427982,25968.693254261,37627.9434720538,10.3500746083436,0.0946076682661537,index,1,1
2013,33555.9075778857,27221.9204388555,41363.6846784844,10.4209682096975,0.106731748714731,index,1,1
2014,32047.8800431298,26628.2144323809,38570.6153098229,10.374986314861,0.0945219864972608,index,1,1
2015,32283.9514058316,27197.891601866,38321.1145051622,10.3823255252341,0.087466296291119,index,1,1
2016,31169.6975319706,26211.2338845521,37066.1697390418,10.3472016688956,0.0883987145635771,index,1,1
2017,37912.5735910512,31970.3750286126,44959.2235002082,10.5430380930711,0.0869776800946915,index,1,1
2018,36991.0173944824,31162.427343156,43909.781250703,10.5184303890301,0.0874822160513242,index,1,1
2019,38748.5311480908,30871.9869769089,48634.6624613955,10.5648481282073,0.115942766614049,index,1,1
2021,40275.6008285608,33835.2095164248,47941.8938225912,10.6035011260856,0.0889015749851714,index,1,1
2022,40260.3331322278,33577.583042519604,48273.1119111643,10.6031219736809,0.0926078352320257,index,1,1
2023,48350.3854734101,40390.520524691,57878.9217137783,10.7862294734124,0.0917767259461825,index,1,1
2024,44952.5596205789,37551.2322962741,53812.684507885,10.7133629820067,0.0917881702391239,index,1,1
2025,42894.9356856069,36254.668911861,50751.4083757194,10.6665090486612,0.0858105559235335,index,1,1
2003,25656.8465436024,21683.6614478625,30358.0544339689,10.1525657367595,0.0858441332703993,index,1,1
2004,26158.2220152398,21730.1693108571,31488.5986027131,10.1719188374831,0.0946251942147684,index,1,1
2005,28304.7652165989,23983.2027644687,33405.0352588317,10.2507854516686,0.0845303656051236,index,1,1
2006,29846.4863765119,25558.4065327421,34854.0018675311,10.3038224025629,0.0791345348499597,index,1,1
2007,27488.2686610402,23775.3053502489,31781.0813720471,10.2215145984935,0.0740380277258787,index,1,1
2008,25238.1384325979,21757.2140067086,29275.9739986275,10.1361115592837,0.0757212379723866,index,1,1
2009,25060.9802819196,21578.7013469964,29105.214562793,10.12906734508,0.0763306304625421,index,1,1
2010,24223.8969524591,20856.5932818802,28134.8528799837,10.0950949022841,0.0763633932437177,index,1,1
2011,28433.8398465519,24365.9318627539,33180.8876825771,10.255335258717,0.0787739261695976,index,1,1
2012,27634.6161036496,23805.9285958516,32079.0682086297,10.2268244724991,0.0760904508298326,index,1,1
2013,30032.0961199119,25419.1419524321,35482.1889363315,10.3100219594043,0.0850853236935285,index,1,1
2014,29070.5270061679,25057.1682347068,33726.6977856575,10.2774801222557,0.0757998110044823,index,1,1
2015,34023.0151407435,29111.5028303884,39763.1673641707,10.4347924904983,0.0795442316317271,index,1,1
2016,33884.9905840658,29331.2262850439,39145.7409834821,10.430727439691,0.0736337350118973,index,1,1
2017,37445.168943837,32254.3069087198,43471.4247991927,10.5306329804596,0.0761371743420794,index,1,1
2018,38257.6660480477,32975.8060629303,44385.5415892109,10.5520992387302,0.0758023198116024,index,1,1
2019,39546.1181812927,32560.3996424613,48030.5979159213,10.5852228187275,0.0991705593511925,index,1,1
2021,40301.3844683483,34837.6847740215,46621.9727459269,10.604141101398,0.0743310218392183,index,1,1
2022,45382.4250635331,38988.7808861111,52824.5422872627,10.7228801959438,0.0774764143634744,index,1,1
2023,52760.3320403083,45069.3627171043,61763.7452403374,10.8735149002214,0.0803876631031282,index,1,1
2024,47106.6301697717,40080.4613848119,55364.4975452437,10.7601690380333,0.0824121218643987,index,1,1
2025,45392.4602989649,38991.1358030295,52844.7148193364,10.7231012975278,0.0775584074761162,index,1,1
2003,15422.6869707026,10941.5310094337,21739.1216266901,9.64359488425249,0.175142948930719,index,1,1
2004,17976.1322771721,13032.6264204747,24794.7973969946,9.79680017238127,0.164079012635848,index,1,1
2005,20131.1066919412,15395.1105769101,26324.0367529506,9.91002149436761,0.136847540821972,index,1,1
2006,19371.3152108924,14916.0003445006,25157.4044202876,9.87154865347091,0.133348822293533,index,1,1
2007,18147.202626019,13930.3990945789,23640.4542981075,9.80627170252626,0.134922370126721,index,1,1
2008,20574.0859399181,15608.8245553514,27118.8269662505,9.93178759879502,0.140918859247216,index,1,1
2009,17221.127399497,12895.1456179982,22998.3621507753,9.7538922461927,0.147597628134483,index,1,1
2010,15756.2544507157,12106.5758045012,20506.1743571947,9.66499267340922,0.134435447081395,index,1,1
2011,16036.0538325494,12243.3673954996,21003.6188748976,9.68259483073789,0.137683753694288,index,1,1
2012,14290.8098059812,10672.0056120627,19136.7257790687,9.56737193873612,0.148978576655543,index,1,1
2013,14694.8172139596,10596.2777793197,20378.6327094144,9.59525014012031,0.166835756760025,index,1,1
2014,13920.8257338411,10251.6445377175,18903.2489761998,9.5411412520889,0.156098703905292,index,1,1
2015,10009.975521995,7608.68152193913,13169.1160501356,9.21133742695113,0.139947595596912,index,1,1
2016,12450.1294757274,9456.23962210162,16391.8989108619,9.4294863014956,0.140337385581374,index,1,1
2017,13798.5112977749,10506.7394029612,18121.5985980541,9.53231598835332,0.139055519567043,index,1,1
2018,13267.5641417808,10016.5422723595,17573.7548417297,9.49307754919429,0.143413000915396,index,1,1
2019,13166.8547492368,9109.06045339291,19032.2662665967,9.48545794687124,0.187979523291424,index,1,1
2021,15640.5117076746,11773.4074594115,20777.8085759153,9.65761973144609,0.144911371615469,index,1,1
2022,14337.9028774021,10444.3465074602,19682.9412711437,9.57066186060009,0.161658967293619,index,1,1
2023,14536.777709771,10818.2004589909,19533.5543082555,9.58443711096807,0.150743529424391,index,1,1
2024,15076.3780744195,11500.339225760301,19764.3888046103,9.62088443197252,0.138141630305299,index,1,1
2025,14514.3645362875,11290.487641414,18658.7846852162,9.58289409570619,0.128154521790076,index,1,1
2003,13184.8941685622,11188.4345355208,15537.6012331553,9.48682707210081,0.0837725490877775,index,1,1
2004,13521.935206903,11046.1725903717,16552.5869022773,9.51206847595914,0.103180059695517,index,1,1
2005,13908.6968790064,11695.8863592561,16540.1614661711,9.54026959821461,0.0884083247676559,index,1,1
2006,14261.7691586909,11998.4040933777,16952.092791078,9.56533775069726,0.0881693869647582,index,1,1
2007,14051.4278671338,11992.6130903376,16463.6867393263,9.55047929715217,0.0808347168527088,index,1,1
2008,11944.3390832994,10131.88801763,14081.0119386026,9.38801272824166,0.083965711015764,index,1,1
2009,12300.2773215329,10429.4915754106,14506.6344886195,9.41737708757243,0.0841772034753553,index,1,1
2010,11590.3469304981,9814.23773810657,13687.8834153068,9.35792786949219,0.0848681047527411,index,1,1
2011,13228.5714387272,11147.1360100699,15698.6603690333,9.49013427234667,0.087346701207982,index,1,1
2012,15233.0593036664,12988.5479089559,17865.437874623,9.63122329923398,0.0813280153997136,index,1,1
2013,16168.1047597376,13598.3337982579,19223.5030703054,9.69079573851185,0.088314474394719,index,1,1
2014,15723.9240550374,13333.203207066,18543.3150495715,9.66293865665457,0.0841474501803064,index,1,1
2015,18403.711624962,15405.1341589326,21985.955985873,9.82030764200252,0.090742239970261,index,1,1
2016,20142.3645778626,17130.6179717871,23683.6085805964,9.91058056642471,0.082633100212018,index,1,1
2017,19381.0052890308,16460.2466980719,22820.0325853827,9.87204875659843,0.0833409675054954,index,1,1
2018,21632.3197313053,18247.4121035924,25645.1300765708,9.9819437592117,0.0868205814704329,index,1,1
2019,20644.2573707961,16643.813683285,25606.2324718089,9.93519246629011,0.109899259463962,index,1,1
2021,21536.6828599482,18301.5027580419,25343.749895411,9.97751293977741,0.0830497334020137,index,1,1
2022,26355.9875916879,22113.0251833116,31413.0733436437,10.1794507612371,0.0895570908029239,index,1,1
2023,28466.4803393451,23949.5194010385,33835.3554967446,10.2564825456309,0.0881541758514387,index,1,1
2024,26545.9945313608,22211.7731040817,31725.9600283573,10.18663415018,0.0909488155353605,index,1,1
2025,26955.1628362429,22814.9028817606,31846.7629379757,10.2019301289079,0.0850836513539136,index,1,1
2003,27894.6393457428,21824.3107478295,35653.4010727667,10.2361898112031,0.125211490509645,index,1,1
2004,30612.4190855091,24153.1526955855,38799.084081397,10.3291610580723,0.120915926506953,index,1,1
2005,34527.1750295336,28261.0315281875,42182.6717234657,10.4495019749762,0.102176784692087,index,1,1
2006,34956.0324287137,28947.3610326685,42211.9377921284,10.4618463344479,0.0962323864767873,index,1,1
2007,31584.0434199254,26098.4793298989,38222.6024030803,10.3604073169766,0.0973359664209471,index,1,1
2008,33867.8852892168,27676.1666055292,41444.8167736637,10.4302225077604,0.103009850638326,index,1,1
2009,29981.8303598836,24476.81117227,36724.9698256129,10.3083468224909,0.103504635044499,index,1,1
2010,28389.8044726766,23562.8230977473,34205.6210604859,10.2537853622533,0.0950833317630925,index,1,1
2011,31241.3222403743,25872.4771399678,37724.2662172132,10.349496928294,0.0962068210458344,index,1,1
2012,26692.3666059643,21820.5609322978,32651.8844881121,10.1921329086049,0.102820737464134,index,1,1
2013,28558.8085741339,22694.0995279086,35939.1015347851,10.2597206989914,0.117277900928095,index,1,1
2014,27267.4286849716,22308.3286292429,33328.9274802674,10.2134481804138,0.102416581704416,index,1,1
2015,25629.2790377763,21393.6032772181,30703.5675797392,10.15149068934,0.0921667166936048,index,1,1
2016,26192.7554819307,21673.9923760796,31653.6255910738,10.1732381431905,0.096619035837137,index,1,1
2017,31862.6749525809,26564.9959239299,38216.8345909401,10.369190539531,0.092777650772112,index,1,1
2018,29892.9104585232,24924.844958886,35851.2198232436,10.3053766228535,0.0927344837874541,index,1,1
2019,32068.7155597338,25142.6413758517,40902.7238736676,10.3756362407387,0.124142943121429,index,1,1
2021,34405.2133160745,28548.344027276202,41463.6555519164,10.4459633817649,0.0952105101839121,index,1,1
2022,33364.3403492471,27414.0318788436,40606.1834267974,10.4152429544019,0.100222597095347,index,1,1
2023,38830.629410734,32068.6718162973,47018.4044126046,10.5669646319874,0.097619015865667,index,1,1
2024,35637.0137128305,29587.065539433,42924.052223964,10.4811400877495,0.0949239472895659,index,1,1
2025,32951.6619990094,27513.5447571924,39464.635984904,10.4027969786892,0.0920237724205261,index,1,1
2003,19664.6164510712,16720.873314015,23126.6114458043,9.88657618053491,0.082737777244838,index,1,1
2004,19653.4175329198,16202.6620166905,23839.0963364782,9.88600652242541,0.098509816613641693,index,1,1
2005,21346.1303834617,17907.7105800462,25444.7535496508,9.96862575555334,0.0896134312660815,index,1,1
2006,21926.1046900212,18692.5866100222,25718.969605844,9.99543320092076,0.0814050237175935,index,1,1
2007,20510.2302651188,17616.3154942416,23879.541988545,9.92867907797166,0.0776026043547282,index,1,1
2008,18391.9464247878,15763.5250597456,21458.6326351631,9.81966815347596,0.0786821314001447,index,1,1
2009,18720.9456357608,15986.8378100066,21922.6472215626,9.83739826348657,0.0805510912118557,index,1,1
2010,18826.9743448695,16035.2651672318,22104.7147824351,9.84304592604622,0.0818894013073289,index,1,1
2011,21700.384159851,18419.6855456425,25565.4023798746,9.98508524259079,0.0836290899093168,index,1,1
2012,22896.7734070685,19564.7666808952,26796.2425008919,10.0387512803604,0.0802390617168103,index,1,1
2013,24522.4103850742,20769.6452427648,28953.2442208408,10.1073426880358,0.0847438284034591,index,1,1
2014,24474.2148216391,20939.1146738365,28606.1373876601,10.1053753860522,0.079593902203508,index,1,1
2015,28596.4905279014,24220.3732761864,33763.2810686851,10.261039280464,0.0847412773331757,index,1,1
2016,28110.2771416972,24197.424201211,32655.8593349567,10.2438905230372,0.0764754126637821,index,1,1
2017,30530.0067900273,26085.1800297593,35732.217049518,10.326465308134,0.080278358318831,index,1,1
2018,32214.7971289811,27470.1621419662,37778.9234988159,10.3801811641443,0.0812900052340391,index,1,1
2019,32256.3062309694,26323.6328007064,39526.0524846007,10.3814688451536,0.103699071257989,index,1,1
2021,33069.6277749932,28357.8477472056,38564.2905951621,10.4063705502425,0.0784256568619381,index,1,1
2022,37477.8899735919,31861.8220823671,44083.8641695256,10.5315064373714,0.0828294124493038,index,1,1
2023,43731.6956636306,36948.2945163166,51760.4731328494,10.6858284194071,0.0859983407617822,index,1,1
2024,39692.9303421235,33378.9180467176,47201.3118262114,10.5889283737931,0.0883937621757901,index,1,1
2025,38921.0015280856,33096.405478376,45770.6611353608,10.5692892689618,0.0827103511042844,index,1,1
2003,21414.9170632339,16045.9900365862,28580.2665824634,9.97184301720676,0.147262278336852,index,1,1
2004,24480.9367594922,18699.0153949878,32050.6856624601,10.1056500022133,0.137463675637105,index,1,1
2005,27089.7415250784,21621.5442511851,33940.8733886032,10.2069103936928,0.1150352148583,index,1,1
2006,27291.6968973834,21980.1358034,33886.8115375078,10.214337791959201,0.110432327955682,index,1,1
2007,25125.2410219404,20228.6973147406,31207.0385249467,10.1316282382284,0.110599330184057,index,1,1
2008,27420.2779477281,21728.9564670721,34602.2895241217,10.2190380897436,0.118694548555705,index,1,1
2009,23561.1620456557,18603.5335514985,29839.941718864,10.0673549593699,0.120536981132415,index,1,1
2010,21153.1770583054,16993.3601644054,26331.2785306151,9.95954538871591,0.111720124586377,index,1,1
2011,22769.5095192503,18241.2648182685,28421.8539071919,10.0331776181692,0.113132698145081,index,1,1
2012,19028.6525025623,14939.8803006221,24236.446931117,9.8537011486692,0.123426605758681,index,1,1
2013,20204.5029487973,15251.1824248064,26766.5763897741,9.91366077680401,0.143496749909584,index,1,1
2014,18517.1379183698,14393.995106311,23821.3500946372,9.8264519562128,0.128515404422288,index,1,1
2015,15436.5001348371,12424.9926458219,19177.9217264127,9.64449012267921,0.110729005896016,index,1,1
2016,18224.8429180962,14543.9497702565,22837.3244294712,9.81054093780521,0.11510955140693,index,1,1
2017,20713.6734515845,16661.6832715157,25751.0757386908,9.93854931440085,0.111064473018542,index,1,1
2018,19310.4330608477,15395.6771512876,24220.6186407521,9.86840080193689,0.115593326810567,index,1,1
2019,20456.6666995603,15232.277156488,27472.9252991997,9.926064108323,0.150457946222825,index,1,1
2021,22872.2684010296,18212.9305128772,28723.5852263785,10.0376804688506,0.116223248031487,index,1,1
2022,22242.4379673431,17530.7709149531,28220.4387434624,10.0097573631904,0.121453460995015,index,1,1
2023,23565.4140864484,18812.5674675809,29519.0298731293,10.0675354112997,0.114928134024448,index,1,1
2024,22490.0779020677,17989.5041896367,28116.5950272524,10.020829508801,0.113923390597439,index,1,1
2025,20985.8233071672,17006.3202737619,25896.5356873303,9.95160240812496,0.107278539314478,index,1,1
