Year,est,lwr,upr,log_est,se,type,effort,replicate
2003,117562.820574104,87836.7604135619,157348.890330944,11.6747281128795,0.148723517193808,index,0.2,1
2004,102774.917500983,74784.0637228622,141242.440454661,11.5402966090509,0.162215490758177,index,0.2,1
2005,94623.8349028997,72265.6869314253,123899.329155033,11.4576646778809,0.137533126854097,index,0.2,1
2006,87809.4053252139,67140.7603222086,114840.696271014,11.3829238960411,0.13692971057552,index,0.2,1
2007,86841.2788094391,65846.2398797258,114530.574851864,11.3718373499252,0.141206546580541,index,0.2,1
2008,73423.1973126549,56044.1637106721,96191.3881246207,11.2039952043545,0.137808607652227,index,0.2,1
2009,53155.5827726397,41152.498390837,68659.6462033537,10.8809784163093,0.130583265727994,index,0.2,1
2010,59050.8631161182,46147.8513500204,75561.5772511366,10.9861544382184,0.125792493779849,index,0.2,1
2011,54092.881252929,41754.8757289764,70076.6018616818,10.8984578712029,0.132087306632733,index,0.2,1
2012,68170.9798095138,52370.9673952502,88737.7629119493,11.1297742372844,0.134526236167642,index,0.2,1
2013,70461.4348914783,50464.8814117029,98381.5609604244,11.1628208163129,0.170303058212969,index,0.2,1
2014,70077.4917388126,53258.0192418976,92208.7399852083,11.1573569335715,0.140029749225591,index,0.2,1
2015,71733.9005411377,54721.7542767671,94034.8597163038,11.1807187257424,0.138115861793206,index,0.2,1
2016,93787.8102859204,73159.68779501,120232.2429652,11.4487901722416,0.126732092595902,index,0.2,1
2017,81211.2714664566,62999.4429607713,104687.760768064,11.3048093276797,0.129557566486193,index,0.2,1
2018,89759.5016890619,68820.7782756909,117068.832194746,11.4048891691487,0.135527072485601,index,0.2,1
2019,60700.9049207705,39802.2542212994,92572.6426878777,11.0137138850216,0.21532796518501,index,0.2,1
2021,170318.733989768,132691.108752112,218616.540480266,12.0454268664125,0.127373591008699,index,0.2,1
2022,203556.369578415,158429.502336202,261537.118938966,12.2236982458926,0.127876458306062,index,0.2,1
2023,205744.952707524,158969.152292439,266284.275623168,12.2343925870478,0.131597895390831,index,0.2,1
2024,178099.112277584,137212.156522715,231169.705351964,12.090095484861,0.133069736064784,index,0.2,1
2025,130865.557511463,103413.718069664,165604.665052749,11.7819257966604,0.120121030968695,index,0.2,1
2003,18798.3272310852,12900.5457706255,27392.4152489423,9.84152316778941,0.192094484135392,index,0.2,1
2004,15320.2106251833,10202.8613603531,23004.2186510567,9.63692819158019,0.207404171367126,index,0.2,1
2005,12560.0511135727,8723.20935814198,18084.5004973214,9.43827650956587,0.185990159815155,index,0.2,1
2006,11729.4441184201,7910.26830741857,17392.5654580026,9.36985755079059,0.20099378033672,index,0.2,1
2007,11210.7471063097,7549.67882338753,16647.1784590748,9.32462816026021,0.201722002031298,index,0.2,1
2008,9876.0803355716,6653.92206026287,14658.567069361,9.197870984856,0.201488009308771,index,0.2,1
2009,7061.8904785278,4645.82712536356,10734.428075995,8.86246806780503,0.213648499574057,index,0.2,1
2010,8350.30155379227,5654.12995413145,12332.1424524946,9.03005293141942,0.198938047865444,index,0.2,1
2011,7446.65499345387,5237.50889386004,10587.6040910477,8.91552021637828,0.179553786096843,index,0.2,1
2012,9590.87442340965,6502.81130936735,14145.4007858276,9.16856734447256,0.198257455762227,index,0.2,1
2013,8972.06948733179,5573.52332145116,14442.9342523234,9.10187164052003,0.242906991204256,index,0.2,1
2014,9878.27936238652,6782.80513489932,14386.4376494136,9.19809362197081,0.191813519460773,index,0.2,1
2015,9360.55249329774,6268.12929279347,13978.6432102669,9.14425959479133,0.204609047539384,index,0.2,1
2016,12381.33628642,8308.40338439757,18450.89617643,9.42394547954282,0.203535751238853,index,0.2,1
2017,10466.6346298559,7149.84053144816,15322.0816594506,9.25594782238175,0.194443618986101,index,0.2,1
2018,15388.5459838695,10736.6319502156,22056.0179948154,9.64137874438841,0.183657468720661,index,0.2,1
2019,8476.1582778755,5278.91423166833,13609.8553601413,9.04501259286597,0.241604886104464,index,0.2,1
2021,25140.296912941,17587.8050778747,35935.9525576006,10.132227292453999,0.182282045848762,index,0.2,1
2022,30514.6915790695,21533.9538626442,43240.8469018332,10.3259635377366,0.177848839390983,index,0.2,1
2023,34137.0902497921,24282.7910532788,47990.4030869262,10.4381397627745,0.173787158398531,index,0.2,1
2024,25506.633765813,17791.3348333961,36567.7096269413,10.1466938449929,0.183792680475662,index,0.2,1
2025,16349.5267251226,10950.5480547595,24410.3786220376,9.70195422943076,0.204498372387028,index,0.2,1
2003,32796.0693326993,23652.2645842392,45474.8068559972,10.3980639497735,0.166763169591483,index,0.2,1
2004,28855.5417030769,20388.7112836834,40838.3970616307,10.2700573402517,0.177207685840528,index,0.2,1
2005,25004.5292170433,18304.1107803035,34157.7085535758,10.126812256123,0.159151551853335,index,0.2,1
2006,25063.5506112373,18585.0930629576,33800.2918314192,10.1291699028207,0.152581789786811,index,0.2,1
2007,25002.9531175195,18109.9271112231,34519.6124069135,10.1267492215749,0.164561031748696,index,0.2,1
2008,22144.0924362393,16463.8348529614,29784.1198119468,10.0053260327331,0.151229618423785,index,0.2,1
2009,15040.200888387,11162.6433812487,20264.7020994174,9.61848195435525,0.152122124028858,index,0.2,1
2010,16476.3121365057,12246.1137906872,22167.755931356,9.70967900029675,0.151388024766087,index,0.2,1
2011,15111.1850163001,11117.1740115467,20540.1041991141,9.62319047815457,0.156606999272104,index,0.2,1
2012,19295.5574824614,14241.4592956332,26143.285658453002,9.86763016614109,0.15496075958306,index,0.2,1
2013,21093.2451561071,14677.3023198795,30313.8125466703,9.95670813342843,0.185029223334318,index,0.2,1
2014,19214.531517051,13924.1150793798,26515.0222699962,9.86342212159586,0.164311492668774,index,0.2,1
2015,20674.516466882,15086.5261359904,28332.276581531,9.93665713228501,0.160768166755519,index,0.2,1
2016,28752.814947982,21920.8700670846,37714.0307343125,10.2664909526667,0.138419135091742,index,0.2,1
2017,23542.3802781464,17662.5309236158,31379.6290892717,10.0665574920212,0.146613262534589,index,0.2,1
2018,26094.9893326535,19096.9053836258,35657.5295626253,10.1694985952885,0.159297323136126,index,0.2,1
2019,18150.9144519201,11738.605273514,28065.9999858994,9.80647622144972,0.222370380168611,index,0.2,1
2021,50363.2470359702,38375.1682962527,66096.300410332,10.8270169625685,0.138702085478504,index,0.2,1
2022,55346.5766948008,41075.4856981266,74575.9544840432,10.9213700878917,0.152147346963018,index,0.2,1
2023,54777.3611528962,40481.1282054974,74122.4226667512,10.9110322699316,0.154309516937611,index,0.2,1
2024,50526.7743605092,37641.054328970196,67823.6827525032,10.8302586601215,0.15021095197228,index,0.2,1
2025,35607.6006209028,27188.8184596861,46633.1857656001,10.4803143946393,0.137631770299326,index,0.2,1
2003,65968.4240103192,47785.4711443475,91070.2115557153,11.0969314824412,0.164520656329724,index,0.2,1
2004,58599.1651727234,41413.9111388378,82915.6692645687,10.9784757292644,0.177096931772165,index,0.2,1
2005,57059.2545722839,42435.7169356742,76722.1286087828,10.9518455607544,0.151074150298169,index,0.2,1
2006,51016.4105955567,37961.2356113201,68561.3655125152,10.839902636331,0.150809829220082,index,0.2,1
2007,50627.5785856096,37427.0367720891,68483.9606472271,10.8322517381361,0.154137070856484,index,0.2,1
2008,41403.0245408442,30582.5291591478,56051.9514984913,10.631109213687,0.15455642741257,index,0.2,1
2009,31053.4914057247,23612.0872767903,40840.0713236946,10.343466525669,0.139774248499747,index,0.2,1
2010,34224.2494258202,26214.2766281084,44681.730698791,10.4406897193339,0.136038351024446,index,0.2,1
2011,31535.0412431751,23715.212443257202,41933.3720323263,10.3588546269509,0.14540197307014,index,0.2,1
2012,39284.5479036427,29454.2229321847,52395.7365144831,10.5785865374272,0.146938396631742,index,0.2,1
2013,40396.1202480395,28339.0891505035,57582.8856893613,10.6064890258734,0.180866411836288,index,0.2,1
2014,40984.6808593753,30444.6697313166,55173.6668510152,10.6209536382903,0.151680047539099,index,0.2,1
2015,41698.8315809581,31105.8128441859,55899.280431185,10.638228387753,0.149532543041329,index,0.2,1
2016,52653.6590515182,39944.0460550929,69407.2855736668,10.8714910128019,0.140949583670782,index,0.2,1
2017,47202.2565584544,35596.2678190044,62592.3210697,10.7621969788727,0.143982698814411,index,0.2,1
2018,48275.966372539,35625.3804474592,65418.7800924587,10.7846891251707,0.155041383834997,index,0.2,1
2019,34073.832190975,21534.4675695571,53914.7780844158,10.4362849842526,0.234124154651764,index,0.2,1
2021,94815.1900408574,71098.126114338,126443.842528656,11.4596849079058,0.14687445808576,index,0.2,1
2022,117695.101304546,89534.4401904478,154712.94444487,11.6758526721999,0.139530132959592,index,0.2,1
2023,116830.501304836,87516.4380818734,155963.454801144,11.6684794565933,0.147399411610505,index,0.2,1
2024,102065.704151262,76334.5169009939,136470.477404138,11.5333720432312,0.148212694988928,index,0.2,1
2025,78908.4301654373,61220.6418953984,101706.551228463,11.2760433473296,0.12949403755717,index,0.2,1
2003,101900.929632298,76472.5643089113,135784.637977891,11.5317563421554,0.146466478677896,index,0.2,1
2004,89681.2750090597,65302.4867702238,123161.176320132,11.4040172749628,0.161855973215008,index,0.2,1
2005,81499.6836852631,62388.5157386783,106465.081949049,11.308354418059,0.136338180393406,index,0.2,1
2006,77521.5277209173,59441.2140187512,101101.354664277,11.2583109538126,0.13549629097878,index,0.2,1
2007,76516.3882636466,57989.423003196,100962.50953541,11.2452602225402,0.141453778662422,index,0.2,1
2008,64577.6099194158,49351.5458001761,84501.2579705121,11.0756230340179,0.137195718167595,index,0.2,1
2009,46714.25728062,36202.8941528469,60277.5519566672,10.751804692152101,0.130058690144852,index,0.2,1
2010,50975.581276891,39753.8493474134,65364.988024386,10.8391019985535,0.126859496496997,index,0.2,1
2011,47501.7161856322,36729.7101854592,61432.9116452881,10.7685211195939,0.131216631144224,index,0.2,1
2012,60013.7698986155,46259.2166577199,77858.0537602533,11.0023293131838,0.132815354294333,index,0.2,1
2013,62561.5944308637,45121.1696554869,86743.1657383004,11.0439068613213,0.166737784391707,index,0.2,1
2014,61324.8716820801,46766.5611773085,80415.1468944938,11.0239407767002,0.138276548482911,index,0.2,1
2015,62878.4375005935,48022.0382136664,82330.9057588245,11.0489585778852,0.137524600471029,index,0.2,1
2016,82306.7449533451,64359.0532546004,105259.476674026,11.3182083389977,0.125499983720131,index,0.2,1
2017,71762.2708406675,55786.8491378357,92312.5000927253,11.1811141411688,0.128482309417781,index,0.2,1
2018,80164.343459888,61819.5416090966,103952.921601885,11.2918340997296,0.132583711256731,index,0.2,1
2019,53658.9216233945,35350.0748320707,81450.4603869583,10.8904030273072,0.212936177596348,index,0.2,1
2021,146861.874084476,114667.662553493,188094.965741041,11.8972477919515,0.126254595081428,index,0.2,1
2022,175566.307454209,137243.611071622,224589.895824151,12.0757720707839,0.125644789397789,index,0.2,1
2023,179090.933452725,138754.621157117,231153.111712584,12.0956489639462,0.130199651252868,index,0.2,1
2024,156207.337742304,120907.520272273,201813.19002813,11.9589394918676,0.130695388691977,index,0.2,1
2025,113691.778964442,89931.5041395448,143729.616531741,11.6412463725022,0.119615860246566,index,0.2,1
2003,15661.890941806,10054.9772457526,24395.3637962374,9.65898571205116,0.226107559282181,index,0.2,1
2004,13093.6424919235,8378.27423037121,20462.862517059,9.47988208543015,0.227802579935509,index,0.2,1
2005,13124.1512176368,8674.35042206542,19856.6275055309,9.48220941623625,0.211271072729827,index,0.2,1
2006,10287.8776042967,6609.80788781102,16012.6326509681,9.23872154946813,0.225724393104005,index,0.2,1
2007,10324.8905457929,6691.01707672639,15932.310971587,9.24231281688132,0.221326335243911,index,0.2,1
2008,8845.58739323943,5738.90949744017,13634.0216492937,9.08767401402588,0.22074361018793,index,0.2,1
2009,6441.32549201994,4225.44268189236,9819.24906281402,8.77048961966224,0.21511125301588,index,0.2,1
2010,8075.28183922708,5484.13834322972,11890.6877802334,8.99656305017243,0.197425966068433,index,0.2,1
2011,6591.16506729672,4348.04399748014,9991.49432929608,8.79348540508697,0.212250858262083,index,0.2,1
2012,8157.20991089837,5257.04888568595,12657.3054535665,9.00665746680524,0.224153285638961,index,0.2,1
2013,7899.84046061445,4644.61783187876,13436.5154598559,8.97459784339226,0.270991444169015,index,0.2,1
2014,8752.62005673278,5649.6579891611,13559.8222059626,9.07710836958511,0.223350063379546,index,0.2,1
2015,8855.46304054415,5766.5015345604,13599.0990711531,9.08878984027205,0.218865748489928,index,0.2,1
2016,11481.0653325754,7652.42421565184,17225.2422835182,9.34845446457282,0.206981709978658,index,0.2,1
2017,9449.00062578902,6179.20658682257,14449.0415673369,9.15366426101069,0.216697401666719,index,0.2,1
2018,9595.15822917386,6020.89235416441,15291.2651526155,9.1690138991004,0.23777127736525,index,0.2,1
2019,7041.983297376,3961.33873147007,12518.3762667324,8.85964512785419,0.293529790226589,index,0.2,1
2021,23456.8599052927,15825.7302538037,34767.7022034594,10.0629182643696,0.200782195971975,index,0.2,1
2022,27990.0621242072,18647.4144753385,42013.5230411215,10.2396048020214,0.207219124327657,index,0.2,1
2023,26654.0192547994,17750.763409087,40022.8838649006,10.1906952345375,0.207407602794074,index,0.2,1
2024,21891.7745352804,14282.5888907644,33554.8265072201,9.99386625325592,0.217896727843719,index,0.2,1
2025,17173.7785470217,11787.3426888652,25021.6420585408,9.7511389964842,0.192022617859094,index,0.2,1
2003,68418.116529071,51216.7334503912,91396.6657775943,11.1333929300771,0.14774319810283,index,0.2,1
2004,59779.621847226,43449.6627267616,82246.9718734151,10.9984201100773,0.162789594227551,index,0.2,1
2005,52372.9264952915,39752.1487033894,69000.6331518712,10.866145066852,0.140679060928781,index,0.2,1
2006,51337.3035584403,38761.1805475953,67993.7684925583,10.8461729317845,0.143369169319317,index,0.2,1
2007,50599.9738235881,37721.7007038513,67874.9182347016,10.831706337955,0.149857608074431,index,0.2,1
2008,44129.5378928907,33417.594421768,58275.1735526345,10.694884630713,0.141863224807156,index,0.2,1
2009,30983.9903634045,23695.1525646609,40514.9389192498,10.3412259101761,0.136839319102201,index,0.2,1
2010,34020.5012410454,26113.6401504883,44321.4541527767,10.4347185995581,0.134954281669219,index,0.2,1
2011,30844.9391974726,23448.9608662302,40573.6646294612,10.3367279704138,0.139873238704573,index,0.2,1
2012,39539.2748004149,30140.3207824276,51869.1975121311,10.5850497556463,0.138487565375485,index,0.2,1
2013,41829.2010712035,30029.7419225805,58264.9716659576,10.6413499648325,0.169088003908628,index,0.2,1
2014,40417.9431445816,30371.8291958982,53787.0181444075,10.6070291025916,0.145797738256447,index,0.2,1
2015,41162.3726519473,30959.260431656,54728.0813144137,10.6252798328917,0.14533552431916,index,0.2,1
2016,54534.6984753078,42315.8308985092,70281.813558753,10.9065924473351,0.129428857569349,index,0.2,1
2017,47646.552315301,36610.4044778117,62009.5292558321,10.7715655521163,0.134429918025866,index,0.2,1
2018,55402.1943831739,42417.7822577609,72361.2357623763,10.9223744817555,0.136253287147529,index,0.2,1
2019,36239.7905084734,23837.0022616531,55095.9555099259,10.4979129794689,0.213737912307909,index,0.2,1
2021,100044.001545344,77473.0451935618,129190.768482102,11.5133653836453,0.130451393378888,index,0.2,1
2022,116934.603177754,89904.5974134229,152091.23686368,11.669370110312,0.134117644018258,index,0.2,1
2023,118176.233018851,90694.386591499,153985.517465696,11.6799322894454,0.135044086108385,index,0.2,1
2024,106105.918774029,82062.2640515706,137194.191861506,11.5721931079098,0.131104221365288,index,0.2,1
2025,72516.8724235395,56438.1003222855,93176.3605802201,11.1915745368503,0.127897651071681,index,0.2,1
2003,49144.7040450328,34879.4250878092,69244.316085875,10.8025243689057,0.174937894929432,index,0.2,1
2004,42995.2956537577,29886.4314554027,61854.0039185528,10.6688459852897,0.185557555779119,index,0.2,1
2005,42250.9084076084,30907.0219543238,57758.3716705641,10.651381133326,0.159514384453149,index,0.2,1
2006,36472.101766774,26810.0090303943,49616.3282070464,10.5043029121607,0.157029591629772,index,0.2,1
2007,36241.304985851,26523.1793886822,49520.1637718413,10.4979547690519,0.15927866427614,index,0.2,1
2008,29293.6594197643,21331.3958890995,40227.9572636712,10.285126369531,0.161835176657291,index,0.2,1
2009,22171.5924092351,16468.2244706589,29850.1827466032,10.0065671272404,0.151726825631252,index,0.2,1
2010,25030.3618750724,18909.6499038547,33132.2377083968,10.127844841975,0.143072626086856,index,0.2,1
2011,23247.9420554563,17318.1416567575,31208.1296322557,10.0539718933541,0.150238480891148,index,0.2,1
2012,28631.7050090987,21033.149157796,38975.3586387797,10.2622699495533,0.157357455814409,index,0.2,1
2013,28632.2338202746,19424.3368418915,42205.034859715,10.2622884188094,0.197966078270004,index,0.2,1
2014,29659.5485942313,21693.8674258805,40550.1151797449,10.2975393962312,0.159571556524944,index,0.2,1
2015,30571.5278891906,22457.9111242758,41616.4402961451,10.3278243936552,0.157363184417051,index,0.2,1
2016,39253.1118106123,29221.2226972221,52729.0320046363,10.577786001867,0.150582089892374,index,0.2,1
2017,33564.7191511555,24883.4932292974,45274.6067971484,10.4212307690253,0.152692004180492,index,0.2,1
2018,34357.3073058879,24834.51375349,47531.6157597545,10.4445700059111,0.165605266323239,index,0.2,1
2019,24461.1144122972,15310.655289691,39080.372914827,10.1048399688042,0.239053208807592,index,0.2,1
2021,70274.7324444246,52273.7296155881,94474.5679417292,11.1601675885021,0.150981532713997,index,0.2,1
2022,86621.7664006617,65094.8877532848,115267.583574444,11.3693064070874,0.145770592400325,index,0.2,1
2023,87568.7196886733,64840.8790438274,118263.058443891,11.3801791319763,0.153312816697762,index,0.2,1
2024,71993.1935035553,52253.7348698679,99189.4631790072,11.1843268588567,0.163503111969895,index,0.2,1
2025,58348.6850879231,44602.9752309331,76330.5370070576,10.9741921025494,0.137061833621163,index,0.2,1
2003,87939.678177763,66067.5041806273,117052.809757511,11.3844063831621,0.14590783120895,index,0.2,1
2004,77797.8796069175,56738.751881807,106673.303000046,11.2618694553853,0.161052318768358,index,0.2,1
2005,69596.7573239553,53091.1180515903,91233.8788062956,11.1504732550641,0.138119032947504,index,0.2,1
2006,66309.0492033847,50456.3537392014,87142.4445171666,11.102081655599,0.1393993453911,index,0.2,1
2007,65572.4629312036,49247.6659172213,87308.6635636981,11.0909111144129,0.146070980761741,index,0.2,1
2008,55907.7227830343,42565.1215727811,73432.7390899165,10.9314578031435,0.139118550551152,index,0.2,1
2009,40166.3983361793,30911.7853381133,52191.7300360982,10.6007860627954,0.133621470681508,index,0.2,1
2010,44022.2884976572,34093.6027346252,56842.3906283974,10.6924513414088,0.130403569067096,index,0.2,1
2011,40680.0572242287,31229.811933588,52989.9782709448,10.6134932568535,0.134882493075891,index,0.2,1
2012,51432.5337255663,39374.6431887186,67182.9713542505,10.848026203073,0.1363029580988,index,0.2,1
2013,53927.0237184774,38866.272403914,74823.843586306,10.895386998944,0.167097396345049,index,0.2,1
2014,53451.891084782,40579.5464744441,70407.5059670448,10.8865372962723,0.140572919305563,index,0.2,1
2015,54434.4725860848,41414.2359591785,71548.1461168551,10.9047529193933,0.139478560369222,index,0.2,1
2016,71544.1914763509,55905.0683868205,91558.2697902837,11.1780706003664,0.125849392367856,index,0.2,1
2017,62158.7026832494,48079.8008647126,80360.2396386026,11.0374461142196,0.131037452113337,index,0.2,1
2018,70407.79890771,54194.7118103485,91471.2521099141,11.1620593159496,0.133533423787915,index,0.2,1
2019,46425.585711457,30501.0778338849,70664.2244051254,10.7456060024355,0.214334908683068,index,0.2,1
2021,128652.380058406,100281.129349538,165050.343988461,11.7648693177984,0.127112796762024,index,0.2,1
2022,153350.206059522,119636.783393443,196564.008421733,11.9404795132619,0.126667575807248,index,0.2,1
2023,155243.32504053,120254.415897186,200412.515331203,11.9527490039634,0.130300401459601,index,0.2,1
2024,136601.494792046,105953.682044265,176114.392811999,11.8248231688997,0.129627817220999,index,0.2,1
2025,98177.5335371818,77302.0868873861,124690.399438845,11.4945326854507,0.121969819790447,index,0.2,1
2003,29623.1423963407,20173.1142215239,43500.0047983464,10.2963111725505,0.196026640215675,index,0.2,1
2004,24977.0378940661,16739.5018652317,37268.2787686392,10.1257121975479,0.204180084051743,index,0.2,1
2005,25027.0775789446,17681.3986909999,35424.4945826223,10.1277136208751,0.177271204507485,index,0.2,1
2006,21500.3561218296,15229.1735931511,30353.9328997725,9.9758247777846,0.175950475551507,index,0.2,1
2007,21268.8158782359,15102.7046047472,29952.4185039087,9.96499723566368,0.174680820006312,index,0.2,1
2008,17515.4745296207,12284.0745022523,24974.7628884489,9.77084002802055,0.181014082041101,index,0.2,1
2009,12989.1844364603,9317.55770184218,18107.63267836,9.4718723237414,0.169501328688533,index,0.2,1
2010,15028.5746184606,10980.6769801604,20568.6821924288,9.61770864248539,0.160113285777463,index,0.2,1
2011,13412.8240287001,9628.67721481245,18684.1706717634,9.5039665453573,0.169118113131435,index,0.2,1
2012,16738.4460839474,11876.8321648317,23590.0931676745,9.72546351320838,0.175063731450341,index,0.2,1
2013,16534.4111730007,10689.8917348908,25574.3238208431,9.71319901383538,0.222527118359046,index,0.2,1
2014,16625.600654031,11622.9448716792,23781.4598760447,9.71869899443717,0.182637317657585,index,0.2,1
2015,17299.4279550531,12146.3874383692,24638.6186090776,9.75842871375727,0.180432723338186,index,0.2,1
2016,22243.6188095692,15811.4457003073,31292.4312629933,10.0098104513853,0.174146609789746,index,0.2,1
2017,19052.5687832072,13575.872695762,26738.6403344929,9.85495721572702,0.172915313079139,index,0.2,1
2018,19351.7027813519,13292.8832061807,28172.0974095116,9.87053569362251,0.191611490246892,index,0.2,1
2019,14275.3192093135,8691.52070193542,23446.384760082,9.56628739569721,0.253159855075084,index,0.2,1
2021,41666.3539313622,29790.449792717,58276.5638657114,10.6374492219409,0.171179715653909,index,0.2,1
2022,50206.1635188941,35718.8634572231,70569.4025876462,10.8238930774039,0.173706692424977,index,0.2,1
2023,50501.6276669934,35653.3796544371,71533.5943390217,10.8297608457736,0.177636745473273,index,0.2,1
2024,41497.6174855383,28733.1751795658,59932.5430000069,10.6333912945837,0.187546114982784,index,0.2,1
2025,32688.0239742811,23991.335400011,44537.2003487009,10.3947640504847,0.157817201631888,index,0.2,1
2003,113021.623106095,85849.331908933,148794.253903879,11.6353344343097,0.140301226072279,index,0.2,2
2004,148603.37767848,107673.358646871,205092.180043134,11.9090361410107,0.164379895412334,index,0.2,2
2005,94668.4530447494,72097.9693806866,124304.693722576,11.4581360984882,0.138959155213836,index,0.2,2
2006,87089.5997890898,65782.1681415623,115298.698806976,11.3746927503047,0.143160115604154,index,0.2,2
2007,88047.0516626534,65917.3934472236,117606.035388714,11.3856266285557,0.147690982176186,index,0.2,2
2008,62162.3394672639,47199.3349595869,81868.8748761383,11.0375046205505,0.140497244381788,index,0.2,2
2009,78525.2362430044,59029.6687424174,104459.551584587,11.2711753329092,0.145604653260557,index,0.2,2
2010,70673.4339324786,55046.8068767077,90736.1307077351,11.1658250235965,0.127495142336902,index,0.2,2
2011,71137.0502104814,53633.0429609666,94353.7721014915,11.1723635800726,0.144106193802936,index,0.2,2
2012,76868.4988986294,59120.6471583138,99944.2057375665,11.2498514343605,0.133939161305088,index,0.2,2
2013,70017.6553487443,50039.9451297143,97971.1717874046,11.1565027084973,0.171393884324062,index,0.2,2
2014,62708.8951442669,47399.3820668654,82963.2235430262,11.0462585848883,0.142805743402363,index,0.2,2
2015,83853.8101692314,62790.265265035,111983.305855103,11.3368302065199,0.147591935394823,index,0.2,2
2016,80790.1949115416,62375.5086941425,104641.320455601,11.299610887041,0.131983495943682,index,0.2,2
2017,118232.761673509,91395.6601966895,152950.215610469,11.6804105170679,0.13135814954784,index,0.2,2
2018,106286.470747826,79354.6894862356,142358.491188955,11.5738932819856,0.149089708447163,index,0.2,2
2019,86559.4050847238,61357.8244523526,122112.064361729,11.3685862211907,0.175568655323559,index,0.2,2
2021,114691.357032089,89130.6556527902,147582.302424701,11.649999947463,0.128645901768512,index,0.2,2
2022,227015.601921102,172387.725320074,298954.484258741,12.3327740250316,0.140447779329347,index,0.2,2
2023,180596.015982369,136665.291522921,238648.164616353,12.1040178598234,0.142210660036422,index,0.2,2
2024,224291.93240368,173151.306315571,290537.056935004,12.3207037519777,0.132034394407855,index,0.2,2
2025,177435.801236239,136686.242414515,230333.81417326,12.0863641392984,0.133125284149184,index,0.2,2
2003,16718.1851780484,11749.8777996555,23787.2870180583,9.72425233876483,0.179928928315836,index,0.2,2
2004,22430.3922277738,14598.5001623478,34463.9853338782,10.0181721141101,0.219135679882251,index,0.2,2
2005,12098.1845686234,8133.87047698058,17994.6398545076,9.4008106846774009,0.202564192569268,index,0.2,2
2006,13049.8788575596,8759.44985669815,19441.7846991563,9.47653412976213,0.203394425966527,index,0.2,2
2007,11988.9761286236,7812.68051254243,18397.7251318486,9.39174285059912,0.218493530796413,index,0.2,2
2008,8780.22622869841,5677.21573886379,13579.2571875298,9.08025745266378,0.222474112477886,index,0.2,2
2009,12424.0859773248,8069.68048762377,19128.131852146,9.42739228506575,0.220168901368105,index,0.2,2
2010,10307.6880033482,6878.93827614234,15445.4695927221,9.2406453038858,0.206343437116819,index,0.2,2
2011,10685.2444660342,7118.45302293197,16039.2221359196,9.27661904685831,0.207235102952525,index,0.2,2
2012,10718.4356704276,7021.68781167857,16361.4313683978,9.27972049771043,0.215800700375735,index,0.2,2
2013,9320.30500261663,5766.77538842347,15063.5458277401,9.13995063274681,0.244944443576393,index,0.2,2
2014,8502.6248520367,5528.32900880262,13077.1213615107,9.04813020092958,0.21964144436379,index,0.2,2
2015,12428.9290978773,7921.0930779169,19502.1415605794,9.42778202615746,0.229849905170266,index,0.2,2
2016,11954.9725364577,7886.43173613832,18122.4377677097,9.3889025826466,0.212250595329608,index,0.2,2
2017,26054.3478913396,16460.6822953642,41239.4232427493,10.167939938872,0.234295128583472,index,0.2,2
2018,16998.7844885069,11185.9449156765,25832.2990382104,9.74089711980599,0.213516050364295,index,0.2,2
2019,14329.6453382778,9242.59076426905,22216.5776629045,9.57008577091914,0.22373281514336,index,0.2,2
2021,16158.2057262876,11053.570549339,23620.2058988665,9.69018329412147,0.193715045647548,index,0.2,2
2022,32967.3861211137,21987.3289718249,49430.6765979311,10.4032740523986,0.20666320657194,index,0.2,2
2023,26696.8891297973,17817.9114795408,40000.4169976412,10.1923023256077,0.206301154288796,index,0.2,2
2024,44521.1228037572,29551.1006749976,67074.6716850466,10.7037190252816,0.209107288954799,index,0.2,2
2025,24134.9873396432,15831.4615977088,36793.6725418352,10.0914178235303,0.215138312423668,index,0.2,2
2003,34002.9812672244,24306.8035743502,47567.0415290351,10.4342034840844,0.17127453060764,index,0.2,2
2004,42607.803995362,29348.1740032981,61858.19128315,10.6597927078592,0.190211198785993,index,0.2,2
2005,29176.9454591761,21278.0014330418,40008.1816427457,10.2811341373369,0.161076998558315,index,0.2,2
2006,24950.2926909905,17800.7849759485,34971.32886034,10.1246408322127,0.172270000773365,index,0.2,2
2007,26268.190174519,18854.6030817191,36596.7828680368,10.1761139870638,0.169187613291596,index,0.2,2
2008,18225.4776528877,12791.2674101007,25968.3442638069,9.81057576519667,0.18064504475329,index,0.2,2
2009,21791.2481818093,15061.417135251,31528.1419442138,9.98926370862069,0.188458622363048,index,0.2,2
2010,20442.1673520353,14948.7434553571,27954.336583311,9.92535507353173,0.159682805665237,index,0.2,2
2011,20260.0585512161,14190.7393014435,28925.2000039877,9.91640666778942,0.181667521254914,index,0.2,2
2012,22208.8308443118,16119.439496422,30598.5929337516,10.0082452745444,0.163505060454933,index,0.2,2
2013,21700.1352437066,14721.4427595808,31987.073365394,9.98507377193801,0.197969643299712,index,0.2,2
2014,18111.5801691782,12857.463095819,25512.757359672,9.80430680102899,0.17481295387675,index,0.2,2
2015,25398.1789070495,17819.4144602355,36200.2631025828,10.1424327538635,0.180813991862362,index,0.2,2
2016,24298.2313895527,18014.7763264363,32773.3210760902,10.0981588443569,0.152661599689806,index,0.2,2
2017,30726.3586359431,22413.0638802937,42123.1617447306,10.3328761526899,0.160960547435442,index,0.2,2
2018,31315.1393383641,22122.1532690928,44328.3228288279,10.3518569445222,0.177310476860341,index,0.2,2
2019,24435.6293338494,16404.1492949309,36399.3261830283,10.1037975647992,0.203324132658762,index,0.2,2
2021,34377.0598279127,25026.0086963048,47222.1622214327,10.4451447554402,0.161979427697963,index,0.2,2
2022,64770.3060323072,46645.599885594,89937.5836908118,11.078602537074,0.16748708633868,index,0.2,2
2023,58223.7074458994,42346.8629797564,80053.1579013597,10.9720478952086,0.162451082806103,index,0.2,2
2024,64866.4915833401,47979.3276400122,87697.3883815446,11.080086460936,0.153860448639767,index,0.2,2
2025,50495.960178573,36947.1251685967,69013.2718775985,10.8296486155997,0.159393487839558,index,0.2,2
2003,62300.4566608226,45513.1156038587,85279.7451602712,11.0397240347779,0.160190809026632,index,0.2,2
2004,83565.1814553429,58630.5365667755,119104.138569688,11.3333822225482,0.180804996256382,index,0.2,2
2005,53393.3230169502,39215.1477837966,72697.5952891941,10.8854409799947,0.157463406591486,index,0.2,2
2006,49089.4282405397,35891.818625944,67139.868004382,10.8013989798166,0.159765346307179,index,0.2,2
2007,49789.8853595111,36023.0047798321,68818.0427830712,10.8155671371534,0.165132678300968,index,0.2,2
2008,35156.6355856776,26267.5070976143,47053.9142184676,10.4675686585312,0.148717363207828,index,0.2,2
2009,44309.9020838705,32719.8169780545,60005.4524754537,10.6989634543935,0.154710627166909,index,0.2,2
2010,39923.5785770949,30363.5790541799,52493.5523430018,10.5947223701224,0.139657289909427,index,0.2,2
2011,40191.7471932311,29532.4598361556,54698.3404500206,10.6014169598308,0.157233342769451,index,0.2,2
2012,43941.23238389,33020.9691564728,58472.9023023402,10.6906083925159,0.145773252537524,index,0.2,2
2013,38997.215102421,27207.7665768856,55895.1717498368,10.5712455149319,0.18367060330193,index,0.2,2
2014,36094.6901230518,26623.9631966186,48934.3620804209,10.4939010454984,0.155275345168319,index,0.2,2
2015,46026.7021643046,33597.6845625982,63053.6699091436,10.7369769888895,0.160597112815859,index,0.2,2
2016,44536.9909855315,33254.5023302072,59647.3688389416,10.7040753809525,0.149048624317786,index,0.2,2
2017,61452.0551462263,45706.3630690468,82622.0864694495,11.0260125586372,0.151033262925069,index,0.2,2
2018,57972.5469209551,41883.4816022779,80242.0445467349,10.967724848524,0.165859197793623,index,0.2,2
2019,47794.130412597,32836.4270929489,69565.3913694781,10.7746581162241,0.191515945675886,index,0.2,2
2021,64156.0914778886,48446.4091009445,84959.9413063408,11.0690743223227,0.143298971577779,index,0.2,2
2022,129277.909767681,95535.4446739079,174937.982556596,11.7697197053668,0.154322784359536,index,0.2,2
2023,95675.419406672,69314.3401980618,132061.934838969,11.4687166939443,0.16444669567941,index,0.2,2
2024,114904.318016583,85016.5027769719,155299.287404143,11.6518550437798,0.15370403701856,index,0.2,2
2025,102804.853718023,77233.7858800635,136842.158228479,11.5405878460445,0.145918785799583,index,0.2,2
2003,98862.9689107682,75306.775676699,129787.61252257,11.5014900178764,0.138862054536268,index,0.2,2
2004,130225.976725202,93853.6507070246,180694.143342081,11.7770265028748,0.167112541259931,index,0.2,2
2005,82918.0895034088,63232.6147184902,108732.014285736,11.3256085260456,0.138284695783776,index,0.2,2
2006,76947.9934831031,58147.4514844287,101827.226300043,11.2508850633338,0.142935143266031,index,0.2,2
2007,77300.7887134452,58003.4027517459,103018.29982795,11.2554594378022,0.146534571107633,index,0.2,2
2008,54874.4467734262,41709.6409040952,72194.4577660924,10.912803068749,0.139959454922042,index,0.2,2
2009,69536.0920620074,52416.6393548709,92246.816254668,11.1496012070027,0.144197467090868,index,0.2,2
2010,62030.3264696378,48217.0872495909,79800.7847718444,11.035378681046,0.128527839574728,index,0.2,2
2011,63026.2258492277,47625.6393369607,83406.8623560731,11.0513062020729,0.142951435611002,index,0.2,2
2012,68072.8847196296,52525.4792169338,88222.2818932044,11.1283342442664,0.132288448687297,index,0.2,2
2013,61799.0786227633,44255.7461004367,86296.7287898642,11.0316437343179,0.170361924795025,index,0.2,2
2014,55579.2277705998,42069.6701480107,73427.0211463087,10.9255648091841,0.142085505334867,index,0.2,2
2015,74518.5919152381,55855.1108814276,99418.3066401575,11.218803929143,0.14708822215527,index,0.2,2
2016,71092.8503198749,54900.1551011486,92061.5498679782,11.1717420526461,0.131875178336789,index,0.2,2
2017,105292.395257881,81448.3554355781,136116.787623915,11.5644964757409,0.131008556805968,index,0.2,2
2018,95308.9335493848,71464.7901305477,127108.647457402,11.4648788265855,0.146899977342599,index,0.2,2
2019,76442.3575876746,54455.7495958472,107306.098564981,11.2442922402082,0.173038140522034,index,0.2,2
2021,101650.525044527,79292.3375023796,130313.086576845,11.5292959842623,0.12673661861712,index,0.2,2
2022,196123.423308119,149300.010469484,257631.577179009,12.1864994507837,0.139179290683075,index,0.2,2
2023,160547.562692058,121921.523653387,211410.742861432,11.9863455184124,0.140417197756619,index,0.2,2
2024,199667.926432435,154379.382172121,258242.261919273,12.204410897754,0.131248598077079,index,0.2,2
2025,157420.085669395,121054.499293345,204710.138960707,11.9666732159054,0.134021383769501,index,0.2,2
2003,14158.6541953272,8961.40488731774,22370.0961114434,9.55808132002799,0.233371140744661,index,0.2,2
2004,18377.4009532776,11579.6676824907,29165.6785892224,9.81887697966918,0.235652762059313,index,0.2,2
2005,11750.3635413412,7409.71146837197,18633.7948438384,9.37163945878229,0.235255689915093,index,0.2,2
2006,10141.6063059869,6269.81762046907,16404.3333780319,9.22440167741841,0.245361208497836,index,0.2,2
2007,10746.2629492084,6514.41656466389,17727.1696133063,9.2823133404858,0.255382451671413,index,0.2,2
2008,7287.89269383774,4515.65771753308,11762.0473559518,8.89396971515381,0.244220602937376,index,0.2,2
2009,8989.14418099718,5387.20245301749,14999.3830399849,9.10377292615966,0.261224913544151,index,0.2,2
2010,8643.10746284074,5679.66642807489,13152.7630293482,9.06451745718694,0.214223158159921,index,0.2,2
2011,8110.82436125371,4960.74592270149,13261.2056420906,9.00095478944724,0.250843075317683,index,0.2,2
2012,8795.61417899966,5444.19046209795,14210.1620662271,9.08200848747931,0.244751506871293,index,0.2,2
2013,8218.57672598081,4868.90006915788,13872.743831548,9.01415232536753,0.26711153746673,index,0.2,2
2014,7129.66737366705,4407.70216474603,11532.5752419711,8.87201986066052,0.24536730413685,index,0.2,2
2015,9335.21825399348,5655.98528750884,15407.8017215063,9.14154943588392,0.25565767201935,index,0.2,2
2016,9697.34459166702,6229.18670715659,15096.4317735885,9.17960737357777,0.225823697989781,index,0.2,2
2017,12940.3664156289,8095.09843978526,20685.7376987227,9.46810688416318,0.239337488473817,index,0.2,2
2018,10977.5371984411,6431.61404677953,18736.5600713399,9.30360639103784,0.272773168977263,index,0.2,2
2019,10117.0474970493,5914.84173977077,17304.7149122062,9.22197715097092,0.273860711163487,index,0.2,2
2021,13040.8319875618,8211.46959531651,20710.4583355958,9.47584063617247,0.23600099427627,index,0.2,2
2022,30892.1786129837,19703.4432988791,48434.5139567953,10.3382583115248,0.229447902550394,index,0.2,2
2023,20048.4532903104,12485.0029463268,32193.8633944828,9.90590728713116,0.241649260988401,index,0.2,2
2024,24624.0059712457,15714.2991272637,38585.3460699348,10.1114770985756,0.229162756482485,index,0.2,2
2025,20015.7155668451,13022.9741703305,30763.2392119437,9.90427302231621,0.219291122249838,index,0.2,2
2003,67559.8583210282,51379.2863859444,88836.0811801007,11.1207692738359,0.139685675029842,index,0.2,2
2004,86753.06491242,61723.6576056507,121932.085097458,11.3708210275875,0.173675875822345,index,0.2,2
2005,55221.8248220157,41759.5571338373,73024.000874819,10.9191135313346,0.142568902322234,index,0.2,2
2006,52938.5613667632,39667.1328107288,70650.2104136089,10.8768873006246,0.14725222912953,index,0.2,2
2007,50796.3203812741,37758.5762164981,68335.8967107883,10.8355791975037,0.151335068616375,index,0.2,2
2008,35920.6986020732,26505.2338203855,48680.8226935392,10.4890689710598,0.155090337540987,index,0.2,2
2009,46051.0980970326,33707.7435928659,62914.4347826165,10.7375068871545,0.15919885236,index,0.2,2
2010,40932.1823114417,31346.3224559711,53449.4453418074,10.6196718862044,0.136134977560038,index,0.2,2
2011,41748.5257696192,30924.9368335509,56360.3221994497,10.6394194187482,0.153115703362857,index,0.2,2
2012,46009.9137028344,35229.4641448323,60089.252287216,10.7366121675302,0.136213781789536,index,0.2,2
2013,41661.1625321162,29380.768390988,59074.4408189058,10.6373246196612,0.17818134388725199,index,0.2,2
2014,35410.8115468385,26236.789940722,47792.6444980031,10.4747724634211,0.152989832868308,index,0.2,2
2015,51404.3341945733,37791.6190999676,69920.4119039624,10.8474777707399,0.156959583478943,index,0.2,2
2016,48411.3980242766,36877.2233538333,63553.1432553291,10.7874905613492,0.138850089761873,index,0.2,2
2017,73948.2273815769,56158.8927087874,97372.6522927285,11.2111204973524,0.140400628655165,index,0.2,2
2018,64710.4080287526,47574.6095766303,88018.3136448609,11.0776773335291,0.156953316645943,index,0.2,2
2019,51585.7715600058,36412.3144620364,73082.1939433585,10.8510011684839,0.177727175307215,index,0.2,2
2021,66715.9262232069,51007.4555869599,87262.0435699266,11.1081989773629,0.136977970247871,index,0.2,2
2022,129522.997348615,96241.6814651709,174313.31816704,11.7716137300588,0.151531308902783,index,0.2,2
2023,110996.031494863,83442.4445825869,147648.107258109,11.6172497273568,0.145582950947961,index,0.2,2
2024,138837.548995644,105803.056619232,182186.277287703,11.8410598163745,0.138637816810871,index,0.2,2
2025,102984.900677067,77548.8736869147,136763.943346027,11.5423376610973,0.144734300496156,index,0.2,2
2003,45461.7647850674,32232.4826745514,64120.7839383897,10.724626917266,0.175460834080983,index,0.2,2
2004,61850.3127660588,43184.6676442241,88583.78211395,11.032472434656,0.183284816403672,index,0.2,2
2005,39446.6282227343,28360.7958552083,54865.7550403989,10.5827038529821,0.168340241319136,index,0.2,2
2006,34151.0384223267,24325.6806722307,47944.9451399991,10.4385482722182,0.17309521288001,index,0.2,2
2007,37250.7312813796,26358.6044509786,52643.7954474496,10.5254268553299,0.176471002918188,index,0.2,2
2008,26241.6408651905,19305.8355343655,35669.2003343678,10.1751027740751,0.1566049621376,index,0.2,2
2009,32474.1381459719,23591.6005832355,44701.0640334872,10.3881993021865,0.163040384687451,index,0.2,2
2010,29741.2516210367,22123.5895545809,39981.8504046812,10.3002903045703,0.150967358587027,index,0.2,2
2011,29388.5244408622,21200.619101875,40738.6861987804,10.2883595519893,0.166622392764858,index,0.2,2
2012,30858.585195795,22263.3952381429,42772.1050675454,10.3371702789749,0.166569968596361,index,0.2,2
2013,28356.492816628,19378.8241179574,41493.2650177864,10.2526113064482,0.194225557650546,index,0.2,2
2014,27298.0835974281,19800.5527261089,37634.5740646711,10.2145717808127,0.163832933458196,index,0.2,2
2015,32449.4759746583,23220.332965578,45346.8299783149,10.387439573301,0.170745983696043,index,0.2,2
2016,32378.7968872654,23786.7588291856,44074.3732845372,10.3852590704964,0.157336930578922,index,0.2,2
2017,44284.5342919322,32180.746964609,60940.7848615219,10.6983907820301,0.162894396119215,index,0.2,2
2018,41576.0627190735,29618.922721429,58360.2924210922,10.6352798652275,0.173019071122724,index,0.2,2
2019,34973.6335247185,23530.7792691608,51981.0681971069,10.4623497287123,0.202190005813267,index,0.2,2
2021,47975.430808882,35525.1772526167,64789.0352504374,10.7784443006976,0.153292285264913,index,0.2,2
2022,97492.6045724884,71575.0913505598,132794.911846847,11.487531803570601,0.157670957094724,index,0.2,2
2023,69599.9844875057,49687.183339501,97493.1061711032,11.1505196234418,0.171950774486308,index,0.2,2
2024,85454.383408036,62507.6069142005,116825.007453432,11.3557379851571,0.159540914362718,index,0.2,2
2025,74450.9005591718,55291.9381895229,100248.549346783,11.2178951341998,0.151795003813737,index,0.2,2
2003,87283.056761944,66436.3013097045,114671.224127823,11.3769116423724,0.139243757527523,index,0.2,2
2004,112848.378179173,80978.3005167428,157261.345032015,11.6338004106685,0.169321431606359,index,0.2,2
2005,71269.110239508,53960.440557507,94129.8110588631,11.1742182760558,0.141947404871624,index,0.2,2
2006,67348.7166382191,50812.6285312663,89266.1876372745,11.1176391265451,0.143746993801866,index,0.2,2
2007,66044.2396068834,49212.3366552605,88633.0924663619,11.0980800935338,0.150094838364137,index,0.2,2
2008,47050.6812350084,35327.7015144523,62663.7598761621,10.7589806238674,0.14620571883269,index,0.2,2
2009,59075.736767082,43803.292836827,79673.0667617627,10.9865755737011,0.152610611010574,index,0.2,2
2010,53909.6180158341,41608.425965516,69847.557247702,10.8950641828304,0.132148453688967,index,0.2,2
2011,54291.7138120037,40769.9803135174,72298.0527824105,10.9021268941302,0.146138185927477,index,0.2,2
2012,60029.7931905478,46229.5216443797,77949.672467313,11.0025962711383,0.133279184499708,index,0.2,2
2013,53871.0132760053,38501.8612199475,75375.2151046659,10.8943478251506,0.171373538145313,index,0.2,2
2014,47441.3570189767,35678.7079157872,63081.9468326691,10.7672496382156,0.145380357775716,index,0.2,2
2015,65457.7885309243,48832.442445367,87743.3498058774,11.0891607639667,0.14949794542796,index,0.2,2
2016,62492.5330140409,48078.2613632284,81228.3258957007,11.0428023568118,0.133786616313071,index,0.2,2
2017,93281.7000363456,71538.2812055616,121633.83596913,11.4433792265077,0.135406181806825,index,0.2,2
2018,83079.5984725936,62037.2389017829,111259.298520602,11.3275544449571,0.149015153385474,index,0.2,2
2019,66485.5934047618,47267.2821120693,93517.8400971485,11.1047405626441,0.174067962626461,index,0.2,2
2021,89950.9500342653,69815.1885909217,115894.171101889,11.4070198011269,0.129294689319771,index,0.2,2
2022,172450.330084075,130791.671867314,227377.752126882,12.0578645324488,0.141075800061064,index,0.2,2
2023,141523.507577335,106828.087303272,187487.239569612,11.8602211135557,0.14349495965776,index,0.2,2
2024,176631.813980945,136194.344205247,229075.574997314,12.0818226980449,0.132647616955868,index,0.2,2
2025,137862.84071446,105661.27577423,179878.226063365,11.8340145620192,0.135727400675291,index,0.2,2
2003,25738.5663441515,17455.5214481015,37952.1058377973,10.1557457820135,0.198133482110335,index,0.2,2
2004,35754.9994993055,24106.9017712536,53031.2854520275,10.484445384479,0.201122024975327,index,0.2,2
2005,23399.342805242,16290.8643658909,33609.5882587802,10.0604632157053,0.184750055224505,index,0.2,2
2006,19740.8831508707,13352.9307752791,29184.7890275749,9.89044705113923,0.199470949854116,index,0.2,2
2007,22002.8120557701,14952.9917547915,32376.3796770911,9.9989255448889,0.197074472674134,index,0.2,2
2008,15111.6582322554,10602.7045734786,21538.1097290699,9.62322179327284,0.180797912651081,index,0.2,2
2009,19449.4994759227,13590.996794393,27833.3543585249,9.87557661482975,0.182867524895372,index,0.2,2
2010,16763.8159166444,12012.0277301018,23395.3442667219,9.72697802811164,0.170061436387065,index,0.2,2
2011,16845.3363984779,11512.3335857688,24648.8130546065,9.73182912586849,0.194215252679447,index,0.2,2
2012,16838.7057080814,11458.744196094,24744.597232568,9.73143542665263,0.196394947518076,index,0.2,2
2013,16146.6420727387,10411.7383919898,25040.3957926674,9.68946738583954,0.223870565544586,index,0.2,2
2014,15267.5381252898,10487.6603744571,22225.9028309967,9.63348416224759,0.191600214385898,index,0.2,2
2015,18396.0216383072,12357.0164519282,27386.352800741,9.81988970490979,0.203019235843027,index,0.2,2
2016,18297.6618975012,12771.9430465725,26214.0560519581,9.81452856550298,0.183433202729862,index,0.2,2
2017,24951.0616371639,17429.3061678538,35718.8904036684,10.1246716508621,0.183045873673493,index,0.2,2
2018,23206.8722752326,15384.487365146,35006.6211513216,10.0522037325503,0.209743020292425,index,0.2,2
2019,20073.8116799621,12818.290096683,31436.1675639449,9.90717134303862,0.228852674228434,index,0.2,2
2021,24740.4069978236,17233.5301789293,35517.2580465455,10.1161930968145,0.184483442312443,index,0.2,2
2022,54565.2718370269,37555.3531708698,79279.4805337649,10.9071529124284,0.190606412771925,index,0.2,2
2023,39072.5084050339,26824.0158063553,56913.9581516253,10.5731743888301,0.191902256566626,index,0.2,2
2024,47660.1184227353,32908.0220302995,69025.3241588848,10.7718502353902,0.188972093656785,index,0.2,2
2025,39572.9605217798,27676.1943423313,56583.6178590164,10.5859013489116,0.182438779021101,index,0.2,2
2003,112574.818877886,86698.1459638009,146174.865731042,11.6313733362667,0.133260386561955,index,0.2,3
2004,110095.192050529,80696.0532185516,150205.007917988,11.6091006528247,0.158500721975709,index,0.2,3
2005,105925.262667881,82397.4156558457,136171.276513375,11.5704890552451,0.128155264699041,index,0.2,3
2006,105366.095871274,81578.2793182127,136090.320265873,11.5651961922916,0.130552333418912,index,0.2,3
2007,93955.0608350126,71625.6173839791,123245.757299195,11.450571870714,0.138453460983456,index,0.2,3
2008,54134.3704208896,41484.9238782991,70640.8445984653,10.8992245758795,0.135787809267466,index,0.2,3
2009,71776.616414909,55231.2915703778,93278.3304081938,11.1813140253196,0.133690761391505,index,0.2,3
2010,82254.3258868591,64467.0003784448,104949.417335754,11.3175712616137,0.124319892464675,index,0.2,3
2011,86171.3234748624,67380.1741194901,110202.994967647,11.3640927269979,0.125505686756974,index,0.2,3
2012,71658.6048314486,54849.3516076576,93619.2588587101,11.1796685213902,0.136391729162656,index,0.2,3
2013,80744.3857884578,57172.4556570997,114034.910017822,11.2990437128283,0.176133948694739,index,0.2,3
2014,59487.3367554655,45885.2155509178,77121.6434699166,10.9935187412435,0.13246187196073,index,0.2,3
2015,78122.0471954084,60374.2047212039,101087.116363426,11.2660275904256,0.13148729972077,index,0.2,3
2016,68651.0612479776,53261.0873158273,88488.0209547101,11.1367918698964,0.129507785600314,index,0.2,3
2017,94997.391598771,74443.5519268212,121226.139497501,11.4616047133507,0.124394269668962,index,0.2,3
2018,103960.364167745,79935.180970938,135206.51591218,11.5517649917095,0.134080853734946,index,0.2,3
2019,92945.093108615,64466.9319224671,134003.435177569,11.4397642011011,0.186664916316171,index,0.2,3
2021,135381.368822008,105801.797998618,173230.65742569,11.8158510289733,0.12578202372088,index,0.2,3
2022,206313.545432508,157635.017573497,270024.260371497,12.2371523558109,0.137305957396973,index,0.2,3
2023,225015.588198586,176009.912064226,287665.70211046,12.3239249596694,0.125323409320605,index,0.2,3
2024,203746.523742123,159190.320685526,260773.681202678,12.2246319695692,0.125908547649721,index,0.2,3
2025,171204.279988739,134582.537480226,217791.297706576,12.0506127423115,0.122798068146234,index,0.2,3
2003,13165.0728369049,8827.86194923517,19633.195874345,9.48532260453226,0.203909091320306,index,0.2,3
2004,13954.8334772488,9306.68829111077,20924.4546810218,9.54358121306145,0.206683706694534,index,0.2,3
2005,11655.355467712,7683.83767767292,17679.6175006999,9.36352105016495,0.212578728233431,index,0.2,3
2006,12517.0284425036,8391.28284071079,18671.2811383644,9.43484527163539,0.204032617874224,index,0.2,3
2007,10622.5754338976,7314.74336402256,15426.2567028449,9.2707367732956,0.190355305976852,index,0.2,3
2008,6821.3619842304,4553.28326067283,10219.2147195841,8.82781443533184,0.2062336813574,index,0.2,3
2009,8402.47396235275,5614.47058721547,12574.9289432169,9.03628146079681,0.2057072919179,index,0.2,3
2010,11343.2564196343,7755.10819590046,16591.5758944011,9.33637869828381,0.194019723836669,index,0.2,3
2011,9820.28407308829,6827.65598199719,14124.6101927857,9.19220532894317,0.185446586052978,index,0.2,3
2012,8087.28885267404,5566.35357473547,11749.9257114105,8.99804883060733,0.190591954473849,index,0.2,3
2013,8426.64845805168,5253.08022520133,13517.4794961109,9.03915439875787,0.241118974320191,index,0.2,3
2014,7729.45656048775,5246.8722926309,11386.6881807619,8.95279383645653,0.197659964796835,index,0.2,3
2015,9313.09133012142,6273.24069069917,13825.9751856446,9.1391763592084,0.201599624101085,index,0.2,3
2016,8209.95490802006,5615.70857664397,12002.6455560847,9.0131027101074,0.193768691857122,index,0.2,3
2017,10141.9984365688,6731.86176567665,15279.5966209244,9.22444034220082,0.209102475479031,index,0.2,3
2018,16298.4050600352,11137.0827981225,23851.6685487659,9.69882253292973,0.194282611343494,index,0.2,3
2019,10853.6925936337,6807.48895548068,17304.8599399131,9.29226063227955,0.238005409189712,index,0.2,3
2021,19317.2425577573,13454.2168505496,27735.2345499014,9.8687533728266,0.184547021935105,index,0.2,3
2022,25166.9361797265,16914.1991551663,37446.3296112348,10.1332863556399,0.202747409608648,index,0.2,3
2023,32683.046170139,23560.2603692674,45338.2725919616,10.3946117566905,0.166990347904648,index,0.2,3
2024,28148.3759051509,20019.023899811,39578.90604772,10.2452449375927,0.173884135042023,index,0.2,3
2025,20566.0948600829,13931.3651938389,30360.5749981332,9.93139911824971,0.198728678427408,index,0.2,3
2003,33036.8848942716,24562.9482243196,44434.2329572933,10.405379940329,0.151219882560779,index,0.2,3
2004,29087.5167298281,20038.614526307,42222.6610725645,10.2780643827656,0.190130006627676,index,0.2,3
2005,28735.4865163024,21071.6066287459,39186.7691855132,10.2658881019383,0.158271452198317,index,0.2,3
2006,30342.7199294645,22189.5651226481,41491.6041675021,10.3203118971858,0.159663382499543,index,0.2,3
2007,26437.5361020802,18945.3612892657,36892.5830696514,10.182540101351,0.170016240237176,index,0.2,3
2008,14862.6985600883,10796.0985752355,20461.077392787,9.60660990071389,0.163099831640186,index,0.2,3
2009,21980.2678328095,16053.4013818371,30095.3151615991,9.99790041317953,0.160321508686213,index,0.2,3
2010,22609.7382899828,16617.9375789239,30761.9560558379,10.0261359902374,0.157093714313625,index,0.2,3
2011,24952.6548445277,18176.8511823775,34254.2818633943,10.1247355021132,0.161651619198899,index,0.2,3
2012,20342.2333599572,14560.3359640954,28420.1174403782,9.92045446494931,0.170614394777371,index,0.2,3
2013,25021.4574026493,16908.5827281125,37026.9549269599,10.1274890318308,0.199958983527565,index,0.2,3
2014,16228.1239538783,11825.2095651487,22270.3881577362,9.69450106256918,0.161488746554213,index,0.2,3
2015,21872.305910761,15897.9154035358,30091.8550458203,9.99297654527599,0.162775068764151,index,0.2,3
2016,21414.3158539485,15980.2451596793,28696.2383186537,9.97181494249029,0.149342734835693,index,0.2,3
2017,28362.8399211366,21254.0417800964,37849.3039919287,10.2528351138955,0.147213294983241,index,0.2,3
2018,29838.7534553726,21403.638489446,41598.1239923081,10.3035632791614,0.169516926001238,index,0.2,3
2019,27174.365772593,18306.8728155986,40337.0997647109,10.210029373082,0.20153306090351,index,0.2,3
2021,41768.6853280352,30637.7717589303,56943.5364869149,10.6399021829244,0.158121928480037,index,0.2,3
2022,57018.263872206,40732.3013506212,79815.82938355,10.9511269143042,0.171610404741012,index,0.2,3
2023,68775.902534294,50713.5330328009,93271.4501738089,11.1386087087062,0.155441953741998,index,0.2,3
2024,60726.8476620459,45463.7849825821,81114.0125790707,11.0141411801188,0.147691400880747,index,0.2,3
2025,48246.8057201105,35916.7342081721,64809.7415734544,10.7840849018836,0.150577410814421,index,0.2,3
2003,66372.8611467094,49363.0723190425,89243.9730721732,11.1030435342467,0.151066875130082,index,0.2,3
2004,67052.8418434535,47952.5028718681,93761.1872167963,11.1132362717558,0.171059263289861,index,0.2,3
2005,65534.4206838672,49757.1905411644,86314.3647713995,11.090330790217,0.140523257955749,index,0.2,3
2006,62506.3474993057,47136.4880782577,82887.8780959952,11.0430233905565,0.143992807466153,index,0.2,3
2007,56894.9492990352,42108.1287239091,76874.355470985,10.9489618516585,0.15355678556945,index,0.2,3
2008,32450.309876571,24189.3237372799,43532.536193337,10.3874652714417,0.149900011856608,index,0.2,3
2009,41393.8746197472,30901.2732928311,55449.2638474177,10.6308881928221,0.149153518229615,index,0.2,3
2010,48301.3311772424,36825.931676853,63352.6020187583,10.7852143998663,0.138398899610888,index,0.2,3
2011,51398.3845572463,39243.3782092954,67318.2089728662,10.847362022102,0.137667846601277,index,0.2,3
2012,43229.0826188178,32287.7512649325,57878.0965181126,10.6742687564978,0.148893316057895,index,0.2,3
2013,47296.2799277566,32635.606268863,68542.869299748,10.7641869229253,0.189303343171429,index,0.2,3
2014,35529.7562410991,26602.9356489127,47452.0404519157,10.4781258283414,0.147629741771968,index,0.2,3
2015,46936.6499545259,35349.4339831011,62322.0476459924,10.7565540981859,0.14465390232637,index,0.2,3
2016,39026.7904860089,29071.9797114947,52390.3219097467,10.5720036248183,0.150244358761842,index,0.2,3
2017,56492.5532410654,42953.0796378846,74299.8778806953,10.9418641074049,0.139798731947739,index,0.2,3
2018,57823.2056523365,42951.2902453474,77844.5325580082,10.9651454559625,0.151698444823402,index,0.2,3
2019,54917.0347423883,36846.5201168352,81849.8109274294,10.9135788661152,0.203607010047366,index,0.2,3
2021,74295.440936215,56130.0804987277,98339.6513039336,11.2158048686108,0.143052489096302,index,0.2,3
2022,124128.345380575,92727.2336868829,166163.116425406,11.7290713526908,0.148805724775136,index,0.2,3
2023,123556.639494153,92514.3461321057,165014.873923323,11.7244549493023,0.147623092459702,index,0.2,3
2024,114871.300174928,86042.3661037758,153359.515799035,11.6515676517393,0.147437693228697,index,0.2,3
2025,102391.379408544,78432.7847299044,133668.524116385,11.5365578025803,0.136002759835836,index,0.2,3
2003,97149.0255586463,75054.7539510357,125747.306734916,11.4840014244789,0.131649483191563,index,0.2,3
2004,95727.1776029719,70218.735051397,130502.102111687,11.4692575246161,0.158108563003675,index,0.2,3
2005,91321.7523243898,70866.644891726,117681.067875289,11.4221442892944,0.129384591930855,index,0.2,3
2006,91361.4195809906,70827.8952472441,117847.762646577,11.4225785630899,0.129885223578976,index,0.2,3
2007,81917.654473462,62425.0017695734,107497.027220018,11.3134698079477,0.138649825504979,index,0.2,3
2008,47406.6917070218,36483.6597788458,61600.0267579435,10.7665186729725,0.133624348711016,index,0.2,3
2009,62478.3231531497,48016.423451747,81295.9521642042,11.0425749460156,0.134327243500034,index,0.2,3
2010,70736.7710381965,55081.11931681,90842.2130663415,11.1667208162299,0.127634254461352,index,0.2,3
2011,75222.9925474726,59032.1412476898,95854.5376840547,11.2282122151664,0.12366292218224,index,0.2,3
2012,63201.1377047871,48478.7237915526,82394.5742539426,11.0540775816309,0.135307223886641,index,0.2,3
2013,70863.3534599097,50284.0880638903,99864.8888134096,11.1685087024466,0.175036245456132,index,0.2,3
2014,51861.1193507116,40103.3784465671,67066.0628727897,10.8563246429459,0.131180360807837,index,0.2,3
2015,68608.3866650742,53203.4691619723,88473.7554698554,11.1361700608344,0.129742780900593,index,0.2,3
2016,60296.9743867289,46926.7456179254,77476.6089640157,11.0070372054486,0.127907526104742,index,0.2,3
2017,83035.7637766661,65195.3854904495,105758.068828113,11.3270266828483,0.123411814723371,index,0.2,3
2018,92082.4547512548,71004.0929501279,119418.164794704,11.4304397019376,0.132628406665244,index,0.2,3
2019,81255.9728433543,56609.2486805149,116633.470265302,11.3053596094083,0.184407446854951,index,0.2,3
2021,117878.768861503,92328.0343883673,150500.378789114,11.677411992799,0.124649681916189,index,0.2,3
2022,177216.625053998,135300.772831808,232117.90692851,12.0851281335987,0.137692635986223,index,0.2,3
2023,196427.856517241,154107.248057327,250370.461495781,12.1880505004723,0.123801481771539,index,0.2,3
2024,177702.378344454,139429.763492408,226480.591218925,12.0878653980962,0.123751831190729,index,0.2,3
2025,149832.187321968,117484.729668968,191085.977053706,11.9172711956223,0.124087765736499,index,0.2,3
2003,15425.7933192402,10019.9044158101,23748.2404674893,9.64379627819598,0.220140495614357,index,0.2,3
2004,14368.0144475584,9073.14711832795,22752.8371879073,9.57275979607867,0.234537642378581,index,0.2,3
2005,14603.5103434915,9794.39418209984,21773.9362320357,9.58901721328241,0.203805650346852,index,0.2,3
2006,14004.6762902835,9118.85373644881,21508.2908076128,9.54714657355942,0.218905647536105,index,0.2,3
2007,12037.4063615505,7791.07032018394,18598.1060314285,9.39577427718105,0.221963645505663,index,0.2,3
2008,6727.67871386766,4224.06999873692,10715.1777528692,8.81398544692569,0.237469184983751,index,0.2,3
2009,9298.29326175949,6087.53592079433,14202.5047090647,9.13758614205853,0.216120029388192,index,0.2,3
2010,11517.5548486626,7964.29399546388,16656.0990550456,9.35162765900083,0.188219825392199,index,0.2,3
2011,10948.3309273897,7073.46325849056,16945.8645242494,9.30094229690411,0.222880016526725,index,0.2,3
2012,8457.46712666143,5393.52015571302,13261.9788437785,9.04280501376128,0.229520275098634,index,0.2,3
2013,9881.03232854832,5907.52497711212,16527.1920569256,9.19837227197873,0.262448717910043,index,0.2,3
2014,7626.21740475372,4886.35526587968,11902.3666393398,8.9393472483712,0.227119116331551,index,0.2,3
2015,9513.66053033405,6025.61310679138,15020.8344084395,9.16048399528922,0.23301932344001,index,0.2,3
2016,8354.08686124866,5328.452794097,13097.7546357553,9.03050614256695,0.229437863974888,index,0.2,3
2017,11961.627822105,7820.4942050838,18295.5880283813,9.38945912377028,0.216818318090923,index,0.2,3
2018,11877.9094164897,7479.50292093938,18862.8487210504,9.38243560238826,0.235980860717873,index,0.2,3
2019,11689.1202652606,6871.78338072894,19883.5622436677,9.36641379631013,0.271043171887775,index,0.2,3
2021,17502.599960505,11476.8211924711,26692.1476112596,9.77010471804801,0.215320276014051,index,0.2,3
2022,29096.9203785106,19184.4612621428,44131.0685739229,10.2783876186421,0.212520077329363,index,0.2,3
2023,28587.7316813455,18747.6737543048,43592.5231788796,10.2607329425866,0.215263131695266,index,0.2,3
2024,26044.1453976697,16835.2173277466,40290.3922349156,10.1675482771115,0.222616354055583,index,0.2,3
2025,21372.0926667705,14467.1900256536,31572.5682836182,9.96984126896432,0.199086648728076,index,0.2,3
2003,61007.4267440596,46959.7625731327,79257.3453099448,11.0187508856471,0.133525151054123,index,0.2,3
2004,56722.2806293295,40968.2712694165,78534.3637917733,10.9459223689543,0.166007741420266,index,0.2,3
2005,55259.6879651069,42017.2688206656,72675.668831171,10.9197989517931,0.139779597378262,index,0.2,3
2006,57663.5985660865,44061.9848469985,75463.9313489138,10.9623813793401,0.137262068788783,index,0.2,3
2007,50218.5072753485,37636.9113119824,67005.9892019177,10.8241389085611,0.147144732844636,index,0.2,3
2008,28996.2289882497,21833.5576514081,38508.671328916,10.2749210656254,0.14475656739133,index,0.2,3
2009,39429.6350991249,29741.7109393385,52273.2578237047,10.5822729724318,0.143863472182545,index,0.2,3
2010,45240.9569279743,34786.2793434146,58837.68607597,10.7197580822604,0.134073772812731,index,0.2,3
2011,46421.1600618718,35334.7060610025,60986.04861095,10.7455106700778,0.139232015371624,index,0.2,3
2012,38666.967837439,29471.408479139,50731.6914561398,10.5627409702893,0.13855616949213,index,0.2,3
2013,45112.2811190672,31938.988708507,63718.9212952034,10.7169097970483,0.176190501830776,index,0.2,3
2014,32153.2839683988,24478.5640278468,42234.2449817075,10.3782698696561,0.139143778097297,index,0.2,3
2015,41558.8962338592,31678.9988800521,54520.089562055,10.6348668864837,0.138501341965618,index,0.2,3
2016,39122.3440470274,30105.5423366318,50839.7353091903,10.5744490417562,0.133668005764706,index,0.2,3
2017,52040.1184420923,40391.0009318972,67048.94320478,10.8597702086056,0.129292130201373,index,0.2,3
2018,59893.2796283847,45622.2127186554,78628.4735193706,11.0003195846272,0.138864585703277,index,0.2,3
2019,51804.2521826539,35827.3486540941,74905.9208961959,10.8552275133467,0.188146673421811,index,0.2,3
2021,78228.7245299009,60290.047428264,101504.868591398,11.2673921804417,0.132895228863509,index,0.2,3
2022,107769.443459252,80422.8212483331,144414.890739209,11.5877494414247,0.149337529909166,index,0.2,3
2023,130037.064308363,101625.22748636,166392.130302555,11.7755747988659,0.125781756947935,index,0.2,3
2024,115949.473500253,90245.3716303234,148974.735901786,11.6609098019252,0.12787082461544,index,0.2,3
2025,95501.4977833052,73952.5765708327,123329.524159566,11.4668972099407,0.130470713930993,index,0.2,3
2003,51567.3921338265,37386.1859292788,71127.7672591175,10.8506448163234,0.16407865851994,index,0.2,3
2004,53372.911421201,37629.6186666203,75702.8047191533,10.8850586194834,0.178325659279402,index,0.2,3
2005,50665.5747027749,37910.030954589,67712.9613277651,10.8330019590091,0.147977685436309,index,0.2,3
2006,47702.4973051874,35159.5179320073,64720.1208376039,10.7727390299124,0.155660201568791,index,0.2,3
2007,43736.5535596641,31917.6866764144,59931.8533536108,10.6859394973372,0.160729443718376,index,0.2,3
2008,25138.1414326399,18463.5275869014,34225.6457609821,10.1321415507177,0.157446243809929,index,0.2,3
2009,32346.9813157846,23909.6466702088,43761.7173802671,10.3842759823072,0.154206251664974,index,0.2,3
2010,37013.3689588851,27786.2543825635,49304.5756662423,10.519034449578,0.14629744276447,index,0.2,3
2011,39750.1634129904,30102.5509087232,52489.7539796724,10.5903692310927,0.141841400322315,index,0.2,3
2012,32991.6369940098,23859.800711935,45618.4913145592,10.4040093839073,0.165339283394006,index,0.2,3
2013,35632.1046693903,23792.7736958942,53362.7100143221,10.4810023270038,0.206057429042865,index,0.2,3
2014,27334.0527870662,20069.8476399501,37227.5094046494,10.2158885587099,0.15761244125785,index,0.2,3
2015,36563.1509615491,26942.7821573782,49618.6325683864,10.5067962078923,0.155781174199384,index,0.2,3
2016,29528.7172009501,21608.8232649076,40351.3476344505,10.2931185332577,0.159320039025767,index,0.2,3
2017,42957.2731566785,31895.7052723322,57855.0403981258,10.6679612531616,0.151908201763975,index,0.2,3
2018,44067.0845393596,31940.3221002659,60798.00741217,10.6934684004255,0.164209085832295,index,0.2,3
2019,41140.8409259613,27164.8901426697,62307.2202098334,10.6247566035902,0.211777355075416,index,0.2,3
2021,57152.6442921063,42448.556107189,76950.1968767045,10.9534809374808,0.151754196827486,index,0.2,3
2022,98544.1019732554,72810.6312273539,133372.556589883,11.4982594627255,0.154412126063031,index,0.2,3
2023,94978.5238902234,69394.643052925,129994.472246017,11.4614060807129,0.160125966146253,index,0.2,3
2024,87797.0502418707,64597.8180090614,119327.90098409,11.3827831827248,0.156557606616468,index,0.2,3
2025,75702.7822054328,56804.1894035568,100888.883264028,11.2345701917942,0.146535770537332,index,0.2,3
2003,82777.0652382381,63973.8303738064,107106.96060277,11.3239063121282,0.131470239173157,index,0.2,3
2004,81565.6721268881,59354.6137409543,112088.318838145,11.30916376772,0.162185956154561,index,0.2,3
2005,76862.1346968286,59125.3966303922,99919.6299195167,11.2497686375665,0.133855930786327,index,0.2,3
2006,77455.345771518,59622.1586337769,100622.498850397,11.2574568656906,0.133509745403645,index,0.2,3
2007,68130.1331517585,51274.9023615146,90526.0630346957,11.1291748781436,0.145011950045507,index,0.2,3
2008,39433.771523155,29964.7834451147,51894.9966512744,10.5823778734045,0.140104506833788,index,0.2,3
2009,52145.3611643891,39522.4955446329,68799.7722181751,10.861790504687,0.141413419140774,index,0.2,3
2010,60784.6885223166,47061.2011873522,78510.073383933,11.0150932027243,0.130558019532011,index,0.2,3
2011,63849.8669647403,49535.9095013522,82300.0032189526,11.0642897778992,0.129510873608177,index,0.2,3
2012,53732.8458651031,41308.0510433992,69894.8183667528,10.891779748356,0.13416932655979,index,0.2,3
2013,59445.0590671917,42109.0279435822,83918.2289421736,10.9928077879366,0.175916676790841,index,0.2,3
2014,44170.158611193,33996.4704088312,57388.3961563003,10.6958046955099,0.133570162957266,index,0.2,3
2015,57742.9832506677,44558.8350984781,74828.0808355506,10.9637571188491,0.13224293351733,index,0.2,3
2016,51599.3700516553,39934.9765184319,66670.7538565546,10.8512647430939,0.130745728880009,index,0.2,3
2017,70513.4522572413,54955.2679357596,90476.2570723241,11.1635587827575,0.127188030843597,index,0.2,3
2018,79621.8587388706,61458.1491820362,103153.779822672,11.285043941407,0.132110703260842,index,0.2,3
2019,69282.0488966779,48064.6922048254,99865.4538110153,11.1459411169427,0.186553417856242,index,0.2,3
2021,102420.967978927,79734.6132763976,131562.11901821,11.5368467360452,0.127751159185022,index,0.2,3
2022,150424.793063565,114125.119658509,198270.27069872,11.9212185244091,0.140904557534932,index,0.2,3
2023,170794.082098191,133770.705945173,218064.32337824,12.0482139115993,0.124661192728651,index,0.2,3
2024,154951.832646417,121508.561900424,197599.823954458,11.9508695904865,0.124047984967099,index,0.2,3
2025,130551.276657437,102134.222590299,166874.877045428,11.7795213531483,0.125246290298169,index,0.2,3
2003,29797.7536396485,20616.1820453716,43068.4071383877,10.3021882884323,0.187940548269864,index,0.2,3
2004,28529.5199236425,19478.0103560093,41787.3023063878,10.2586946169942,0.194724589740622,index,0.2,3
2005,29063.1279710529,20975.5813307636,40268.9867871732,10.2772255697024,0.166386385623166,index,0.2,3
2006,27910.750099756,19799.4117893124,39345.1067850175,10.2367672018323,0.175186736036887,index,0.2,3
2007,25824.927683254,18358.3646824799,36328.2297405159,10.1590954937227,0.174112843801535,index,0.2,3
2008,14700.5988977347,10388.1191280452,20803.343250911,9.59564351327942,0.177159108764006,index,0.2,3
2009,19631.25525052,14165.0217172535,27206.8896471692,9.88487823074417,0.166506776599948,index,0.2,3
2010,21469.6373645426,15636.6221731528,29478.574302088,9.97439500039681,0.161749902399936,index,0.2,3
2011,22321.456510122,16097.3017047168,30952.2322357461,10.013303670196,0.166787110287781,index,0.2,3
2012,17925.7589663454,12163.4238293906,26417.9592051273,9.79399400579017,0.197863495474379,index,0.2,3
2013,21299.3267212663,13707.1473164716,33096.6982629633,9.96643074186771,0.224880695581675,index,0.2,3
2014,15317.1781442721,10683.1160847178,21961.3776020824,9.63673023209063,0.183835211637865,index,0.2,3
2015,20379.0639447406,14198.776777033,29249.4384400491,9.92226337563066,0.184366795035291,index,0.2,3
2016,17051.6911963221,11931.06947389,24370.0008026129,9.74400466819274,0.182199017011414,index,0.2,3
2017,24483.9393415299,17528.533803958,34199.2828598336,10.105772644494,0.17050686235162,index,0.2,3
2018,24338.5054288739,16452.552875156,36004.3119755486,10.099814960748,0.199788888829,index,0.2,3
2019,23663.0442119371,15061.5466132609,37176.7704707758,10.0716697941728,0.230498930027129,index,0.2,3
2021,32960.4008430809,23449.0844712286,46329.6562844294,10.4030621454507,0.173715138014117,index,0.2,3
2022,55888.7523689427,39432.1498587935,79213.3488167,10.9311184290399,0.177953106780014,index,0.2,3
2023,54221.5061003952,38038.5192506238,77289.3314911826,10.900832900247,0.180859604184256,index,0.2,3
2024,48794.6910957071,33915.4174602816,70201.7565289823,10.7953767969009,0.185591070779655,index,0.2,3
2025,40653.0033313015,28978.9470311465,57029.9078872165,10.6128279949356,0.172708843999217,index,0.2,3
2003,114601.853054288,94459.3681757639,139039.514842387,11.6492192528902,0.0986213011000034,index,0.4,1
2004,92306.8756122301,73983.8120623845,115167.886700769,11.4328739097234,0.112896113972872,index,0.4,1
2005,111951.072332202,92074.2265667986,136118.90171282,11.6258172006519,0.099729822053101,index,0.4,1
2006,99932.1445696337,83327.6381867647,119845.392664356,11.5122466803444,0.0927114567898519,index,0.4,1
2007,81205.617193517,67356.3190561333,97902.5035243453,11.3047397010172,0.0954036405313115,index,0.4,1
2008,70032.9180245543,58205.9269213587,84263.0616236126,11.1567206679887,0.0943783680601189,index,0.4,1
2009,59368.4197648396,49246.1911332186,71571.2054936306,10.9915177101822,0.0953744076134487,index,0.4,1
2010,61160.5733090121,50943.9850022552,73426.0526992825,11.0212580339201,0.0932548049630064,index,0.4,1
2011,65948.630600754,54781.3060437012,79392.4459311933,11.096631393726,0.0946584279308069,index,0.4,1
2012,70150.7095114583,58913.9704975547,83530.6465240748,11.1584011996841,0.0890667733873029,index,0.4,1
2013,77183.1887596414,62162.6674967371,95833.156249595,11.2539369501184,0.110423994679561,index,0.4,1
2014,76252.2888196493,63311.1665165139,91838.6419040091,11.241802711326,0.0948924133068258,index,0.4,1
2015,81309.0221773392,67411.5594981476,98071.5642339753,11.3060122632698,0.095634652802856,index,0.4,1
2016,86570.7503452412,72691.901785009,103099.446173572,11.3687172816696,0.0891506262150718,index,0.4,1
2017,102018.628649227,85034.6792479214,122394.776854801,11.5329107094068,0.0929079653628724,index,0.4,1
2018,87622.2802728101,72893.2108769397,105327.559423449,11.3807905855991,0.0938995831815903,index,0.4,1
2019,84554.3604525689,64265.0673338268,111249.239565952,11.3451499254696,0.13999157195618,index,0.4,1
2021,150705.18384303,127535.517106716,178084.136501027,11.9230807824505,0.0851702446758872,index,0.4,1
2022,230798.657611873,193754.063186028,274925.952413698,12.3493009973594,0.0892649459179125,index,0.4,1
2023,225128.766221905,187995.138170269,269597.192107666,12.3244278118082,0.0919692568581807,index,0.4,1
2024,219406.580366906,185024.107105878,260178.245209703,12.29868181893,0.086960993172839507,index,0.4,1
2025,172450.46594735,145729.531340846,204070.945208087,12.0578653202886,0.0858983450897396,index,0.4,1
2003,16552.9625211487,12406.4319361006,22085.3642399197,9.71432036908486,0.147120074512928,index,0.4,1
2004,13968.8429955106,10022.0151144583,19469.9940485744,9.54458462817055,0.169413911246941,index,0.4,1
2005,16111.8512969618,11890.7663893478,21831.3726563465,9.68731038558121,0.154999246791505,index,0.4,1
2006,13332.1352896381,9709.91035693986,18305.6099229769,9.49793258711377,0.16175310383596,index,0.4,1
2007,11012.2970304344,7946.42346195672,15261.0399467252,9.30676783924003,0.166477861017071,index,0.4,1
2008,9029.53497925757,6535.15765218016,12475.9808838638,9.10825614777133,0.164954254400893,index,0.4,1
2009,7007.31560317151,4951.29731677836,9917.0921923954,8.85470996848245,0.177199716831342,index,0.4,1
2010,8079.78067104933,5653.69972865642,11546.9265835553,8.9971200064746,0.18217405024779,index,0.4,1
2011,9209.666576895,6830.15400544174,12418.1619316344,9.1280089263025,0.152506080707955,index,0.4,1
2012,8981.44370317571,6629.69816037604,12167.421357949,9.10291591710215,0.154901500074399,index,0.4,1
2013,9007.34445912776,6207.63576725285,13069.7510690586,9.10579557454396,0.189932156330724,index,0.4,1
2014,10642.2288017344,7888.52792170957,14357.1823529682,9.27258521480627,0.152768314076533,index,0.4,1
2015,12036.7798540886,8552.39177223247,16940.7661756323,9.39572222911126,0.174368493275169,index,0.4,1
2016,11081.8936404447,7818.51477245157,15707.3779652936,9.3130678518758,0.177971618827042,index,0.4,1
2017,14874.2610185387,10776.5609873967,20530.0782973684,9.6073875497538,0.164420763134678,index,0.4,1
2018,15363.3180597287,11444.9014322003,20623.2917952712,9.63973800288639,0.150226425159641,index,0.4,1
2019,12018.4607142839,8433.72708955174,17126.8759834226,9.39419913951305,0.180720190212044,index,0.4,1
2021,21123.8833888598,15771.5414413882,28292.6339878969,9.95815959349629,0.149082929812556,index,0.4,1
2022,34416.4655798397,25187.6332421029,47026.7726873333,10.4462903794216,0.159279442479522,index,0.4,1
2023,40313.0834937275,30273.5193649605,53682.0539819112,10.6044313476964,0.14612650483615,index,0.4,1
2024,27565.763801262,20908.1006766315,36343.3936778512,10.224329839737,0.141042328775292,index,0.4,1
2025,22149.3887463529,15914.0462640574,30827.8242815654,10.0055651789911,0.168680532160887,index,0.4,1
2003,33240.4857920033,25923.8900990341,42622.0714355499,10.4115238635438,0.126840924281422,index,0.4,1
2004,24889.3326704059,19060.8741540592,32500.0246983011,10.1221945838494,0.136125738289268,index,0.4,1
2005,29503.5336161782,23073.9591291581,37724.7134299104,10.2922653187537,0.125413206824759,index,0.4,1
2006,29752.8994112069,23243.8052183778,38084.772052447,10.3006818654252,0.125965545326053,index,0.4,1
2007,20628.4637783675,16460.9642103607,25851.0687719973,9.93442713787174,0.115145017018294,index,0.4,1
2008,20584.1753914933,16322.4061093747,25958.6897733418,9.93227787469351,0.118361268727387,index,0.4,1
2009,17344.9509479958,13564.3939083403,22179.1939559789,9.76105673138001,0.125437604861292,index,0.4,1
2010,16637.4573279801,13065.3829636469,21186.1364577327,9.71941189789047,0.123313698665185,index,0.4,1
2011,17210.7409910185,13444.2047199323,22032.5122705671,9.75328894411941,0.126015339941322,index,0.4,1
2012,18876.8264877229,15025.9194346894,23714.6605102215,9.84569033699703,0.116409478750134,index,0.4,1
2013,22159.9006524183,16846.6721374593,29148.8546175927,10.0060396576571,0.139865447939341,index,0.4,1
2014,20887.1489319476,16149.5260728133,27014.6002141695,9.94688936519556,0.131249035360383,index,0.4,1
2015,20907.2119296282,16191.2598020032,26996.7572638361,9.94784944683376,0.130422085108135,index,0.4,1
2016,28322.5762797814,22903.1408607668,35024.380804388,10.2514145140014,0.108361776056734,index,0.4,1
2017,27924.3033554206,22132.1925575471,35232.2399083615,10.2372526766404,0.118606348933237,index,0.4,1
2018,24036.6072452627,18919.0813467951,30538.4007432731,10.0873332491246,0.122148653850346,index,0.4,1
2019,25146.726931658,18267.2892885928,34616.9519398949,10.1324830251763,0.163072259933522,index,0.4,1
2021,51000.45240769,40526.3040834687,64181.6766816904,10.8395897824061,0.117289531035018,index,0.4,1
2022,69576.7331782982,55249.0144372965,87620.0571008952,11.1501854970188,0.11764487401586,index,0.4,1
2023,57716.7457119234,45208.1583453098,73686.318078481,10.9633026307011,0.124629732346813,index,0.4,1
2024,59857.1807946865,48191.4928697574,74346.7753192644,10.9997166836502,0.110603509746525,index,0.4,1
2025,45901.8746351003,36990.6944517729,56959.7874882686,10.734261236938,0.11012425735845,index,0.4,1
2003,64808.4047411361,51176.1771211872,82071.9631938282,11.079190576725,0.120492604171955,index,0.4,1
2004,53448.6999463138,41203.4114774529,69333.1795478719,10.8864775933569,0.132758183644639,index,0.4,1
2005,66335.6874190629,52376.7011391086,84014.9022305247,11.1024833031384,0.120546177543099,index,0.4,1
2006,56847.1098687884,45795.9117976972,70565.1175744601,10.9481206600463,0.1102931266555,index,0.4,1
2007,49564.8563847149,39605.4685405589,62028.6813655948,10.8110373209487,0.114448449334338,index,0.4,1
2008,40419.2076538036,32360.5552103108,50484.6822541772,10.6070603879402,0.113453543721422,index,0.4,1
2009,35016.1532136722,28213.0159534303,43459.7629656921,10.4635647543944,0.110219395369165,index,0.4,1
2010,36443.3353099824,29450.2656702887,45096.9340441536,10.5035138759994,0.10870386781516,index,0.4,1
2011,39528.2230328404,31755.0333127928,49204.1812944505,10.584770202911,0.111718216939204,index,0.4,1
2012,42292.4393205596,34393.2205452127,52005.9010272646,10.6523636095919,0.105486052018056,index,0.4,1
2013,46015.943648095,36057.8716631601,58724.1279686523,10.7367432164645,0.124422053400085,index,0.4,1
2014,44722.9110859675,35913.6575863108,55692.9845197874,10.7082412015504,0.111924640958726,index,0.4,1
2015,48365.0303936227,38832.1832531293,60238.0800926908,10.7865323190383,0.112005972399454,index,0.4,1
2016,47166.2804250155,38108.2427313506,58377.3443665255,10.7614345184949,0.108802323821461,index,0.4,1
2017,59220.0642752677,47476.7847502966,73868.018468646,10.9890156870192,0.112767153025362,index,0.4,1
2018,48222.3549678187,38438.2121079491,60496.9740036742,10.7835779885314,0.11570143102486,index,0.4,1
2019,47389.1728066275,34398.0188589066,65286.7163224699,10.7661490597898,0.163469743283483,index,0.4,1
2021,78580.8480464806,63802.4816066235,96782.280629395493,11.2718832851957,0.106295789926293,index,0.4,1
2022,126805.458853734,102421.990747749,156993.867017368,11.7504093709556,0.108957435296116,index,0.4,1
2023,127098.937016253,101927.613766047,158486.392389602,11.7527210937771,0.112605600993766,index,0.4,1
2024,131983.635770957,106992.255703499,162812.532521932,11.7904332224513,0.107104768192268,index,0.4,1
2025,104399.202565896,85281.5185311704,127802.52608203,11.5559773161438,0.103197952657261,index,0.4,1
2003,98474.0097021112,81449.954940619,119056.303884774,11.4975479314505,0.0968404889747183,index,0.4,1
2004,79448.2982325753,63538.3725563739,99342.0485621018,11.2828617523846,0.114013553081149,index,0.4,1
2005,96076.4179019229,79065.5445805215,116747.163708767,11.4728991736059,0.0994236166848666,index,0.4,1
2006,87813.8239828176,73200.9751519943,105343.783555801,11.3829742157809,0.0928640503638775,index,0.4,1
2007,70453.9104571296,58339.1609638269,85084.4169969978,11.1627140226299,0.0962697083383142,index,0.4,1
2008,61231.1778779882,50945.3361539192,73593.7266759483,11.0224117812295,0.0938299305110899,index,0.4,1
2009,52210.6841545252,43392.1254854812,62821.4338289484,10.8630424302169,0.0943941666667268,index,0.4,1
2010,52518.4378621448,43632.4143045865,63214.1576266164,10.8689195842985,0.0945751989785158,index,0.4,1
2011,57674.4824344109,47993.5049966922,69308.2516958583,10.9625701091727,0.0937512844401781,index,0.4,1
2012,61343.3195387974,51554.7619585537,72990.4030022325,11.0242415532369,0.0886963709025753,index,0.4,1
2013,67487.181197518,54603.5882618691,83410.6286961207,11.1196929506409,0.108082635015932,index,0.4,1
2014,66855.5263008779,55584.905033619,80411.4245452795,11.1102892462918,0.0941967794159256,index,0.4,1
2015,70935.4744342299,58725.7767464147,85683.6948268457,11.1695259320191,0.0963751871082115,index,0.4,1
2016,77052.294743831,64809.8650332366,91607.2903754004,11.2522396228334,0.0882804558031011,index,0.4,1
2017,90014.6664978968,75057.9290884757,107951.821787895,11.4077278971234,0.0927121193705326,index,0.4,1
2018,78163.5600374415,65253.9328922042,93627.1860857696,11.2665588337531,0.0921023231031008,index,0.4,1
2019,74803.9449920854,56995.1740103594,98177.2629619814,11.2226259031077,0.138729093241063,index,0.4,1
2021,131507.192560094,111402.320362933,155240.408267042,11.7868168253786,0.0846512442668554,index,0.4,1
2022,202129.33465807,170216.852387469,240024.811622717,12.2166630420821,0.0876722929682628,index,0.4,1
2023,197765.785370675,165428.974649809,236423.552440395,12.1948387073274,0.0910942666522528,index,0.4,1
2024,193568.595991132,163284.962543107,229468.7812669,12.1733872298774,0.0868051869097449,index,0.4,1
2025,151482.880506102,127769.743733401,179597.003296072,11.9282278975869,0.0868601938776064,index,0.4,1
2003,16127.8433521765,11155.438967503,23316.6379153761,9.68830245803725,0.188074884649002,index,0.4,1
2004,12858.577379655,9043.05561712749,18283.9760396273,9.46176636800634,0.179602259921781,index,0.4,1
2005,15874.6544302804,11116.6484841404,22669.1213309788,9.67247905535265,0.181778813844629,index,0.4,1
2006,12118.320586816,8507.98489728348,17260.6904711052,9.402473684578,0.180469277072932,index,0.4,1
2007,10751.7067363874,7630.53479501492,15149.5538452692,9.28281978712937,0.174955548633632,index,0.4,1
2008,8801.74014656619,6114.93239449511,12669.0901239426,9.08270472484552,0.185827767929307,index,0.4,1
2009,7157.73561031445,4898.55958541735,10458.8253289153,8.87594895439269,0.193499716658333,index,0.4,1
2010,8642.13544686708,6199.75264910663,12046.6911035166,9.06440498946175,0.169462458060287,index,0.4,1
2011,8274.14816634299,5714.74654689476,11979.8012592172,9.02089125432331,0.188822871617463,index,0.4,1
2012,8807.38997266068,6215.73579452975,12479.6356690049,9.0833464176776,0.177812976860776,index,0.4,1
2013,9696.00756212321,6395.18102100983,14700.5319061173,9.17946948823074,0.212335262920013,index,0.4,1
2014,9396.76251877132,6495.05861766625,13594.8189280411,9.14812049603768,0.188433841051185,index,0.4,1
2015,10373.5477431093,7263.84190835253,14814.5422403574,9.24701435873348,0.181814668645964,index,0.4,1
2016,9518.4556014104,6625.42342694819,13674.7481930757,9.16098788788262,0.184859685395696,index,0.4,1
2017,12003.9621513298,8344.82726702332,17267.5961670275,9.39299205355044,0.185511019342883,index,0.4,1
2018,9458.72023536846,6376.30058476525,14031.2375964099,9.15469237122101,0.201202170966573,index,0.4,1
2019,9750.4154604836,6272.49727640514,15156.7386102595,9.18506517441571,0.225073181888473,index,0.4,1
2021,19197.9912829367,13606.1769009804,27087.9080863011,9.86256093186237,0.17565719679980701,index,0.4,1
2022,28669.3229538033,19848.8676659533,41409.4190390177,10.2635829434539,0.187595642778274,index,0.4,1
2023,27362.980851229,19039.5406821516,39325.1462083124,10.2169463150428,0.1850407118119,index,0.4,1
2024,25837.9843757737,18340.1666416527,36401.0561979588,10.1596009508205,0.174876743406688,index,0.4,1
2025,20967.5854412483,15183.0318470273,28955.9847904901,9.95073297378759,0.164696504072878,index,0.4,1
2003,64555.3739576989,53059.1211603035,78542.505335279,11.0752786454462,0.100061318763464,index,0.4,1
2004,52183.7143146794,41356.0484489568,65846.2339078907,10.8625257388841,0.118651044867535,index,0.4,1
2005,61289.6657730788,50180.9277305008,74857.5863473422,11.0233665232601,0.102030556191325,index,0.4,1
2006,57355.5907996889,47017.7537752266,69966.4176155235,10.9570256034153,0.101402401124777,index,0.4,1
2007,43380.5068501843,35431.3736713756,53113.0515015627,10.6777654682726,0.103273581219993,index,0.4,1
2008,40355.9792811395,33130.059794074,49157.9270868406,10.6054948481259,0.100664374222263,index,0.4,1
2009,33443.7255036137,27275.4978745251,41006.8692680293,10.417619469594,0.104019975259456,index,0.4,1
2010,34508.2761756572,28176.4858860619,42262.9397232427,10.4489544634001,0.103426078098006,index,0.4,1
2011,36451.0879176092,29730.0830952677,44691.4933308333,10.5037265838394,0.103987560211084,index,0.4,1
2012,39574.3308015451,32923.6904896292,47568.4115328276,10.5859359749801,0.0938732666188697,index,0.4,1
2013,43218.945550141,34475.4364352536,54179.9451320656,10.6740342324967,0.115324501994702,index,0.4,1
2014,42602.2575413972,34849.0290665851,52080.4279555608,10.6596625247828,0.102492684010037,index,0.4,1
2015,45340.1721840183,36969.5877918733,55606.0085183941,10.7219487216727,0.104133454091325,index,0.4,1
2016,50823.0612663983,42313.6122929242,61043.7969371858,10.836105492494,0.093492215702669,index,0.4,1
2017,58970.4626400118,48483.6711779831,71725.4980797782,10.9847919643091,0.0999047035348439,index,0.4,1
2018,52643.4793133292,43316.1812495074,63979.2297998209,10.8712976601928,0.0994998462404568,index,0.4,1
2019,49735.0982975601,37561.1708065959,65854.7097853934,10.8144661660108,0.143237357295481,index,0.4,1
2021,91882.915156444,76642.5869118273,110153.772697663,11.428270384167,0.092533444213121,index,0.4,1
2022,136000.663834076,112023.410357737,165109.957858302,11.8204150458392,0.0989568675151445,index,0.4,1
2023,126405.59896127,104345.417900408,153129.632045826,11.7472510552935,0.0978533565606621,index,0.4,1
2024,120250.12891164,100477.529115332,143913.705189428,11.6973292599977,0.0916546787725702,index,0.4,1
2025,95412.6791877979,79084.979167817,115111.358004862,11.4659667541377,0.0957612061424078,index,0.4,1
2003,50046.4790965891,38596.5748305198,64893.0657956937,10.8207074345484,0.132547648856008,index,0.4,1
2004,40123.161297551,30525.322004526,52738.7744597943,10.5997090350222,0.139490924005076,index,0.4,1
2005,50661.4065591239,39099.4548757396,65642.2991754125,10.8329196878588,0.132173797999807,index,0.4,1
2006,42576.5537699444,33651.3710515289,53868.9174996513,10.659058999755,0.120027675454467,index,0.4,1
2007,37825.1103433327,29789.1434153047,48028.8725506026,10.5407284558587,0.121853853719017,index,0.4,1
2008,29676.938743415,23275.0800021149,37839.6419303557,10.2981255498936,0.123975242614491,index,0.4,1
2009,25924.6942612258,20420.0814983691,32913.177775109,10.1629512398257,0.121776297366906,index,0.4,1
2010,26652.2971333547,21121.4514735301,33631.4454229079,10.1906306222528,0.118668589604837,index,0.4,1
2011,29497.5426831446,23354.5970764981,37256.2635738867,10.2920622399819,0.119141535847951,index,0.4,1
2012,30576.3787099132,24208.1276581823,38619.8779274875,10.3279830522587,0.119154915446593,index,0.4,1
2013,33964.2432095,25835.541728404,44650.4984846444,10.4330635798962,0.139572549686438,index,0.4,1
2014,33650.0312782522,26371.9308288353,42936.7349845032,10.4237692645896,0.124346043694664,index,0.4,1
2015,35968.8499933209,28212.2750793705,45857.9879220036,10.4904085649059,0.123928867113268,index,0.4,1
2016,35747.6890788433,28200.6954800366,45314.3886249999,10.4842409048816,0.120991501740529,index,0.4,1
2017,43048.166009215,33774.7491622342,54867.7530617773,10.6700749075364,0.12378093341413,index,0.4,1
2018,34978.800959481,27375.1918184643,44694.354095365,10.4624974700972,0.125055867285877,index,0.4,1
2019,34819.2621550096,24992.9102436066,48508.997359738,10.4579260228337,0.169175837961253,index,0.4,1
2021,58822.268686586,46810.902252454,73915.6719256682,10.9822757813503,0.116534984450511,index,0.4,1
2022,94797.9937777961,75767.144759751,118608.925449028,11.4595035253377,0.114330414171446,index,0.4,1
2023,98723.1672606347,77804.2918695175,125266.40265959,11.5000749218968,0.121493583408769,index,0.4,1
2024,99156.4514552661,78715.0797612443,124906.204694483,11.5044541994586,0.117790007642943,index,0.4,1
2025,77037.7867595512,61966.2873570556,95774.9905946936,11.2520513176008,0.111076303178638,index,0.4,1
2003,84871.6684440982,70099.8867082259,102756.23032697,11.348895611591,0.0975625859572385,index,0.4,1
2004,68578.4029479878,54825.4392023966,85781.2982315514,11.1357329383148,0.114197687222164,index,0.4,1
2005,81805.1329087218,67097.9851762945,99735.9272805396,11.3120952701175,0.101117151310322,index,0.4,1
2006,74989.9455178238,62012.8229795455,90682.7275162275,11.2251093237693,0.0969471175873086,index,0.4,1
2007,58411.2793243551,47695.6301093449,71534.3846907129,10.975264289283,0.103404567719243,index,0.4,1
2008,52364.3189388674,43285.0527019734,63348.0087643838,10.8659807020856,0.0971538519998318,index,0.4,1
2009,44503.4960146053,36666.6386425749,54015.3455796272,10.7033230271945,0.0988285687439138,index,0.4,1
2010,45438.4650973019,37471.6923563685,55099.0355803296,10.724114274156,0.0983554898320025,index,0.4,1
2011,49006.2860259997,40457.151900549,59361.9658636796,10.7997038551097,0.0978105421043144,index,0.4,1
2012,52651.7360074587,43941.9365559699,63087.9183275888,10.8714544896198,0.0922619361089872,index,0.4,1
2013,57905.4418258622,46875.4134879814,71530.8931388523,10.9665666457744,0.107817318649972,index,0.4,1
2014,58930.1865349397,48696.0430821078,71315.1760439192,10.9841087431916,0.0973261191569664,index,0.4,1
2015,61815.6208031365,50995.4926476576,74931.543493044,11.0319113753112,0.0981746850890592,index,0.4,1
2016,67937.9321946375,57005.4736983856,80967.0077526936,11.1263498054939,0.0895155395075995,index,0.4,1
2017,79168.2993451184,65564.3868268299,95594.8789356093,11.2793312368828,0.0961973253538987,index,0.4,1
2018,68496.2844758872,56922.5379364799,82423.2572384106,11.1345347815513,0.0944344610516878,index,0.4,1
2019,64256.2219082713,48667.009885069,84839.0329234453,11.0706338371081,0.141776672872334,index,0.4,1
2021,116907.060490607,98610.3238350884,138598.680756905,11.6691345433318,0.0868400161201503,index,0.4,1
2022,180487.717309185,151338.313959136,215251.612412414,12.1034180062911,0.0898715018451836,index,0.4,1
2023,175819.213410985,146706.378273587,210709.283183381,12.0772115495639,0.0923604257314392,index,0.4,1
2024,172479.264432002,145452.736077875,204527.583744295,12.0580323020369,0.0869535504282502,index,0.4,1
2025,132797.341516336,111544.715768265,158099.232154068,11.7965794971218,0.0889805479738851,index,0.4,1
2003,29730.1846101899,21897.9078530002,40363.8504139048,10.2999181255319,0.156008859616359,index,0.4,1
2004,23728.4726642425,17325.0515378939,32498.6285752862,10.0744309842839,0.160473451523067,index,0.4,1
2005,30145.939423481,22433.840321228,40509.2329584004,10.3138055139304,0.150757712791777,index,0.4,1
2006,24942.1990518097,19021.339715812,32706.0713301359,10.1243163890362,0.138267652028772,index,0.4,1
2007,22794.337869162,17678.5980336879,29390.4436258696,10.0342674450294,0.129674530105567,index,0.4,1
2008,17668.5990856871,13319.3586513929,23438.0199393531,9.77954428009305,0.144171264717921,index,0.4,1
2009,14864.9237502343,11226.1612778436,19683.12699519,9.60675960593598,0.143246226101526,index,0.4,1
2010,15722.1082117101,12029.0543974235,20548.9707215611,9.66282316715091,0.136606063728203,index,0.4,1
2011,16942.3445747541,12821.6874564344,22387.305934965,9.73757136327801,0.142185273197174,index,0.4,1
2012,17498.9735039995,13384.5144370555,22878.2355261177,9.76989750127691,0.136759565350991,index,0.4,1
2013,19277.7469337785,13673.2719327854,27179.4146031513,9.86670670105464,0.175262633062919,index,0.4,1
2014,17322.1022847096,12953.3586828927,23164.2800070239,9.75973855377539,0.148282399480409,index,0.4,1
2015,19493.4013742027,14520.2794325,26169.7923171676,9.87783129621813,0.150273048732118,index,0.4,1
2016,18632.8181506039,13914.3918159932,24951.2818687785,9.83267972164584,0.148982715000617,index,0.4,1
2017,22850.3293041085,17236.6078904459,30292.3610390659,10.0367208077769,0.143844500836345,index,0.4,1
2018,19125.9957969227,14171.9431329001,25811.8249412597,9.85880372515221,0.152953969653088,index,0.4,1
2019,20298.1385442982,14122.7539992734,29173.8019641722,9.91828446350021,0.185075813581822,index,0.4,1
2021,33798.1233524234,25639.4967331295,44552.8691157814,10.428160557812,0.140957322349975,index,0.4,1
2022,50310.9403026867,37617.8331126032,67286.9887684325,10.8259778334854,0.148341670524867,index,0.4,1
2023,49309.5528109193,36557.5621823263,66509.6864579312,10.8058731102442,0.152671053740811,index,0.4,1
2024,46927.3159349037,34874.7127632748,63145.2650464061,10.7563552142039,0.151450707071181,index,0.4,1
2025,39653.1244310131,30340.2245001101,51824.6091796618,10.5879250242362,0.136581781092051,index,0.4,1
2003,113923.723928769,93872.3940704247,138258.057678401,11.643284415093,0.0987736445711661,index,0.4,2
2004,130019.047131795,105170.488302621,160738.557839696,11.7754362351037,0.108215368389129,index,0.4,2
2005,97169.3308940475,80228.3637682831,117687.541200106,11.4842104148784,0.0977456841619311,index,0.4,2
2006,94302.6035409922,78069.2623733202,113911.426395758,11.4542640773708,0.0963856418098893,index,0.4,2
2007,88573.0676409362,73092.5299395401,107332.285772775,11.3915831134182,0.0980128533110299,index,0.4,2
2008,64102.9449597906,53169.6894859176,77284.4000453736,11.0682455850639,0.0954108443224983,index,0.4,2
2009,71781.2177948563,58890.534495335,87493.5721379937,11.1813781302146,0.100992916050462,index,0.4,2
2010,67192.7032500899,55942.5793340485,80705.2414064637,11.1153199380278,0.0934909339361127,index,0.4,2
2011,76721.0552716838,63215.20660187,93112.4113707575,11.2479314643074,0.098793296128318,index,0.4,2
2012,68288.7047488495,56734.5021870216,82195.9657088929,11.1314996548526,0.0945741082398246,index,0.4,2
2013,69752.6644883231,55596.8612169043,87512.749761874,11.1527108995034,0.115731143827566,index,0.4,2
2014,63674.6144689602,52502.0230776098,77224.7675442396,11.0615412451605,0.0984376570352438,index,0.4,2
2015,81136.9096746831,66985.1967561031,98278.4022494921,11.303893249699,0.0977907355380847,index,0.4,2
2016,70126.3431166111,58354.4899190805,84272.9326522771,11.1580537958196,0.0937579539514758,index,0.4,2
2017,96298.4916252364,80001.4751520256,115915.35620654,11.4752079343742,0.0945974430909652,index,0.4,2
2018,109980.352714188,90511.408527364,133637.053935365,11.6080570171324,0.0994027624233466,index,0.4,2
2019,91912.3916043609,70625.734995012,119614.864624489,11.4285911371687,0.134411276861742,index,0.4,2
2021,157185.133831464,132004.673917865,187168.874891418,11.9651795860032,0.0890766248614897,index,0.4,2
2022,259011.199644494,214456.342181853,312822.651262008,12.4646265816174,0.0963105033681875,index,0.4,2
2023,180463.705135885,148528.306911801,219265.60363144,12.1032849569563,0.099366172286011,index,0.4,2
2024,208801.05978361,174327.488277854,250091.841495873,12.2491372105697,0.0920661227548619,index,0.4,2
2025,175318.365405943,147062.334458472,209003.40907679,12.0743588310005,0.0896684901212027,index,0.4,2
2003,20582.268855503,14379.9279803684,29459.7992297704,9.9321852489627,0.182960824202932,index,0.4,2
2004,19193.1738958916,13687.5686553728,26913.320654164,9.86230996854578,0.172486162372616,index,0.4,2
2005,12097.1896517859,8856.06670453524,16524.4913293543,9.40072844442528,0.159120494251972,index,0.4,2
2006,13576.6338193496,9872.48298266081,18670.5802571087,9.5161054925766,0.162553406920527,index,0.4,2
2007,11574.5112391354,8303.59407270466,16133.8944620681,9.35656065250225,0.169450527793328,index,0.4,2
2008,9021.0308825798,6631.70447025272,12271.2039641533,9.10731389506058,0.156991027817668,index,0.4,2
2009,9801.99522591116,7214.8882102388,13316.7843505097,9.19034123841685,0.156349434899041,index,0.4,2
2010,9018.92634447443,6665.81838882495,12202.7075540223,9.1070805754259,0.154254141257088,index,0.4,2
2011,11774.4617768139,8654.74481412791,16018.7218815904,9.37368820886447,0.157056572636488,index,0.4,2
2012,9463.3032171342,6839.661436783,13093.3539045968,9.15517677838464,0.165657771826671,index,0.4,2
2013,8615.79602063143,6041.17876613,12287.6584095328,9.0613525440703,0.181124814041254,index,0.4,2
2014,7970.89617976929,5709.13991939627,11128.6790664923,8.98355220959957,0.170272794808107,index,0.4,2
2015,12425.9974862755,8667.69862992958,17813.888105865,9.42754612832807,0.183772527065844,index,0.4,2
2016,9491.42134934792,6834.3821860613,13181.4517798828,9.15814365376608,0.167565476219772,index,0.4,2
2017,15214.6062103886,11123.6506167384,20810.0964434165,9.63001118032598,0.159789861444345,index,0.4,2
2018,22244.2418425833,16061.3891640265,30807.1917128798,10.0098384605098,0.166158654411961,index,0.4,2
2019,13261.8713954469,9114.92630435046,19295.5189144456,9.49264838466017,0.191319731195998,index,0.4,2
2021,23067.0423493175,17495.7902605498,30412.369765599102,10.0461601396251,0.141045737254602,index,0.4,2
2022,38949.6114232176,28486.9099083535,53255.064691126,10.5700240749518,0.159607073464127,index,0.4,2
2023,26445.0827146348,19668.2561664544,35556.9092585164,10.1828255112938,0.151055968707694,index,0.4,2
2024,36415.2121898786,25962.6276595034,51076.0195857326,10.5027418836261,0.172619752735078,index,0.4,2
2025,21724.0902750339,15595.6071471505,30260.8352355201,9.98617707468992,0.169101328826833,index,0.4,2
2003,32510.1337463162,25598.0673436595,41288.6169105716,10.3893071272949,0.121958870648073,index,0.4,2
2004,37231.3887893756,29053.9949052223,47710.3515612062,10.5249074691357,0.126530997515534,index,0.4,2
2005,28638.8681331342,22491.5704796358,36466.3182897637,10.2625200998025,0.123279932214325,index,0.4,2
2006,25564.3933890144,20244.2020241108,32282.7350058017,10.1489557790501,0.119049160673476,index,0.4,2
2007,25526.9354104305,20314.7527128542,32076.4146459915,10.1474894642693,0.11652603331553,index,0.4,2
2008,18685.754229859,14602.1413009293,23911.3842239338,9.83551670663122,0.125815192109068,index,0.4,2
2009,20742.0189038359,15962.8730724845,26951.9995713481,9.93991682052888,0.133622837316931,index,0.4,2
2010,19925.1231655766,15795.1794808039,25134.917500994,9.89973668509862,0.118510651531701,index,0.4,2
2011,20943.2510641125,16513.9710953938,26560.5263931214,9.94957172853937,0.121231663309616,index,0.4,2
2012,19218.1879327979,15315.9753813651,24114.6083239147,9.86361239778815,0.115798399543397,index,0.4,2
2013,19935.679713669,15040.5985704507,26423.9035291322,9.90026635573125,0.143756703018336,index,0.4,2
2014,18148.9769620023,14286.2613757999,23056.0925705341,9.80636947237449,0.122102172679987,index,0.4,2
2015,24026.9417485351,18699.4426908235,30872.253218049,10.086931052572,0.127901356749659,index,0.4,2
2016,21017.8226174892,16866.6020967115,26190.7445878723,9.9531260528376,0.112264978454353,index,0.4,2
2017,26498.637750927,20968.4390744348,33487.3664254277,10.1848486050276,0.119428174126994,index,0.4,2
2018,28981.8465226044,22648.7045479023,37085.8927530844,10.2744249309809,0.125801799422541,index,0.4,2
2019,26114.8322863671,19250.7049492056,35426.467090143,10.170258718731,0.155592531981738,index,0.4,2
2021,43985.7739012945,34696.2758419551,55762.4199931072,10.691621540196,0.121039930494279,index,0.4,2
2022,74190.9540925204,58439.2535087903,94188.3637909666,11.2143975092238,0.12176469514639,index,0.4,2
2023,55358.2719122644,43326.610724606,70731.0869200254,10.9215813743467,0.125032441753807,index,0.4,2
2024,57364.330693932,45656.52408288,72074.3968592368,10.9571779726664,0.116469579730895,index,0.4,2
2025,50241.4905904291,40303.3514213609,62630.2103355688,10.8245964700974,0.112454394845306,index,0.4,2
2003,60831.3213269498,48267.6201581056,76665.2601114664,11.0158600887121,0.118034752581926,index,0.4,2
2004,73594.4844465276,57627.9745131614,93984.704246602,11.2063253623236,0.124778805547596,index,0.4,2
2005,56433.2731091276,45332.8511272259,70251.798301226,10.9408142122782,0.111750509148013,index,0.4,2
2006,55161.5763326275,44454.0989791171,68448.1200469204,10.9180219089577,0.110108888972619,index,0.4,2
2007,51471.6209913702,41239.8930933097,64241.8679768368,10.8487858860574,0.113075822812979,index,0.4,2
2008,36396.1598473519,29462.8558292351,44961.0336252452,10.5022185493603,0.107824902138658,index,0.4,2
2009,41237.2036651093,33068.9672225915,51423.044290176,10.6270961294573,0.112627352211518,index,0.4,2
2010,38248.6537400386,30923.1268367304,47309.5596266698,10.5518636422964,0.108473430997696,index,0.4,2
2011,44003.3424307575,35090.0233087187,55180.7597288599,10.6920208743507,0.115486173880599,index,0.4,2
2012,39607.213598918,31993.5501705172,49032.7381834585,10.586766542242,0.108918806483553,index,0.4,2
2013,41201.1887540231,32165.0311338054,52775.8840861351,10.6262223881744,0.126322339768581,index,0.4,2
2014,37554.7413271886,30185.6727017858,46722.7817012876,10.5335549162569,0.111447067923152,index,0.4,2
2015,44683.970439872,36061.2683275799,55368.4689105707,10.7073701131533,0.109387440792377,index,0.4,2
2016,39617.0991497736,31994.7354828755,49055.3999386256,10.5870161007567,0.109027232313835,index,0.4,2
2017,54585.2476639211,43964.0891621209,67772.3414567804,10.9075189359198,0.110405351000718,index,0.4,2
2018,58754.2643490001,46802.9992406627,73757.3154541135,10.9811190140361,0.11603093201645,index,0.4,2
2019,52535.6879225472,39327.092875434,70180.5880805223,10.8692479875941,0.147747123618075,index,0.4,2
2021,90132.3175808517,73643.5371780949,110312.934220546,11.4090340649761,0.103084750024221,index,0.4,2
2022,145870.634128755,117269.156210796,181447.898054939,11.8904754402893,0.111353264575584,index,0.4,2
2023,98660.3505089868,78388.466283427,124174.70610232,11.4994384274774,0.117352332750632,index,0.4,2
2024,115021.5168998,93108.885559479,142091.157792663,11.6528744933202,0.107833406761974,index,0.4,2
2025,103352.78454048,84124.7731951189,126975.653741087,11.5459035075673,0.105025979198454,index,0.4,2
2003,100526.74941428,82826.2666182208,122009.934292732,11.5181791343923,0.0988174355062978,index,0.4,2
2004,114181.94179393,92046.6024477529,141640.380906322,11.6455484358015,0.109950061009941,index,0.4,2
2005,85622.8930657192,70598.2164093057,103845.113797765,11.35770796873,0.0984445685808787,index,0.4,2
2006,83579.5781887403,69073.9683067679,101131.382218897,11.3335544891926,0.0972575398616048,index,0.4,2
2007,78932.9786933493,65180.4306211519,95587.2041045229,11.2763544004086,0.0976751832704238,index,0.4,2
2008,57401.2097051066,47659.2415005103,69134.5219074531,10.9578206570874,0.0948939994974192,index,0.4,2
2009,63918.3666060152,52551.0722372268,77744.5143485918,11.0653620263905,0.099910634942504,index,0.4,2
2010,59748.4691011765,49650.6789306792,71899.9142976151,10.9978988477279,0.0944565846487126,index,0.4,2
2011,68474.8420161889,56421.1399227387,83103.6734735016,11.1342216869536,0.0987888042318646,index,0.4,2
2012,61621.1059062627,51279.6809831236,74048.0560782059,11.0287597191863,0.0937312369707577,index,0.4,2
2013,62005.3954813314,49486.0782648778,77691.932834472,11.0349766841333,0.11506845232212,index,0.4,2
2014,56912.3481017796,46970.2569439678,68958.8598657667,10.9492676106613,0.0979598414996445,index,0.4,2
2015,72660.1111392367,60005.6933839244,87983.1804790146,11.1935478353534,0.0976309311947528,index,0.4,2
2016,62497.3906507405,52047.3576417872,75045.5741679252,11.0428800852648,0.0933541533014585,index,0.4,2
2017,86800.7031125037,72170.5595944796,104396.614120217,11.3713700009901,0.0941764861864444,index,0.4,2
2018,99957.1653479824,82405.3344108755,121247.428650508,11.5124970266835,0.0985179199252371,index,0.4,2
2019,82161.4940161692,63190.8306371578,106827.383512815,11.3164420286651,0.133945085716793,index,0.4,2
2021,141132.418473447,118645.315573991,167881.550550913,11.8574538667556,0.0885526918276258,index,0.4,2
2022,226762.152394283,187797.143491289,273811.799277304,12.3316569603419,0.0961953008141728,index,0.4,2
2023,161481.909189383,133025.475685908,196025.662460463,11.9921483979672,0.0989061350741799,index,0.4,2
2024,187712.358048096,156490.917175035,225162.776217645,12.1426660597685,0.0928143635013114,index,0.4,2
2025,157910.959473065,132163.77336607,188674.025314305,11.9697866055176,0.0908126205765249,index,0.4,2
2003,13396.9745144884,9656.94496421347,18585.476753462,9.50278417794543,0.167019169552678,index,0.4,2
2004,15837.105337865,11494.5144534986,21820.3132022069,9.67011090484708,0.163516121148098,index,0.4,2
2005,11546.4378283283,8392.89781606425,15884.8861793923,9.35413225524908,0.162753565196368,index,0.4,2
2006,10723.0253522517,7758.28764339934,14820.702452668,9.28014861050455,0.165121241380171,index,0.4,2
2007,9640.08894758664,6812.25623951948,13641.7820542724,9.1736856144901,0.177149662061359,index,0.4,2
2008,6701.73525468412,4727.99578042604,9499.42798380182,8.81012176508253,0.177995667886596,index,0.4,2
2009,7862.85118884123,5466.69755653638,11309.2828309004,8.9699045663185,0.185449627376523,index,0.4,2
2010,7444.23414891327,5437.91715614922,10190.7808582889,8.91519507198444,0.160229312188934,index,0.4,2
2011,8246.2132554951,5863.81107231202,11596.559339401,9.01750937462236,0.173959497466343,index,0.4,2
2012,6667.59884258682,4671.15014185979,9517.32934620785,8.80501508048124,0.181561742916931,index,0.4,2
2013,7747.26900699165,5314.95652187089,11292.6938949946,8.95509567405016,0.192256371315354,index,0.4,2
2014,6762.26636718077,4779.16961832159,9568.24094407507,8.81911337426673,0.17709064382127301,index,0.4,2
2015,8476.79853544617,5969.17752137937,12037.8583403125,9.04508812630572,0.17894395039382,index,0.4,2
2016,7628.95246587038,5438.27881449562,10702.0838231715,8.93970582335518,0.172701095853083,index,0.4,2
2017,9497.78851273272,6720.76253258963,13422.284479651,9.15881426235587,0.176461080863054,index,0.4,2
2018,10023.1873662053,6917.03500360332,14524.1834002174,9.21265642447534,0.189245281186406,index,0.4,2
2019,9750.8975881918,6574.62861055632,14461.653943881,9.18511462008196,0.201096169535139,index,0.4,2
2021,16052.7153580176,11579.8655422251,22253.2523737767,9.68363329543354,0.166640896545567,index,0.4,2
2022,32249.0472502111,23393.7457357071,44456.3713864317,10.3812437791584,0.16378861668953,index,0.4,2
2023,18981.7959465024,13501.7463147046,26686.0722277271,9.85123569079083,0.173810019353655,index,0.4,2
2024,21088.7017355155,15398.3654359031,28881.8539046089,9.95649271328099,0.16044992332456,index,0.4,2
2025,17407.4059328776,12825.1264935421,23626.884418221,9.76465102297488,0.155864848716605,index,0.4,2
2003,68235.3743350682,55835.3489371495,83389.2220479888,11.1307183946258,0.102326346256021,index,0.4,2
2004,75517.9897663754,60204.2683626365,94726.9509863141,11.2321261819055,0.115628476786218,index,0.4,2
2005,54835.6010615347,44602.6689960017,67416.2154746689,10.9120949164096,0.105382516649027,index,0.4,2
2006,54632.1325394257,44509.704686384,67056.60994238,10.9083774966781,0.10455037494396,index,0.4,2
2007,49535.1182743633,40271.5025139006,60929.6348356559,10.8104371570971,0.105633468054739,index,0.4,2
2008,37271.2140298434,30292.5729822357,45857.5571006473,10.5259765658586,0.105776801073981,index,0.4,2
2009,40602.8635176323,32570.282266486,50616.4641848325,10.6115938730936,0.112470591369676,index,0.4,2
2010,39208.8366299697,32291.0489234114,47608.6383419112,10.5766574246082,0.099038593794854,index,0.4,2
2011,44585.2443392268,36103.9374023843,55058.9258626756,10.7051582388551,0.10765556552467,index,0.4,2
2012,41136.9543231566,34023.3778983081,49737.8307363662,10.6246621284576,0.09686860441874,index,0.4,2
2013,39859.9131266559,31266.3536194897,50815.4130731184,10.5931264143027,0.123894409342135,index,0.4,2
2014,35921.5766852959,29090.6012679782,44356.5830651282,10.4890934158096,0.107615750577576,index,0.4,2
2015,50242.7012505823,40679.2476354873,62054.4669747806,10.8246205666271,0.107730148617003,index,0.4,2
2016,41251.3157944941,34010.1585041927,50034.1994750569,10.6274382893024,0.0984833151615653,index,0.4,2
2017,57502.684976198,47074.5107719187,70240.9589659363,10.9595869209335,0.10209369231516,index,0.4,2
2018,68096.5563843861,54986.0616686291,84333.0264196295,11.1286819238163,0.109107574227145,index,0.4,2
2019,54454.601334974,41440.9540916448,71554.9067715312,10.9051226304835,0.139338137089418,index,0.4,2
2021,94724.8780748078,78279.0958039741,114625.781431569,11.4587319487369,0.0972957052222303,index,0.4,2
2022,151661.388005096,123570.613496216,186137.917105484,11.9294056042973,0.104510881353156,index,0.4,2
2023,108967.578496415,88151.3934410382,134699.324648958,11.5988056719787,0.108162536830975,index,0.4,2
2024,120414.975103452,98066.0886473718,147857.087288384,11.6986991820582,0.104747984840568,index,0.4,2
2025,106109.004506768,87415.4453525744,128800.131281213,11.5722221891138,0.0988767774973413,index,0.4,2
2003,45688.3495937003,35403.163072449,58961.5477104255,10.7295986120774,0.130125944471363,index,0.4,2
2004,54501.0573654198,42359.877581751,70122.1397114812,10.9059753816635,0.12858321575776,index,0.4,2
2005,42333.729832513,33527.9396975976,53452.2758539982,10.6533394428511,0.118984355659464,index,0.4,2
2006,39670.4710015659,31520.0177304611,49928.470311906,10.5883623864292,0.117341074508011,index,0.4,2
2007,39037.9493665727,30899.5277958503,49319.8957866197,10.5722895126765,0.119284503919069,index,0.4,2
2008,26831.7309299473,21451.262957638,33561.7434795719,10.197340456059,0.114186615701893,index,0.4,2
2009,31178.3542772239,24743.5497744661,39286.5932453729,10.3474793598597,0.117940555451704,index,0.4,2
2010,27983.8666201201,22170.9696395895,35320.8183377933,10.2393834309563,0.118800342545346,index,0.4,2
2011,32135.8109324573,25432.8723347794,40605.3366954707,10.3777262926654,0.119353463549676,index,0.4,2
2012,27151.7504256937,21232.7262179256,34720.8146336275,10.2091967956851,0.125460384835477,index,0.4,2
2013,29892.7513616677,22922.5952348709,38982.3479765126,10.3053713006124,0.135458053385268,index,0.4,2
2014,27753.0377836644,22015.4786422013,34985.8896433463,10.2311005828648,0.118165193390429,index,0.4,2
2015,30894.2084241005,24537.1488058404,38898.2485986548,10.3383240156779,0.117543226080377,index,0.4,2
2016,28875.0273221166,22840.7946805301,36503.4235679942,10.2707323940441,0.119608798610786,index,0.4,2
2017,38795.8066490385,30773.2768792252,48909.7933722383,10.566067443715,0.118198848031977,index,0.4,2
2018,41883.7963298016,33133.9926427216,52944.1897905911,10.6426543086747,0.119563067521081,index,0.4,2
2019,37457.7902693871,27613.768976548,50811.1027168008,10.5309699851868,0.155564175832786,index,0.4,2
2021,62460.2557566564,50151.7106894623,77789.6405836193,11.0422857255558,0.11198053792000601,index,0.4,2
2022,107349.811639397,85377.9859784039,134976.035414199,11.5838480486654,0.116841166140509,index,0.4,2
2023,71496.1266394705,56583.9922955864,90338.2019731738,11.1773985543402,0.119347678645282,index,0.4,2
2024,88386.084680158,70941.0880587306,110120.949351955,11.3894698231146,0.112177957812777,index,0.4,2
2025,69209.3608991755,55430.6735128441,86413.0874210364,11.1448914055667,0.1132689244731,index,0.4,2
2003,89421.5670610757,73514.1927839861,108771.059748347,11.4011171743613,0.0999423511068727,index,0.4,2
2004,99694.2178969243,80068.9051875322,124129.798687781,11.5098629592523,0.111849045798868,index,0.4,2
2005,73943.2065089433,60417.2492339419,90497.2976782364,11.2110525979142,0.103074685561856,index,0.4,2
2006,71830.3341361788,58977.1722746812,87484.6436869627,11.1820621468216,0.100591853195645,index,0.4,2
2007,66892.4831804257,54618.7062070093,81924.392150272,11.1108418807666,0.103425458214584,index,0.4,2
2008,48932.9031687902,40225.0974182185,59525.7480083002,10.7982053156273,0.0999808789766848,index,0.4,2
2009,54417.1014966055,44132.9616955499,67097.7161179388,10.9044337491879,0.106875196613001,index,0.4,2
2010,51965.4132265794,42901.1580070649,62944.7851119651,10.8583336460082,0.0977974849521132,index,0.4,2
2011,59270.6470370425,48538.6088274924,72375.5724576908,10.9898694714937,0.101917512021307,index,0.4,2
2012,54339.9585212742,45057.7749138989,65534.3300404066,10.9030151196616,0.0955702701117074,index,0.4,2
2013,53429.2451189543,42473.5585241398,67210.8561932441,10.8861135364401,0.117082012387983,index,0.4,2
2014,49513.2439100778,40685.6732338328,60256.1326295131,10.8099954665096,0.100187639974136,index,0.4,2
2015,64675.3294475326,53101.1426449955,78772.2830582273,11.0771351009343,0.100604591080751,index,0.4,2
2016,54720.0565832172,45377.5308811121,65986.062580519,10.9099855863459,0.0955187140257449,index,0.4,2
2017,76031.4011769395,62738.3551731031,92140.9869445705,11.2389017073166,0.0980494764139698,index,0.4,2
2018,88094.9867264313,72322.0942497706,107307.825732034,11.3861709059514,0.10065794818734,index,0.4,2
2019,71508.1114623215,54783.2298779053,93338.9655247417,11.1775661692729,0.135934521960167,index,0.4,2
2021,127055.790442261,106239.162960309,151951.252580358,11.7523815638,0.0912942683101801,index,0.4,2
2022,201663.836470882,166515.614406409,244231.167660331,12.2143574142177,0.0977125352833621,index,0.4,2
2023,143557.613431013,117475.461400232,175430.580381337,11.8744917209315,0.102301353955269,index,0.4,2
2024,167844.584155365,139121.178373791,202498.316644466,12.0307937359083,0.0957635539222042,index,0.4,2
2025,139996.245724163,116571.926932839,168127.518627636,11.8493708849759,0.0934237192005966,index,0.4,2
2003,24502.1568676925,18428.7795130046,32577.072765202,10.106516428074,0.145333079940599,index,0.4,2
2004,30324.8292348714,22953.7752527084,40062.9202821702,10.3197221026297,0.142086489260771,index,0.4,2
2005,23226.1243851041,18036.1482380561,29909.5376037156,10.0530329752165,0.129032838712647,index,0.4,2
2006,22472.2694048131,17335.2875571665,29131.4978501023,10.0200373571784,0.13241973475156,index,0.4,2
2007,21680.5844605105,16797.7610567506,27982.7615693122,9.98417241370084,0.130191947216916,index,0.4,2
2008,15170.0417910003,11752.6036864215,19581.2072014799,9.62707782718389,0.130230832728926,index,0.4,2
2009,17364.1162982509,13427.8117299994,22454.331419137,9.76216107406181,0.131164520772337,index,0.4,2
2010,15227.2900235101,11816.5219423424,19622.5558240808,9.63084449332055,0.129385284412479,index,0.4,2
2011,17450.4082346415,13330.2763678761,22843.9935641154,9.76711832189225,0.137413329165698,index,0.4,2
2012,13948.7462275759,10523.185522895,18489.4128206708,9.54314490705097,0.143782570730836,index,0.4,2
2013,16323.4193693691,11978.3817741718,22244.5756807342,9.70035612675374,0.157909708510196,index,0.4,2
2014,14161.3705588828,10717.5798334489,18711.7258954401,9.55827315344533,0.142162054155855,index,0.4,2
2015,16461.5802271505,12495.8346289187,21685.9162770756,9.70878447370258,0.140632092123226,index,0.4,2
2016,15406.2865333936,11772.0264042068,20162.5154921676,9.64253092155818,0.137272710806232,index,0.4,2
2017,20267.090448297,15600.9079418001,26328.9134691256,9.91675368934534,0.133507196289279,index,0.4,2
2018,21885.3659877564,16370.9348549224,29257.2934082643,9.99357347270912,0.148120423870045,index,0.4,2
2019,20404.2801420394,14579.3523704531,28556.4569355344,9.92349996870937,0.17150232648193,index,0.4,2
2021,30129.3433892039,23289.4046378824,38978.1253397943,10.3132548392949,0.131380495645766,index,0.4,2
2022,57347.3631736107,43683.0022810113,75286.0355570292,10.9568821437082,0.138863675179052,index,0.4,2
2023,36906.0917048725,28175.6214976264,48341.7767747627,10.5161319032562,0.137716564305408,index,0.4,2
2024,40956.475628246,31662.578950868,52978.4038909162,10.6202652117791,0.13131589457205,index,0.4,2
2025,35322.1196817793,27376.2528003162,45574.2481600524,10.4722646665576,0.130019448367877,index,0.4,2
2003,105491.010831092,87007.6730568117,127900.827308636,11.5663810228756,0.0982821289534045,index,0.4,3
2004,157476.673919831,125536.235656129,197543.782472358,11.9670326241833,0.115656665002138,index,0.4,3
2005,99940.9435306895,82988.9884324203,120355.632505848,11.5123347258251,0.0948341494041673,index,0.4,3
2006,93961.8407423664,77445.8024609471,114000.077927346,11.450644029283,0.0986295580895343,index,0.4,3
2007,91950.7980193705,75760.4354189817,111601.117517874,11.4290089088352,0.0988168329483483,index,0.4,3
2008,54850.2628290426,44771.7981882862,67197.4647916239,10.9123622574702,0.103587894275447,index,0.4,3
2009,64080.2759234226,52626.5842302109,78026.7581961878,11.067891887654,0.100468791538366,index,0.4,3
2010,69300.9282246335,58178.148778733,82550.2143607464,11.1462135793831,0.0892610619787011,index,0.4,3
2011,88273.7422398442,73913.1229918683,105424.493697604,11.3881979724917,0.090589574616232807,index,0.4,3
2012,66980.5281918041,55239.9941632624,81216.358271029,11.1121572321308,0.0983256487308744,index,0.4,3
2013,73747.0062797694,58181.1802465163,93477.3222575524,11.2083956805615,0.120960621964047,index,0.4,3
2014,63427.922783433,52800.2089127609,76194.8005786928,11.0576594659194,0.0935675558318348,index,0.4,3
2015,84169.6151210801,69490.186185704,101949.994646701,11.3405892695574,0.0977816201970151,index,0.4,3
2016,83633.8450958996,69674.4126510641,100390.082662837,11.3342035627896,0.0931727020256918,index,0.4,3
2017,95498.046537831,79642.2156469029,114510.587362048,11.4668610711584,0.0926351167774332,index,0.4,3
2018,97615.6116501541,80488.1542920653,118387.702161199,11.4887927150416,0.0984341628907184,index,0.4,3
2019,82434.0137665982,63619.2962346889,106812.980146839,11.3197534191534,0.132186773822779,index,0.4,3
2021,119530.603713596,99491.353455161,143606.099705698,11.6913277155879,0.0936250347520819,index,0.4,3
2022,237459.741875727,196128.084825377,287501.553191075,12.3777533801971,0.097568201722082,index,0.4,3
2023,223645.81443432,186414.644078331,268312.881540427,12.3178188938829,0.0929048464765108,index,0.4,3
2024,188611.344880847,157378.400252771,226042.705737411,12.1474438005052,0.0923667091669892,index,0.4,3
2025,183287.438692526,154086.408731917,218022.377566827,12.1188109027973,0.0885435061378059,index,0.4,3
2003,12726.5259196382,9425.87352812198,17182.9657484797,9.45144374932875,0.153181416417123,index,0.4,3
2004,22615.6936008278,16375.6346964232,31233.5739364189,10.0263993513876,0.164722175557799,index,0.4,3
2005,13346.7915932873,9744.82271961679,18280.1525445965,9.49903130485365,0.16048248207167,index,0.4,3
2006,12554.2264160147,9028.74896990032,17456.3055668057,9.43781265408323,0.168188579693008,index,0.4,3
2007,11923.4468080456,8759.95512623667,16229.3735225297,9.38626206056894,0.157306971790961,index,0.4,3
2008,8059.00097986211,5634.76117884126,11526.2199642638,8.99454487991057,0.182572148726679,index,0.4,3
2009,7815.70878165292,5367.6003843344,11380.3747272034,8.9638909337722,0.1917151054339,index,0.4,3
2010,9718.32030366387,7181.46244896915,13151.3254014386,9.18176807425638,0.154344544920488,index,0.4,3
2011,11752.5584054174,8908.86285115944,15503.9572816829,9.3718262325024,0.141341549385642,index,0.4,3
2012,8143.80650458361,5905.98735988861,11229.5506818269,9.00501297924769,0.163927020953285,index,0.4,3
2013,8135.21952713365,5652.55337115427,11708.3010825499,9.00395800480024,0.185766351586319,index,0.4,3
2014,8370.15234317877,6033.45528731004,11611.8288628698,9.03242736441451,0.167019509158738,index,0.4,3
2015,10250.1107401804,7244.19769377162,14503.2996927036,9.23504378842823,0.177088804612362,index,0.4,3
2016,9960.37176290825,7090.31574066846,13992.1844504469,9.20636967547526,0.17341365779273,index,0.4,3
2017,14618.6448067178,10128.4476750127,21099.4599411515,9.59005303452843,0.187222669547261,index,0.4,3
2018,16070.2295954204,11213.46544839,23030.5502289306,9.68472374583674,0.183601913792694,index,0.4,3
2019,10305.180500478,7128.35178067378,14897.7980345119,9.24040200898659,0.188047684556725,index,0.4,3
2021,18773.14577863,13734.1824218188,25660.8651029569,9.840182711629,0.159461930170402,index,0.4,3
2022,32795.4565010809,23386.1198572724,45990.6121100215,10.3980452634688,0.172527306255061,index,0.4,3
2023,35865.0129291318,26981.2377675511,47673.8377789977,10.4875175290549,0.145217221012603,index,0.4,3
2024,30719.8928398695,23220.7212773457,40640.9346557962,10.33266569897,0.14279108373705,index,0.4,3
2025,27812.4427104712,19556.8905487984,39552.9119311234,10.2332387790582,0.179674637280117,index,0.4,3
2003,32672.4217879604,25693.8459088078,41546.4134594368,10.3942866306497,0.122594011490904,index,0.4,3
2004,44934.8388525626,33281.4432670797,60668.6352662777,10.7129686938518,0.153172933188962,index,0.4,3
2005,26170.1416422478,20444.9101219487,33498.6218814462,10.1723744078996,0.125964136661435,index,0.4,3
2006,26808.3105357234,20838.3982152197,34488.520007976,10.1964672130461,0.128530209327178,index,0.4,3
2007,25351.5421148529,19435.1193258332,33069.0373867106,10.1405948401021,0.135593234973513,index,0.4,3
2008,15120.2949527555,11597.9979021391,19712.3090888091,9.62379315700063,0.135311358544053,index,0.4,3
2009,19471.945877818,14938.2023103678,25381.6803649476,9.87673003573588,0.13523356228191,index,0.4,3
2010,19690.6760119851,15433.5817366791,25122.018234271,9.8879005038008,0.12428772120121,index,0.4,3
2011,24141.1928841051,18666.0722963533,31222.2723996104,10.0916749086794,0.131233059093329,index,0.4,3
2012,19990.5653760152,15542.0535229396,25712.3489803266,9.90301571003672,0.128426314206553,index,0.4,3
2013,22516.314981098,16939.3701874801,29929.3559746825,10.0219954356981,0.145206569836707,index,0.4,3
2014,17134.3155339317,13199.8692543466,22241.490666254598,9.7488384880152,0.133102590925796,index,0.4,3
2015,26119.6202312085,20339.7620473504,33541.914572763,10.1704420438976,0.127609014803296,index,0.4,3
2016,28445.7262747709,22594.9337668002,35811.5386241197,10.2557532094575,0.117487984857825,index,0.4,3
2017,26347.7484062578,20701.9182685427,33533.3101538871,10.1791381008406,0.123041269025887,index,0.4,3
2018,28575.064817354,22161.8473874085,36844.1454831021,10.2602897569843,0.129677002100459,index,0.4,3
2019,24081.667844862,17704.5099218811,32755.8756920757,10.0892061596846,0.156957718691923,index,0.4,3
2021,38708.884530974,29895.3072960031,50120.8342431927,10.5638244271135,0.131822639962795,index,0.4,3
2022,72288.5184327451,57312.6102064443,91177.6636656093,11.1884205910097,0.118443318826131,index,0.4,3
2023,67045.4907717093,52001.3158889047,86442.0016297791,11.1131266347214,0.129646429182617,index,0.4,3
2024,57923.115327278,46374.5198963057,72347.6447135019,10.966871812341,0.113454311854284,index,0.4,3
2025,47527.4392892722,37715.0472805794,59892.7390595799,10.7690624924839,0.117985875451307,index,0.4,3
2003,60092.0631234938,47442.7476841085,76113.9737201082,11.0036330506293,0.120591042160481,index,0.4,3
2004,89926.1414664409,68869.7394177933,117420.379217422,11.4067439620217,0.136110560845372,index,0.4,3
2005,60424.0102951545,48514.7136333856,75256.7777218918,11.0091418263751,0.112001762943312,index,0.4,3
2006,54599.3037906285,43480.235822808,68561.817064883,10.9077764105643,0.116183076542437,index,0.4,3
2007,54675.8090964719,43712.8795263947,68388.1760420007,10.9091766437249,0.114174842918052,index,0.4,3
2008,31670.9668964248,25086.9898508982,39982.8815699275,10.3631556694242,0.118905762124696,index,0.4,3
2009,36792.6212639512,29475.3430315675,45926.4198561753,10.5130525949206,0.113136380709222,index,0.4,3
2010,39891.9319089844,32473.6865726129,49004.7912445255,10.5939293746363,0.104973346346994,index,0.4,3
2011,52379.9909503218,42503.123835552,64552.0423997833,10.866279945292,0.106607617647954,index,0.4,3
2012,38846.1563112053,31005.9257602778,48668.885806591,10.5673644142527,0.11501782546709,index,0.4,3
2013,43095.4717715379,32813.6491705538,56598.9987141707,10.6711732072669,0.139070599437308,index,0.4,3
2014,37923.4549063225,30760.333626554,46754.6434798858,10.5433250626175,0.106810020281563,index,0.4,3
2015,47799.8841496913,38069.5671023217,60017.2026801052,10.77477849483,0.116128672981158,index,0.4,3
2016,45227.7470582203,36088.6141973389,56681.2871443868,10.7194660504469,0.115172193902483,index,0.4,3
2017,54531.6533248552,44082.721225818,67457.296910259,10.9065366070067,0.108529255111399,index,0.4,3
2018,52970.3172373797,42269.9265897705,66379.4507016644,10.8774869835216,0.115132639395577,index,0.4,3
2019,48047.1654212581,35682.6566894243,64696.138662286,10.7799384203848,0.151797879973952,index,0.4,3
2021,62048.5734039913,50033.2324920433,76949.3648463101,11.0356727992966,0.109813286124152,index,0.4,3
2022,132375.766941901,104986.295088259,166910.773055903,11.7933998765934,0.118275019730024,index,0.4,3
2023,120735.310733477,96694.1559609469,150753.839392285,11.7013559138745,0.113291708800604,index,0.4,3
2024,99968.3367136987,79372.9930503669,125907.66659085,11.5126087819684,0.117703862069728,index,0.4,3
2025,107947.556692784,88338.3374491242,131909.602698294,11.5894008019933,0.102283173829444,index,0.4,3
2003,93367.7346732344,77041.0897068175,113154.342847257,11.4443011113569,0.0980665572491691,index,0.4,3
2004,140008.175485802,111143.342690329,176369.440835334,11.8494560962136,0.117798120404268,index,0.4,3
2005,88478.891545889,73296.2074559452,106806.539122703,11.3905192889414,0.0960503070046879,index,0.4,3
2006,84140.6457854717,69327.5111556384,102118.886935124,11.3402450322455,0.0988017846247808,index,0.4,3
2007,81442.8652935505,66915.9126608112,99123.512531989,11.307657014043,0.100239055589164,index,0.4,3
2008,49803.2335315525,40733.8136616618,60891.9678083776,10.8158351912573,0.102563804151402,index,0.4,3
2009,57456.2195352743,47111.62489384,70072.2416330259,10.9587785373872,0.101279144090946,index,0.4,3
2010,60822.3520661868,50847.6543175629,72753.7692842088,11.0157126330615,0.0913911497914192,index,0.4,3
2011,78876.8742448368,66005.1684775482,94258.6987373889,11.2756433617778,0.0908970955460098,index,0.4,3
2012,60907.3519631688,50231.2049224137,73852.6087298777,11.0171091683028,0.0983270331820128,index,0.4,3
2013,66192.1361815255,52299.3340062525,83775.4242099872,11.1003169460704,0.120195081166178,index,0.4,3
2014,56855.3623059241,47291.933526481,68352.7185693908,10.9482658184934,0.0939664190575304,index,0.4,3
2015,76561.0794163787,63289.309683108,92615.9395757402,11.2458441249875,0.0971305676953504,index,0.4,3
2016,76044.1098247574,63398.2185554521,91212.4468289571,11.2390688433369,0.0927965019946645,index,0.4,3
2017,86305.171480289,71853.3207128504,103663.721458457,11.3656447997291,0.0935030916065734,index,0.4,3
2018,89457.2510083591,73864.4149850934,108341.746964185,11.4015161477908,0.0977210232600228,index,0.4,3
2019,74405.5032146239,57569.4575002585,96165.2089321242,11.2172851860242,0.130889002924812,index,0.4,3
2021,107705.38357697,89629.1283158908,129427.228284286,11.5871548486823,0.0937360131044998,index,0.4,3
2022,210273.947685094,173647.777536813,254625.389983468,12.2561664723482,0.0976457803758609,index,0.4,3
2023,201258.02508996901,167860.349622031,241300.537943108,12.212343070709201,0.0925809921440729,index,0.4,3
2024,169583.976124768,141705.34604436,202947.353512571,12.04110351748,0.091633502463804,index,0.4,3
2025,165893.52216566,139133.094869597,197800.96692539,12.0191014287957,0.0897542807674208,index,0.4,3
2003,12123.2761578579,8550.70900031614,17188.495690153,9.40288253315041,0.1781221764266,index,0.4,3
2004,17468.4984340293,12366.4453644362,24675.5173816752,9.76815444831957,0.176234046306925,index,0.4,3
2005,11462.0519848009,8268.28071975957,15889.4745056622,9.34679703050542,0.166643448704783,index,0.4,3
2006,9821.19495689472,6884.62329769559,14010.3337845107,9.19229807998352,0.181254546817702,index,0.4,3
2007,10507.9327258199,7521.62055534386,14679.9016725072,9.25988574859802,0.170589285378335,index,0.4,3
2008,5047.02929749016,3377.17735933154,7542.5427863125,8.52655509125509,0.204983130112316,index,0.4,3
2009,6624.05638814812,4654.68544737555,9426.65697380382,8.79846320873238,0.180020447903105,index,0.4,3
2010,8478.57615844668,6258.15244620138,11486.8172823458,9.04529780884463,0.154930155399064,index,0.4,3
2011,9396.86799500728,6677.51902868571,13223.6430530954,9.1481317207168,0.174304185566336,index,0.4,3
2012,6073.17622863531,4242.41832447362,8693.97279643266,8.71163701385879,0.183038194329111,index,0.4,3
2013,7554.87009824416,5040.02044402679,11324.5695796706,8.92994768041529,0.206525357708843,index,0.4,3
2014,6572.56047750872,4640.93763896899,9308.15162603789,8.79065875816059,0.177547678802287,index,0.4,3
2015,7608.53570470137,5180.22341377512,11175.1580859961,8.93702601508772,0.196137558508283,index,0.4,3
2016,7589.73527114232,5249.42929901119,10973.3988601146,8.93455199114403,0.188104143405438,index,0.4,3
2017,9192.87505754189,6538.62159296529,12924.5821343288,9.12618401272842,0.17383092688458401,index,0.4,3
2018,8158.36064179475,5528.67008843397,12038.8533403047,9.00679852603386,0.198521990121497,index,0.4,3
2019,8028.5105519743,5220.5053005737,12346.8855928715,8.99075430430342,0.219598334780856,index,0.4,3
2021,11825.2201366254,8340.53663218732,16765.8074589596,9.37798982939197,0.178119085083159,index,0.4,3
2022,27185.7941906343,19328.209331331,38237.7587652414,10.2104498434492,0.174048561603036,index,0.4,3
2023,22387.7893443499,15761.3754117747,31800.08715182,10.0162709706562,0.179061116173497,index,0.4,3
2024,19027.3687560778,13371.3569924005,27075.8429369231,9.85363368252626,0.179984696170548,index,0.4,3
2025,17393.9165268659,12657.0183760511,23903.6021877034,9.76387579917682,0.162201269535656,index,0.4,3
2003,60583.6336395634,49563.5827565771,74053.9012887596,11.011780063627,0.102434759406559,index,0.4,3
2004,85624.6282166618,67283.3705498242,108965.661163072,11.3577282335599,0.122991975728959,index,0.4,3
2005,55224.1713494666,45232.5712846092,67422.8551378625,10.9191560231865,0.101830092189838,index,0.4,3
2006,53949.7553085374,43788.5645065039,66468.8630616962,10.8958084351531,0.106471577462343,index,0.4,3
2007,49776.869024066,40110.259022212,61773.1410925797,10.8153056776813,0.110164402430261,index,0.4,3
2008,31162.5163926966,24861.3406889906,39060.7425429444,10.3469712538709,0.115258220292322,index,0.4,3
2009,36907.6291033688,29646.9000186634,45946.5605231684,10.5161735594274,0.111767723634589,index,0.4,3
2010,38841.2508197557,32086.3720087212,47018.1784600988,10.5672381263088,0.0974770234854649,index,0.4,3
2011,49583.0580340017,40297.8089791746,61007.7745237636,10.8114044824689,0.105793833667412,index,0.4,3
2012,38475.3156576032,31420.1692793801,47114.6384282438,10.5577721628996,0.103352339670986,index,0.4,3
2013,41724.2627565031,32790.7846890419,53091.5657884667,10.6388380792668,0.122928421579433,index,0.4,3
2014,34945.2067527665,28369.7988047428,43044.6293750045,10.461536592413,0.10635713620809,index,0.4,3
2015,48562.7253770526,39295.9202483504,60014.8382107436,10.7906115480681,0.108030335120522,index,0.4,3
2016,50757.3868721575,41714.7814232381,61760.1779079366,10.8348124404432,0.100104709286787,index,0.4,3
2017,55033.4380588123,44980.4639733762,67333.2161794907,10.9156962441846,0.102916535819859,index,0.4,3
2018,58927.3319180116,47605.060332354,72942.4649970567,10.9840603013617,0.108862182658692,index,0.4,3
2019,47530.9334964666,36137.8008956273,62515.9689592205,10.7691360095681,0.139819557415406,index,0.4,3
2021,74412.5539425289,60688.7820451354,91239.7315888074,11.2173799423736,0.104015070589854,index,0.4,3
2022,134112.710006908,108761.395028768,165373.191293101,11.8064358448448,0.106902025324001,index,0.4,3
2023,135388.270551444,111387.468604502,164560.556340449,11.8159020075797,0.09955891998848,index,0.4,3
2024,113148.652633771,93633.0078699206,136731.88423706,11.6364577432026,0.0965933538642151,index,0.4,3
2025,106630.701478843,87447.6869388264,130021.809562832,11.5771267556161,0.101191005132134,index,0.4,3
2003,44907.377191529,34703.2553105338,58111.9122162043,10.7123573629408,0.131517002585543,index,0.4,3
2004,71852.0457031696,54151.360139879,95338.6296926704,11.1823643629623,0.144301627517728,index,0.4,3
2005,44716.772181223,35126.4267453623,56925.5087858147,10.7081039268077,0.12316292738827,index,0.4,3
2006,40012.0854338293,31205.2273091254,51304.4486074254,10.596936823308,0.126836984529165,index,0.4,3
2007,42173.9289953043,33251.4257932207,53490.6472270309,10.6495575127895,0.121280078869176,index,0.4,3
2008,23687.7464363459,18484.990707597,30354.8614174858,10.0727131654159,0.126532323400379,index,0.4,3
2009,27172.646820053,21317.4012731322,34636.1512713061,10.2099661146817,0.123822242270605,index,0.4,3
2010,30459.6774048776,24258.5454453071,38245.9842739126,10.3241590356143,0.116142344258152,index,0.4,3
2011,38690.6842058427,31281.01213556,47855.5181599927,10.5633541318453,0.108465044312796,index,0.4,3
2012,28505.212534201,22137.5514167672,36704.4722482062,10.2578422454702,0.128987901189246,index,0.4,3
2013,32022.7435232666,23665.6269426465,43331.0347214591,10.3742016644314,0.154300146547275,index,0.4,3
2014,28482.7160306663,22688.8654858733,35756.089831318,10.2570527272241,0.116034352221169,index,0.4,3
2015,35606.8897440278,27941.1038979367,45375.8234418567,10.4802944302508,0.123696297760039,index,0.4,3
2016,32876.4582237421,25701.5510770497,42054.3297988978,10.4005121251121,0.12561736072672,index,0.4,3
2017,40464.6084790186,31988.7357665643,51186.2848006552,10.6081830063367,0.11992255759432,index,0.4,3
2018,38688.2797321424,30310.2772093339,49382.0290159397,10.5632919838511,0.124517526832964,index,0.4,3
2019,34903.0802701313,25663.4849328723,47469.1966242982,10.460330364185,0.156893660180139,index,0.4,3
2021,45118.0497710664,35725.7328500213,56979.6125299977,10.7170376620788,0.119089507606135,index,0.4,3
2022,103347.031868819,81417.2001917751,131183.693014952,11.5458478454795,0.121688976493743,index,0.4,3
2023,88257.5438828735,69263.8414851928,112459.746459522,11.3880144542341,0.123643176622792,index,0.4,3
2024,75462.6922470748,59127.6299785386,96310.606788124,11.2313936706857,0.124461503445096,index,0.4,3
2025,76656.7372136837,61758.6774333406,95148.6593376341,11.2470927762454,0.110258661942866,index,0.4,3
2003,81038.7964916273,66799.3865930666,98313.5754946143,11.302683288018,0.0985906439088232,index,0.4,3
2004,121645.328980203,95944.0278133418,154231.445145188,11.708864950271,0.121096456537092,index,0.4,3
2005,75776.185970855,62430.8231425338,91974.2856374033,11.235539353019,0.0988410815353996,index,0.4,3
2006,72364.7859098714,59155.3151340018,88523.951362936,11.1894750775912,0.102835233324938,index,0.4,3
2007,67515.9323145579,54661.1922666072,83393.737444851,11.1201188832987,0.107761986090265,index,0.4,3
2008,41336.3898726126,33408.3344585441,51145.8339780729,10.629498501716,0.108643740840364,index,0.4,3
2009,48255.611329845,39105.4390034161,59546.8068933749,10.7842673969968,0.107272662869947,index,0.4,3
2010,52613.611301484,43640.9582972977,63431.0565621803,10.8707301352408,0.0953990674624424,index,0.4,3
2011,67592.2147506808,55922.1812557473,81697.591050825,11.1212480889888,0.0967016269776014,index,0.4,3
2012,52398.8281721791,43013.8507779777,63831.4669381629,10.8666395069327,0.100696775330913,index,0.4,3
2013,56074.9005094227,44174.0659733399,71181.9117814369,10.9344435851456,0.121711640543874,index,0.4,3
2014,48906.7342611479,40431.9124050895,59157.9401965033,10.797670380933,0.0970914360076327,index,0.4,3
2015,65841.9712921692,54001.6913382212,80278.3223304434,11.0950127755493,0.101145802157038,index,0.4,3
2016,66671.6779092902,55184.0577480851,80550.6665626517,11.1075355226764,0.096484497943677,index,0.4,3
2017,75235.0294237111,62165.3118357522,91052.5417670524,11.2283722182836,0.0973588209554632,index,0.4,3
2018,77719.549390664,63898.9835041453,94529.3340557759,11.260862105619,0.0999015158072897,index,0.4,3
2019,63665.5178966708,48920.8806740892,82854.1537519404,11.0613983746901,0.13441001201901,index,0.4,3
2021,95218.0729933854,78719.529678329,115174.486707707,11.4639250451292,0.0970826451590418,index,0.4,3
2022,184290.516876799,151049.507411978,224846.775025131,12.1242686875147,0.101484396329061,index,0.4,3
2023,179042.729644327,148644.594647588,215657.347746089,12.0953797694323,0.0949335324955511,index,0.4,3
2024,150053.412887137,125103.710352796,179978.888360558,11.9187465956091,0.0927814194205682,index,0.4,3
2025,148045.76130661,123397.130286149,177617.967209031,11.905276702972,0.0929167931682282,index,0.4,3
2003,24452.2143394651,18043.6091444718,33136.983921331,10.1044760568335,0.155068777887466,index,0.4,3
2004,35831.344939628,26515.8423963628,48419.554656831,10.4865783462852,0.153615417954051,index,0.4,3
2005,24164.7575598346,18385.3816000127,31760.8587425337,10.0926505515301,0.139461441186868,index,0.4,3
2006,21597.0548324952,16362.4015812174,28506.3763483979,9.98031223402826,0.141620377168405,index,0.4,3
2007,24434.8657048125,18957.3633637661,31495.0265263897,10.1037663136717,0.129501670758955,index,0.4,3
2008,13513.8729564301,10123.7121445177,18039.3080794409,9.51147206318219,0.147368205323664,index,0.4,3
2009,15824.6645935772,12085.0857069292,20721.4094771072,9.6693250520691,0.137552357632173,index,0.4,3
2010,16687.3169231494,13018.7119580835,21389.7155870881,9.72240424418501,0.126666236331368,index,0.4,3
2011,20681.5274891636,16090.395046275,26582.664878949,9.93699618900698,0.128072964103612,index,0.4,3
2012,14581.7000196252,10873.7650008123,19554.0344532416,9.58752259819106,0.149703930348243,index,0.4,3
2013,17672.105770347,12568.4957602416,24848.106592537,9.77974273027596,0.173877738353768,index,0.4,3
2014,14521.1885222849,10988.877882614,19188.9397946044,9.58336413918077,0.142209348073426,index,0.4,3
2015,18327.6438289111,13719.7100312916,24483.2090148629,9.81616579077728,0.147746094698883,index,0.4,3
2016,16962.1671866095,12809.5956216998,22460.9054152416,9.73874068341177,0.143263273522767,index,0.4,3
2017,20263.0171141196,15472.4686544487,26536.8036437449,9.91655268646447,0.13762251799961,index,0.4,3
2018,19896.0622594898,14622.1522487769,27072.1632970692,9.89827711472492,0.157137672960609,index,0.4,3
2019,18768.4958699269,13245.4745420508,26594.4746714167,9.83993499157614,0.177821513684172,index,0.4,3
2021,24312.53072021,18473.6814997226,31996.8247817865,10.0987471639162,0.140127466392073,index,0.4,3
2022,53169.2249989286,40468.9231234954,69855.2436979827,10.8812350304833,0.139260417219045,index,0.4,3
2023,44603.0847899918,33535.3317076774,59323.5573193314,10.7055583013112,0.145514643987595,index,0.4,3
2024,38557.9319937088,28753.6219189476,51705.2816449458,10.5599171164177,0.149695658007924,index,0.4,3
2025,35241.6773859167,27132.5518397618,45774.3831950581,10.4699846778366,0.133418378585487,index,0.4,3
2003,101581.638820813,86859.9186535416,118798.514959252,11.5286180775271,0.0798821351807841,index,0.6,1
2004,134424.467168912,112660.92442811,160392.234178554,11.8087577378903,0.0901138089269325,index,0.6,1
2005,102710.722760647,88550.9124426744,119134.769806511,11.5396717990414,0.0756844782804637,index,0.6,1
2006,101526.991765259,86538.8817112487,119110.969001152,11.528079970833,0.0814968441336579,index,0.6,1
2007,102665.087041379,88236.9627579845,119452.435439367,11.5392273872086,0.0772698658284889,index,0.6,1
2008,67121.8090264997,57635.3050443094,78169.7475796518,11.1142642929009,0.0777431118069713,index,0.6,1
2009,67230.8874216416,57535.9084473355,78559.5004142283,11.1158880551624,0.079452239829254,index,0.6,1
2010,72576.848896719,62445.7199476648,84351.6417168659,11.1924012642379,0.0767097190992672,index,0.6,1
2011,84261.7644296897,72813.1084688004,97510.5320197505,11.3416834756139,0.0745075916728535,index,0.6,1
2012,66620.2668437403,57081.7313121858,77752.7214452883,11.1067641171996,0.0788405888883415,index,0.6,1
2013,79671.9170608097,66754.6795696289,95088.6800606036,11.2856724446029,0.0902530690772869,index,0.6,1
2014,80003.3002987066,68985.4061021899,92780.8999080727,11.2898231665389,0.0755998131925764,index,0.6,1
2015,82092.2727139504,70203.2182803044,95994.7621266284,11.3155991705962,0.0798227612437669,index,0.6,1
2016,75763.0712447107,65284.5179498584,87923.4946460009,11.2353662661712,0.0759483701289748,index,0.6,1
2017,103432.125998718,89437.6591892555,119616.331482653,11.5466708891129,0.0741716552286343,index,0.6,1
2018,119729.577452305,102603.265527043,139714.5757815,11.6929909575332,0.0787595689459496,index,0.6,1
2019,103657.02570027,84499.6327679474,127157.700277037,11.5488428984927,0.104257237740137,index,0.6,1
2021,160852.503856709,140098.585507778,184680.865286369,11.9882430989539,0.0704816333736992,index,0.6,1
2022,228603.301334621,195543.38321151,267252.558091218,12.3397434717723,0.0796983670132721,index,0.6,1
2023,195963.508002254,169056.588342541,227152.912791192,12.1856837372164,0.0753559546296514,index,0.6,1
2024,206178.105792171,178728.702481792,237843.226732865,12.2364956654521,0.0728948899451317,index,0.6,1
2025,185139.842225305,160937.33231607,212982.038946027,12.1288667224296,0.0714790657453571,index,0.6,1
2003,18605.8325265726,14943.0618670273,23166.4037188206,9.83123038724385,0.111853078443797,index,0.6,1
2004,23619.1584255487,17260.4071827595,32320.4799761845,10.0698134593769,0.16002483023673,index,0.6,1
2005,12343.6489815966,9504.46626971069,16030.9549065829,9.42089695728065,0.133359520163736,index,0.6,1
2006,13468.8448768655,9470.72777862835,19154.7879484441,9.50813451048338,0.179683646776223,index,0.6,1
2007,13728.996501129,10267.3150855765,18357.8027319719,9.527265408045,0.148239750501316,index,0.6,1
2008,10096.8091183714,7378.68238599033,13816.2274834309,9.21997472403919,0.160015369334378,index,0.6,1
2009,9147.28801403551,6603.352924756,12671.271544192,9.12121272242812,0.16626831262186,index,0.6,1
2010,11588.3999891615,8948.57715493446,15006.9683686805,9.35775987582558,0.131895308452743,index,0.6,1
2011,12116.5722991466,9164.03758494436,16020.3756171454,9.4023294060222309,0.142496118954921,index,0.6,1
2012,7536.33696285937,5617.01538937677,10111.4864177116,8.92749152901179,0.149969998946844,index,0.6,1
2013,9653.66946263522,7001.01919649444,13311.3953094829,9.17509337724971,0.163922583703508,index,0.6,1
2014,8740.16590191075,6155.33338931131,12410.4569421982,9.07568445038141,0.178886066472799,index,0.6,1
2015,8636.38045651203,5932.67546158057,12572.248030866,9.06373884537854,0.191589378242395,index,0.6,1
2016,11462.131923708,8399.82328289143,15640.8609814541,9.34680400470415,0.158593760036873,index,0.6,1
2017,13785.9507290736,10437.3887021643,18208.8109322819,9.53140528945644,0.141969743227289,index,0.6,1
2018,30968.619498564,22711.6023788683,42227.5530210577,10.3407296965318,0.158216430543035,index,0.6,1
2019,16535.0997228342,11505.7429993911,23762.8741454196,9.71324065641278,0.185023336308628,index,0.6,1
2021,24558.1019138817,18942.1154815172,31839.1243153953,10.1087970956378,0.132478986008541,index,0.6,1
2022,38510.6423026836,28067.7040402958,52839.0055857812,10.5586899055243,0.161388186764859,index,0.6,1
2023,31170.6256850962,24281.3420450447,40014.5883122084,10.3472314458707,0.127434958249756,index,0.6,1
2024,46331.757709547,34874.0772652999,61553.7941298334,10.7435829165977,0.14494340631132,index,0.6,1
2025,30242.0619203361,23162.6019195954,39485.3010196456,10.3169890131653,0.136071246454827,index,0.6,1
2003,30995.2812881758,24502.0073216682,39209.336995159,10.3415902553707,0.119940944094749,index,0.6,1
2004,37895.9901741913,29608.553003778,48503.0818999889,10.54260058532,0.125911514631365,index,0.6,1
2005,28964.553658609,22994.3175126036,36484.8997228381,10.2738280737317,0.117770365086301,index,0.6,1
2006,27999.2666432641,22352.8802848671,35071.9425223845,10.2399335975023,0.11491187375599,index,0.6,1
2007,30870.7547703896,24886.1821704215,38294.4838050019,10.3375645671613,0.109949250779814,index,0.6,1
2008,19576.2325587743,15816.0669240293,24230.3527821432,9.88207148484221,0.108823371383369,index,0.6,1
2009,18669.826728061,14887.6103391125,23412.9200130985,9.83466395572468,0.115501780821969,index,0.6,1
2010,20637.5469345983,16398.7924666928,25971.9332592811,9.93486736246436,0.117300309217954,index,0.6,1
2011,21579.9224558559,17202.3766521135,27071.4368496019,9.97951864547184,0.115673459591996,index,0.6,1
2012,19579.830187036,15525.8287474418,24692.3855975377,9.88225524327039,0.118366948701948,index,0.6,1
2013,21334.6992926505,16264.6031706879,27985.2750867066,9.9680901009669,0.138443186834946,index,0.6,1
2014,20053.3939609165,16275.6800130823,24707.945169018,9.90615369326802,0.1064950407419,index,0.6,1
2015,28968.8974768563,23439.6769621128,35802.414102424,10.27397803263,0.108059419552839,index,0.6,1
2016,22647.4353354735,18513.6423205945,27704.2366052357,10.0278018942782,0.102827773280144,index,0.6,1
2017,31815.4676415281,26033.2267062022,38882.0023223616,10.3677078543339,0.102338055473092,index,0.6,1
2018,32662.4163139805,26079.8239788473,40906.466252727,10.3939803476819,0.11483021255321,index,0.6,1
2019,29322.6356335876,22488.5919993323,38233.4723545909,10.2861150439656,0.135385960506045,index,0.6,1
2021,44605.1240401737,35862.9790658717,55478.2994180389,10.7056040202021,0.111299596990224,index,0.6,1
2022,69954.5884238488,57418.8009854592,85227.2140407348,11.1556015737086,0.100754148182555,index,0.6,1
2023,60479.0777446829,49084.41729359,74518.9419886433,11.0100527618066,0.106510051598638,index,0.6,1
2024,62692.2726976408,51426.5619863207,76425.8955720355,11.0459934765642,0.101064810374681,index,0.6,1
2025,52771.3735560512,42841.4003508261,65002.9607853051,10.8737241551694,0.106361109111439,index,0.6,1
2003,51980.525006065,42552.8222340031,63496.9630227498,10.8586244082996,0.102105421631514,index,0.6,1
2004,72909.318569172,59221.6055227727,89760.6319061533,11.1969717365652,0.106088696404289,index,0.6,1
2005,61402.5201204415,51669.3454642521,72969.174338578,11.0252061575998,0.0880558037681874,index,0.6,1
2006,60058.8802451281,50013.4345518235,72122.0033901295,11.0030806974263,0.0933862864390491,index,0.6,1
2007,58065.3357698605,48327.9594255088,69764.6509007586,10.9693241343181,0.09365406380558,index,0.6,1
2008,37448.7673493537,31181.4670432257,44975.7599295091,10.5307290738337,0.0934455342018829,index,0.6,1
2009,39413.7726795451,32936.1724805371,47165.3309974872,10.5818705945986,0.091605659971063,index,0.6,1
2010,40350.9019729589,33667.4604602734,48361.0960782908,10.6053690271771,0.0923904437531493,index,0.6,1
2011,50565.2696746876,42621.5940757039,59989.4619786497,10.8310202495503,0.0871974913250497,index,0.6,1
2012,39504.0996938449,32967.6080463594,47336.5823333845,10.584159735221,0.092286874968871,index,0.6,1
2013,48683.5483055241,40064.5022354663,59156.8032391084,10.7930964348626,0.0994153189492347,index,0.6,1
2014,51209.7404358795,43184.3344750342,60726.5932748422,10.843685035822,0.0869668813265999,index,0.6,1
2015,44486.9947805823,36972.7329379146,53528.4396728501,10.7029521733186,0.0943977554970131,index,0.6,1
2016,41653.5039855294,34722.6698240309,49967.7704239132,10.6371407733607,0.0928551305661245,index,0.6,1
2017,57830.7076281158,48290.8303819562,69255.1923070315,10.9652751874273,0.0919803702498564,index,0.6,1
2018,56098.5416397592,46718.4637241415,67361.9405100766,10.9348650954467,0.0933539404526269,index,0.6,1
2019,57799.2903438475,45751.3198837252,73019.9253866939,10.964731776797,0.119265383668179,index,0.6,1
2021,91689.2779026536,77401.6182929226,108614.314115429,11.426160725592,0.0864290157327578,index,0.6,1
2022,120138.070608089,98982.1189865828,145815.791349048,11.6963969487454,0.0988295977715887,index,0.6,1
2023,104313.804572475,86840.7681719893,125302.551479436,11.5551589867128,0.0935361661614561,index,0.6,1
2024,97154.0753849826,80985.7123234702,116550.365405324,11.4840534033337,0.0928717964931535,index,0.6,1
2025,102126.406748918,86274.9535513928,120890.276101194,11.5339666068426,0.0860587228059144,index,0.6,1
2003,90057.6487234226,77015.2190943628,105308.797260632,11.4082052856247,0.0798213410945692,index,0.6,1
2004,120118.528265536,100459.911120533,143624.065278805,11.6962342698205,0.0911854700655504,index,0.6,1
2005,90077.791539937,77425.5086255588,104797.61350943,11.4084289264204,0.0772245579646787,index,0.6,1
2006,89297.7802037279,75884.3186828358,105082.231582544,11.3997319088146,0.0830456952422369,index,0.6,1
2007,90930.2623026879,77978.9182979755,106032.666044949,11.4178481433819,0.0783965183467637,index,0.6,1
2008,61334.5993535887,52771.0797526558,71287.7791301194,11.0240993893446,0.0767263086738481,index,0.6,1
2009,60634.2138390858,51936.2772340126,70788.8220659042,11.0126145975428,0.0790023645694056,index,0.6,1
2010,64214.3839438583,55091.0044019352,74848.6463453261,11.0699825135526,0.0781855138367929,index,0.6,1
2011,76010.9938885772,65655.7072538366,87999.5271331376,11.2386332652354,0.0747225234130094,index,0.6,1
2012,60446.3331008458,51766.6346468531,70581.3543851943,11.0095111941674,0.0790882350200219,index,0.6,1
2013,69698.6959133584,58353.3536441049,83249.8546981727,11.1519368865787,0.0906469594832075,index,0.6,1
2014,70779.7949781575,60982.3683324461,82151.2760842469,11.1673288572883,0.0760160905096272,index,0.6,1
2015,73984.4348307181,63353.7111210664,86398.9891099004,11.2116100099363,0.079144946485799,index,0.6,1
2016,68337.3660419393,58928.9803023768,79247.8602817711,11.132211982959,0.075574709527988,index,0.6,1
2017,93755.2343607609,81013.8635701969,108500.49093665,11.4484427754555,0.0745254516974988,index,0.6,1
2018,109761.624113209,93934.7462216133,128255.141069379,11.6060662398,0.079445647965333,index,0.6,1
2019,94382.0534516734,77090.2657770893,115552.488034124,11.4551062223193,0.10325389999379,index,0.6,1
2021,146979.305030751,127866.133613393,168949.474711103,11.8980470737464,0.0710767699569229,index,0.6,1
2022,208133.616915068,178049.007671387,243301.566555767,12.2459355414547,0.0796552524995796,index,0.6,1
2023,177762.549308297,153485.745194737,205879.209802137,12.0882039460639,0.0749202386910663,index,0.6,1
2024,189101.508276014,163780.45845688,218337.283758906,12.150039230691,0.0733468011559418,index,0.6,1
2025,167225.452990765,145224.252372163,192559.794050809,12.0270981988528,0.0719726511220086,index,0.6,1
2003,11523.9900973913,8384.43513473969,15839.1526239526,9.35218623690097,0.16227539566169,index,0.6,1
2004,14305.9389033758,10302.1694048493,19865.7078780695,9.56843003795991,0.167513416919681,index,0.6,1
2005,12632.9312207101,9504.9262075837,16790.3408971088,9.4440622724006,0.145154086140857,index,0.6,1
2006,12229.2115615295,8916.76342974688,16772.1860734499,9.41158275902579,0.161173596038566,index,0.6,1
2007,11734.8247386915,8631.52063028045,15953.8646255116,9.37031617325169,0.156707064163067,index,0.6,1
2008,5787.209672911,3885.78664205901,8619.0516575784,8.66340553262839,0.203230677500605,index,0.6,1
2009,6596.67358255567,4532.99739905761,9599.85160455524,8.79432079831941,0.191422967012456,index,0.6,1
2010,8362.46495286059,6172.2006457419,11329.9654534183,9.03150851343943,0.154950700037808,index,0.6,1
2011,8250.77054111242,5896.49911087294,11545.0224348479,9.01806187389004,0.171405083868321,index,0.6,1
2012,6173.93374289463,4321.62480573488,8820.16824113708,8.728091473371,0.181995563806482,index,0.6,1
2013,9973.22114745102,7141.04852564116,13928.6464303971,9.20765889477258,0.170433742928391,index,0.6,1
2014,9223.50532054924,6780.3761408692,12546.9514715292,9.12951043090857,0.157004198003609,index,0.6,1
2015,8107.83788323216,5657.02317939868,11620.4288114234,9.00058651270403,0.183642874428538,index,0.6,1
2016,7425.70520277153,5233.31759385139,10536.5471843813,8.91270293596514,0.178524831887561,index,0.6,1
2017,9676.89163795649,6891.3297138682,13588.4126374486,9.17749601692184,0.17320557028561,index,0.6,1
2018,9967.95333909638,6986.05425489499,14222.6341429832,9.20713055994649,0.181360153136457,index,0.6,1
2019,9274.97224859625,6174.37450462406,13932.60323743,9.13507489540607,0.207611995448868,index,0.6,1
2021,13873.198825958,10135.5837377096,18989.1032075923,9.53771411584265,0.160159301328617,index,0.6,1
2022,20469.6844195527,14357.2321710597,29184.4538866403,9.92670026180727,0.180968214889965,index,0.6,1
2023,18200.9586939573,13060.6312267025,25364.386424283,9.80922954716974,0.169325464804181,index,0.6,1
2024,17076.5975161567,12341.7305316641,23627.9816659949,9.74546423884195,0.165677898268659,index,0.6,1
2025,17914.3892345409,13206.177038325,24301.1539763015,9.79335953675158,0.155574073090814,index,0.6,1
2003,62103.0893635195,52740.1770293659,73128.1904182043,11.036551014889,0.0833781639015312,index,0.6,1
2004,77681.3968066306,63597.7647850767,94883.8285468358,11.2603710843513,0.102061814455415,index,0.6,1
2005,56789.7220517113,47854.5075669533,67393.2863314582,10.947110638542,0.0873434641767915,index,0.6,1
2006,57681.2275706813,47876.6971950383,69493.5993706252,10.9626870541644,0.095054235297314,index,0.6,1
2007,57443.2886477678,48473.9731388902,68072.2292190944,10.9585534557003,0.0866195299843292,index,0.6,1
2008,38948.4319164124,32702.3660695026,46387.4799004866,10.569993791603,0.0891807614060983,index,0.6,1
2009,37094.8788939277,30857.7663502976,44592.6650858152,10.5212342038637,0.0939254303202659,index,0.6,1
2010,42337.3211919478,35731.474164744,50164.4224765501,10.6534242737205,0.0865511134047146,index,0.6,1
2011,45895.7598213765,38363.3377047954,54907.1299736825,10.7341280131622,0.0914662102635037,index,0.6,1
2012,37418.2554269893,31505.7016912569,44440.3953582776,10.5299139773353,0.0877516955343078,index,0.6,1
2013,42534.6208003055,34773.4844155887,52027.9746775889,10.6580736303663,0.102789234240525,index,0.6,1
2014,39785.5004624021,33214.2472068597,47656.839463665,10.5912578149056,0.0921055798674736,index,0.6,1
2015,50328.7210904621,42022.6126452618,60276.5988869834,10.826331188966,0.0920262013438653,index,0.6,1
2016,44989.1842795544,38064.4514197668,53173.6732474918,10.7141773905207,0.0852777397304233,index,0.6,1
2017,61168.142341467,52003.6695465312,71947.6465820966,11.0213817829912,0.0828138787218751,index,0.6,1
2018,78735.4025184403,65493.9519154106,94653.9860313748,11.2738481746605,0.0939482030905787,index,0.6,1
2019,61540.5673981848,49146.2786920694,77060.5941381614,11.0274518688235,0.114744689786654,index,0.6,1
2021,97045.8294335513,82078.7159407174,114742.206947391,11.4829386142946,0.0854631000011916,index,0.6,1
2022,136320.360480621,114801.556072867,161872.724702193,11.8227629864304,0.0876560336659871,index,0.6,1
2023,118977.945749982,100775.132435946,140468.697313629,11.6866934250859,0.0847191704727902,index,0.6,1
2024,135227.146079324,114708.088767939,159416.665669961,11.8147112070469,0.0839634741420789,index,0.6,1
2025,112923.140272065,96564.1443792874,132053.524534099,11.6344626916873,0.0798483634505222,index,0.6,1
2003,39478.5494572943,31510.6558020402,49461.2323222777,10.5835127516692,0.115018289319269,index,0.6,1
2004,56743.0703622816,45537.5912000044,70705.8926326897,10.9462888197342,0.112244601130228,index,0.6,1
2005,45921.0007089357,37951.0948449556,55564.6237539408,10.734677823198,0.0972590275252588,index,0.6,1
2006,43845.7641945762,35907.6096200791,53538.8197138963,10.6884333955193,0.101904360461286,index,0.6,1
2007,45221.7983936112,36982.5552698963,55296.6401328426,10.7193345149131,0.102620719179817,index,0.6,1
2008,28173.3771100871,23090.1660920072,34375.637430427,10.2461327368972,0.101517498739683,index,0.6,1
2009,30136.0085277137,24796.3144851878,36625.5642758902,10.3134760323461,0.0995047471500105,index,0.6,1
2010,30239.5277047709,24758.9048450832,36933.3393996705,10.316905211943,0.102024689490456,index,0.6,1
2011,38366.0046083137,32132.9478160513,45808.131828785,10.5549270498108,0.0904556699900955,index,0.6,1
2012,29202.0114167512,23732.8923648416,35931.4599196246,10.2819928700193,0.105805842979144,index,0.6,1
2013,37137.2962605044,29880.915021248202,46155.8413642872,10.5223770336704,0.11092130947626,index,0.6,1
2014,40217.7998363045,33580.6281311636,48166.8007327117,10.6020649586057,0.0920222637036619,index,0.6,1
2015,31763.5516234883,26017.4874494677,38778.6566130791,10.3660747360449,0.10181337641669,index,0.6,1
2016,30773.8869651564,25181.5039015455,37608.2430440581,10.3344217835475,0.10232675359357,index,0.6,1
2017,42263.9836572505,34630.550708906,51580.0146984368,10.6516905521616,0.101634016649725,index,0.6,1
2018,40994.1749338639,33819.9620747211,49690.2502372806,10.6211852608091,0.0981542320474778,index,0.6,1
2019,42116.4583020843,32858.8866072447,53982.232603101,10.6481938768171,0.12664333154989799,index,0.6,1
2021,63806.674423157,53503.8362443192,76093.4539787328,11.0636130786442,0.0898508565558227,index,0.6,1
2022,92282.9408539995,74716.7943470946,113978.942044827,11.4326145805922,0.107733821887715,index,0.6,1
2023,76985.5622522713,63407.7748124995,93470.8214067466,11.2513731800376,0.0989974395190008,index,0.6,1
2024,70950.9597128463,58647.2192522125,85835.9313256616,11.1697442091048,0.097169524659101,index,0.6,1
2025,72216.7019532399,59600.3959558703,87503.6475406068,11.1874266271207,0.0979656422510993,index,0.6,1
2003,79960.3277260852,68377.9698874992,93504.5895714994,11.2892858872313,0.0798381574361871,index,0.6,1
2004,105842.127590182,87866.2864775651,127495.498238414,11.5697039005348,0.094967272846137707,index,0.6,1
2005,76319.1720796433,64969.7868967142,89651.1487128917,11.2426794580503,0.082145302401973,index,0.6,1
2006,76525.36971922,64541.0304445174,90735.0280949967,11.245377595154,0.0869001497152081,index,0.6,1
2007,75701.202776345,64270.342401612,89165.1092501659,11.2345493280225,0.0835197806760648,index,0.6,1
2008,51307.3555549103,43641.4920344733,60319.7693598229,10.8455894040171,0.0825656881062576,index,0.6,1
2009,49275.6236389732,41542.4896355892,58448.2804547567,10.8051847882366,0.0870999469873655,index,0.6,1
2010,55720.6176266115,47451.8095567993,65430.3230517408,10.9281055123013,0.0819584309617916,index,0.6,1
2011,65392.2086611961,56050.9056124078,76290.309797293,11.0881583967275,0.0786457365285767,index,0.6,1
2012,52756.39546958,44920.2856486531,61959.4738268583,10.8734402851187,0.082040036705788,index,0.6,1
2013,58849.1005823454,49036.2539105704,70625.636404996,10.982731829349,0.0930714296498605,index,0.6,1
2014,61132.6227428578,52399.7155587654,71320.9513366417,11.0208009264515,0.0786465902642953,index,0.6,1
2015,65891.1959099229,56017.1931996111,77505.6630018724,11.0957601138406,0.0828312005239471,index,0.6,1
2016,59892.3573660538,51368.9207380865,69830.0532563752,11.000304186081,0.0783257108942877,index,0.6,1
2017,83930.099513253,72260.4095097488,97484.3853238085,11.3377395827458,0.0763829907439617,index,0.6,1
2018,99157.9864039158,84257.135759704,116694.0482729,11.5044696794072,0.0830837396090617,index,0.6,1
2019,82997.8931834766,67536.0724610921,101999.568850623,11.326570503125,0.10518221957339,index,0.6,1
2021,132166.596402774,114265.080287844,152872.681318652,11.7918184997578,0.074257592023688,index,0.6,1
2022,186799.574528036,159051.703060464,219388.289294773,12.1377915270871,0.0820458557048387,index,0.6,1
2023,157289.201913595,134658.335271478,183723.44340021,11.9658414402412,0.0792593343047091,index,0.6,1
2024,170789.17649783,147066.724937422,198338.154475246,12.048185188878,0.0762991137308195,index,0.6,1
2025,150294.639967343,129721.220943843,174130.945103359,11.9203529128786,0.0751084925614627,index,0.6,1
2003,21621.3110947286,16427.9665892675,28456.4185661568,9.98143473203391,0.140152723669301,index,0.6,1
2004,28582.33957873,22136.5765720958,36904.9899442735,10.2605443088308,0.130388998427081,index,0.6,1
2005,26391.5506810037,21281.244395305,32729.0046770784,10.1807991879455,0.109807001901199,index,0.6,1
2006,25001.6220460375,19607.7261855289,31879.3264970336,10.1266959835871,0.123990555346862,index,0.6,1
2007,26963.8842650341,21508.6725325315,33802.6930094593,10.202253629761,0.115329733176397,index,0.6,1
2008,15814.4534715895,12413.8183960927,20146.6567840068,9.66867957754474,0.123529851337953,index,0.6,1
2009,17955.2637826682,14232.6861827597,22651.4864000666,9.79563859787325,0.118544094403985,index,0.6,1
2010,16856.2312701075,13361.4737973589,21265.0592996344,9.73247567573325,0.118545505114333,index,0.6,1
2011,18869.5557684935,14907.7303597418,23884.2618096866,9.84530509640523,0.120241966066261,index,0.6,1
2012,13863.8713741603,10692.7646623402,17975.4194119892,9.5370415536663309,0.13251210928999,index,0.6,1
2013,20822.8164784646,15898.2683886835,27272.7617558933,9.9438046105637,0.137675557707527,index,0.6,1
2014,18870.6775558489,14806.2520915124,24050.8178042541,9.84536454422825,0.123757240936921,index,0.6,1
2015,16201.0768040274,12509.8508437203,20981.4563649854,9.69283298839589,0.131921458766341,index,0.6,1
2016,15870.7138786571,12286.5181661912,20500.4831809305,9.6722307954109,0.130600838208458,index,0.6,1
2017,19502.0264854642,15100.291807743,25186.8667097364,9.87827366148379,0.130514803266363,index,0.6,1
2018,20571.5910483886,15945.8955066684,26539.1403126385,9.93166632765719,0.129956259183725,index,0.6,1
2019,20659.1325167929,15072.8093943986,28315.8729854978,9.9359127532535,0.160852474080323,index,0.6,1
2021,28685.907453935,22766.2831791563,36144.7356153908,10.2641612516736,0.117923258285139,index,0.6,1
2022,41803.7268065855,32115.893197581,54413.9178745076,10.6407407725908,0.134509854717658,index,0.6,1
2023,38674.3060886586,30735.4462135255,48663.7461206289,10.5629307331642,0.117226065198035,index,0.6,1
2024,35388.9292943399,27823.8597552359,45010.8765504439,10.4741543184128,0.122708949834143,index,0.6,1
2025,34845.2022579626,27719.8000099902,43802.1962626257,10.4586707383604,0.11672076708239,index,0.6,1
2003,98984.5610942427,84867.8916569541,115449.354799861,11.5027191684125,0.0785055536737154,index,0.6,2
2004,105365.538225952,88119.6684024886,125986.591267416,11.5651908998226,0.0911954828483828,index,0.6,2
2005,110626.372992503,95353.8673661486,128345.024061616,11.6139137934649,0.0757991599558776,index,0.6,2
2006,108053.928653747,92394.6949341984,126367.119950167,11.5903857208645,0.0798794673014079,index,0.6,2
2007,95055.0429644177,81861.0884144498,110375.53211145,11.462211402421,0.0762423991431251,index,0.6,2
2008,69959.7266537996,60105.1493840707,81430.0172885265,11.1556750219465,0.0774627625934592,index,0.6,2
2009,57556.5347294964,49510.5418501462,66910.087554575,10.9605229564353,0.076828995364654,index,0.6,2
2010,63395.7063353085,54898.9776999092,73207.4758062266,11.0571514147141,0.0734204350977603,index,0.6,2
2011,74213.6856905577,64477.8074858864,85419.6406256907,11.2147038554169,0.0717500336405052,index,0.6,2
2012,70309.9039544918,60842.4932834518,81250.4933198458,11.1606679491631,0.0737892245878279,index,0.6,2
2013,86386.5346431346,72809.5597297759,102495.240945642,11.3665870936086,0.0872386199053462,index,0.6,2
2014,81983.5532306558,71288.2092590017,94283.5157480837,11.3142739357716,0.071321571305949,index,0.6,2
2015,78063.7568669884,67398.3866990408,90416.8546852623,11.2652811675164,0.07495280947877,index,0.6,2
2016,86216.4386211718,74456.8215397796,99833.3548867241,11.3646161417321,0.0748184574756706,index,0.6,2
2017,107542.48462092,93199.4028401946,124092.919546614,11.5856412542526,0.0730343322747863,index,0.6,2
2018,100794.094333132,87381.1725028363,116265.886133613,11.5208350449381,0.0728584429174476,index,0.6,2
2019,96333.0112875981,77689.9258779405,119449.838043564,11.4755663353856,0.109739496854413,index,0.6,2
2021,144739.099656956,126615.928549098,165456.330886383,11.8826880879845,0.0682535446256054,index,0.6,2
2022,213568.23809343,184804.75960705,246808.536854328,12.2717116769471,0.0738056845843231,index,0.6,2
2023,221650.28557909,193091.266451623,254433.305038169,12.308856128596,0.070377767347746,index,0.6,2
2024,208031.648845105,181198.898061779,238837.914491389,12.2454455050178,0.0704578833444302,index,0.6,2
2025,181321.833271207,159318.719539444,206363.742539944,12.1080288156986,0.0660046901328998,index,0.6,2
2003,17490.700269514,13824.6487909623,22128.9235295418,9.76942460549096,0.120010462022339,index,0.6,2
2004,16263.6189914175,12279.7081517311,21540.031687211598,9.69668592853461,0.143361049222297,index,0.6,2
2005,16298.2896549915,12747.5791236164,20838.0150538453,9.69881545214778,0.125369034423612,index,0.6,2
2006,13781.2423245584,10103.813087431,18797.1252402184,9.53106369468096,0.158367976217296,index,0.6,2
2007,13106.3819538694,10185.3784747476,16865.0824656736,9.48085456261057,0.128648320384704,index,0.6,2
2008,8927.18669158567,6555.10832019116,12157.6423048491,9.09685658409899,0.157582825834836,index,0.6,2
2009,6681.30105609803,4845.75520995666,9212.1417339643,8.80706801644265,0.163885475810006,index,0.6,2
2010,9834.54750061178,7664.86760958357,12618.3946635764,9.19365672067592,0.127172847845797,index,0.6,2
2011,9212.80918880621,7161.69688911172,11851.3607129049,9.12835009781296,0.128496172500037,index,0.6,2
2012,8163.6628592494,6314.5852981866,10554.1992280359,9.00744822705173,0.131038562840149,index,0.6,2
2013,10650.2970976572,7851.67589967009,14446.4480854504,9.27334306724211,0.155544076958738,index,0.6,2
2014,10856.8607982577,8229.9019440118,14322.3366687268,9.29255249076785,0.141340919430511,index,0.6,2
2015,8285.3953293879,5975.47901491976,11488.2464807994,9.02224964500325,0.166753115941886,index,0.6,2
2016,11569.7658934468,8674.53217080991,15431.3201211711,9.35615058605448,0.146943471105716,index,0.6,2
2017,14703.1518747781,11136.1079602278,19412.7675328652,9.59581716303381,0.141772546839651,index,0.6,2
2018,19462.6325448446,14930.8095661623,25369.9616150825,9.87625162638725,0.135242032655461,index,0.6,2
2019,13894.4780012629,10218.8944349376,18892.1140302159,9.53924677409151,0.156764662631298,index,0.6,2
2021,22849.6812777116,17809.7980115315,29315.7695643121,10.0366924477661,0.127139281541642,index,0.6,2
2022,35016.5827019604,26744.4746893594,45847.2667107976,10.4635770197524,0.137499384967236,index,0.6,2
2023,39736.8529126543,31494.3607831511,50136.5146057089,10.5900343210388,0.11860959529988,index,0.6,2
2024,36289.1612741078,28903.2651350316,45562.4380091952,10.4992743881767,0.116106490630465,index,0.6,2
2025,30135.6058417127,23557.1097851616,38551.1952751991,10.3134626699697,0.125655224445704,index,0.6,2
2003,28750.6178645056,23470.6346729999,35218.3926471205,10.2664145369339,0.103527007726532,index,0.6,2
2004,28533.350322483,22588.9912981895,36041.9847826845,10.2588288688757,0.119191431492885,index,0.6,2
2005,27843.1043758536,22469.6858333106,34501.526502672,10.2343406159852,0.109399067636436,index,0.6,2
2006,34333.3535766712,26876.6972672137,43858.780567458,10.4438725681553,0.124929668362261,index,0.6,2
2007,25349.911154924,20820.7833214306,30864.2564327106,10.1405305042765,0.100422018394242,index,0.6,2
2008,20315.8459097129,16677.4821336545,24747.9560595253,9.91915644721591,0.100686408257402,index,0.6,2
2009,16673.9816097149,13706.8901595402,20283.350890326,9.72160479603813,0.0999767755131418,index,0.6,2
2010,17619.0390341549,14148.8704221979,21940.3052840208,9.7767353596462,0.111912917947171,index,0.6,2
2011,19737.6273219416,15832.5641130863,24605.8648186907,9.89028210930644,0.112480633931191,index,0.6,2
2012,20279.9551932909,16651.3201510675,24699.3378849616,9.91738824829888,0.100585250155656,index,0.6,2
2013,22748.6803019802,17872.2299552801,28955.6735100542,10.0322624139924,0.123093601657305,index,0.6,2
2014,20776.1259218206,17027.2103824497,25350.447819935,9.94155981425128,0.101528324837758,index,0.6,2
2015,24789.5554235005,20549.7019223005,29904.183545744,10.1181776911653,0.0957037873263366,index,0.6,2
2016,27445.2766002455,22774.4302389976,33074.0747302725,10.2199493592806,0.0951832053473721,index,0.6,2
2017,31428.0238681132,26075.4360736157,37879.3544033616,10.3554552537492,0.0952600413438337,index,0.6,2
2018,29823.6325148778,24553.791313929,36224.5098938307,10.3030563956175,0.099203272872702,index,0.6,2
2019,27807.0447566252,21301.9656887657,36298.609686745804,10.2330446760879,0.135966805968359,index,0.6,2
2021,45118.0676458261,37627.291852151,54100.0940512005,10.7170380582563,0.0926308577496005,index,0.6,2
2022,67283.3022799104,56035.1494435237,80789.3404523258,11.1166673760807,0.0933348449632657,index,0.6,2
2023,62028.0372704559,51109.6114201506,75278.9407064079,11.0353417758489,0.0987844309676965,index,0.6,2
2024,64172.5898290692,53610.6637036099,76815.3386075812,11.0693314488061,0.0917507532073683,index,0.6,2
2025,49565.2395676755,41228.8704649752,59587.2005634521,10.8110450518594,0.0939563297777338,index,0.6,2
2003,52743.242960223,43418.7866290038,64070.1846813662,10.8731909475926,0.0992586859067235,index,0.6,2
2004,60568.5689120517,49235.9334508119,74509.6372290564,11.0115313726867,0.105691932978434,index,0.6,2
2005,66484.9789616584,55760.7013760681,79271.8225999446,11.1047313208533,0.0897499639815603,index,0.6,2
2006,59939.3327525176,50176.6502071457,71601.5038067524,11.0010882088854,0.0907073538762531,index,0.6,2
2007,56598.7498556239,47150.9600253746,67939.6237848718,10.9437421765909,0.0931815732776413,index,0.6,2
2008,40716.694052501,33954.8288487099,48825.1371241402,10.6143934606127,0.092658388135097,index,0.6,2
2009,34201.2520636838,28623.3295133128,40866.1627634755,10.4400175324298,0.0908384808567985,index,0.6,2
2010,35942.1198005417,30326.8323225984,42597.1285762628,10.4896651402493,0.0866735239847497,index,0.6,2
2011,45263.2491798094,38583.4984478696,53099.42873847,10.7202507058244,0.0814661618204576,index,0.6,2
2012,41866.2859019511,35171.8956570965,49834.8429186886,10.6422361496081,0.0888962894904456,index,0.6,2
2013,52987.5572434972,43798.7105168254,64104.1982629674,10.8778123959811,0.0971715510118128,index,0.6,2
2014,50350.5665105775,42806.0472916045,59224.799025845,10.8267651495348,0.0828231984700701,index,0.6,2
2015,44988.8061140995,37731.4409971353,53642.0720249117,10.7141689847883,0.089756741247783,index,0.6,2
2016,47201.3961274794,39375.9163255662,56582.0939368625,10.7621787501082,0.0924859354153874,index,0.6,2
2017,61411.3088780283,51479.5653687324,73259.1433338564,11.0253492808567,0.0900062773064359,index,0.6,2
2018,51507.8292734099,43056.203404331,61618.4490663166,10.8494890998236,0.0914442837220396,index,0.6,2
2019,54631.4885297099,42683.8500276394,69923.3910961447,10.9083657084963,0.125915477152896,index,0.6,2
2021,76771.3507334189,64984.56359119,90696.0048314097,11.2485868122148,0.0850432845030888,index,0.6,2
2022,111268.35311156,92924.9058974912,133232.810779666,11.6197001582114,0.0919165745590864,index,0.6,2
2023,119885.39539598,100968.478900461,142346.484623378,11.694291527057601,0.0876178702228695,index,0.6,2
2024,107569.897741928,89888.2114616425,128729.704507989,11.5858961268067,0.0916210939693903,index,0.6,2
2025,101620.987861819,86957.6071611859,118757.007134178,11.5290053662363,0.0795062371526327,index,0.6,2
2003,86519.5053782244,74286.3317207907,100767.188761288,11.3681251632017,0.0777784241497898,index,0.6,2
2004,93453.7895385718,78213.545509914,111663.660331222,11.4452223635711,0.0908303607631752,index,0.6,2
2005,96584.8991904963,83168.6267087037,112165.405644026,11.4781776849011,0.0763035510923515,index,0.6,2
2006,95546.2350118073,81449.4208843711,112082.847561206,11.467365545562,0.08144437494333,index,0.6,2
2007,82682.7716649555,71005.1297790757,96280.9412710032,11.322766536032,0.0776846581927,index,0.6,2
2008,62795.0091008168,54048.5190642586,72956.9141993246,11.0476308763812,0.076528678199464,index,0.6,2
2009,51375.6904779503,44163.9418148627,59765.0812771851,10.8469203916683,0.0771730775576149,index,0.6,2
2010,55561.7724891516,48002.6783810026,64311.2148375035,10.925250698612,0.0746129070880717,index,0.6,2
2011,66578.5567373657,57884.6748561863,76578.2001582217,11.1061378337743,0.0713941119934328,index,0.6,2
2012,62672.219152915,54234.4146738661,72422.7794689135,11.0456735527229,0.0737781973818439,index,0.6,2
2013,75026.0826516606,63257.6923061956,88983.8511782462,11.2255911007497,0.0870521526983886,index,0.6,2
2014,72684.0157309527,63191.2628011524,83602.7942565667,11.1938767731983,0.0714071536729667,index,0.6,2
2015,69464.0093749794,60028.4819906009,80382.6523416458,11.1485640467022,0.0744858678222959,index,0.6,2
2016,77439.4731506393,66927.5828991679,89602.3992213102,11.257251918604,0.0744327233433071,index,0.6,2
2017,95925.1339521958,83086.8962542959,110747.082134157,11.4713233115405,0.0733079948074012,index,0.6,2
2018,90967.5160792565,78858.4025701901,104936.046279461,11.4182577556094,0.0728832805285478,index,0.6,2
2019,87099.6102368635,70437.52148908,107703.138086562,11.3748076879381,0.108331741680304,index,0.6,2
2021,129244.688759722,113169.314340164,147603.523711277,11.7694626987582,0.0677677582525137,index,0.6,2
2022,192774.780457565,167047.349372188,222464.565406925,12.1692778458473,0.0730856620786392,index,0.6,2
2023,199779.753292348,174175.155925945,229148.351344213,12.2049708051887,0.0699778624234511,index,0.6,2
2024,186962.17323562,162998.01180745,214449.574159705,12.1386615932125,0.0699851181349435,index,0.6,2
2025,161582.898785108,141895.053073302,184002.420199319,11.9927735951198,0.0662923378525849,index,0.6,2
2003,12465.0557160183,9218.41613770702,16855.1312592501,9.43068446574457,0.153944639712196,index,0.6,2
2004,11911.7486873809,8544.35421957795,16606.2587230061,9.38528047670852,0.169520695637657,index,0.6,2
2005,14041.4738020068,10516.7233280795,18747.5680762676,9.54977064372357,0.147476524540145,index,0.6,2
2006,12507.6936419399,9242.25451817896,16926.8656184388,9.43409922530847,0.154369211550528,index,0.6,2
2007,12372.2712994615,9342.45717733952,16384.6720623738,9.42321306206934,0.143313084615955,index,0.6,2
2008,7164.71755298275,4957.91167095126,10353.7902691538,8.87692391910603,0.187852442714962,index,0.6,2
2009,6180.8442515461,4445.60734340036,8593.38954408193,8.72921015140394,0.168134914826674,index,0.6,2
2010,7833.9338461569,5864.58978786362,10464.5886116306,8.96622006973734,0.147723251943855,index,0.6,2
2011,7635.12895319193,5536.50432890128,10529.2420395232,8.94051510725364,0.163980826569685,index,0.6,2
2012,7637.68480157675,5561.08610157649,10489.7187460736,8.94084979979291,0.161891285818371,index,0.6,2
2013,11360.4519914738,8294.85712964988,15559.0225887385,9.33789347946547,0.160463408073266,index,0.6,2
2014,9299.53749970322,6939.60287741979,12462.0096042932,9.13771994669,0.149349742857089,index,0.6,2
2015,8599.74749200887,6215.31751910478,11898.9346399418,9.05948812041623,0.165674487481251,index,0.6,2
2016,8776.96547053237,6334.12103093664,12161.9278341333,9.07988600849897,0.166421258767661,index,0.6,2
2017,11617.3506687239,8481.71742733378,15912.2061913027,9.36025500688245,0.160506404339816,index,0.6,2
2018,9826.57825387639,7131.54043750179,13540.0817012519,9.19284606036365,0.16355582177981,index,0.6,2
2019,9233.40105073458,6110.11128015263,13953.2147705134,9.130582737495,0.210658193702046,index,0.6,2
2021,15494.410897234,11518.0978545372,20843.4389153721,9.64823465060489,0.151308824611655,index,0.6,2
2022,20793.4576358649,15072.832862126,28685.2434714468,9.94239367947509,0.164158335471735,index,0.6,2
2023,21870.5322867414,16039.6051831977,29821.1942901478,9.99289545204594,0.158206573124863,index,0.6,2
2024,21069.4756094844,15560.4228007391,28528.9678913847,9.95558061847164,0.154642968552071,index,0.6,2
2025,19738.934486098,14994.7440852431,25984.1403382078,9.89034833412932,0.140254265860423,index,0.6,2
2003,57177.1810470796,48851.515150291,66921.77350964,10.9539101650297,0.0802920323528645,index,0.6,2
2004,57686.8798794711,47526.3998334731,70019.5285544175,10.9627850415358,0.0988510102559299,index,0.6,2
2005,60547.0187968661,51520.8729509267,71154.4908930374,11.0111755123747,0.0823653950226106,index,0.6,2
2006,62655.012912944,52026.0931444959,75455.4187303318,11.0453989716954,0.0948478187420523,index,0.6,2
2007,51781.4400029665,43943.7450107502,61017.046410698,10.8547870629414,0.0837369930394941,index,0.6,2
2008,39075.9742138313,33027.0157795389,46232.8104650006,10.5732630868748,0.0858086794890204,index,0.6,2
2009,31994.4445444432,27015.9525517575,37890.3716145615,10.3733175587241,0.0862948269947301,index,0.6,2
2010,36366.8070702263,30894.347016579,42808.6295455068,10.5014117439218,0.0832072647793335,index,0.6,2
2011,39955.6529991923,33774.8281515974,47267.5745210671,10.5955254430411,0.0857436001818651,index,0.6,2
2012,38435.4951783242,32888.1300443088,44918.5553454301,10.5567366652263,0.0795267585165274,index,0.6,2
2013,45550.9403308779,37830.4615521161,54847.0222116847,10.7265865464021,0.0947551228614384,index,0.6,2
2014,42479.7654520599,36134.3106236153,49939.529541839,10.6567831345272,0.0825448886155693,index,0.6,2
2015,44290.6799908474,37595.5254290648,52178.1332130312,10.6985295499456,0.0836184917111424,index,0.6,2
2016,50793.3791538191,43449.1968675952,59378.9425780568,10.8355212934549,0.0796818963124101,index,0.6,2
2017,62767.2540303904,53583.4651202859,73525.0728871588,11.0471887838259,0.0807121825545923,index,0.6,2
2018,62745.8739529202,53512.94122355,73571.8240877241,11.0468481010938,0.0812103215607176,index,0.6,2
2019,55257.698886918,43890.0674235044,69569.5738357902,10.9197629560418,0.117512178277014,index,0.6,2
2021,85699.890741158,73895.6259796414,99389.7971047685,11.3586068296861,0.0756125694339099,index,0.6,2
2022,128215.078293117,109557.234156584,150050.395377952,11.7614644319435,0.0802372161614719,index,0.6,2
2023,128770.331879938,110851.33517328,149585.914743825,11.7657857235724,0.0764506209897016,index,0.6,2
2024,128216.279115147,110870.193531267,148276.229223837,11.7614737975846,0.0741638266809977,index,0.6,2
2025,107440.663613767,93128.9748147414,123951.715572192,11.5846940077768,0.0729367333068259,index,0.6,2
2003,41807.3800471631,33749.3918271239,51789.2895777518,10.6408281590809,0.109242049633821,index,0.6,2
2004,47678.6583464813,38211.4202376508,59491.4935792046,10.772239162637,0.112935469920291,index,0.6,2
2005,50079.3541956374,41159.2266394471,60932.6734591385,10.8213641102363,0.100083833754706,index,0.6,2
2006,45398.9157408033,37397.7190317591,55111.9587986167,10.7232435013831,0.0989194239410854,index,0.6,2
2007,43273.6029614509,35588.3828201686,52618.4267132264,10.6752980967145,0.0997587506446705,index,0.6,2
2008,30883.7524399684,25314.2742980501,37678.5900928127,10.3379855135945,0.101461964630651,index,0.6,2
2009,25562.0901850535,21026.435944158,31076.1394068003,10.1488656807761,0.0996599441727102,index,0.6,2
2010,27028.8992650822,22400.2756085216,32613.9467321572,10.2046619157288,0.0958351150792331,index,0.6,2
2011,34258.032691365,28878.1038636216,40640.230723772,10.441676347327,0.0871635466340049,index,0.6,2
2012,31874.4087761672,26218.4115779651,38750.5525195153,10.36955873409,0.099665892179028,index,0.6,2
2013,40835.5943122566,32978.2736787615,50564.9804194914,10.6173093896783,0.109035237947813,index,0.6,2
2014,39503.7877785961,33149.0392795499,47076.7564542687,10.5841518394208,0.0894826775487581,index,0.6,2
2015,33773.0768761402,27858.6516003587,40943.1417587701,10.4274192219368,0.0982264860061547,index,0.6,2
2016,35423.0594673526,28901.0676976857,43416.8438049809,10.4751182844375,0.103820513064471,index,0.6,2
2017,44775.2305905291,36882.7629008316,54356.5914469454,10.7094103768996,0.0989358924952077,index,0.6,2
2018,38048.2203802124,31357.5404155999,46166.4739936367,10.5466095916366,0.0986750534186355,index,0.6,2
2019,41075.3124006798,31761.1137501827,53120.9737191202,10.6231625484926,0.131208822240566,index,0.6,2
2021,59039.2089157989,49333.2547051876,70654.7380713729,10.9859570600619,0.0916360663846481,index,0.6,2
2022,85353.1598003132,70348.5241681386,103558.13393449,11.3545527492164,0.0986424581467582,index,0.6,2
2023,92879.9536991509,76992.2355401684,112046.178924831,11.4390631178698,0.0957177074369094,index,0.6,2
2024,79815.3697299575,65526.6790572221,97219.8398696002,11.2874713680246,0.100644051133723,index,0.6,2
2025,73881.1696574399,61927.9989227807,88141.5082821848,11.2102132660428,0.0900453201921066,index,0.6,2
2003,75022.6005266132,64484.3830840032,87283.0028077299,11.2255446874794,0.0772291419304498,index,0.6,2
2004,80817.4219559859,67246.2922908203,97127.3726641353,11.2999478395341,0.0937928851049839,index,0.6,2
2005,81604.5306844682,69870.7273740846,95308.8607848427,11.3096400625048,0.0792045169426971,index,0.6,2
2006,82009.1638846579,69334.3732643042,97000.9916354607,11.3145862746932,0.0856598422778671,index,0.6,2
2007,68828.7075503206,58574.3137618852,80878.3010639421,11.1393761977981,0.0823100073824869,index,0.6,2
2008,52480.9717238943,44713.1048383845,61598.3256595453,10.8682059395269,0.0817280470648049,index,0.6,2
2009,42812.4998524769,36450.9598281068,50284.2765255525,10.6645853915588,0.0820741212618419,index,0.6,2
2010,48225.7314595474,41399.1545245767,56177.9872443461,10.7836480053012,0.0778750369965449,index,0.6,2
2011,56770.5830497265,48984.5945992419,65794.1364254095,10.9467735664965,0.0752628292835491,index,0.6,2
2012,53848.5365110035,46393.2984363259,62501.8048319333,10.8939305050751,0.0760321152423447,index,0.6,2
2013,63601.8630814217,53523.6793760362,75577.7075601989,11.0603980426322,0.0880213125700928,index,0.6,2
2014,63645.3212580818,55094.8751274311,73522.7534081047,11.061081093948,0.0736080431386478,index,0.6,2
2015,60699.7458446978,52156.0280733837,70643.016382054,11.0136947899663,0.0773992513952713,index,0.6,2
2016,68117.3465188518,58746.931730282,78982.3869963507,11.128987180977,0.0755080079885687,index,0.6,2
2017,85059.3400102522,73523.1108169658,98405.6746591054,11.3511044096693,0.0743632751202399,index,0.6,2
2018,80609.6672279653,69490.7106173788,93507.7277649578,11.297373862096,0.0757286872763016,index,0.6,2
2019,76256.6682225836,61500.9445595219,94552.6851669936,11.2418601427454,0.109722592901518,index,0.6,2
2021,115048.588160952,100351.545342345,131898.094769479,11.6531098238624,0.0697334600581574,index,0.6,2
2022,171118.780832793,147721.949133783,198221.302422585,12.0501132190979,0.0750147230215275,index,0.6,2
2023,174458.950792662,151429.885080066,200990.217324566,12.0694447539411,0.0722292669688633,index,0.6,2
2024,167239.074688741,145555.110805594,192153.390890561,12.0271796526206,0.0708531337379742,index,0.6,2
2025,143671.632031625,125528.834126564,164436.62521249,11.8752856415256,0.0688762025370396,index,0.6,2
2003,23961.9605676294,18482.9898462077,31065.0797853702,10.0842228755775,0.132459962173404,index,0.6,2
2004,24548.1162699668,18943.4700909685,31810.9622740719,10.1083903999312,0.132234998743336,index,0.6,2
2005,29021.8423080351,23138.6269926882,36400.9209024637,10.2758040085043,0.115586483275048,index,0.6,2
2006,26044.7647690897,20633.3660600739,32875.3810649344,10.1675720584276,0.118832439856664,index,0.6,2
2007,26226.3354140964,21163.8225504368,32499.8316165947,10.1745193533826,0.109425905570552,index,0.6,2
2008,17478.7549299055,13797.4773930956,22142.2268140533,9.7687414184064,0.120665667041777,index,0.6,2
2009,14744.0348770201,11722.3332262013,18544.6497945384,9.59859386485284,0.117013752605097,index,0.6,2
2010,15169.9748757614,12139.8002012981,18956.5012533422,9.62707341616199,0.11369025723165,index,0.6,2
2011,17443.1026408308,13964.5419547499,21788.1711211492,9.76669958535734,0.113483160296354,index,0.6,2
2012,16461.3674434883,12961.8109030702,20905.7685022507,9.70877154754151,0.121945535278555,index,0.6,2
2013,22784.6715617127,17527.1544376886,29619.2550833472,10.0338432889227,0.133847688805313,index,0.6,2
2014,18338.231972574,14587.3761084034,23053.5463938719,9.81674333835937,0.116752938626841,index,0.6,2
2015,17364.0110222903,13650.8748332583,22087.1469751989,9.76215501119758,0.122755379276031,index,0.6,2
2016,18099.0921023199,13997.3774815034,23402.7506481932,9.80361705590303,0.131120668353916,index,0.6,2
2017,22483.1446106672,17477.9445623681,28921.6955563843,10.0205211790408,0.128485077632486,index,0.6,2
2018,20184.4271051671,15924.9154533011,25583.2502695863,9.91266665067802,0.120934099389714,index,0.6,2
2019,20076.3430650145,14575.0378614385,27654.0997488961,9.90729743894395,0.16338658901758,index,0.6,2
2021,29690.5114960044,23605.4661141417,37344.1671785611,10.2985827954977,0.117017056489669,index,0.6,2
2022,42449.4572606383,33235.7012477831,54217.4936610659,10.6560694062782,0.124843870743373,index,0.6,2
2023,47191.3347864271,37360.38498948,59609.1844222626,10.7619655696865,0.119185543398677,index,0.6,2
2024,40792.5741563639,31893.1596233937,52175.2666073848,10.6162553378557,0.125567870576376,index,0.6,2
2025,37650.2012395814,30471.8514069585,46519.5775094019,10.5360935782226,0.107927976291527,index,0.6,2
2003,101809.804676294,86649.1247488373,119623.09323112,11.5308616915874,0.0822665614066807,index,0.6,3
2004,97504.3151691364,81755.5427949587,116286.812509409,11.4876519141516,0.0898807464355762,index,0.6,3
2005,109334.346307982,93651.1155380677,127643.960393986,11.6021658636673,0.0789985149261345,index,0.6,3
2006,97062.866991952,82948.3832928268,113579.068990873,11.4831141608699,0.0801751240438353,index,0.6,3
2007,97891.9980784371,84068.3521627564,113988.71324653,11.4916200895135,0.077672154974836,index,0.6,3
2008,79872.2597422621,68804.3126004669,92720.6106015524,11.2881838842652,0.076104551072635,index,0.6,3
2009,63712.0662265694,54513.619411843,74462.6283606643,11.0621292463311,0.0795542166406444,index,0.6,3
2010,62420.2893592851,53364.9813718035,73012.1593512926,11.0416456514963,0.0799686231257256,index,0.6,3
2011,69848.4675823003,59905.9383196056,81441.148581408,11.1540834257515,0.0783445566096342,index,0.6,3
2012,67408.23211471,58264.6804392618,77986.6931831437,11.1185224276426,0.0743743581050427,index,0.6,3
2013,78741.2533333185,66212.5236886624,93640.6684278596,11.273922481736,0.0884187564072781,index,0.6,3
2014,84210.2909412871,72427.9478737761,97909.3472698511,11.3410724129674,0.0769018665206114,index,0.6,3
2015,79962.6599674397,68612.2409852016,93190.7615500775,11.2893150542871,0.0781079742697906,index,0.6,3
2016,84626.527927621,72817.4594126087,98350.7154308151,11.3460030653263,0.0766810176026849,index,0.6,3
2017,106791.613311453,92029.7783886466,123921.288015075,11.5786346753785,0.0759030241146204,index,0.6,3
2018,117955.203892311,101540.348831031,137023.65892429,11.6780602033396,0.0764548127521767,index,0.6,3
2019,105435.459544991,85109.7622701345,130615.288222517,11.5658542868307,0.109265917771976,index,0.6,3
2021,168407.236724899,147432.498043429,192365.982790049,12.0341403532928,0.0678658611652263,index,0.6,3
2022,234112.354756565,201758.005341701,271655.117509905,12.3635564276377,0.0758851509278607,index,0.6,3
2023,204988.212515518,176068.758990834,238657.712538854,12.2307077565431,0.0775921822707406,index,0.6,3
2024,239294.770016561,207303.263052144,276223.278467524,12.3854514183152,0.0732224573629755,index,0.6,3
2025,178344.47423489,154841.258202579,205415.222398326,12.0914722076039,0.0721015683125147,index,0.6,3
2003,21775.7212189698,17234.033100782,27514.2812963945,9.98855092259446,0.119343798138253,index,0.6,3
2004,17498.0709970622,12549.2206688524,24398.5261473792,9.76984592509667,0.169611321017372,index,0.6,3
2005,14877.7408067617,11297.5506376935,19592.4920906903,9.60762146935755,0.140451685872844,index,0.6,3
2006,12450.9051396955,8807.52953667197,17601.4213920279,9.42954860123377,0.176628927966453,index,0.6,3
2007,13459.0353858332,9992.07688712935,18128.9271052789,9.50740593538794,0.151971256152035,index,0.6,3
2008,11586.4559525501,8400.02309280748,15981.6181523753,9.35759210463246,0.164085857290155,index,0.6,3
2009,9047.71583903342,6580.00267505685,12440.9010066533,9.11026761136041,0.162491343213263,index,0.6,3
2010,9426.17387591743,7094.57158405809,12524.0478422525,9.15124555372957,0.144982433859276,index,0.6,3
2011,10237.2682364544,7519.83641943782,13936.6942443347,9.23379008921929,0.157395966293087,index,0.6,3
2012,8698.16305576568,6477.1893360753,11680.689975095,9.07086713933341,0.150423778620314,index,0.6,3
2013,10079.2115589869,7127.81685035725,14252.6818216048,9.21823032021167,0.17677367978104,index,0.6,3
2014,11397.7381648884,8374.44672809689,15512.4797486026,9.34117020810866,0.15726305092628,index,0.6,3
2015,10834.8222078512,7387.86482375278,15890.0271020542,9.29052050477733,0.195374233086358,index,0.6,3
2016,12618.4320631208,9036.60483068372,17619.9834688962,9.44291388615152,0.170347556266671,index,0.6,3
2017,15253.9403926437,11376.492812106,20452.9375920427,9.6325931350624,0.14963982294486,index,0.6,3
2018,32887.4697889122,25044.6747688014,43186.2533293491,10.400847006729,0.138997710694601,index,0.6,3
2019,19097.192261913,13278.7312285835,27465.1806720375,9.85729660123479,0.185400204111495,index,0.6,3
2021,26816.380727617,20437.3978910224,35186.3911033604,10.1967682009591,0.138597684259818,index,0.6,3
2022,44615.4291132732,32659.2809753475,60948.5712947582,10.705835022427,0.15916143054528,index,0.6,3
2023,38981.0019672694,29767.4309632541,51046.3437791459,10.5708296773815,0.137583917553875,index,0.6,3
2024,43361.316514435,32884.6539098629,57175.7201708331,10.6773229980704,0.141105458481451,index,0.6,3
2025,28003.0628041617,20792.1555449077,37714.7778026258,10.2400691690381,0.151909991252579,index,0.6,3
2003,29132.8790852854,22983.0322880396,36928.3144696071,10.2796226808157,0.12097731725474099,index,0.6,3
2004,27080.8093885629,21596.7453497361,33957.4424416056,10.2065806153743,0.115452484378815,index,0.6,3
2005,30387.504810835,24319.4038639808,37969.6991666871,10.3217867769406,0.113653595213921,index,0.6,3
2006,27413.2300353767,22002.4127823043,34154.6715084299,10.218781023848999,0.112182482603512,index,0.6,3
2007,26654.3625804156,21831.8077456179,32542.1995670909,10.1907081152743,0.10183088086371,index,0.6,3
2008,22469.0069053113,18339.1270823137,27528.9150374998,10.0198921677323,0.103624363019348,index,0.6,3
2009,16015.746522661,12903.6330046584,19878.4432714047,9.68132767492258,0.110238503186183,index,0.6,3
2010,18243.0860406033,14263.1203972321,23333.6169797345,9.81154144013972,0.125568097355561,index,0.6,3
2011,17550.0570300174,14137.323013165,21786.6212344474,9.77281247846237,0.110327984996006,index,0.6,3
2012,18876.2841719184,15362.1571936124,23194.2753643462,9.84566160740123,0.105103547765719,index,0.6,3
2013,19502.2843193081,14843.6988905814,25622.9324290903,9.87828688227085,0.139265898441808,index,0.6,3
2014,20838.0495172899,16987.6661594457,25561.1514618553,9.94453589826693,0.1042330676429,index,0.6,3
2015,24250.0494732394,19563.412957478,30059.4226954542,10.0961739364971,0.109572177470957,index,0.6,3
2016,25120.3854502423,20577.0087844831,30666.933750089,10.1314349648212,0.10179029478075,index,0.6,3
2017,31522.6225130764,25822.6987237795,38480.7080286641,10.3584607420678,0.101762871169659,index,0.6,3
2018,28513.8910613016,22973.2175876336,35390.8624403328,10.2581466531729,0.110237887624105,index,0.6,3
2019,29270.1106016942,22104.7463555723,38758.1635570062,10.2843221583496,0.143254941875038,index,0.6,3
2021,47397.9815433296,39231.4579014464,57264.4702632626,10.7663349233024,0.0964817330106672,index,0.6,3
2022,71058.420565882,57831.6827293335,87310.2578901209,11.1712576425602,0.105086417706843,index,0.6,3
2023,58157.2529255114,46979.3985305016,71994.6651859742,10.9709058780367,0.10890068606397,index,0.6,3
2024,65974.3276009345,54267.0301224531,80207.2988437694,11.0970209695945,0.0996696009146614,index,0.6,3
2025,48914.0093562027,40089.6158346065,59680.7991667842,10.7978191243345,0.101505182180455,index,0.6,3
2003,50901.2043720389,41300.2127204318,62734.1225591873,10.8376418637919,0.106644273001411,index,0.6,3
2004,52925.4347835112,42806.4711836643,65436.4064490475,10.8766393110569,0.108264614406048,index,0.6,3
2005,64069.1006903857,53129.1909781345,77261.6632721574,11.0677174781741,0.0955301666437075,index,0.6,3
2006,57198.7318168793,47552.2304260222,68802.1338252285,10.9542870060885,0.0942379725905398,index,0.6,3
2007,57778.600112188,47782.2947430322,69866.1847212965,10.9643737458311,0.0969218313864082,index,0.6,3
2008,45816.7968844009,38202.2507635616,54949.0889879374,10.732406047069,0.0927345273339812,index,0.6,3
2009,38648.6038648751,32099.5757052718,46533.7795869594,10.5622659308502,0.0947302303451892,index,0.6,3
2010,34751.0294427646,28822.6178314788,41898.8328677406,10.4559644748064,0.0954348023770473,index,0.6,3
2011,42061.1423158283,35047.968872458,50477.6667472624,10.6468796080849,0.0930663359993993,index,0.6,3
2012,39833.7848870258,33378.4275012597,47537.6024938851,10.5924706976973,0.0902086017882761,index,0.6,3
2013,49159.7574550235,40725.088677753,59341.3502953747,10.8028306298806,0.0960379988716418,index,0.6,3
2014,51974.5032591087,43403.3640957122,62238.2399455061,10.8585085553762,0.0919487939509141,index,0.6,3
2015,44877.7882863491,37477.2040914962,53739.7580822036,10.7116982583751,0.0919456293952561,index,0.6,3
2016,46887.7104142578,38925.4884752402,56478.6075655723,10.7555108820209,0.0949539571779244,index,0.6,3
2017,60015.0504057328,49724.1667954537,72435.7290896218,11.0023506498447,0.095973346447653,index,0.6,3
2018,56553.8430420965,46744.4808327644,68421.7068165251,10.9429484375393,0.0971941159876064,index,0.6,3
2019,57068.1566813848,44558.2395194763,73090.2868275923,10.9520015637518,0.126251910735961,index,0.6,3
2021,94192.8744539522,79695.0021540109,111328.155569307,11.453099814964,0.0852758834861578,index,0.6,3
2022,118438.50507741,98539.6863067169,142355.633661231,11.6821491603646,0.0938458610123377,index,0.6,3
2023,107849.957622738,89011.7017532644,130675.103723648,11.5884962588894,0.0979472786022827,index,0.6,3
2024,129959.125901192,107828.629035724,156631.634437328,11.7749752638539,0.0952450084071707,index,0.6,3
2025,101427.402074526,85068.0587047433,120932.792498459,11.527098571053,0.0897422946062724,index,0.6,3
2003,89423.6446501227,76219.964685561,104914.614635426,11.4011404077375,0.0815125675228897,index,0.6,3
2004,85992.6525837779,72066.9307553078,102609.285852648,11.3620171365135,0.0901376647172506,index,0.6,3
2005,94358.1315023361,80641.3433607685,110408.0935356,11.4548527315275,0.080147385799152,index,0.6,3
2006,84329.360246196,71799.276385881,99046.1374751562,11.3424853662266,0.0820707373711573,index,0.6,3
2007,85374.3628503132,73199.7539908464,99573.8569423114,11.3548011338914,0.0784982764693537,index,0.6,3
2008,70383.4173537394,60692.810345403,81621.2894113559,11.1617129654476,0.075579164869184,index,0.6,3
2009,56601.3940464394,48498.7147299809,66057.7878370009,10.9437888936837,0.078826100245053,index,0.6,3
2010,55454.7385926818,47346.1037310206,64952.0824322409,10.9233224461639,0.0806558889602174,index,0.6,3
2011,63194.9690202594,54261.204039462304,73599.6220534864,11.0539799728566,0.0777642843983939,index,0.6,3
2012,59714.3944182955,51657.7561501785,69027.5607476506,10.997328382852,0.0739466404712539,index,0.6,3
2013,68433.1139224146,57633.4083345974,81256.535340231,11.1336121081343,0.0876314182987296,index,0.6,3
2014,75002.4936777484,64541.6702783252,87158.792662511,11.2252766410024,0.0766393143841319,index,0.6,3
2015,70522.7398134739,60447.324447936,82277.5346340207,11.1636904873378,0.0786559824927922,index,0.6,3
2016,75113.4301422842,64583.0961093282,87360.7449569904,11.2267546518877,0.0770660418682368,index,0.6,3
2017,95712.10456677,82416.2647873212,111152.901484194,11.4691000539438,0.0763085293958534,index,0.6,3
2018,106781.83051177,91875.3821044641,124106.796252338,11.5785430647408,0.0767129755751432,index,0.6,3
2019,95515.3628596166,77210.6367880669,118159.685267798,11.467042381171,0.108547847867871,index,0.6,3
2021,151216.404600569,132398.046882297,172709.50409602,11.9264672328778,0.0678068899194828,index,0.6,3
2022,212997.361257968,183788.478328361,246848.313428015,12.2690350561546,0.0752535537880441,index,0.6,3
2023,185839.723941687,159766.562229015,216167.904678432,12.1326398819809,0.0771293964493866,index,0.6,3
2024,219475.113830627,189801.501854157,253787.905366417,12.2989941284439,0.074113632514773,index,0.6,3
2025,160223.84697806,138807.341724974,184944.692560378,11.9843271600792,0.073207947331081,index,0.6,3
2003,12386.1600261714,8860.99567291944,17313.7383040137,9.42433500133795,0.170880989784137,index,0.6,3
2004,11511.6625853579,8137.46981648779,16284.9606164592,9.35111593831816,0.176983538336286,index,0.6,3
2005,14976.2148056463,11131.8805319099,20148.1689694688,9.61421854194025,0.151354899194086,index,0.6,3
2006,12733.5067457557,9397.01293740118,17254.6526352923,9.45199212461045,0.155025797344417,index,0.6,3
2007,12517.6352281235,9140.68219405608,17142.1769598608,9.43489374727125,0.160412869720553,index,0.6,3
2008,9488.84238852251,6704.1479834497,13430.2121755808,9.15787190192144,0.177243147751551,index,0.6,3
2009,7110.67218013004,4821.92315074562,10485.7869510959,8.86935205843133,0.198179119665877,index,0.6,3
2010,6965.55076660334,4977.66828964594,9747.31433652431,8.8487319594125,0.171439432878162,index,0.6,3
2011,6653.49856204075,4583.49016375173,9658.36983030476,8.80289809486305,0.190147403939911,index,0.6,3
2012,7693.83769641437,5481.79980542286,10798.4860082282,8.94817498826447,0.172955336563145,index,0.6,3
2013,10308.1394109041,7259.20622608428,14637.6524933017,9.24068909621554,0.178913149624339,index,0.6,3
2014,9207.7972635387,6610.53143850927,12825.5241254174,9.12780593273304,0.169077904779758,index,0.6,3
2015,9439.92015396565,6788.2108503667,13127.4785768378,9.15270280083742,0.168248047078558,index,0.6,3
2016,9513.09778533696,6822.45266869883,13264.8819813128,9.16042484228082,0.16962073276607,index,0.6,3
2017,11079.5087446831,7841.41616079867,15654.7633114026,9.3128526221959,0.176369512468242,index,0.6,3
2018,11173.3733805406,7853.40352380814,15896.8366164426,9.32128885009875,0.179894409364591,index,0.6,3
2019,9920.09668537505,6516.05559701512,15102.4368626118,9.202317946741,0.214439371328524,index,0.6,3
2021,17190.8321243298,12623.2682335262,23411.1090455959,9.75213150467066,0.157571481921837,index,0.6,3
2022,21114.9934985978,14693.4313255875,30343.0111433146,9.95773865946356,0.184994641749959,index,0.6,3
2023,19148.4885738305,13396.9879785163,27369.1829275436,9.85997906584546,0.182245125784411,index,0.6,3
2024,19819.6561859344,14218.2632935194,27627.7603824999,9.89442946090882,0.169465816151508,index,0.6,3
2025,18120.6272568304,13418.8969624687,24469.7558301079,9.80480619582069,0.153261480618643,index,0.6,3
2003,62802.9773148065,53129.5940375378,74237.6077034841,11.0477577608039,0.0853425795753054,index,0.6,3
2004,58132.218804649,47733.3705406662,70796.4852444805,10.9704753296667,0.100557615802057,index,0.6,3
2005,61348.642641228,51555.2788866643,73002.3391434827,11.0243283250569,0.0887355272818651,index,0.6,3
2006,54637.0749920698,45548.9921058055,65538.4417015141,10.9084679604558,0.0928201674380972,index,0.6,3
2007,54201.3898455675,45826.3435144909,64107.0274407169,10.9004618300061,0.0856380222687201,index,0.6,3
2008,45578.0159674243,38457.8644323083,54016.4039317171,10.7271807732745,0.0866660224342447,index,0.6,3
2009,34051.56020378,28346.906000802,40904.2437392938,10.4356311314906,0.0935517007000843,index,0.6,3
2010,37201.8643631,31083.1508270888,44525.045732634,10.524114156293,0.091681775993994,index,0.6,3
2011,37842.3685666228,31671.9209121882,45214.9669956088,10.5411846154622,0.0908173952035359,index,0.6,3
2012,38397.5787949643,32740.5059862332,45032.1097033577,10.5557496843735,0.0813185242915904,index,0.6,3
2013,41522.9572601025,34078.740711040104,50593.3007983988,10.6340017402577,0.100804255855058,index,0.6,3
2014,44028.0135887368,36947.0827970223,52466.0090546098,10.6925813827818,0.0894605262740064,index,0.6,3
2015,47695.7155880767,39903.0544245249,57010.2043130947,10.7725968528859,0.0910163157853496,index,0.6,3
2016,49052.3406165534,41579.1569120361,57868.7087151077,10.8006431828469,0.0843326200022331,index,0.6,3
2017,65365.0877375454,55329.0880657992,77221.4913402495,11.0877435682661,0.0850472332940928,index,0.6,3
2018,75905.0577830036,63848.8096592772,90237.8263242058,11.2372385986208,0.0882492645099486,index,0.6,3
2019,63700.8920079424,50408.5179256705,80498.3722907894,11.0619538447266,0.119409540344356,index,0.6,3
2021,99514.9232846126,85355.3103331241,116023.477832745,11.5080628946603,0.0783100869554738,index,0.6,3
2022,147669.560041839,124830.243301766,174687.62686167,11.90273235413,0.085727245881702,index,0.6,3
2023,122531.788540297,103362.512072597,145256.136889735,11.7161257735912,0.0868016719205663,index,0.6,3
2024,141905.055206961,120814.744230767,166677.046096519,11.8629134876507,0.0820932818126581,index,0.6,3
2025,110770.872301824,94316.0708775615,130096.451605111,11.6152191333723,0.0820485772492702,index,0.6,3
2003,39006.8273614877,30871.4524531039,49286.070460087,10.5714919703414,0.119341378291666,index,0.6,3
2004,39372.0963644872,31465.9021327888,49264.8189647526,10.5808126302846,0.114365807489265,index,0.6,3
2005,47985.7036667544,39128.7002835872,58847.5400334066,10.7786584052509,0.104107477255494,index,0.6,3
2006,42425.7919998817,34682.1829136593,51898.343056957,10.6555117581635,0.10282351430215,index,0.6,3
2007,43690.6082328692,35486.249360032,53791.8005476231,10.6848884434066,0.106118217778931,index,0.6,3
2008,34294.2437748377,28091.0409423112,41867.2685894149,10.4427327990951,0.101801269747413,index,0.6,3
2009,29660.5060227894,24302.5780365227,36199.6828569305,10.2975716763282,0.101651847768895,index,0.6,3
2010,25218.4249961851,20505.908346391,31013.937473301,10.1353301569814,0.105543684982274,index,0.6,3
2011,32006.0990156774,26277.2752320595,38983.8887462556,10.373681757861,0.100625304537742,index,0.6,3
2012,29010.6533197456,23677.7350721728,35544.7006849729,10.2754183973633,0.10363861878691,index,0.6,3
2013,37218.2960732163,30026.6722518595,46132.3702798202,10.5245557492777,0.10955018064526,index,0.6,3
2014,40182.2773525502,33193.303386143,48642.8058832889,10.6011813155221,0.0974905088596503,index,0.6,3
2015,32266.9443793632,26451.3737131646,39361.1201773896,10.381798591358,0.101397383197983,index,0.6,3
2016,35574.1873110672,28837.6938554032,43884.3275467319,10.4793755783139,0.107112658790211,index,0.6,3
2017,41426.5255739075,33651.7755286749,50997.5177881257,10.6316766689892,0.106050709273884,index,0.6,3
2018,42050.1461093064,34343.1513006297,51486.6784453062,10.6466181400516,0.103297940049512,index,0.6,3
2019,41734.5675370499,32056.1207691422,54335.1499093814,10.6390850221142,0.134615536021995,index,0.6,3
2021,68892.3134402863,57514.9898448046,82520.2414876786,11.1402998896795,0.0920930207591297,index,0.6,3
2022,86442.7947147262,70586.608846102,105860.826582335,11.3672381413653,0.103390885686678,index,0.6,3
2023,82456.4239752213,67266.9114390839,101075.873848298,11.3200252385393,0.103880225902952,index,0.6,3
2024,97389.7148096005,79212.535718884,119738.075099068,11.4864758866175,0.105402978672297,index,0.6,3
2025,67573.6019330661,55481.2138812214,82301.5820811735,11.1209726818158,0.100600281210984,index,0.6,3
2003,79207.7434988211,67510.6063742187,92931.5698247221,11.279829344473,0.0815266758709289,index,0.6,3
2004,74991.7527448917,62445.2503667725,90059.0989181688,11.2251334230706,0.093413943740285,index,0.6,3
2005,80452.6192130583,68104.2634679721,95039.9227397162,11.2954237089205,0.0850161605346477,index,0.6,3
2006,72516.4580337994,61394.5775858131,85653.1129059018,11.1915688224432,0.0849464716983252,index,0.6,3
2007,71412.1652790261,60560.8011870944,84207.8910760133,11.1762235158735,0.0840935851414457,index,0.6,3
2008,59454.852783564,50751.3155402786,69650.9929227317,10.9929725267701,0.0807564370950753,index,0.6,3
2009,46409.9110749217,39195.1832215047,54952.666857299,10.7452683161576,0.0862052447209132,index,0.6,3
2010,48380.7652862174,40988.7861138219,57105.8250707927,10.7868576022741,0.084595331712711,index,0.6,3
2011,54615.2593123041,46677.2740521603,63903.1865146412,10.9080685972716,0.0801320382916953,index,0.6,3
2012,52294.2995865859,44932.8105059466,60861.8454634543,10.8646426495923,0.0774091247027334,index,0.6,3
2013,58537.8573495314,49120.1639707899,69761.1829046787,10.9774289580989,0.0894935103397333,index,0.6,3
2014,65749.1106812673,56311.0980544006,76768.9799122946,11.0936014241883,0.0790598741533636,index,0.6,3
2015,63371.3071833257,53960.6540265383,74423.1634432815,11.0567664698991,0.08201989441548,index,0.6,3
2016,66664.2203306529,57141.363049661,77774.1032959171,11.1074236611486,0.0786443691324795,index,0.6,3
2017,87257.1593238775,74787.5576008948,101805.863134397,11.3766148919863,0.0786790396714181,index,0.6,3
2018,96564.0753568774,82510.9994911316,113010.637454839,11.4779620603166,0.0802439080291231,index,0.6,3
2019,84641.3457312836,68175.5592780428,105083.955057631,11.3461781464374,0.110377913522254,index,0.6,3
2021,136965.162909434,119278.129742633,157274.89935737,11.8274818871417,0.0705465092583411,index,0.6,3
2022,194637.36266559,167271.832041439,226479.871016365,12.1788934275587,0.0773064831331512,index,0.6,3
2023,164940.214594674,140689.902927663,193370.482347444,12.0133383514334,0.0811366307187236,index,0.6,3
2024,199985.560705048,172076.576215948,232421.084670591,12.2060004464491,0.0766879291446675,index,0.6,3
2025,143307.360961172,123349.91498541,166493.829428943,11.872746979986,0.0765149504919396,index,0.6,3
2003,22602.061177473,16993.5953151922,30061.51199879,10.0257963836447,0.145515213548753,index,0.6,3
2004,22512.5624242443,17182.9804914811,29495.2012054465,10.0218287623507,0.137836255091387,index,0.6,3
2005,28881.727094924,23015.5045998152,36243.1402000355,10.2709643936745,0.115839380024711,index,0.6,3
2006,24546.4089581521,19204.5049217555,31374.2111653338,10.1083208479065,0.125216936640998,index,0.6,3
2007,26479.8327994106,21049.1866180753,33311.574352361204,10.1841386958094,0.117104956890693,index,0.6,3
2008,20417.4069586977,16062.6988083788,25952.7064467912,9.92414309828304,0.12239412634055,index,0.6,3
2009,17302.1551516476,13608.2980129334,21998.6784980142,9.75858634796677,0.122528432252692,index,0.6,3
2010,14039.5240730679,10911.8759724274,18063.64338234,9.54963177907561,0.128586426693596,index,0.6,3
2011,15233.2082699958,11639.2796035581,19936.8553811638,9.63123307833338,0.137294486436716,index,0.6,3
2012,15113.9325281242,11796.6113842876,19364.1164418577,9.62337228137354,0.126433283947541,index,0.6,3
2013,20203.3959837874,15272.0179723176,26727.1299717946,9.91360598726832,0.142772238294047,index,0.6,3
2014,18461.1802600197,14271.4757651759,23880.8643339163,9.82342544209209,0.131332678394829,index,0.6,3
2015,16591.3527841138,12863.8859355151,21398.8983256556,9.7166369220007809,0.1298277925419,index,0.6,3
2016,17962.3075969682,13773.5641061245,23424.9096110595,9.79603081895723,0.135474137067634,index,0.6,3
2017,19534.4539875758,14942.7978031692,25537.0445092808,9.87993505662892,0.136711872411911,index,0.6,3
2018,21391.1285354329,16540.1601596811,27664.8095061877,9.97073156063948,0.131219201456937,index,0.6,3
2019,20794.1138137083,14912.7958260011,28994.9097635707,9.9424252359147,0.169620633274763,index,0.6,3
2021,31442.0738154653,24825.9612762314,39821.3787098615,10.3559022054195,0.120541498219045,index,0.6,3
2022,39474.9920909744,29961.8947881781,52008.5599258341,10.5834226387685,0.140686748012214,index,0.6,3
2023,40047.9979208434,31136.9173647515,51509.3423886433,10.5978339617549,0.128412825967651,index,0.6,3
2024,39309.2093115133,30364.2161598981,50889.3076165464,10.5792141040318,0.131734058382597,index,0.6,3
2025,35037.1132737185,27768.0189735394,44209.1064445461,10.4641631579157,0.118636321340839,index,0.6,3
2003,106522.532868282,93176.5764754898,121780.070033579,11.5761118179805,0.0682972622560977,index,0.8,1
2004,117677.634792193,100970.663339175,137149.002218271,11.6757042564346,0.0781233563471627,index,0.8,1
2005,104219.598737563,91518.1974175169,118683.770741967,11.5542554783077,0.0663085490156985,index,0.8,1
2006,94952.6153642376,83197.2706607268,108368.929568321,11.4611332605081,0.0674315649868976,index,0.8,1
2007,97156.6490275711,85507.9451220387,110392.249945832,11.4840798933033,0.0651620735376496,index,0.8,1
2008,65908.238287145,57916.1832532157,75003.1447190351,11.0960187246218,0.0659535571186026,index,0.8,1
2009,64269.413684641,56318.3355975018,73343.0328070766,11.0708391156326,0.067380665604179,index,0.8,1
2010,67819.6789312994,59642.5769574138,77117.8759366601,11.1246076815384,0.065553605099445,index,0.8,1
2011,84429.9624999188,74254.3263629649,96000.0435919796,11.3436776235076,0.0655248270062289,index,0.8,1
2012,69581.0849753543,61357.0111615686,78907.4841601804,11.1502480417915,0.0641763408981409,index,0.8,1
2013,81888.8909040781,70314.6999967095,95368.258042967,11.3131186184441,0.0777475810334118,index,0.8,1
2014,78150.1637613245,69074.7565528608,88417.9460154592,11.2663874313218,0.0629821807434601,index,0.8,1
2015,83919.6944176831,73612.1958393552,95670.4936030747,11.3376156017109,0.0668632727009203,index,0.8,1
2016,78082.7232914202,68691.9635146449,88757.2776297864,11.2655240986988,0.0653770210830698,index,0.8,1
2017,116220.664078204,100552.75788301999,134329.908429688,11.663245939588,0.0738830498566597,index,0.8,1
2018,110120.86085279,96614.1321649124,125515.840418258,11.6093337766324,0.0667632020083325,index,0.8,1
2019,99351.7553746585,83066.7808328486,118829.34666613,11.5064219164163,0.0913393134821833,index,0.8,1
2021,156713.090949993,139434.410570638,176132.941463967,11.9621719663352,0.0596043461517609,index,0.8,1
2022,234725.914178207,206572.589310154,266716.193909309,12.3661737897968,0.0651882581045985,index,0.8,1
2023,208303.495044144,183607.738229846,236320.900556424,12.2467514060048,0.0643861333669779,index,0.8,1
2024,221270.246413045,195376.685713065,250595.518953547,12.307140067895,0.0634988056414261,index,0.8,1
2025,189235.062805683,168177.51644897,212929.229490295,12.1507452398131,0.0601898273058236,index,0.8,1
2003,20035.6167470428,15817.4789296913,25378.6295666155,9.90526680607749,0.120612388294084,index,0.8,1
2004,19272.9656474971,14736.3211013052,25206.2371806425,9.8664586492815,0.136935220686978,index,0.8,1
2005,14604.5304412874,11578.7487270391,18421.0154688306,9.5890870637598,0.118451346536075,index,0.8,1
2006,13296.0728075402,9906.71833750098,17845.0164909003,9.49522399297826,0.150133150091245,index,0.8,1
2007,13840.7074944944,10824.7887573624,17696.8981328031,9.53536934740949,0.125397870062551,index,0.8,1
2008,10316.4884423321,7822.35003534842,13605.8771724387,9.24149871391565,0.141205864840383,index,0.8,1
2009,8855.63333674731,6735.19230300465,11643.6529599793,9.08880907072504,0.139649213792965,index,0.8,1
2010,10856.706244321,8619.88846368147,13673.9670092133,9.29253825506568,0.117711770501683,index,0.8,1
2011,12106.3568053852,9483.68188984136,15454.3221505869,9.40148594945073,0.124572719970941,index,0.8,1
2012,8361.01003775774,6556.35897375201,10662.3949560041,9.03133451669446,0.124055250633121,index,0.8,1
2013,10312.8016872354,7833.81281640024,13576.2598791729,9.24114128473483,0.140276386050131,index,0.8,1
2014,9461.10652588798,7182.1599822821,12463.1777786935,9.15494462411553,0.140609305222636,index,0.8,1
2015,11255.7260701869,8206.71913225158,15437.5173958618,9.32863226216075,0.161188552727681,index,0.8,1
2016,11586.7884046781,8703.08322908898,15425.9889283899,9.35762079738888,0.146017051149021,index,0.8,1
2017,23327.1497358583,14541.8396943801,37420.0188033604,10.0573731859213,0.241120714528061,index,0.8,1
2018,27325.2167980979,20971.4932404378,35603.9250282525,10.2155652470699,0.135025908324245,index,0.8,1
2019,16411.9852417307,12203.749260012,22071.3531420526,9.70576715432518,0.151160254350769,index,0.8,1
2021,24451.3700452155,19308.0625463681,30964.7586676439,10.1044415279023,0.120493791512634,index,0.8,1
2022,39928.0794533529,30551.133513192,52183.0565842955,10.5948351010631,0.136572934871075,index,0.8,1
2023,34341.298903259,27604.7261831648,42721.8441703728,10.4441039585253,0.111411069122499,index,0.8,1
2024,46555.2195689858,36204.8796491918,59864.5400873433,10.7483944046467,0.128290734402018,index,0.8,1
2025,33297.4582606646,25880.7550873992,42839.5818775982,10.4132363445468,0.128564311314617,index,0.8,1
2003,30756.1711004706,25366.20524983,37291.4297367266,10.333845939294,0.0983042931839735,index,0.8,1
2004,33683.7135746557,27513.7985922631,41237.2198035385,10.4247697228082,0.103229855038673,index,0.8,1
2005,29475.0608916943,24275.9303463629,35787.6794904898,10.2912997912794,0.0990116017932638,index,0.8,1
2006,27456.449991882,22777.4319280969,33096.6479687643,10.2203563917178,0.0953236366418053,index,0.8,1
2007,26977.7211994368,22556.3767910204,32265.706848995,10.2027666636088,0.0913249302240849,index,0.8,1
2008,18405.2756674611,15359.4392517081,22055.1132657765,9.82039262355812,0.0923012494107446,index,0.8,1
2009,18515.7926839754,15316.452609254,22383.419154695,9.82637930550041,0.0967856774080558,index,0.8,1
2010,19800.6992670899,16290.5185698936,24067.2321009052,9.89347253257871,0.0995599916094124,index,0.8,1
2011,22399.4919861433,18352.5153667564,27338.8814127431,10.0167935583959,0.101671070831824,index,0.8,1
2012,20279.1033135368,16845.3798714412,24412.7490350216,9.91734624141876,0.0946520121312518,index,0.8,1
2013,22581.2112574275,18011.9639511743,28309.5781911847,10.0248734791979,0.115350078338209,index,0.8,1
2014,20658.4154925824,17329.1654758321,24627.2754022321,9.93587804527856,0.0896607386667146,index,0.8,1
2015,26464.7388093414,22115.716948736,31668.9891569031,10.1835685149572,0.0915959208847647,index,0.8,1
2016,23941.0998633772,20107.9885954722,28504.9029119332,10.0833519205536,0.0890217699311147,index,0.8,1
2017,32211.7558810289,27122.0596551162,38256.578966829,10.3800867543765,0.0877485864931187,index,0.8,1
2018,28532.97091436,23718.2785999629,34325.0217661658,10.2588155717815,0.0942947393075303,index,0.8,1
2019,28533.9620202933,22588.3282508102,36044.5881401752,10.2588503066405,0.119217345679897,index,0.8,1
2021,45866.9846533066,38205.8197017406,55064.3932680973,10.7335008486375,0.0932454467914218,index,0.8,1
2022,74819.3947340325,63402.7109446852,88291.8371306048,11.2228324182414,0.0844763070425539,index,0.8,1
2023,64296.4565022029,53421.309282508,77385.4923112734,11.0712597998767,0.0945399026488038,index,0.8,1
2024,63086.9241489422,53429.1775770664,74490.3848245405,11.0522688027914,0.0847752978114458,index,0.8,1
2025,53233.4000743505,44885.4092409322,63133.9878904712,10.8824412992791,0.0870287622282661,index,0.8,1
2003,55730.7450207689,47089.5530163265,65957.6432907126,10.9282872488713,0.0859611702675359,index,0.8,1
2004,64720.9555700415,53945.9445556767,77648.1369341137,11.0778403163026,0.0929111556647148,index,0.8,1
2005,60140.0074045809,51618.5040285865,70068.2935061433,11.0044305796649,0.0779581096789509,index,0.8,1
2006,54200.0925648154,46513.7859908674,63156.5453435963,10.9004378952642,0.0780289208947761,index,0.8,1
2007,56338.22033364,48287.8499758518,65730.7184301858,10.9391284529591,0.0786714447176402,index,0.8,1
2008,37186.4741773521,31910.901235709902,43334.2152115533,10.5237003767607,0.0780613399248788,index,0.8,1
2009,36897.9876639183,31598.4746485908,43086.3042848615,10.5159122936884,0.0791076607099174,index,0.8,1
2010,37162.273419888,31854.6778478155,43354.2154258271,10.5230493702784,0.0786289187327784,index,0.8,1
2011,49924.1137083906,42969.0351400923,58004.959186127,10.8182594056656,0.0765444592861232,index,0.8,1
2012,40940.9716240598,35260.2058980216,47536.964542119,10.6198865918125,0.0762137965972328,index,0.8,1
2013,48994.8779594151,41335.6428598456,58073.3212350711,10.7994710401885,0.0867314968692412,index,0.8,1
2014,48030.641742854,41583.1632914338,55477.8031209957,10.7795944558616,0.0735441167517575,index,0.8,1
2015,46199.229538155,39590.7531402664,53910.7907939327,10.7407184002675,0.0787603946135505,index,0.8,1
2016,42554.8350233646,36403.6449805056,49745.4028253361,10.6585487591174,0.0796568584475611,index,0.8,1
2017,60681.758461316596,52120.6801232327,70649.0360688175,11.0133984122996,0.0775939421163448,index,0.8,1
2018,54262.6731403324,46371.8753979049,63496.1961548698,10.9015918503944,0.0801766924590018,index,0.8,1
2019,54405.8081126348,44376.1927279023,66702.251239496,10.9042261939212,0.103965068101646,index,0.8,1
2021,86394.7362514715,75069.4482259376,99428.6041572689,11.3666820299209,0.0716916691411595,index,0.8,1
2022,119978.439990823,102429.671799779,140533.751692276,11.695067338879,0.0806829241978487,index,0.8,1
2023,109665.739638682,93913.0493069205,128060.738515631,11.605192287901,0.0791176079399816,index,0.8,1
2024,111628.102695117,94773.8926049422,131479.598113097,11.6229281134934,0.0835111557824863,index,0.8,1
2025,102704.204470668,88962.431963077,118568.629287592,11.539608334423,0.0732864933901112,index,0.8,1
2003,93725.1924444031,81956.0240181784,107184.454150581,11.4481222948898,0.0684625870778038,index,0.8,1
2004,104036.724498251,89169.0175703029,121383.417012433,11.5524992359667,0.0786801775982527,index,0.8,1
2005,91164.2130768033,79930.6720726279,103976.527788496,11.4204176985796,0.067094477636856,index,0.8,1
2006,83414.7031695504,72952.0821649265,95377.8493824737,11.3315798698054,0.068379712567233,index,0.8,1
2007,84542.8556405356,74302.3866445374,96194.6817946784,11.345013852123,0.0658764657011563,index,0.8,1
2008,59581.94809439,52458.2321185213,67673.0494977774,10.9951079228524,0.0649682191165808,index,0.8,1
2009,57825.1660293531,50724.9306963213,65919.2586450345,10.9651793583338,0.066841309808157,index,0.8,1
2010,60032.2723450921,52693.2605327558,68393.4470267792,11.0026375690209,0.0665291440693464,index,0.8,1
2011,75478.6544598111,66406.111581299,85790.7072617686,11.231605172877,0.0653383433426142,index,0.8,1
2012,62640.5203963737,55229.6455240402,71045.8080673459,11.0451676383628,0.0642422486633305,index,0.8,1
2013,71750.0868945777,61641.4660061219,83516.4265701952,11.1809443446954,0.0774780931614168,index,0.8,1
2014,69358.9800621922,61287.289583291,78493.7325174046,11.1470509063606,0.0631252179406161,index,0.8,1
2015,74825.553866078,65662.766977087507,85266.9445580783,11.2229147348462,0.0666478592074848,index,0.8,1
2016,70017.9274536638,61613.9079644648,79568.2391666179,11.1565065947227,0.0652377763315827,index,0.8,1
2017,104847.992878298,90200.6867121981,121873.812842282,11.5602668933552,0.0767741526390972,index,0.8,1
2018,99864.5016186762,87559.9520524206,113898.174334038,11.5115695623363,0.0670882523014255,index,0.8,1
2019,89830.3481363972,75248.6400482631,107237.704776202,11.4056781497183,0.0903715788228677,index,0.8,1
2021,141226.849830435,125673.619088772,158704.931533322,11.8581227405707,0.0595313184045595,index,0.8,1
2022,210962.350579635,185827.682460278,239496.681941337,12.2594349632652,0.0647256170855271,index,0.8,1
2023,188403.279749362,166217.876894144,213549.808742424,12.146340049409,0.0639222619589892,index,0.8,1
2024,201881.734414069,177909.204643035,229084.463458807,12.2154373317293,0.0644954294392783,index,0.8,1
2025,170340.245512418,151160.52952636,191953.543244045,12.0455531600021,0.0609478033279517,index,0.8,1
2003,12797.3404238795,9781.43511262836,16743.1384085165,9.45699264893416,0.137120456935851,index,0.8,1
2004,13640.9102939427,10281.29302411,18098.3494207431,9.52082866626321,0.144261505231007,index,0.8,1
2005,13055.3856607597,10120.499960065,16841.3710215633,9.47695602192705,0.129919569515547,index,0.8,1
2006,11537.9121946871,8825.30747296294,15084.2809975907,9.35339360468969,0.136744799639308,index,0.8,1
2007,12613.7933870356,9683.3469128433,16431.0733719344,9.44254620743475,0.134891933499887,index,0.8,1
2008,6326.2901927549,4540.72485955299,8813.99971168631,8.75246927583826,0.169200729946379,index,0.8,1
2009,6444.24765528783,4632.57017940665,8964.42498103758,8.77094317547766,0.168409251739959,index,0.8,1
2010,7787.40658620716,5954.73323859383,10184.1172239016,8.96026316767316,0.13690123145605201,index,0.8,1
2011,8951.30804010775,6659.08888282689,12032.5643701099,9.09955495032278,0.150929814456097,index,0.8,1
2012,6940.56457898068,5164.4019111548,9327.59252740454,8.84513840163014,0.150815946414307,index,0.8,1
2013,10138.8040095005,7544.14664317132,13625.8415438027,9.22412532240777,0.150818108001332,index,0.8,1
2014,8791.18369913246,6726.1112398809,11490.2813937494,9.08150464590546,0.136610783191462,index,0.8,1
2015,9094.14055160531,6754.38091718117,12244.4075018006,9.11538558968726,0.151757376117498,index,0.8,1
2016,8064.79583775632,5997.97374403663,10843.8173757192,8.99526367563955,0.151067415589632,index,0.8,1
2017,11372.6711999054,8568.19250347746,15095.0915456982,9.33896849318052,0.144470212622634,index,0.8,1
2018,10256.3592341139,7595.9946295939,13848.4701304767,9.2356532052742,0.153205284747734,index,0.8,1
2019,9521.40723826156,6726.3916790644,13477.8347920158,9.16129793600636,0.177301121123617,index,0.8,1
2021,15486.2411195578,11813.9236410412,20300.0858393856,9.64770723898933,0.138101085891274,index,0.8,1
2022,23763.5635985724,17764.6311554649,31788.2735623069,10.0759087453351,0.148443543768447,index,0.8,1
2023,19900.2152947816,14859.5543972228,26650.7701504612,9.89848582948731,0.149026972279623,index,0.8,1
2024,19388.5119989754,14864.2981425086,25289.7509139286,9.87243600465121,0.135573147194553,index,0.8,1
2025,18894.8172932655,14648.1372531322,24372.6635254968,9.84664294615576,0.129887330461013,index,0.8,1
2003,63921.9869942183,55362.1279982446,73805.3353263186,11.0654186655987,0.0733521829509684,index,0.8,1
2004,67550.6889362863,57048.1521663501,79986.7375627016,11.1206335422451,0.0862171848740646,index,0.8,1
2005,59559.4518931302,51446.1771503994,68952.223591652,10.9947302841554,0.0747150708054976,index,0.8,1
2006,54920.8627525452,47141.5838019579,63983.8741556796,10.9136485690183,0.0779288785212236,index,0.8,1
2007,53307.5708692407,46257.8303989811,61431.698967916,10.8838336426417,0.0723725584892059,index,0.8,1
2008,37646.6702187005,32448.4454754679,43677.6479670527,10.5359997889106,0.0758136242922494,index,0.8,1
2009,35936.1101786011,30852.1173903884,41857.8731056844,10.4894979235008,0.077826563500665,index,0.8,1
2010,40213.5853562647,34823.0316024137,46438.5888531744,10.6019601617025,0.0734329244470849,index,0.8,1
2011,47223.5328498273,40466.7318979286,55108.5286660589,10.7626476246521,0.0787831536481302,index,0.8,1
2012,40093.6866181222,34959.2665482632,45982.1920008804,10.598974159955,0.0699172593104925,index,0.8,1
2013,44558.482058096,37584.9602383884,52825.8726556737,10.7045578088974,0.0868375921907866,index,0.8,1
2014,40391.1402054277,34919.4958168424,46720.1535684153,10.6063657380532,0.0742693067764878,index,0.8,1
2015,50612.9125216172,43532.8733521396,58844.4252967043,10.8319620108948,0.0768842545916953,index,0.8,1
2016,46844.4891913111,40587.8076723309,54065.6491060198,10.7545886540951,0.0731470875860279,index,0.8,1
2017,72014.799451381,59661.3594211187,86926.1342742192,11.184626924812,0.096015581075523,index,0.8,1
2018,69775.4394790011,59757.0602563811,81473.4180965311,11.1530373569014,0.0790803974074027,index,0.8,1
2019,59679.8964317442,49109.2628000567,72525.8298542326,10.9967504994831,0.0994648643028154,index,0.8,1
2021,93208.6297257342,81404.8818416801,106723.926855462,11.4425955900109,0.0690854869791817,index,0.8,1
2022,143363.585455719,124394.200801496,165225.689801386,11.8731392380503,0.0724137781717104,index,0.8,1
2023,126057.904110222,109433.007926315,145208.429246152,11.7444966368002,0.0721588746847538,index,0.8,1
2024,135574.594966589,117854.157002254,155959.460980261,11.8172772841819,0.0714676921987242,index,0.8,1
2025,119116.574004787,104079.66165078,136325.944738807,11.6878579060711,0.0688512874785838,index,0.8,1
2003,42600.545874064,35322.6924616539,51377.9211689023,10.6596223461205,0.0955841358691302,index,0.8,1
2004,50126.9458559082,41302.0350029376,60837.4551196435,10.8223139839234,0.0988012708584223,index,0.8,1
2005,44660.146844432304,37728.3999819046,52865.4466429234,10.7068368134414,0.0860568917415411,index,0.8,1
2006,40031.7526116922,33877.7566548982,47303.640364629,10.5974282334837,0.0851619227000279,index,0.8,1
2007,43849.0781583307,37017.551243024,51941.3518931168,10.6885089749643,0.086410535717207,index,0.8,1
2008,28261.5680684447,23923.3024525096,33386.5373007289,10.2492581419053,0.0850270118681083,index,0.8,1
2009,28333.3035060397,23910.507337783,33574.1971604604,10.2517931940758,0.0865933846453528,index,0.8,1
2010,27606.093575034,23243.3720343496,32787.6868015229,10.2257918090407,0.0877651394692406,index,0.8,1
2011,37206.4296500919,31784.0149360799,43553.9188516997,10.5242368653823,0.0803678532901728,index,0.8,1
2012,29487.3983572321,24774.3886800119,35096.9976740381,10.2917182767318,0.0888549963597136,index,0.8,1
2013,37330.4088459821,30912.7524423858,45080.405803574,10.5275635240582,0.0962463838095355,index,0.8,1
2014,37759.0235558971,32323.536004651,44108.53625945,10.5389797607063,0.079301889829168,index,0.8,1
2015,33306.7818960662,28122.7732663838,39446.3842439806,10.4135163157751,0.0863186025294115,index,0.8,1
2016,31238.2341001088,26262.9883748498,37155.9875732831,10.3493980754708,0.0885129196035508,index,0.8,1
2017,44205.864626823,37304.9076565265,52383.4152170356,10.6966127431288,0.0865998431244846,index,0.8,1
2018,40345.4213737892,34179.1072897975,47624.2112477436,10.605233194491,0.0846257162794661,index,0.8,1
2019,39671.8589429144,31994.8307560365,49190.9585016186,10.5883973725797,0.109730456486426,index,0.8,1
2021,63504.4612242598,54339.4169222732,74215.3085880922,11.0588654379131,0.0795220148916448,index,0.8,1
2022,91362.3287224894,76985.4160016683,108424.108657351,11.4225885140844,0.0873573367233996,index,0.8,1
2023,82245.5909339223,69569.4506122499,97231.4308728925,11.3174650615242,0.0854016914922827,index,0.8,1
2024,85695.6514464564,71576.8833701091,102599.39146637,11.3585573617169,0.0918536872500742,index,0.8,1
2025,70118.4888008961,59714.2755640515,82335.4620864098,11.1579417871899,0.0819481357745721,index,0.8,1
2003,83046.9414851907,72471.6340639078,95165.4337469867,11.3271612869725,0.0694965713936378,index,0.8,1
2004,91475.0199295725,77928.0209424073,107377.027799793,11.4238212077564,0.081777184595989,index,0.8,1
2005,78162.1712392753,68006.3307908109,89834.6513007771,11.2665410657484,0.0710140528890611,index,0.8,1
2006,71886.9224166834,62488.8821159862,82698.3847294689,11.1828496414452,0.0714838174546715,index,0.8,1
2007,70370.0226011111,61210.7886097702,80899.7922318954,11.1615226361359,0.0711461536019683,index,0.8,1
2008,49869.8226593311,43446.2388871132,57243.1417719525,10.8171713424747,0.0703542404233702,index,0.8,1
2009,47878.4102274421,41500.331174949,55236.7198286592,10.7764199558509,0.0729417839676364,index,0.8,1
2010,52465.0754198268,45761.5897777405,60150.5356823733,10.8679029971175,0.0697475214336187,index,0.8,1
2011,65754.7696502961,57481.6737969589,75218.5774380189,11.0936874896188,0.068606378111811,index,0.8,1
2012,55407.3453488805,48633.2702113754,63124.9740201932,10.9224674514713,0.0665340305095133,index,0.8,1
2013,61308.7400343301,52498.4362579091,71597.5917098065,11.0236776898088,0.0791540193901811,index,0.8,1
2014,60868.1296672441,53581.1933857615,69146.0748646365,11.0164649943401,0.0650581232740954,index,0.8,1
2015,66755.3548454704,58249.7199953448,76502.9840641432,11.1087897954489,0.0695396609603331,index,0.8,1
2016,62029.9522989275,54333.4147504153,70816.7340462954,11.0353726489668,0.0675920376181549,index,0.8,1
2017,95185.7661724431,81176.2894263482,111613.010964926,11.4635856946056,0.0812296626321511,index,0.8,1
2018,89173.7085832729,77693.3744147346,102350.430295976,11.3983415282974,0.0703157139785266,index,0.8,1
2019,78798.4193934987,65741.9112242463,94447.9827751601,11.2746482171867,0.0924283810054369,index,0.8,1
2021,127239.921901332,112694.630592003,143662.54754471,11.7538297320727,0.061936177148699,index,0.8,1
2022,189663.591758609,166342.722953883,216253.992960963,12.1530072121399,0.0669408611984734,index,0.8,1
2023,167519.767094052,146799.724188366,191164.339867808,12.0288566357861,0.0673645640902795,index,0.8,1
2024,182929.479530222,160358.592204242,208677.277726268,12.1168559997958,0.0671890979056062,index,0.8,1
2025,154261.672643267,136232.858619045,174676.387825364,11.9464056124427,0.0634117346607875,index,0.8,1
2003,23475.5913830919,18787.0485828381,29334.2186430141,10.0637164957971,0.113672236484375,index,0.8,1
2004,26202.6148626216,21024.5702626124,32655.9362242853,10.173614488686,0.11233239240257,index,0.8,1
2005,26057.4274982873,21542.6575154271,31518.373596306,10.1680581312355,0.0970771982566282,index,0.8,1
2006,23065.6929475542,18848.4063366531,28226.5875240741,10.0461016387903,0.103021277715098,index,0.8,1
2007,26786.6264264601,22234.7633983453,32270.3391286874,10.195658028012,0.0950250961491195,index,0.8,1
2008,16038.415627814,13135.4078804454,19583.0063437501,9.68274210022098,0.101877048360332,index,0.8,1
2009,16391.0034571989,13414.8599063067,20027.4170740761,9.7044878936099,0.102231252945679,index,0.8,1
2010,15354.6035114721,12574.765143766,18748.9663861749,9.63917061108092,0.101901511610857,index,0.8,1
2011,18675.1928496228,15169.249545842,22991.4358595412,9.83495133656739,0.106086508073647,index,0.8,1
2012,14173.7396264737,11433.4845038349,17570.7497510218,9.5591462094028,0.109616628055004,index,0.8,1
2013,20580.1508697482,16277.1851297197,26020.6298844801,9.93208234025273,0.119677004820403,index,0.8,1
2014,17282.0340940806,14049.704974892,21258.0052721898,9.75742274920814,0.105647896863591,index,0.8,1
2015,17164.339572213,13818.222087389,21320.7278828665,9.75058922989457,0.11063763944658,index,0.8,1
2016,16052.7709924926,12910.2642330308,19960.2000304617,9.68363676116362,0.111154496682735,index,0.8,1
2017,21034.8979057607,17018.7018583379,25998.8648716471,9.95393814247164,0.108098932667799,index,0.8,1
2018,20947.1522695171,16912.97836299,25943.5788768291,9.949757986255,0.109145592103488,index,0.8,1
2019,20553.3359811599,15798.5752725957,26739.0959415948,9.93077854159914,0.134238945891724,index,0.8,1
2021,29473.1690486613,24121.257874835,36012.5370856893,10.291235604686,0.102240044249456,index,0.8,1
2022,45062.3224196,36324.0095084439,55902.7742071245,10.7158017532617,0.109985456051669,index,0.8,1
2023,40783.7279500921,33293.2036671719,49959.5197306652,10.6160384560879,0.103537563255738,index,0.8,1
2024,38340.7668828229,31252.7306507344,47036.3508901398,10.5542690185598,0.10429119514521,index,0.8,1
2025,34973.390162416,28789.2822181632,42485.88103669,10.4623427702375,0.0992795378456909,index,0.8,1
2003,104008.500644239,90592.1025745485,119411.823976165,11.5522279117471,0.0704633312938652,index,0.8,2
2004,108868.108743168,93415.8588747288,126876.370287492,11.5978924170257,0.0781014412494978,index,0.8,2
2005,106911.875891714,93722.3868664159,121957.512914997,11.5797601843106,0.0671786956257924,index,0.8,2
2006,102840.528338704,90034.205747692,117468.401938504,11.5409347988492,0.0678532151246161,index,0.8,2
2007,93507.9171091538,82186.5125760983,106388.874378827,11.4458013866563,0.0658455464872835,index,0.8,2
2008,70952.3828131571,62198.3317813275,80938.5152734294,11.1697642664239,0.0671853204094039,index,0.8,2
2009,59137.1111513864,51739.887484217,67591.9118764653,10.9876139445872,0.0681796525557754,index,0.8,2
2010,61929.4550833165,54461.2196477626,70421.8053088365,11.0337511949804,0.0655660179075217,index,0.8,2
2011,80651.2456946221,71225.0945980652,91324.8830177195,11.2978895291206,0.0634139415711873,index,0.8,2
2012,67217.0045818602,59103.7365642694,76443.994366495,11.1156815388738,0.065629835065917,index,0.8,2
2013,81409.8371189065,69936.8568241466,94764.9334083118,11.3072513938156,0.0775031206896461,index,0.8,2
2014,81044.1709436058,71501.0085061768,91861.0489720433,11.3027496053129,0.0639209560670623,index,0.8,2
2015,75641.4010379729,66438.6605186496,86118.8577000489,11.2337590450489,0.0661872581920134,index,0.8,2
2016,80021.1800327356,70272.4172920893,91122.3706339232,11.290046629025,0.0662828431527155,index,0.8,2
2017,103374.901666624,91025.3476940587,117399.939305936,11.5461174810958,0.0649114929144247,index,0.8,2
2018,100369.805610406,88464.5258533492,113877.260756146,11.5166167000759,0.0644194425244786,index,0.8,2
2019,93936.0286492637,77631.7103427644,113664.602253836,11.450369283291,0.0972660843034122,index,0.8,2
2021,171882.692996997,152523.117839286,193699.555650508,12.0545675056566,0.0609684926201351,index,0.8,2
2022,228533.645410832,200860.38572399,260019.549880442,12.3394387231633,0.0658549732921382,index,0.8,2
2023,213264.508159599,188132.669742987,241753.60134255,12.2702884966135,0.06397352938643,index,0.8,2
2024,218983.158372184,189467.914946813,253096.275768477,12.2967501034314,0.0738662188024083,index,0.8,2
2025,176612.978784597,157039.493398807,198626.113725132,12.0817160570031,0.0599314349252116,index,0.8,2
2003,19776.1011232355,15944.0893081744,24529.100914903,9.89222947367656,0.109892840956709,index,0.8,2
2004,17641.0778809331,13572.7017983766,22928.93732023,9.77798543205528,0.133762457001201,index,0.8,2
2005,15122.0495038278,12030.516199228,19008.0273705041,9.62390918974252,0.116689630100032,index,0.8,2
2006,12788.4674787543,9609.18995821786,17019.6344505908,9.45629906556055,0.145831179017623,index,0.8,2
2007,12385.4323887881,9683.30804699006,15841.5837555558,9.42427625361021,0.125572405038737,index,0.8,2
2008,10210.7029009966,7776.82687588478,13406.2973750535,9.23119175315698,0.138925040408143,index,0.8,2
2009,6302.39236201665,4741.07604037856,8377.87648764102,8.74868458029928,0.145240004857721,index,0.8,2
2010,9422.8077133483,7432.0720357139,11946.7767233781,9.15088838190158,0.121088147886948,index,0.8,2
2011,10674.4131486054,8486.22674017194,13426.8267341643,9.27560486221616,0.117045578029864,index,0.8,2
2012,7775.34530250555,6138.94156267782,9847.95081626809,8.95871314795908,0.120566259110038,index,0.8,2
2013,9885.53523264991,7498.74506166304,13032.0214959128,9.19882788008222,0.140990815060649,index,0.8,2
2014,10683.4717471027,8192.80699886077,13931.3142109918,9.27645312964384,0.135431711351353,index,0.8,2
2015,7816.40614110081,5821.25184745389,10495.3722263985,8.96398015515418,0.150364774974691,index,0.8,2
2016,10345.251657411,7847.45756927479,13638.077161984,9.24428291636138,0.140991383897601,index,0.8,2
2017,12844.7213756205,10043.7567092064,16426.8084138369,9.46068821803745,0.125503183983979,index,0.8,2
2018,21306.3814932896,16610.167268755,27330.3624817513,9.96676190745014,0.127038882598342,index,0.8,2
2019,12689.1204721378,9453.6265909755,17031.9587733804,9.44850024957029,0.150179563901634,index,0.8,2
2021,27168.8581890581,21576.0236474731,34211.440780637,10.2098266768431,0.117598444580617,index,0.8,2
2022,39237.7796228643,30081.6321343339,51180.8449374403,10.5773953275438,0.135576619398616,index,0.8,2
2023,38283.6175078425,30608.9506501286,47882.5748141298,10.5527773423517,0.114149848691644,index,0.8,2
2024,35266.7827915916,28448.7904690497,43718.7644171519,10.4706968025001,0.109612156046148,index,0.8,2
2025,30217.0435768947,23808.9243506402,38349.8938919264,10.3161614010243,0.121607152383176,index,0.8,2
2003,29422.6575366018,24376.1621178671,35513.9079043791,10.2895203210276,0.0960014322466147,index,0.8,2
2004,29564.2712786651,24087.7304779489,36285.9480281318,10.2943218598424,0.104524358824091,index,0.8,2
2005,27364.9472329908,22359.4624749801,33490.9811853622,10.2170181753098,0.103069897969382,index,0.8,2
2006,31045.6599283788,25440.6251390598,37885.5863454684,10.3432143007281,0.101589474128246,index,0.8,2
2007,25021.763258667,20951.6823084613,29882.4995222427,10.1275012555052,0.0905766808264588,index,0.8,2
2008,20511.8842726669,17118.1629223314,24578.4199113099,9.92875971777131,0.092279440437933,index,0.8,2
2009,17546.6826510504,14597.3225240701,21091.9551547203,9.77262018829479,0.0938929427428487,index,0.8,2
2010,17472.9074303138,14333.6308009745,21299.7319595786,9.7684068134548,0.101044180234094,index,0.8,2
2011,21136.0179214792,17364.7031469071,25726.3973819592,9.95873387467428,0.100276844932553,index,0.8,2
2012,19504.6706129024,16228.1845856991,23442.6823104459,9.87840923448222,0.0938305178829251,index,0.8,2
2013,21585.1320285169,17203.4475614796,27082.8229646101,9.9797600246499,0.115764852876126,index,0.8,2
2014,20275.4499793506,16947.2587769374,24257.2487548595,9.91716607254008,0.0914836692403781,index,0.8,2
2015,25008.4936938315,20902.4677730125,29921.0965722384,10.1269707939024,0.0915059098385228,index,0.8,2
2016,25785.4036972299,21732.4597120532,30594.1919432323,10.1575638626444,0.0872473182429623,index,0.8,2
2017,30313.9628927911,25454.732957643,36100.8048206453,10.3193637068961,0.0891377253639072,index,0.8,2
2018,27187.8944658683,22621.9240582799,32675.4525204341,10.2105270968152,0.0938039128090844,index,0.8,2
2019,27624.3589846744,21512.4595978714,35472.7085409456,10.2264532343761,0.127586870936135,index,0.8,2
2021,52012.4605674679,43369.56463004,62377.7544773546,10.8592385951552,0.0927187429537409,index,0.8,2
2022,72136.6431931117,60331.2231808292,86252.109883027,11.1863174215356,0.0911814588841427,index,0.8,2
2023,59245.2469428867,48879.2132053255,71809.6518980219,10.9894408354063,0.0981310573365449,index,0.8,2
2024,61603.9384832253,52013.331741569,72962.9329553602,11.0284810838938,0.0863412495735209,index,0.8,2
2025,50491.0725081711,42582.6478788689,59868.2451659018,10.8295518176193,0.0869147068378273,index,0.8,2
2003,54809.7419844013,45689.9833357885,65749.8120390768,10.9116232305743,0.0928531657601374,index,0.8,2
2004,61662.7595835691,51132.135515661,74362.1575964973,11.0294354552809,0.0955461442982622,index,0.8,2
2005,64424.8791548951,54904.9638592638,75595.4427865913,11.0732551597702,0.0815811521237568,index,0.8,2
2006,59006.4009315714,50409.1616513305,69069.891996616,10.9854012073688,0.0803448391271525,index,0.8,2
2007,56100.7214616989,47701.508531836,65978.855708989,10.9349039517079,0.0827493011124207,index,0.8,2
2008,40229.7956394937,34149.7256718554,47392.3706663701,10.6023631851271,0.0836001857625491,index,0.8,2
2009,35288.0361383189,30003.9936437085,41502.6582556423,10.4712992658808,0.0827635068393838,index,0.8,2
2010,35033.7399396542,29898.8018805001,41050.5724966793,10.4640668743994,0.0808653566902163,index,0.8,2
2011,48840.8146245377,42059.0370665409,56716.1147654074,10.7963216075396,0.0762728570551282,index,0.8,2
2012,39936.9886664525,34036.9206289004,46859.793256094,10.595058207694,0.0815612397322029,index,0.8,2
2013,49939.1698577395,41969.5577896548,59422.1339805228,10.818560940903,0.0887062835572554,index,0.8,2
2014,50085.2492171528,43058.5264027884,58258.6632361357,10.8214818169175,0.0771270644400534,index,0.8,2
2015,42816.5012030402,36533.2962840346,50180.3275843766,10.6646788493947,0.0809706198390586,index,0.8,2
2016,43890.5246780947,37188.8218121384,51799.9243495709,10.6894537369989,0.0845373854425426,index,0.8,2
2017,60216.2173982115,51184.7607999387,70841.2578486252,11.0056969870143,0.0829096157880508,index,0.8,2
2018,51875.5296512478,44241.0429382634,60827.4669372685,10.8566024676254,0.0812230522646851,index,0.8,2
2019,53622.5491924517,42876.4192386496,67061.984954774,10.8897249524811,0.114108049203294,index,0.8,2
2021,92701.3742404705,79578.1954528812,107988.686312447,11.4371385760446,0.0778805985274291,index,0.8,2
2022,117159.222594855,99136.7941190247,138458.012093379,11.6712891655053,0.0852226023938614,index,0.8,2
2023,115735.64370887,98853.4563278233,135500.970044851,11.6590639358232,0.0804454284360921,index,0.8,2
2024,122112.437097367,98542.0849465703,151320.598726356,11.7126975148407,0.109419623156447,index,0.8,2
2025,95904.8626995314,82648.3485859611,111287.676605535,11.4711119655248,0.0759002943216374,index,0.8,2
2003,91125.8807480902,79444.071348651,104525.435330124,11.4199971345382,0.0699954629789794,index,0.8,2
2004,96038.3606759033,82341.6198272143,112013.423353454,11.472502981009,0.0785070616962727,index,0.8,2
2005,93075.6254784295,81427.1765949546,106390.426642125,11.4411676188734,0.0682172013643825,index,0.8,2
2006,90968.6624392362,79442.1602383477,104167.579546623,11.4182703573908,0.0691267119077342,index,0.8,2
2007,82084.2794694412,71955.1136074309,93639.3342768832,11.3155017968311,0.0671971609678135,index,0.8,2
2008,63584.2989424737,55864.1063428129,72371.3908031755,11.0601218468766,0.0660443251874912,index,0.8,2
2009,52698.0682642751,46138.3237913116,60190.4484295367,10.8723340785308,0.0678251627402648,index,0.8,2
2010,54375.9484363215,47714.8868958674,61966.903008746,10.9036772107459,0.0666739232652067,index,0.8,2
2011,72213.5511357876,63783.8648795981,81757.3061382334,11.1873829961309,0.0633315006478716,index,0.8,2
2012,60330.2107719376,53044.1809736841,68617.0332914016,11.0075882650793,0.0656684600010056,index,0.8,2
2013,71537.4447037633,61546.0594851597,83150.8310613771,11.1779762937485,0.0767540560613052,index,0.8,2
2014,72168.75869491,63645.0856369968,81833.9653319054,11.1867625261804,0.0641262468731849,index,0.8,2
2015,67737.0799227217,59534.6797609279,77069.5670974022,11.1233890183083,0.0658556710535435,index,0.8,2
2016,72415.5562288743,63628.4461176978,82416.1692435023,11.1901764203333,0.066001470444137,index,0.8,2
2017,92446.9568772333,81365.5949597251,105037.514198617,11.4343903198564,0.0651453417327572,index,0.8,2
2018,91032.9740691283,80245.7051481622,103270.353878377,11.4189770722732,0.06435248408183,index,0.8,2
2019,85192.2615205194,70499.1371319398,102947.663166397,11.3526658814684,0.0965885768817551,index,0.8,2
2021,155462.775716745,137830.351279722,175350.889039713,11.9541615974862,0.0614208878865259,index,0.8,2
2022,207577.022285067,182521.174495559,236072.446387767,12.2432577415135,0.0656319568219947,index,0.8,2
2023,191961.338607189,169428.057808695,217491.459186003,12.1650492693131,0.0637081049965021,index,0.8,2
2024,200227.936104197,172348.284409172,232617.496216937,12.2072116771083,0.0765009257850536,index,0.8,2
2025,159334.168587387,141482.86181896,179437.826978078,11.978758964972,0.0606261620450246,index,0.8,2
2003,12882.6198961483,9696.11897823813,17116.3220832088,9.46363438705978,0.144978892576313,index,0.8,2
2004,12829.748067264,9598.22854644447,17149.2515179208,9.45952182119428,0.14805781609583,index,0.8,2
2005,13836.2504132848,10628.402287221,18012.2863555234,9.53504726856955,0.134574978340193,index,0.8,2
2006,11871.865899468,9042.26853898291,15586.929245391,9.38192666981338,0.138911380759183,index,0.8,2
2007,11423.6376397129,8767.51648330469,14884.4313178042,9.34343996486349,0.135018349771805,index,0.8,2
2008,7368.08387068347,5230.70183309538,10378.8481274031,8.90491296097072,0.174805364745941,index,0.8,2
2009,6439.04288711097,4698.95221915497,8823.51455565781,8.77013518803953,0.160737829763259,index,0.8,2
2010,7553.50664699484,5720.33830802359,9974.1413171607,8.92976719097212,0.141831159031793,index,0.8,2
2011,8437.69455883457,6295.67589670745,11308.5061296469,9.04046439373977,0.149414012159805,index,0.8,2
2012,6886.79380992263,5105.77166403359,9289.08147508508,8.83736091606975,0.152673233169552,index,0.8,2
2013,9872.392415143,7178.06994886135,13578.0415477887,9.19749749567352,0.162610987564928,index,0.8,2
2014,8875.41224869581,6711.78160521723,11736.5175474523,9.0910400638221,0.142564024832982,index,0.8,2
2015,7904.32111525117,5799.92128447361,10772.2655581999,8.975164865532,0.157944351617621,index,0.8,2
2016,7605.6238038613,5557.85341656365,10407.8875620341,8.93664322682078,0.160041711355205,index,0.8,2
2017,10927.9447893905,8071.87143868034,14794.5836634249,9.29907852958244,0.154562990386003,index,0.8,2
2018,9336.83154127729,6857.02364228,12713.4494174215,9.14172223826026,0.157499569131085,index,0.8,2
2019,8743.76712874431,6054.95009430309,12626.6050770001,9.07609639738192,0.187485579526514,index,0.8,2
2021,16419.9172802512,12443.4826496251,21667.0598643392,9.7062503452502,0.141481203005249,index,0.8,2
2022,20956.6231257638,15443.2649763217,28438.2903167606,9.95021001504327,0.155758857831318,index,0.8,2
2023,21303.1695524118,15857.2161534512,28619.4643868832,9.96661114590466,0.150630927259488,index,0.8,2
2024,18755.2222679877,14090.8713061376,24963.5636206829,9.83922751357814,0.145893023664787,index,0.8,2
2025,17278.8101972092,13283.3275247512,22476.0912711722,9.75723618565931,0.134171458999711,index,0.8,2
2003,60548.8902990252,52598.5748545584,69700.9020982183,11.0112064217947,0.0718187265511424,index,0.8,2
2004,60663.1190669604,51284.9439758783,71756.2256997511,11.0130911987627,0.0856845848975134,index,0.8,2
2005,58126.0567205593,50135.6421317644,67389.9510651939,10.9703693228631,0.0754513195650441,index,0.8,2
2006,58259.9955280606,49774.8399106876,68191.622213552,10.9726709537551,0.0803106803639747,index,0.8,2
2007,50420.7539592676,43596.7801162899,58312.8484039374,10.8281581542054,0.074195025666925,index,0.8,2
2008,40517.3492659745,34939.9544836762,46985.0523791592,10.6094855383051,0.075562234043916,index,0.8,2
2009,32010.1925246092,27477.665354145,37290.3742823979,10.3738096474603,0.0778998307816083,index,0.8,2
2010,36157.6799871892,31252.6580057842,41832.5321901904,10.4956446528015,0.0743814407911778,index,0.8,2
2011,43626.7007127443,37549.7694687791,50687.1025309986,10.6834246435642,0.0765331031016022,index,0.8,2
2012,37298.0535928015,32420.5944761338,42909.2934380206,10.5266964217717,0.0715050332790713,index,0.8,2
2013,43632.1586362634,36892.8164601468,51602.6004497807,10.6835497408567,0.0856023921766338,index,0.8,2
2014,42707.081410456,36836.9796410996,49512.6044634878,10.6621200264609,0.075441450186873,index,0.8,2
2015,44528.1042010558,38349.5471239854,51702.0985236091,10.7038758238873,0.0762145770852924,index,0.8,2
2016,47324.5282434132,41103.1324506949,54487.598387985,10.7647840075844,0.0719117268330804,index,0.8,2
2017,59449.5463337758,51451.2824863499,68691.1654773503,10.9928832710347,0.0737220705964768,index,0.8,2
2018,62186.8357316615,53678.8722560751,72043.2895808271,11.037898612142,0.0750645677777771,index,0.8,2
2019,54418.5623176178,44046.6932750476,67232.7410873788,10.9044605937159,0.107887203220583,index,0.8,2
2021,105958.530074928,92056.4690494289,121960.034004901,11.5708030708372,0.0717592824125466,index,0.8,2
2022,140952.725917559,121898.670978801,162985.131700457,11.8561798359619,0.0741005570768028,index,0.8,2
2023,124402.36462391,107856.963759137,143485.851860069,11.7312764673374,0.0728152403819246,index,0.8,2
2024,124139.824142434,108512.981209514,142017.07267041,11.7291638233599,0.0686434736204442,index,0.8,2
2025,108342.194783638,94934.2704432599,123643.770745057,11.5930499673013,0.0674042621691187,index,0.8,2
2003,43459.6103452133,35488.3687818204,53221.3171861906,10.6795872879445,0.103383025256428,index,0.8,2
2004,48204.9896762068,39458.3819579554,58890.4287093991,10.7832178149341,0.102152918314253,index,0.8,2
2005,48785.8191711545,40859.6334397977,58249.5718104606,10.7951949588565,0.0904593467275472,index,0.8,2
2006,44580.532810644,37567.0041148425,52903.4441928172,10.705052558655,0.0873338316606185,index,0.8,2
2007,43087.1631498864,36157.328675967,51345.1545312555,10.6709803929793,0.0894636114218193,index,0.8,2
2008,30435.0335471827,25412.6432899152,36450.0164918194,10.3233496431841,0.092015745251243,index,0.8,2
2009,27126.9186267767,22712.2739075128,32399.6495102304,10.2082818211257,0.09062465658133,index,0.8,2
2010,25771.7750961276,21593.1550206885,30759.024837687,10.1570351835453,0.0902585653008415,index,0.8,2
2011,37024.544981878,31599.6882176196,43380.7106473523,10.5193363495771,0.0808350652519677,index,0.8,2
2012,29918.9509890588,24966.5533083678,35853.7126542687,10.3062473709477,0.092325691662666,index,0.8,2
2013,37777.6784826428,31010.5999516823,46021.4569779877,10.539473690852,0.100710693391606,index,0.8,2
2014,38337.0895331498,32559.4878051757,45139.9126014236,10.5541731016981,0.0833428643552064,index,0.8,2
2015,31113.2968369167,26154.3713245242,37012.4453786579,10.3453905578197,0.0885827189706702,index,0.8,2
2016,32696.6517893223,27105.7305661995,39440.7756552156,10.3950279598791,0.095679061879535,index,0.8,2
2017,43925.3553328475,36791.006749423,52443.1650989593,10.6902470025581,0.0904293606792581,index,0.8,2
2018,38182.9698787443,32188.460846950202,45293.8460056635,10.5501448804972,0.0871350562194084,index,0.8,2
2019,39517.4663316459,31384.3836755866,49758.1906152753,10.5844980387653,0.117569673509865,index,0.8,2
2021,65924.1629220681,55976.673318134,77639.398688015,11.096260313713,0.0834556042644563,index,0.8,2
2022,87580.9194932716,73020.9247893312,105044.10182994,11.3803184391958,0.0927655409096112,index,0.8,2
2023,88862.1435356882,74897.7467082371,105430.148446493,11.3948414988153,0.0872273241310674,index,0.8,2
2024,94843.3342297499,73734.9622015415,121994.475608859,11.4599816959274,0.128445903523712,index,0.8,2
2025,68270.78400096,57669.9498506966,80820.2531851072,11.1312371941747,0.0860963152830937,index,0.8,2
2003,79384.5560205555,69266.4670110458,90980.6433981361,11.2820591197587,0.0695639992770989,index,0.8,2
2004,83524.2420859816,71194.3618878659,97989.4872437461,11.332892193086,0.0814929697940533,index,0.8,2
2005,79057.9612760127,68687.1130196865,90994.6708537328,11.2779365494705,0.0717460490988241,index,0.8,2
2006,77363.0956616832,67043.08017628,89271.6825453416,11.2562651456358,0.0730495393356125,index,0.8,2
2007,67627.2306342241,58611.3094292298,78030.0315381409,11.1217660009537,0.0730028977395939,index,0.8,2
2008,52896.790015699,46025.283318604,60794.2024950867,10.8760979357727,0.0709971076170011,index,0.8,2
2009,43031.4054973864,37259.9538909145,49696.8371056417,10.6696854884967,0.0734763918997388,index,0.8,2
2010,47219.7328602394,41176.8402940415,54149.4479777999,10.76256715328,0.0698665413556196,index,0.8,2
2011,61863.8955909187,54269.520367933,70521.0134848638,11.0326920185679,0.0668246919170497,index,0.8,2
2012,52124.759649069,45552.2379652769,59645.6000810387,10.8613953480414,0.0687667301872036,index,0.8,2
2013,60227.1708817755,51698.7217610072,70162.5105779389,11.0058788730231,0.0779047667177234,index,0.8,2
2014,63864.9169147971,56072.1240656396,72740.7366940346,11.0645254585255,0.0663947851905582,index,0.8,2
2015,60223.6749656667,52631.0246783615,68911.6552173346,11.0058208258407,0.0687562522946613,index,0.8,2
2016,63506.783433978,55572.2936968931,72574.1421458667,11.0589020049073,0.0680940898534254,index,0.8,2
2017,82427.5624100788,72266.3676163021,94017.4976130217,11.3196751552344,0.0671242097059037,index,0.8,2
2018,81179.6754592322,71150.2416314957,92622.8717788223,11.3044201925927,0.0672824572466691,index,0.8,2
2019,74401.7265282473,61267.0873089795,90352.2128033785,11.2172344265768,0.0991020050038978,index,0.8,2
2021,140381.149751517,123821.307178613,159155.703122489,11.8521165005309,0.0640428943673144,index,0.8,2
2022,186349.459725409,163067.390774872,212955.643522218,12.1353790056567,0.0680931751944195,index,0.8,2
2023,169083.529150864,148268.019123469,192821.351489856,12.0381481271318,0.0670273908976341,index,0.8,2
2024,181978.609221674,155367.817049188,213147.193821811,12.1116444274025,0.0806615992319526,index,0.8,2
2025,143433.885440583,126643.013287078,162450.963212208,11.8736294793767,0.0635225912155278,index,0.8,2
2003,24623.9446236829,19249.4433486648,31499.0224832792,10.1114746072004,0.125633525308268,index,0.8,2
2004,25343.8666571855,20080.321003026,31987.1169908293,10.1402920332835,0.118775893452818,index,0.8,2
2005,27853.9146157014,22703.0510613167,34173.4050336838,10.2347287961851,0.104325485250191,index,0.8,2
2006,25477.4326770212,20722.6046521313,31323.262046858,10.145548346251,0.10539374818018,index,0.8,2
2007,25880.6864749299,21404.999230902,31292.219410437,10.1612522735695,0.0968754999677889,index,0.8,2
2008,18055.5927974581,14529.193574735,22437.8889021421,9.80121076604203,0.110867094211115,index,0.8,2
2009,16105.7056539994,13078.8175327373,19833.1197727918,9.68692887663897,0.1062160631789,index,0.8,2
2010,14709.7222230772,11905.6034826935,18174.2931548682,9.59626392987383,0.107909881188376,index,0.8,2
2011,18787.3501037035,15243.6681269732,23154.8286789691,9.84093905551728,0.106644594564216,index,0.8,2
2012,15092.2449327914,12118.9914107899,18794.951608644,9.62193631026548,0.111944542229898,index,0.8,2
2013,21182.6662371308,16431.4703518597,27307.6808894887,9.9609384958941,0.12958646126859,index,0.8,2
2014,17179.2540288084,13831.291079087,21337.6153606198,9.75145777368799,0.110598460779401,index,0.8,2
2015,15417.7260723063,12294.9954436694,19333.5799374423,9.64327317011512,0.115474359648519,index,0.8,2
2016,16514.3965987574,13070.4791527659,20865.7457644417,9.71198780060019,0.119326852940319,index,0.8,2
2017,20947.3392565446,16592.6106712975,26444.9658116677,9.94976691282366,0.118907377740079,index,0.8,2
2018,19190.1301511734,15363.7721777874,23969.4451959786,9.86215137121811,0.113463212553982,index,0.8,2
2019,19534.3021210166,14674.565848431,26003.4241078385,9.8799272823062,0.14594973414711,index,0.8,2
2021,31501.5432454804,25497.2635206868,38919.7541156426,10.3577918155337,0.107892494315128,index,0.8,2
2022,42184.1856854219,33504.1048289088,53113.0597587767,10.649800682998,0.117541670307353,index,0.8,2
2023,44180.9790087358,35679.1209957751,54708.7162377539,10.6960496362744,0.109047251550774,index,0.8,2
2024,37004.5491505099,29491.572356748,46431.4564604482,10.5187961340824,0.115785961977748,index,0.8,2
2025,33179.093344014,27179.140102683,40503.5711568417,10.4096752379948,0.101772374134449,index,0.8,2
2003,104088.266969758,90683.2776110432,119474.80953697,11.5529945390267,0.070341236542864,index,0.8,3
2004,119505.280855766,102380.141259237,139494.944788688,11.6911158406389,0.078913593358903,index,0.8,3
2005,105850.751379769,92607.1938356805,120988.241880458,11.5697853750713,0.0681967991751237,index,0.8,3
2006,101063.023774468,87953.9814799512,116125.894502763,11.5234995989848,0.0708842515106036,index,0.8,3
2007,96463.0067088723,84660.9740507432,109910.283547396,11.4769148636625,0.0665853277105556,index,0.8,3
2008,72625.9488108642,63638.9995163418,82882.013871444,11.1930775585902,0.067397053360041,index,0.8,3
2009,61002.6184145465,53142.0355502584,70025.9110306639,11.0186720670628,0.0703832030314212,index,0.8,3
2010,61435.7234964609,53832.201265597,70113.2042308977,11.0257467608493,0.0674092270357062,index,0.8,3
2011,73840.4889638319,64706.4504902933,84263.8990255802,11.2096624910919,0.0673718079286439,index,0.8,3
2012,68802.1614883976,60543.8268068942,78186.9543954314,11.1389904404105,0.0652397950304782,index,0.8,3
2013,75657.3689639586,65165.7574977461,87838.1177222797,11.2339701231171,0.0761650245074567,index,0.8,3
2014,79509.5888404671,69889.0229685009,90454.4726634591,11.2836329077146,0.0658017350926612,index,0.8,3
2015,78917.6144863089,68912.5278931857,90375.2926588767,11.2761597326943,0.0691678347680791,index,0.8,3
2016,85355.4931190914,74958.8184232394,97194.1708641518,11.3545800860706,0.0662695503951603,index,0.8,3
2017,113595.995187419,99320.7958652633,129922.943228582,11.6404035310159,0.0685182377549717,index,0.8,3
2018,111015.037977224,97274.4408656126,126696.576689769,11.6174209483905,0.0674141971856396,index,0.8,3
2019,97753.78265224,81184.5337218695,117704.710303057,11.4902071743085,0.0947604849738379,index,0.8,3
2021,150645.497121925,134116.571706545,169211.496494019,11.9226846544465,0.0592970159137823,index,0.8,3
2022,236938.837759118,208626.835703674,269092.960401225,12.3755573182849,0.0649271411639807,index,0.8,3
2023,213202.071370864,187360.677694919,242607.594058995,12.2699956868498,0.0659220740637687,index,0.8,3
2024,202928.962192598,179505.94402203,229408.35703753,12.2206112568427,0.0625764846288397,index,0.8,3
2025,185125.302244815,163631.520375005,209442.395039123,12.1287881842214,0.0629684184368531,index,0.8,3
2003,21196.5451891277,17322.8291444962,25936.4982594361,9.96159348460323,0.102967693229532,index,0.8,3
2004,20592.5173022818,15629.2916271545,27131.8610568392,9.93268305103755,0.140707151857725,index,0.8,3
2005,15605.5607057641,12441.6060702976,19574.122791324,9.65538258522016,0.115604737494267,index,0.8,3
2006,13477.5862872095,10158.4508578209,17881.2040016249,9.508783309621,0.14424860710093,index,0.8,3
2007,13523.1005257782,10497.6744804077,17420.4532795914,9.51215465213486,0.12920932250445,index,0.8,3
2008,10531.9146641099,8014.40664396499,13840.2294043339,9.26216541804918,0.139374696982946,index,0.8,3
2009,8445.99319447867,6321.39179493562,11284.6669460244,9.04144742972499,0.147835750246936,index,0.8,3
2010,8945.91903935996,7085.01585427932,11295.5946895229,9.09895273402561,0.118989606961268,index,0.8,3
2011,11351.9434620325,8805.11770412514,14635.4227956327,9.33714423838636,0.129622713313093,index,0.8,3
2012,8566.8519441041,6655.18728908991,11027.6313864995,9.05565560969776,0.128830804363345,index,0.8,3
2013,9856.20453619201,7349.98615559158,13217.0001143945,9.19585643801252,0.149698020838502,index,0.8,3
2014,10616.8421040829,8166.21755764781,13802.8818687871,9.27019689691305,0.13389826832108,index,0.8,3
2015,10195.3596716341,7410.3091854061,14027.1284548683,9.2296879616049,0.162788970244369,index,0.8,3
2016,12158.1624546079,9180.84010466607,16101.0226283659,9.40575603017103,0.143309794613451,index,0.8,3
2017,21315.2098370486,15491.0563064062,29329.0632614592,9.96717617372269,0.162838731914728,index,0.8,3
2018,26829.2050650862,20795.1842822635,34614.0834653907,10.1972463143965,0.129986878541612,index,0.8,3
2019,16720.6488702162,12469.7019574764,22420.7522837736,9.72439969391297,0.149667319706937,index,0.8,3
2021,23475.6923089315,18513.5276991891,29767.8615517327,10.0637207949699,0.12115723860722,index,0.8,3
2022,40994.5004183663,31766.7728256702,52902.7318504764,10.621193200552,0.130113134607832,index,0.8,3
2023,41477.5350683923,32910.5003434652,52274.6812535567,10.632907235997,0.118043082736826,index,0.8,3
2024,39100.421677,31068.8609781568,49208.2080638257,10.5738885304933,0.117311945755951,index,0.8,3
2025,34852.2741394105,27172.4599749612,44702.6516483205,10.458873669136,0.126999492164735,index,0.8,3
2003,30164.5555930499,24652.8141240296,36908.5821013555,10.3144228582303,0.102949096830619,index,0.8,3
2004,34720.6961613507,28242.9309779825,42684.1938915133,10.4550912193034,0.105355377210227,index,0.8,3
2005,29270.7076385169,24036.9582410941,35644.0410249069,10.2843425556327,0.100509348955168,index,0.8,3
2006,29914.0528836794,24133.3440372429,37079.4266450031,10.3060836450749,0.109560131477369,index,0.8,3
2007,26201.0003988725,21917.3716530282,31321.8406280421,10.1735528721833,0.091082308684636,index,0.8,3
2008,21270.5118387913,17748.5189918848,25491.4043301882,9.96507697178775,0.0923586447863448,index,0.8,3
2009,15941.6229470679,13178.9883059204,19283.3726145971,9.67668876316306,0.0970985790287357,index,0.8,3
2010,19208.0445708961,15462.9548651142,23860.1858089824,9.86308445833239,0.110656127596099,index,0.8,3
2011,18687.8697204773,15431.028388763,22632.0933311127,9.8356299143107,0.0977029802735373,index,0.8,3
2012,19282.4811765702,16114.4401638025,23073.3476649089,9.86695225161529,0.0915737225035927,index,0.8,3
2013,19092.3613845165,15307.6021538496,23812.8911094875,9.85704360653016,0.112725923278262,index,0.8,3
2014,20685.2647191823,17201.3018772755,24874.8716553784,9.93717687645357,0.0941019975019682,index,0.8,3
2015,25383.1286062882,21134.3414476091,30486.0797030538,10.1418400042105,0.0934636822246392,index,0.8,3
2016,26430.1903509663,22389.6139499633,31199.9556378888,10.1822622096521,0.0846493831471438,index,0.8,3
2017,31010.4813410311,25916.243817369,37106.0698370936,10.3420805340969,0.0915605133567282,index,0.8,3
2018,29091.6439540786,24255.6090679064,34891.8778160339,10.2782062625799,0.0927583836362003,index,0.8,3
2019,27649.0709330038,21684.8595802725,35253.6810592836,10.2273474054096,0.123970555841315,index,0.8,3
2021,44102.6704239952,37418.3229141935,51981.0987517495,10.6942756134337,0.0838585983243225,index,0.8,3
2022,76937.2027331235,64604.6389100102,91623.9648462858,11.2507448191744,0.0891359859708983,index,0.8,3
2023,61200.9128003697,50890.9847625382,73599.5136481546,11.0219173834279,0.094122297491675,index,0.8,3
2024,60063.3611532578,50864.331587645,70926.0741352782,11.0031553032291,0.0848169161822712,index,0.8,3
2025,51602.2757555029,43360.9088604215,61410.0334409152,10.8513210542859,0.0887809464671508,index,0.8,3
2003,52727.1661875803,44017.3244762312,63160.45073739,10.8728860891418,0.0921177720937185,index,0.8,3
2004,64192.0673921331,53161.836407978,77510.8949294645,11.0696349211736,0.0961950655775567,index,0.8,3
2005,60974.4830354884,51755.867550058,71835.093438423,11.0182107447454,0.0836329946510545,index,0.8,3
2006,57671.3846035795,48958.627539417,67934.6780997119,10.9625163954001,0.0835655717053504,index,0.8,3
2007,56738.9057842217,48236.5288713884,66739.9480210178,10.9462154234434,0.0828298638720851,index,0.8,3
2008,40823.5223079628,34723.7845076973,47994.7677724849,10.6170137214203,0.0825696589656403,index,0.8,3
2009,36615.0022729998,31094.2004973867,43116.0271049406,10.5082133335735,0.0833876200116437,index,0.8,3
2010,33281.759886205,28448.1948065723,38936.5845057804,10.412764774733,0.0800651388842261,index,0.8,3
2011,43800.6757813223,37345.3405543779,51371.8490826727,10.6874045250428,0.0813489913122688,index,0.8,3
2012,40952.8283677233,34980.4355270623,47944.9190968106,10.6201761557049,0.0804259454297031,index,0.8,3
2013,46708.8030432503,39492.2998507841,55243.9916129584,10.7516879278895,0.0856275614317123,index,0.8,3
2014,48207.4820172019,41306.692852262,56261.1325663556,10.7832695165646,0.0788227219629226,index,0.8,3
2015,43339.126208387,36804.0114693302,51034.6504503107,10.676811113567,0.083393873214693,index,0.8,3
2016,46767.1403135171,39712.472135829,55075.0254384419,10.7529361052439,0.0834278229618347,index,0.8,3
2017,61270.3040093395,51959.6661119063,72249.3124823344,11.023050567505,0.0840972201066454,index,0.8,3
2018,55094.1889580594,46585.1518844588,65157.4489759039,10.9167995260232,0.0855946267863573,index,0.8,3
2019,53384.0628490201,42897.852174908,66433.5863401356,10.8852675318834,0.111578832977867,index,0.8,3
2021,83067.1343889982,71634.9438605938,96323.7833902404,11.3274044078976,0.0755453326822533,index,0.8,3
2022,119007.134607627,101131.316234528,140042.655577369,11.6869387249824,0.0830441855983304,index,0.8,3
2023,110523.623502103,93720.7313728787,130339.052769808,11.61298456444,0.0841392338540985,index,0.8,3
2024,103765.17936234,88167.9216086028,122121.654357428,11.549885734498,0.0831072716263054,index,0.8,3
2025,98670.7523499008,84496.6824517712,115222.480774349,11.4995438527325,0.0791220156630074,index,0.8,3
2003,91397.257154096,79686.0891877516,104829.571891902,11.422970747737,0.0699606926203667,index,0.8,3
2004,105427.19675473,90124.3898180002,123328.366916062,11.5657759155305,0.0800166802042827,index,0.8,3
2005,92332.2435357688,80687.0814327865,105658.093525792,11.43314869357,0.0687843932683799,index,0.8,3
2006,89187.099604204,77340.6735228402,102848.066528166,11.3984916848379,0.0727137907851084,index,0.8,3
2007,83593.3388030047,73195.8562102138,95467.7853916389,11.3337191165083,0.0677691163506448,index,0.8,3
2008,65252.6722814749,57226.2174523526,74404.9044202295,11.0860222788517,0.0669679955646906,index,0.8,3
2009,55035.5517897771,48036.0807326096,63054.9352613825,10.9157346515683,0.0694027865783688,index,0.8,3
2010,54941.0620877194,48084.3239483451,62775.5587573469,10.9140162912374,0.0680138996193771,index,0.8,3
2011,66622.6145207019,58403.1222349902,75998.8951911687,11.1067993562598,0.0671822171138409,index,0.8,3
2012,61678.3606111527,54257.7048188825,70113.9161779557,11.0296884289468,0.0654033157387055,index,0.8,3
2013,66491.2045831371,57358.9892375994,77077.3743693957,11.1048249559889,0.0753789882960751,index,0.8,3
2014,71124.485048172,62511.2450819815,80924.5179284675,11.1721869313064,0.0658610012593753,index,0.8,3
2015,70341.9723045422,61402.8987626866,80582.4019288775,11.1611239452218,0.0693439380286175,index,0.8,3
2016,76860.5822185702,67489.0746584857,87533.4137987742,11.2497484391431,0.0663417457257812,index,0.8,3
2017,102788.633623651,89665.1955158382,117832.824000824,11.5404300580268,0.0696911250459311,index,0.8,3
2018,101126.948292513,88610.0506551839,115411.960554593,11.5241319203558,0.0674151936935745,index,0.8,3
2019,88761.86034759,73832.2500977382,106710.385257599,11.3937123361283,0.0939616387095759,index,0.8,3
2021,136593.677475948,121590.190636323,153448.502948803,11.8247659400985,0.0593655622578817,index,0.8,3
2022,215605.209412895,190043.002134261,244605.725040785,12.2812042801225,0.0643882380293894,index,0.8,3
2023,194410.259675008,170942.353076535,221099.969590229,12.1777259457219,0.0656360446415563,index,0.8,3
2024,186521.597288938,164849.687093602,211042.598069736,12.1363023145192,0.0630179764135176,index,0.8,3
2025,167165.946336058,147613.892757338,189307.748020491,12.0267422886503,0.0634639098167629,index,0.8,3
2003,12691.0098156619,9531.28112480843,16898.22470161,9.44864913324473,0.146081620460879,index,0.8,3
2004,14078.0841010357,10505.1983342636,18866.1313808243,9.55237454808372,0.149364507360849,index,0.8,3
2005,13518.5078440002,10282.0710645915,17773.6618605597,9.51181497693808,0.139623990518067,index,0.8,3
2006,11875.9241702642,9024.39657321059,15628.4770681003,9.382268450739,0.14009519237763501,index,0.8,3
2007,12869.6679058676,9781.14082457546,16933.4390515238,9.46262849651736,0.140011292924974,index,0.8,3
2008,7373.27652938896,5306.8635573119,10244.3196799233,8.90561746296773,0.167789404811128,index,0.8,3
2009,5967.06662476959,4151.70888426516,8576.19960768063,8.69401073299847,0.185072495235516,index,0.8,3
2010,6494.66140874154,4804.97987770632,8778.52309224066,8.77873579668217,0.153741428641355,index,0.8,3
2011,7217.87444313001,5251.75286984688,9920.06150478067,8.88431579008469,0.162247170234778,index,0.8,3
2012,7123.80087724476,5232.34524588668,9699.00428082958,8.87119669304261,0.157442594431854,index,0.8,3
2013,9166.16438082203,6685.0013534149,12568.2202612167,9.12327419866585,0.161050156617249,index,0.8,3
2014,8385.10379229525,6276.17186696249,11202.6832754012,9.03421205251048,0.147807080397574,index,0.8,3
2015,8575.64218176671,6287.93677503831,11695.6708473342,9.05668115923197,0.158315602981152,index,0.8,3
2016,8494.91090052097,6292.35426576295,11468.4437906549,9.04722254558969,0.153131374456785,index,0.8,3
2017,10807.3615637684,7925.06623334619,14737.9290634272,9.28798280718548,0.158266607652842,index,0.8,3
2018,9888.08968471131,7110.51125292141,13750.6733531605,9.19908624971209,0.168246368771875,index,0.8,3
2019,8991.92230464986,6171.29279766763,13101.7388712164,9.10408193159902,0.192053685685662,index,0.8,3
2021,14051.8196459767,10611.2017408871,18608.0370710725,9.55050717854507,0.143289208698824,index,0.8,3
2022,21333.6283462228,15576.8083596963,29218.0328540445,9.96803990230728,0.160462876517454,index,0.8,3
2023,18791.8116958573,13672.9907056908,25826.9894578063,9.84117650584672,0.162247277910513,index,0.8,3
2024,16407.3649036606,12214.5830287664,22039.3624938224,9.70548559249777,0.150563861232026,index,0.8,3
2025,17959.355908756,13590.2180026559,23733.1339787437,9.79586647867169,0.142227577879894,index,0.8,3
2003,63235.4022440769,54741.5594075171,73047.1718425526,11.0546195853926,0.0735937582573563,index,0.8,3
2004,71223.0595772507,59977.0080789797,84577.8136992874,11.1735719154324,0.0876829103528114,index,0.8,3
2005,60148.7494505557,51918.6021548412,69683.5413572161,11.0045759306722,0.0750745951839494,index,0.8,3
2006,58738.9900965079,49803.8167108506,69277.1997292719,10.9808590118317,0.0841913995752886,index,0.8,3
2007,52756.8070008115,45588.3125099196,61052.5051638016,10.8734480856824,0.0745123016497138,index,0.8,3
2008,42492.8526815715,36512.4418691281,49452.8011982796,10.6570911685717,0.077390612865736,index,0.8,3
2009,33633.5388493741,28703.1627231857,39410.8114998277,10.4232790281418,0.0808772172865315,index,0.8,3
2010,37061.3985843561,31808.5237510329,43181.7356812703,10.5203312375071,0.0779818728181132,index,0.8,3
2011,40993.9231892896,35125.3212609634,47843.0282804845,10.6211791198062,0.0788287785954365,index,0.8,3
2012,39788.0453028136,34544.6735298827,45827.2835506553,10.5913217768766,0.0720998588178856,index,0.8,3
2013,40349.1074537614,34113.1091659728,47725.0685182085,10.6053245533484,0.0856584775316142,index,0.8,3
2014,42881.9173190533,36866.9651519205,49878.2263574071,10.6662055083424,0.0771107703100613,index,0.8,3
2015,47957.5342249382,40999.4422913203,56096.4969375455,10.7780711946617,0.0799797613399754,index,0.8,3
2016,50843.4048578571,44179.2797939363,58512.7650246297,10.836505695088,0.0716821946658503,index,0.8,3
2017,70633.6657487152,60206.9164539296,82866.1394894538,11.1652621617884,0.0814911126375342,index,0.8,3
2018,71156.0576152722,61064.4196788526,82915.4614418022,11.1726307385485,0.0780351544874233,index,0.8,3
2019,58869.0748569574,48113.2770394655,72029.3479837465,10.983071186882,0.102939513451413,index,0.8,3
2021,91234.2209316219,79776.4030341183,104337.658159897,11.4211853351948,0.0684718177836937,index,0.8,3
2022,148687.781819764,128857.868766102,171569.316442844,11.9096039624265,0.0730312802389278,index,0.8,3
2023,130369.840079069,112667.665855916,150853.353294615,11.7781306139864,0.0744569088187857,index,0.8,3
2024,127196.587336651,110817.959365419,145995.937145355,11.7534891004139,0.0703303597439358,index,0.8,3
2025,114855.590866362,99798.3476455767,132184.620932907,11.651430886657,0.0716972262043795,index,0.8,3
2003,40852.864725681,33484.3160613691,49842.934024275,10.6177322257529,0.101481351907713,index,0.8,3
2004,48282.2212785153,39558.8955401138,58929.1702854457,10.7848186824074,0.101671672150136,index,0.8,3
2005,45702.0019292136,38098.888686884,54822.4122100677,10.7298973818137,0.0928369045976623,index,0.8,3
2006,42324.0336779602,35463.2449446364,50512.1240193797,10.6531103757415,0.0902354796792865,index,0.8,3
2007,43706.1997080609,36613.1776201918,52173.3435086341,10.6852452407708,0.0903494877002775,index,0.8,3
2008,30133.0961292924,25287.4711809535,35907.2473415642,10.3133793858657,0.0894480946736705,index,0.8,3
2009,27369.0795651723,22850.5804316368,32781.0717318866,10.2171691721368,0.0920615765076325,index,0.8,3
2010,24374.3249121051,20398.6580312977,29124.8431151366,10.1012855995689,0.0908492227838843,index,0.8,3
2011,32846.5657745424,27698.3865257346,38951.6148234459,10.3996024758159,0.0869776357372174,index,0.8,3
2012,29014.116185584,24246.819448419,34718.7366087909,10.2755377555571,0.0915817974081855,index,0.8,3
2013,35308.2615101978,29210.3233702861,42679.2033442765,10.4718722526551,0.0967338115886113,index,0.8,3
2014,36627.6715214141,31038.204898643,43223.7085057476,10.5085592862234,0.0844837694867355,index,0.8,3
2015,30960.0802613709,25915.2314897636,36986.996244627,10.3404539201218,0.0907505231144916,index,0.8,3
2016,34512.0882612342,28676.1827944613,41535.6620052398,10.4490649260328,0.0945133370133005,index,0.8,3
2017,42962.3294387047,35913.7635823495,51394.2724651372,10.6680789511462,0.0914318144937014,index,0.8,3
2018,39858.980361952,33353.0315575339,47634.000308305,10.5931030129567,0.0909195607033816,index,0.8,3
2019,38884.7077952824,30888.2070442879,48951.3845253802,10.5683563365138,0.117464707179632,index,0.8,3
2021,59411.2761903024,50662.963916549,69670.2179598975,10.992239322188,0.0812713374067321,index,0.8,3
2022,88251.0559393528,74039.9684115409,105189.791966427,11.3879409400424,0.0895835848926163,index,0.8,3
2023,82832.2312917958,69502.0783792278,98719.0412255093,11.3245725314378,0.0895223570325713,index,0.8,3
2024,75732.3748559473,63587.6389673264,90196.6592008359,11.2349610211295,0.0891784991608076,index,0.8,3
2025,70269.7113784514,59268.5817410654,83312.8141784027,11.1600961368554,0.0868697141810778,index,0.8,3
2003,81289.5410145435,70829.4424303355,93294.3879214419,11.3057726404526,0.0702781248862732,index,0.8,3
2004,92940.6279947906,79059.0601093833,109259.587960126,11.4397161596076,0.0825350426967528,index,0.8,3
2005,79675.7370645275,69135.0658337754,91823.4907310141,11.2857203901311,0.0724008426575866,index,0.8,3
2006,77526.7676649174,66755.3119405457,90036.276213092,11.2583785449331,0.076322520915255,index,0.8,3
2007,70182.1386469914,60840.1110425062,80958.6389746113,11.1588491224117,0.0728812121093304,index,0.8,3
2008,55319.356822991,48051.4636710313,63686.5353417802,10.9208781592287,0.0718637102463746,index,0.8,3
2009,45624.3972770359,39346.5591851185,52903.879526017,10.7281978804312,0.075528975465665,index,0.8,3
2010,48014.628563388,41722.7970457069,55255.2733594194,10.7792610051969,0.0716635898188913,index,0.8,3
2011,57847.4122110876,50475.8459786177,66295.5327373222,10.965563998883,0.0695491328251718,index,0.8,3
2012,54282.1179378484,47430.5016252026,62123.4907254874,10.9019501319394,0.068842763475031,index,0.8,3
2013,57215.0222229704,49181.0969395584,66561.3207447991,10.9545717691634,0.0771989435770353,index,0.8,3
2014,62890.8735575426,55035.5385111946,71867.4166516291,11.0491563376866,0.0680736628037759,index,0.8,3
2015,63532.0839744148,55156.6735280997,73179.2806916786,11.0593003167198,0.0721274950040662,index,0.8,3
2016,68181.1944567642,59692.8449109483,77876.5911473333,11.1299240647048,0.0678362583667004,index,0.8,3
2017,94061.5877872698,81609.2459493125,108413.96944848,11.4517050359357,0.0724539809507352,index,0.8,3
2018,91114.7560791535,79356.0401743581,104615.839665424,11.4198750468508,0.0704988480519846,index,0.8,3
2019,78262.2835287001,64823.9917839432,94486.3908341386,11.2678210740852,0.0961191216648365,index,0.8,3
2021,123771.156650311,109690.463239895,139659.353840562,11.7261896286492,0.0616194593533236,index,0.8,3
2022,196407.264335018,172464.609485369,223673.793705707,12.1879456616677,0.0663268971735504,index,0.8,3
2023,174360.284069921,152408.376161435,199474.001538742,12.068879035566,0.0686544009042013,index,0.8,3
2024,169082.702800109,148870.320646206,192039.35520588,12.038143239886,0.0649564819324536,index,0.8,3
2025,150376.964697424,131996.140951439,171317.368436775,11.9209005185112,0.0665178307431851,index,0.8,3
2003,22798.7259552142,17890.3597023764,29053.7425646012,10.034459934224,0.123697503371627,index,0.8,3
2004,26564.6528609755,21029.1704287039,33557.2334637086,10.1873367712663,0.119222063381208,index,0.8,3
2005,26175.0143152415,21299.5528029226,32166.4675658866,10.1725605826437,0.105164803006784,index,0.8,3
2006,23536.2561095506,19014.4637432743,29133.3670585531,10.0662973243911,0.108850013511899,index,0.8,3
2007,26280.868061881,21585.7804277042,31997.1764930742,10.176596503327,0.100413294082381,index,0.8,3
2008,17306.5919878728,14001.5435997067,21391.7932763483,9.75884274767009,0.108124378662186,index,0.8,3
2009,15378.2211375103,12364.639133217,19126.2909338657,9.64070757561036,0.111283463541563,index,0.8,3
2010,13421.0949330731,10794.1040355422,16687.4238574553,9.50458299684519,0.111138601094755,index,0.8,3
2011,15993.0767527444,12730.078627791,20092.4528039271,9.6799112046255,0.116424760005151,index,0.8,3
2012,14520.0435505492,11702.9685730238,18015.2295030363,9.58328528772341,0.1100466521994,index,0.8,3
2013,18442.346740989,14442.3534166888,23550.1890517265,9.82240475262438,0.124739217858384,index,0.8,3
2014,16618.7152829249,13314.6354729862,20742.7156541581,9.71828476595868,0.113096795147012,index,0.8,3
2015,15385.5305118941,12194.3371583396,19411.8422394559,9.64118276957269,0.118602084422544,index,0.8,3
2016,17174.2986623268,13629.2604881232,21641.4188282504,9.75116928145776,0.117958807535883,index,0.8,3
2017,19534.4074001502,15466.9692720514,24671.4831951321,9.87993267174111,0.119119871193822,index,0.8,3
2018,19900.2818980705,15802.7302929987,25060.3036488021,9.89848917634444,0.117630308884431,index,0.8,3
2019,19491.4991235395,14661.5126404753,25912.6426719516,9.87773370711874,0.145284585721216,index,0.8,3
2021,26874.3404716144,21784.7009342309,33153.0911516619,10.1989272245377,0.107126465483947,index,0.8,3
2022,40531.5734240994,32090.604878328,51192.8164165773,10.6098365400901,0.119144003957278,index,0.8,3
2023,38841.7873009449,31058.2732119624,48575.9279157466,10.5672519383636,0.114099769284866,index,0.8,3
2024,33846.2593924891,27012.9960498667,42408.0791611899,10.4295837668425,0.115058442021996,index,0.8,3
2025,34748.3375473905,28283.4705122348,42690.9053393951,10.4558870094857,0.10502957144087,index,0.8,3
2003,107224.569281676,94888.2003966607,121164.783498682,11.582680692419,0.0623613769170375,index,1,1
2004,115769.065033104,100934.783020916,132783.526327704,11.6593526670948,0.0699618939834729,index,1,1
2005,102291.886275843,90876.4027181287,115141.331356667,11.5355856357527,0.0603735508823314,index,1,1
2006,96845.0971729949,85911.3013701761,109170.419919896,11.4808680446626,0.0611222359320068,index,1,1
2007,93828.152051846,83549.4106236971,105371.444894039,11.4492202184493,0.0591984034097553,index,1,1
2008,68535.2152840505,60944.8185750472,77070.9609750858,11.1351029838884,0.0598882758011733,index,1,1
2009,65538.7101950318,58081.9364350035,73952.81214212,11.0903962423984,0.0616267715045623,index,1,1
2010,68527.0906891044,61095.2941425586,76862.9110346088,11.1349844305794,0.0585696003777128,index,1,1
2011,77178.7261273836,68891.3321051903,86463.06559366,11.2538791297388,0.0579569244820736,index,1,1
2012,68937.6776245981,61525.8700786162,77242.3598431117,11.140958152596,0.0580342988253122,index,1,1
2013,78111.2479633707,68143.1759911354,89537.4624039963,11.2658893454754,0.0696558950230235,index,1,1
2014,78878.6364855995,70482.0518747053,88275.5131035031,11.275665703194,0.0574257134472034,index,1,1
2015,81187.1129583274,72197.6034732593,91295.9294133569,11.3045118061447,0.0598733832006191,index,1,1
2016,82457.5906014131,73618.0646054832,92358.5030960435,11.3200393868359,0.0578549759690771,index,1,1
2017,111773.960088584,98285.0370708789,127114.141950974,11.6242338974453,0.0656169301530435,index,1,1
2018,111707.001919671,99490.1478127105,125424.019887597,11.623634668139,0.0590933138394592,index,1,1
2019,96637.789422843,81727.5613599142,114268.212450473,11.4787251385573,0.0855008395938089,index,1,1
2021,161329.226687624,144503.365249299,180114.27857562,11.9912024422911,0.0561971383015281,index,1,1
2022,230072.6093221,205142.205320404,258032.741130011,12.3461502307897,0.0585171613212701,index,1,1
2023,213210.936540892,190010.122864325,239244.640103222,12.2700372670543,0.058778957167752,index,1,1
2024,220367.891364367,197004.399514441,246502.147485381,12.3030536621833,0.0571808069106942,index,1,1
2025,182602.945628258,164005.500823619,203309.252340119,12.1150693786025,0.0548041349731354,index,1,1
2003,19288.8555448665,15897.8161567351,23403.2111431295,9.86728277520592,0.0986476009706722,index,1,1
2004,19703.1680100146,15371.8476674232,25254.9230274761,9.8885347144882,0.126656241927988,index,1,1
2005,14314.9103580665,11586.0677381459,17686.4716477373,9.56905695541457,0.107909307972924,index,1,1
2006,12934.3996100747,9921.95380023339,16861.4666668942,9.46764567762287,0.135278272029423,index,1,1
2007,12669.142061292,10118.953344368,15862.0318828263,9.44692455683873,0.114675088720195,index,1,1
2008,10376.5631658653,8011.07695328156,13440.5228863876,9.24730500033926,0.132004730831308,index,1,1
2009,8634.25436310943,6600.63712828286,11294.4170324764,9.06349263631494,0.137028629347137,index,1,1
2010,10559.2592328679,8477.70042002986,13151.9103085401,9.26475840639708,0.112024451980439,index,1,1
2011,10733.8731374502,8641.0755860618,13333.5290709319,9.2811597339088,0.110653763253816,index,1,1
2012,8275.60160404207,6619.12599712223,10346.6200731938,9.02106689899746,0.113955299764717,index,1,1
2013,9195.23689734218,7075.2058355495,11950.5189761983,9.12644090041967,0.133721378063511,index,1,1
2014,10590.3145214631,8212.37986772792,13656.7917546345,9.2676951380093,0.129745804161514,index,1,1
2015,10754.2265858994,7989.73913967131,14475.2397342504,9.28305412706577,0.151605202714823,index,1,1
2016,11644.2045238541,8976.07722449483,15105.4291983295,9.36256386945311,0.132780826759311,index,1,1
2017,22059.5918605181,14844.7878679904,32780.9058223013,10.0015027912999,0.202094883948738,index,1,1
2018,29527.3203114474,23523.3957261129,37063.6388949141,10.293071226003,0.115981956859666,index,1,1
2019,15652.7616090033,11758.7672153965,20836.2782849789,9.65840264104014,0.145945668370177,index,1,1
2021,25603.5214256285,20480.919585176,32007.3669869344,10.1504851766964,0.113898111746896,index,1,1
2022,38632.870239110896,30264.2571955949,49315.555748357,10.5618587536796,0.12456151792993,index,1,1
2023,38822.1087541057,31506.9050123461,47835.7403726269,10.5667451765796,0.106523982427154,index,1,1
2024,45062.5907743843,35499.3651711472,57202.0676288055,10.715807708436,0.121705101479854,index,1,1
2025,29513.0882259573,23367.9739364614,37274.1932613195,10.2925891126126,0.119118201017413,index,1,1
2003,32163.6075343357,26948.7589948687,38387.5802896808,10.3785908915769,0.0902559261921495,index,1,1
2004,31836.9035796331,26584.5652673527,38126.9514601991,10.3683813858459,0.0919890947064786,index,1,1
2005,27352.840272267,22857.7766178016,32731.8742968847,10.2165756515356,0.0915981013664578,index,1,1
2006,27258.619161245,22945.2264870479,32382.8714001675,10.2131250495745,0.0878892945410343,index,1,1
2007,25021.0939474416,21349.00229864,29324.7962396154,10.1274745059844,0.0809781304219514,index,1,1
2008,19472.7248720882,16540.8118098262,22924.3291262633,9.87677004091529,0.083258668638522,index,1,1
2009,18320.0996286541,15415.4861118735,21772.0056291511,9.81575407645864,0.0880762110972901,index,1,1
2010,20078.2299528292,16667.4116150272,24187.037996663,9.90739142016074,0.0949919131088032,index,1,1
2011,19537.0839555856,16434.6913829853,23225.1181718428,9.88006967984327,0.0882260966634118,index,1,1
2012,19143.3821305172,16257.243399179,22541.8953506911,9.8597123542302,0.0833783270690286,index,1,1
2013,20488.507377466,16817.2235370107,24961.2508053213,9.92761939218938,0.100747025449768,index,1,1
2014,19878.4110717634,16888.1691761986,23398.1092097842,9.89738955104868,0.0831754794055336,index,1,1
2015,25899.9337362037,22003.7222278553,30486.049614394,10.1619956892366,0.0831794769282804,index,1,1
2016,25777.3493324254,22132.1989243734,30022.8522649926,10.1572514524492,0.0777885010060293,index,1,1
2017,30217.8344916301,25845.6603849015,35329.6262415091,10.3161875751397,0.0797410499997922,index,1,1
2018,27881.665480159,23575.7823124344,32973.9755671854,10.2357246005422,0.085587955151097,index,1,1
2019,27338.2787917107,21959.2787112574,34034.8832546197,10.2160431526162,0.111786800589988,index,1,1
2021,49846.7660766574,42117.5884907613,58994.3578760696,10.8167089001995,0.0859649413078102,index,1,1
2022,70231.045643917,60252.1785839186,81862.5963104081,11.159545737892,0.0781910939856178,index,1,1
2023,63367.8221583653,53566.4505659953,74962.6089215494,11.0567114746505,0.0857328232377823,index,1,1
2024,64696.0499591409,55665.2588270834,75191.9414103073,11.0774554269891,0.0767074886556426,index,1,1
2025,50068.1397165198,43010.1535037614,58284.3447525411,10.8211401509793,0.0775262491461662,index,1,1
2003,55772.1062024742,47499.5154604836,65485.4644327437,10.9290291345388,0.0819169875908039,index,1,1
2004,64228.9934434563,54218.5341263318,76087.7007325069,11.0702099990012,0.0864464415233188,index,1,1
2005,60624.1356455098,52446.725901074,70076.5540578751,11.0124483707445,0.0739274717551689,index,1,1
2006,56652.0784016753,49035.8714816323,65451.2276473309,10.9446839542505,0.073662870887498,index,1,1
2007,56137.9160431118,48491.3800508764,64990.2233006568,10.9355667285128,0.0747082086446447,index,1,1
2008,38685.927246097,33443.4997486467,44750.1301639602,10.5632311758341,0.0742964961117185,index,1,1
2009,38584.3562032679,33348.3749839681,44642.4314329069,10.5606021935968,0.0744084435777682,index,1,1
2010,37889.6015034077,32927.0246084698,43600.1102182111,10.5424319867604,0.0716252806793806,index,1,1
2011,46907.7690343481,40831.2724959956,53888.5677882202,10.7559385917679,0.0707844854920365,index,1,1
2012,41518.6938900386,36062.0766291936,47800.961660074,10.633899059976,0.0718900846261542,index,1,1
2013,48427.5036885627,41357.1491804332,56706.5951106544,10.7878231893354,0.0805232191742764,index,1,1
2014,48409.9108923733,42254.5045983993,55462.0032794397,10.7874598422457,0.0693857634643994,index,1,1
2015,44532.9526362241,38608.1123293693,51367.0249812127,10.7039847027923,0.0728416473840913,index,1,1
2016,45036.0367451339,38960.8206172147,52058.5699576583,10.7152182648285,0.0739332178380101,index,1,1
2017,59496.5337364361,51403.0143765303,68864.3957866235,10.9936733333063,0.0746040433794528,index,1,1
2018,54298.0161280649,46887.7843043818,62879.3746427483,10.9022429698598,0.074863881735722,index,1,1
2019,53646.7490221288,43949.032283149,65484.3470068114,10.8901761501768,0.101731596837769,index,1,1
2021,85878.9391853384,74413.0243491232,99111.5770405581,11.3606938996265,0.0731174841990286,index,1,1
2022,121208.693439071,104858.841630419,140107.854872056,11.7052690780902,0.0739292762458561,index,1,1
2023,111021.005628421,95681.2330068445,128820.075822645,11.6174747022865,0.0758673361249519,index,1,1
2024,110609.250630842,95302.4328905588,128374.543587633,11.6137590049962,0.075995471395141,index,1,1
2025,103021.717685782,89959.3615273297,117980.765255926,11.542695096304,0.069175652522468,index,1,1
2003,93653.3365561063,82967.4924764546,105715.469833928,11.4473553351725,0.0618129633897266,index,1,1
2004,101600.628580201,88435.6293080039,116725.439833079,11.5288050009204,0.0708047638222241,index,1,1
2005,89054.2739488896,78939.9647582615,100464.495174909,11.3970012825003,0.0615105076784618,index,1,1
2006,84864.4148841574,75152.0567572906,95831.9602201935,11.3488101429057,0.0620120473461036,index,1,1
2007,81351.6514864074,72304.9994922546,91530.2018676428,11.3065364134418,0.0601479717714665,index,1,1
2008,61069.295268498,54377.0921054676,68585.1096516429,11.0197644864175,0.0592185592078782,index,1,1
2009,58403.5549280462,51792.0968481543,65858.9907690687,10.9751320390193,0.0612966329271134,index,1,1
2010,60407.5513443185,53721.5432892595,67925.6781542618,11.0088693983652,0.0598480485729138,index,1,1
2011,69021.3760990988,61623.0521038214,77307.9261083504,11.1421715341394,0.0578481201957025,index,1,1
2012,61740.4384530528,55114.0631264848,69163.5042698099,11.0306943996353,0.0579266806938501,index,1,1
2013,68331.627258505,59696.3252845097,78216.0587195617,11.132128002192,0.0689309899542947,index,1,1
2014,69827.7047620185,62389.186983472,78153.0997290176,11.1537861263613,0.057469868543102,index,1,1
2015,72258.7955347757,64266.3948358737,81245.160016693,11.1880093360708,0.0598057894155911,index,1,1
2016,73750.1307685926,65828.9002191758,82624.5276812344,11.208438047334,0.057972398618155,index,1,1
2017,100946.316978936,88334.0200533452,115359.392739716,11.5223441394592,0.0680948987088817,index,1,1
2018,101575.832222388,90433.9305994794,114090.470504554,11.5285609140036,0.0592797115007671,index,1,1
2019,87415.0742442011,74028.6704600478,103222.105133485,11.3784230209616,0.0848052752356996,index,1,1
2021,146322.117581206,130881.682581097,163584.098792296,11.8935657552209,0.0568973452775857,index,1,1
2022,205700.335953119,183529.267647048,230549.757832625,12.2341757088586,0.0581879459446613,index,1,1
2023,192587.291142817,171732.869724828,215974.174129613,12.16830479041,0.0584752198495429,index,1,1
2024,200918.40859769,179415.06943345,224998.976066511,12.2106541772557,0.0577546087570294,index,1,1
2025,164574.32876187,147580.35583169,183525.168609223,12.0111175937124,0.0556079105800335,index,1,1
2003,13571.2327255699,10486.1550411575,17563.9552313208,9.51570759067576,0.131582260770231,index,1,1
2004,14168.4364529027,10985.6064829291,18273.4191172683,9.55877198452904,0.129814013493632,index,1,1
2005,13237.612326954,10489.1645583728,16706.2285221606,9.49081747538482,0.118736579202588,index,1,1
2006,11980.6822888369,9310.929037323,15415.9426552045,9.39105082237133,0.128628214539281,index,1,1
2007,12476.5005654384,9762.10713566847,15945.6420828069,9.43160219919265,0.12517507973345,index,1,1
2008,7465.92001555235,5582.66868490385,9984.4652843813,8.9181039462578,0.148309738628525,index,1,1
2009,7135.15526698547,5318.88090496652,9571.64516251014,8.87278929098957,0.149885961838271,index,1,1
2010,8119.539344786,6368.69303937871,10351.7187535795,9.00202870060878,0.123920209433111,index,1,1
2011,8157.35002828516,6217.73031947949,10702.0337108372,9.00667464377934,0.138530313406456,index,1,1
2012,7197.23917154526,5476.02755597541,9459.45782100775,8.88145278307252,0.139450299442734,index,1,1
2013,9779.6207048656,7341.86880223099,13026.789732605,9.18805597954321,0.146281915072924,index,1,1
2014,9050.93172358089,7013.27649334963,11680.6124986807,9.11062298427655,0.130136427351817,index,1,1
2015,8928.31742355175,6777.95330618896,11760.9030948782,9.09698323770231,0.14059073368567301,index,1,1
2016,8707.45983282023,6676.17228639741,11356.7855183515,9.07193538928897,0.13553070367899,index,1,1
2017,10827.6431096477,8331.25100656686,14072.05895219,9.28985769023973,0.13372122526833,index,1,1
2018,10131.1696972829,7624.7005073247,13461.5909617095,9.22337205921276,0.145014775005241,index,1,1
2019,9222.71517864166,6640.39304930258,12809.253102161,9.12942476111967,0.167604266619272,index,1,1
2021,15007.1091064188,11646.3379081991,19337.6944329776,9.61627930823797,0.129355561277563,index,1,1
2022,24372.2733689805,18748.3656541292,31683.1728231998,10.1012014278236,0.13384917651885,index,1,1
2023,20623.6453980749,15762.7897372989,26983.4690809256,9.93419353137691,0.137138320888694,index,1,1
2024,19449.4827666771,15038.0238629515,25155.059157954,9.87557575572009,0.131246574411067,index,1,1
2025,18028.6168663881,14259.1327411932,22794.5858990451,9.7997156003534,0.119677059207675,index,1,1
2003,63890.3169558807,56236.6062579857,72585.6852384872,11.0649230945464,0.0651031931240869,index,1,1
2004,66549.8739939207,57207.9785207171,77417.2736588284,11.1057069304168,0.0771740089824052,index,1,1
2005,56868.333120906,49741.3162508405,65016.5205850516,10.9484939295303,0.0683189849184778,index,1,1
2006,55523.0839565993,48325.6190510491,63792.516528242,10.9245541404067,0.0708365191125959,index,1,1
2007,50687.5258984596,44486.3179301179,57753.1565040496,10.8334351218014,0.0665819189521452,index,1,1
2008,39540.7771145353,34577.4635659162,45216.5339380909,10.5850877504145,0.0684351062915493,index,1,1
2009,36430.1589071829,31651.5443532495,41930.2282122719,10.50315225198,0.0717411299267711,index,1,1
2010,40883.4997143791,35792.723722296,46698.3334899001,10.6184818306648,0.0678491686394403,index,1,1
2011,42053.5543195546,36689.2722431584,48202.1398295113,10.6466991878588,0.069623476285269,index,1,1
2012,39010.0145515223,34473.1618299838,44143.9413888162,10.5715736755209,0.0630814107725493,index,1,1
2013,41849.7491101943,35981.3275218173,48675.2885791734,10.6418410809222,0.0770859460613608,index,1,1
2014,41826.8172393383,36621.7114595072,47771.7335058853,10.6412929735504,0.0678055422508666,index,1,1
2015,49211.76105176,42958.749367492,56374.9518194345,10.803887919681,0.0693340814174877,index,1,1
2016,49161.6484772881,43350.6220971018,55751.6262532716,10.8028690960162,0.0641811606413239,index,1,1
2017,69841.1795497058,59237.6768140932,82342.7018618962,11.1539790796851,0.0840148236797965,index,1,1
2018,72224.772868495,62977.7735955134,82829.5050474333,11.1875383805527,0.0698998749872258,index,1,1
2019,57672.3379362462,48020.9326026337,69263.5145292902,10.9625329256914,0.0934408164741651,index,1,1
2021,102036.011562406,89271.0722726266,116626.219339766,11.5330810844907,0.0681891656562026,index,1,1
2022,138399.009452537,121519.71663321,157622.864405272,11.8378961650052,0.0663605865298315,index,1,1
2023,130305.486671748,114420.50250079,148395.781224993,11.7776368702214,0.0663284181302962,index,1,1
2024,140218.483161224,123243.070298824,159532.077319742,11.8509570791388,0.0658395840884797,index,1,1
2025,111390.222245085,98438.4271231279,126046.118110864,11.6207948310351,0.0630666204372409,index,1,1
2003,43334.2523257957,36173.3407807341,51912.7452456888,10.6766986480631,0.0921552464749916,index,1,1
2004,49219.1910391834,41083.5948584829,58965.8420811593,10.8040388881981,0.092182673091422,index,1,1
2005,45423.5531549378,38699.0292355507,53316.5617323553,10.7237860414624,0.0817444852944256,index,1,1
2006,41322.0132163954,35225.3536449287,48473.8575932448,10.6291506446119,0.081445000803088,index,1,1
2007,43140.6261533861,36779.7299551392,50601.6120068376,10.6722204342881,0.0813883722256588,index,1,1
2008,28994.4381695151,24692.3417364326,34046.0801061022,10.274859303317,0.0819458322704736,index,1,1
2009,29108.5512878486,24772.4576705595,34203.6211887156,10.2787872686805,0.0822971915546822,index,1,1
2010,27643.5909747257,23584.9136484461,32400.7173979322,10.2271491889336,0.0810150879126701,index,1,1
2011,35125.1718078295,30312.6767080719,40701.7072893797,10.4666732979502,0.0751809838879692,index,1,1
2012,29927.6630730759,25393.5419227377,35271.3701672928,10.3065385180481,0.0838221282003191,index,1,1
2013,36261.4988531764,30324.5964478387,43360.7187927682,10.4985118197252,0.0912248362649534,index,1,1
2014,37051.8192462615,31931.7157992393,42992.907681157,10.5200727319819,0.0758777776610182,index,1,1
2015,31975.351906567,27289.8360427393,37465.3452643526,10.3727206320649,0.0808438459030759,index,1,1
2016,33295.9421241249,28262.9543152785,39225.1903168444,10.4131908104088,0.0836156278383237,index,1,1
2017,41932.780538878,35773.051763854,49153.1473280229,10.6438231517958,0.0810591460560777,index,1,1
2018,39482.2290511762,33796.4075683623,46124.6186505579,10.5836059522164,0.0793362340227591,index,1,1
2019,38965.4514865964,31573.5508680566,48087.9206744651,10.5704306731885,0.107326269052563,index,1,1
2021,59293.2151252187,51220.0158174852,68638.8964113773,10.9902501623389,0.0746771343378449,index,1,1
2022,91673.5998695614,78422.9045674605,107163.193704655,11.4259897200611,0.0796537117653186,index,1,1
2023,82905.4498691442,70675.4427285852,97251.7942958031,11.3254560792418,0.0814314108167748,index,1,1
2024,80149.4082031442,68361.884547908,93969.434543782,11.291647774394,0.0811632615740047,index,1,1
2025,71212.7233831727,61238.4798780023,82811.5260494887,11.1734267806371,0.0769890440512171,index,1,1
2003,82630.9991748938,73178.1225645599,93304.963086714,11.3221401817786,0.0619850158102603,index,1,1
2004,88499.4303972481,76677.0653338343,102144.613210456,11.390751394786,0.0731612780072962,index,1,1
2005,75630.1175219234,66604.891428869,85878.2974293796,11.233609862755,0.0648361730358044,index,1,1
2006,72752.9941536378,64074.4893769665,82606.9502821819,11.1948253409379,0.0648092311314611,index,1,1
2007,67319.0910330383,59279.2517200975,76449.3458674692,11.1171991460306,0.0648912479764138,index,1,1
2008,51233.5237171371,45247.6501192712,58011.2767305125,10.8441493568661,0.0633906240789614,index,1,1
2009,48315.8543474435,42394.6191054426,55064.1055535203,10.7855150331384,0.0667044440069087,index,1,1
2010,52911.8346741893,46790.4244417502,59834.0853281652,10.8763823106739,0.0627299565798552,index,1,1
2011,59396.515331887,52720.9676377548,66917.3232519474,10.9919908391836,0.0608288299345688,index,1,1
2012,54091.9972053085,48041.6742844955,60904.2920596835,10.8984415279277,0.0605201939387682,index,1,1
2013,57969.6909168466,50534.8644436604,66498.3492483932,10.9676755825419,0.0700302768541709,index,1,1
2014,61750.8715930544,54961.0455055008,69379.5052010109,11.0308633692579,0.0594314081460403,index,1,1
2015,64900.4368839617,57458.0313682903,73306.8399216622,11.0806096343176,0.0621437762320572,index,1,1
2016,65295.4514053088,58056.0879955725,73437.5346569715,11.0866776559518,0.0599566115603766,index,1,1
2017,91686.5129837083,79661.965194783,105526.1019805,11.4261305698235,0.0717273606656722,index,1,1
2018,91336.2342477431,80897.1585816182,103122.381957853,11.4223028580343,0.061924034912067,index,1,1
2019,76642.2455465051,64692.7686518263,90798.9242820102,11.2469037121438,0.0864806734194908,index,1,1
2021,132638.307079391,118003.487211432,149088.140703544,11.7953812070141,0.0596499488183871,index,1,1
2022,185000.911140677,164473.310519014,208090.522498018,12.1281160291331,0.0600074491784335,index,1,1
2023,171714.244957294,152298.365217435,193605.373761937,12.0535870076684,0.0612206161706254,index,1,1
2024,182126.539147739,162041.438230013,204701.196337501,12.1124569945132,0.0596182493077291,index,1,1
2025,148467.687036305,132485.085307167,166378.381708434,11.9081226178324,0.0581119165340039,index,1,1
2003,24593.5701067827,19674.7551443153,30742.1203547731,10.1102403099823,0.113853460344176,index,1,1
2004,27269.634635856,22092.4520792953,33660.0469021725,10.2135290777248,0.107419210296455,index,1,1
2005,26661.7687539204,22207.4709674196,32009.4941981647,10.1909859363902,0.0932679868208555,index,1,1
2006,24092.1030193567,19794.9641991507,29322.0751528411,10.089639390236,0.100234770040399,index,1,1
2007,26509.0610188074,22162.3086008743,31708.3535273547,10.1852418787692,0.0913759467046734,index,1,1
2008,17301.6915669132,14213.4258202999,21060.9697381373,9.75855955414016,0.100316780555081,index,1,1
2009,17222.8558475881,14204.3785543342,20882.7695215353,9.75399260903866,0.0983115330700865,index,1,1
2010,15615.2560149153,12891.7895427172,18914.0708202994,9.65600366503044,0.0977863615770438,index,1,1
2011,17782.210795497,14615.1764916163,21635.5253018584,9.7859538430421,0.100072292683346,index,1,1
2012,14845.6804192896,12134.5242556753,18162.5766670332,9.60546422106088,0.102886741578514,index,1,1
2013,20141.557046524,15987.3349433936,25375.2311873604,9.91054047443236,0.117853365941501,index,1,1
2014,17127.7648925448,13997.8041866995,20957.5963702248,9.74845610367746,0.102961254788502,index,1,1
2015,16286.6760743657,13186.999717156,20114.9483006528,9.6981026337754,0.107714163158946,index,1,1
2016,17162.1391961041,13966.8186456107,21088.4833017443,9.75046102704995,0.105114854122216,index,1,1
2017,20087.4471048753,16376.6251458052,24639.1138344227,9.90785037680647,0.104206035056357,index,1,1
2018,20370.7676719281,16529.8216961151,25104.2136553233,9.92185619490878,0.106601341904158,index,1,1
2019,19995.5438763377,15364.4144714993,26022.5845672288,9.90326472152803,0.134418467741162,index,1,1
2021,28690.9196082341,23667.1599968488,34781.0581445241,10.2643359617289,0.098212136126909,index,1,1
2022,45071.6981814228,36693.8648123953,55362.3333857991,10.7160097937284,0.104922818279787,index,1,1
2023,41496.6915835978,33985.14961799,50668.4664254858,10.6333689821638,0.101884550683813,index,1,1
2024,38241.3522166285,31090.485199411,47036.9313948161,10.5516727278536,0.105622154422329,index,1,1
2025,34135.258591953,28404.7866026165,41021.8142259223,10.4380861053899,0.0937635357313735,index,1,1
