"Year","est","lwr","upr","log_est","se","type","effort","replicate"
2003,1253545.0110028,663926.769134947,2366789.78414654,14.0414861041949,0.324270738788584,"index",0.1,1
2004,3335573.52820514,1751217.58197132,6353322.89751139,15.0201551950216,0.328747535672805,"index",0.1,1
2005,1144211.44898668,643471.887393577,2034618.55232756,13.9502262668727,0.293675115146469,"index",0.1,1
2006,1628344.58019713,931679.315858203,2845942.83325369,14.3030744617458,0.284867739095745,"index",0.1,1
2007,1699698.95122261,978316.663613652,2953007.58152897,14.3459617058285,0.281828149216124,"index",0.1,1
2008,1902530.41153411,1100297.74444799,3289674.98577224,14.4586953536279,0.279394917475087,"index",0.1,1
2009,1570448.20872664,924935.746540656,2666463.68195512,14.2668716198473,0.270102957574965,"index",0.1,1
2010,1276202.60682971,742163.402003191,2194520.89564494,14.0593995130641,0.276573856000303,"index",0.1,1
2011,1697423.497237,984798.04744931,2925723.23476362,14.3446220694978,0.277775613546628,"index",0.1,1
2012,1487703.34337307,872221.931429418,2537497.80661472,14.2127441084864,0.272425888265704,"index",0.1,1
2013,2363658.76001771,1365140.41550946,4092533.39095045,14.6757212985346,0.280083436761583,"index",0.1,1
2014,1851181.21414227,1085718.12406698,3156318.21154148,14.4313344874348,0.272240867752569,"index",0.1,1
2015,1831625.1103193,1040221.10539045,3225132.1640825,14.4207141691706,0.288663630441821,"index",0.1,1
2016,1838235.7566329,1086679.01609202,3109575.73204633,14.4243168416987,0.268209016458041,"index",0.1,1
2017,1585709.32749099,908889.868527833,2766533.28237085,14.2765423904149,0.28396602474356,"index",0.1,1
2018,1978145.81266695,1198249.2825966,3265648.40305366,14.4976705056707,0.255769183164846,"index",0.1,1
2019,2807848.23044347,1206775.17595923,6533123.85129045,14.8479289936798,0.430858313939375,"index",0.1,1
2021,2433384.53594018,1417712.77502967,4176699.54312776,14.7047936593963,0.275636825215835,"index",0.1,1
2022,2034301.54913702,1131895.99885785,3656151.09250067,14.5256630988484,0.299116944876843,"index",0.1,1
2023,3634192.90423338,2027947.31968755,6512673.15327261,15.1058976096976,0.297639623701628,"index",0.1,1
2024,2218969.98613425,1262040.1390846,3901482.72378728,14.6125536759712,0.287920366350697,"index",0.1,1
2003,2112778.89608901,1141473.78650384,3910588.85148047,14.5635146513166,0.314130196046331,"index",0.1,10
2004,1557198.58817296,854870.195767357,2836532.9087549,14.2583989880734,0.305971984294733,"index",0.1,10
2005,2204599.34121782,1205501.70417842,4031730.7212854,14.6060563456897,0.307990330526202,"index",0.1,10
2006,1449795.85590897,850218.718831834,2472196.83271472,14.1869333154568,0.272292964578584,"index",0.1,10
2007,2083220.16974055,1234235.02624008,3516191.14945591,14.5494254130446,0.267078116228472,"index",0.1,10
2008,1118051.21828606,655787.657588631,1906163.54584563,13.9270977440683,0.272201645259974,"index",0.1,10
2009,1300551.43917991,751116.503830043,2251893.06496141,14.0782989164757,0.280098445937522,"index",0.1,10
2010,1491842.26701363,862177.617288972,2581362.94078998,14.2155223349974,0.279752974219447,"index",0.1,10
2011,1528038.22911214,887433.755856311,2631070.56072613,14.2394952674481,0.277253110504658,"index",0.1,10
2012,1428149.18540511,819577.350648464,2488612.08055531,14.1718898879971,0.283344914525613,"index",0.1,10
2013,1513107.63448991,854170.110626352,2680373.24775132,14.229676130022,0.291735199639818,"index",0.1,10
2014,1648277.58964441,952008.282935033,2853776.65428295,14.3152414155853,0.280062493809772,"index",0.1,10
2015,1552870.64495895,934954.324772519,2579171.17027286,14.25561580501,0.258863352819301,"index",0.1,10
2016,2101442.88498186,1254155.58467634,3521143.8299982,14.5581347548433,0.263352641028643,"index",0.1,10
2017,2939632.67897225,1707436.8243051,5061060.04290876,14.8937951923842,0.277194543302778,"index",0.1,10
2018,2175482.11930753,1315324.83614507,3598139.65445781,14.5927608619905,0.25672239346554,"index",0.1,10
2019,2776240.03925433,1458358.57020928,5285057.40152288,14.8366080663426,0.328468266344847,"index",0.1,10
2021,2535551.64222942,1515211.67302817,4242986.14170772,14.7459217816806,0.262686498530284,"index",0.1,10
2022,1459473.97634468,822851.428111564,2588637.77208946,14.1935866385895,0.292380729707484,"index",0.1,10
2023,3312040.07257415,1867709.61887724,5873294.933787,15.0130748936213,0.292276522799609,"index",0.1,10
2024,2937360.40741663,1738579.08356998,4962722.86063742,14.893021915426,0.267577976240666,"index",0.1,10
2003,1079834.68630033,650439.909563156,1792698.96049346,13.8923185191438,0.258634508716559,"index",0.1,2
2004,1203061.92972955,692771.27748651,2089229.23596926,14.0003804730412,0.281599713370853,"index",0.1,2
2005,1385556.37416806,840626.911575417,2283731.86673254,14.1416123311388,0.254958315212738,"index",0.1,2
2006,1614308.90396186,1021965.92428321,2549980.55755953,14.2944174998102,0.233258772311668,"index",0.1,2
2007,1210723.10476769,733902.565423264,1997336.57501647,14.0067283463228,0.255411219869927,"index",0.1,2
2008,759367.572843993,466889.531420824,1235065.4102956,13.5402412248463,0.248164389465386,"index",0.1,2
2009,1238632.93460595,774487.727863632,1980937.19434722,14.0295188573199,0.239576730770347,"index",0.1,2
2010,994469.172471154,617951.00247727,1600400.24375855,13.8099643787778,0.242759526833911,"index",0.1,2
2011,1042311.436769,646695.809270944,1679944.59782295,13.8569513402941,0.243535104124501,"index",0.1,2
2012,1249674.8688374,765322.095932572,2040562.11901317,14.0383939705152,0.25017903887635,"index",0.1,2
2013,1333928.36740854,768743.345329807,2314641.0309592,14.1036388064211,0.281192087805954,"index",0.1,2
2014,1232430.67339131,772203.14319341,1966950.50791232,14.0244989345472,0.238522750923618,"index",0.1,2
2015,1148280.63421466,711174.73535388,1854042.8243086,13.9537762808782,0.244444717390021,"index",0.1,2
2016,1127027.95536329,700651.587723866,1812872.52384127,13.9350945978281,0.24251903652766,"index",0.1,2
2017,1267865.18575633,765826.817745087,2099015.19769968,14.0528450879454,0.257215823992346,"index",0.1,2
2018,1281176.40671291,783882.322826656,2093953.31074558,14.0632892815561,0.25065516295195,"index",0.1,2
2019,1446192.08987297,794585.435752651,2632154.41248312,14.1844445151139,0.305550880869846,"index",0.1,2
2021,1469716.57837445,903202.82577362,2391563.39983605,14.200580136339,0.248411562529837,"index",0.1,2
2022,2254879.30145554,1346103.91024054,3777182.89461329,14.628607004633,0.263209948350035,"index",0.1,2
2023,2179035.09360023,1302524.81387984,3645376.95446882,14.5943927191666,0.262544424200612,"index",0.1,2
2024,2049411.648179,1266676.81483125,3315832.46374595,14.5330633090337,0.245492246349253,"index",0.1,2
2003,1202825.61828301,667242.406494654,2168311.62695217,14.0001840287415,0.300656209240513,"index",0.1,3
2004,2649907.9549924,1407666.91865529,4988404.62674221,14.790035463394,0.322756562939067,"index",0.1,3
2005,1240648.64930536,695229.764323521,2213957.38503933,14.0311449050884,0.295488714892525,"index",0.1,3
2006,2307614.40318789,1308570.46802396,4069390.50201971,14.6517248229765,0.289433364030765,"index",0.1,3
2007,1652289.20731999,972042.694552662,2808579.95222372,14.3176722827047,0.270677053238981,"index",0.1,3
2008,1235914.29038676,724346.656179921,2108775.0183564,14.0273215702481,0.272605114587698,"index",0.1,3
2009,1308727.73861439,758362.969862333,2258507.28725541,14.0845660313675,0.278397273418765,"index",0.1,3
2010,1593981.63735814,939466.577364683,2704489.46397019,14.2817456184153,0.269738679027,"index",0.1,3
2011,1356907.09098966,797963.087400464,2307370.95819321,14.1207184699953,0.270872758484995,"index",0.1,3
2012,1359534.86157548,786256.581532403,2350803.90199937,14.1226531856648,0.279400403392182,"index",0.1,3
2013,2204267.64209107,1202269.77996577,4041352.38108375,14.6059058765879,0.309283267401029,"index",0.1,3
2014,1521582.35719599,895011.09219973,2586797.96251444,14.2352613758033,0.270754967585991,"index",0.1,3
2015,1455658.99072183,864841.321832528,2450094.65179051,14.1909692706383,0.26565179188351,"index",0.1,3
2016,1612020.11451389,910607.69862402,2853708.41200226,14.2929986799571,0.291398835980174,"index",0.1,3
2017,2302382.23639398,1338726.2647329,3959707.15007985,14.6494548998292,0.276650863456591,"index",0.1,3
2018,1694478.04978471,1003364.91635006,2861626.72664195,14.3428853161446,0.267359754886682,"index",0.1,3
2019,2908286.10476803,1503646.01134058,5625079.30948851,14.8830744982046,0.336573076045697,"index",0.1,3
2021,2614806.31571327,1491302.06955081,4584726.46708887,14.7767005860892,0.286505477661431,"index",0.1,3
2022,2200363.4393137,1311469.61188446,3691735.76054995,14.6041331043726,0.264022298847032,"index",0.1,3
2023,2967158.62177109,1725226.72924854,5103114.934108,14.9031153598497,0.27666137085724,"index",0.1,3
2024,2438954.10436583,1453849.43503721,4091549.6335772,14.7070798596228,0.263961217774389,"index",0.1,3
2003,812468.851176074,452120.335384401,1460021.99518439,13.6078328554371,0.299051007034852,"index",0.1,4
2004,1274454.35081958,648289.837127103,2505413.16445859,14.0580286848321,0.344871403409396,"index",0.1,4
2005,1312750.70253819,732857.963635083,2351498.5065682,14.0876352666652,0.29741775012315,"index",0.1,4
2006,1320818.47696571,730202.331073722,2389148.01398774,14.0937621607132,0.302395975034531,"index",0.1,4
2007,884449.229478302,516108.406379257,1515670.79678592,13.6927203906839,0.274825600190854,"index",0.1,4
2008,973021.91199187,568453.180018729,1665522.64020253,13.7881618809473,0.274233431559381,"index",0.1,4
2009,1188939.17436511,673944.19303035,2097467.97280638,13.9885720173964,0.289632582570898,"index",0.1,4
2010,784811.189875783,441704.865991692,1394434.72593718,13.5731984453832,0.293271323292125,"index",0.1,4
2011,864316.482759931,499946.901637331,1494244.64862954,13.6696942802056,0.279309777875496,"index",0.1,4
2012,579881.650347854,318865.036027095,1054561.30468183,13.2705793105769,0.30513627169042,"index",0.1,4
2013,947240.78668862,505251.563892473,1775877.9429675,13.7613086024557,0.320667561683635,"index",0.1,4
2014,975751.442918351,576796.384014989,1650653.34101072,13.7909631638205,0.268228687914077,"index",0.1,4
2015,1388351.19138498,784838.605315763,2455943.19337106,14.1436274077746,0.291022710096387,"index",0.1,4
2016,1097461.054021,632197.509559776,1905133.67560016,13.9085099372162,0.281409659633648,"index",0.1,4
2017,1189088.55322091,688842.619477518,2052619.20128208,13.9886976499568,0.278540600293749,"index",0.1,4
2018,1549285.21688625,893448.668602581,2686538.98943797,14.2533042321369,0.280852135217184,"index",0.1,4
2019,705077.474546737,347614.947026083,1430129.08209584,13.4660629687307,0.360829230643944,"index",0.1,4
2021,1565722.94783818,817310.56143628,2999457.56858816,14.2638582227919,0.331681501369125,"index",0.1,4
2022,1127771.62099872,617579.58329863,2059441.18543678,13.935754226888,0.307245955855406,"index",0.1,4
2023,1459241.30546236,819953.645557557,2596958.00988791,14.1934272048248,0.29409934138425,"index",0.1,4
2024,1327325.62132224,735028.457283544,2396904.89199499,14.0986766647673,0.30154236230413,"index",0.1,4
2003,1165490.40661354,650531.773194128,2088088.45913639,13.9686525062903,0.297509082250117,"index",0.1,5
2004,1318306.61692947,649681.732005956,2675051.87636105,14.0918586050231,0.361037616872011,"index",0.1,5
2005,1184651.37848412,682534.913155674,2056156.92544689,13.9849590938954,0.281326666563738,"index",0.1,5
2006,1526861.24552304,920115.802822885,2533708.5353037,14.2387247127001,0.258407757978006,"index",0.1,5
2007,966457.567208569,547053.527004671,1707401.89598801,13.781392673106,0.290357754220971,"index",0.1,5
2008,1029281.19537584,617361.679696425,1716043.95607332,13.8443712480151,0.260801183157566,"index",0.1,5
2009,965503.564395436,571101.847873531,1632278.26408071,13.7804050726051,0.267904020920782,"index",0.1,5
2010,1407583.28264491,814697.836198997,2431933.17761246,14.1573848078635,0.27899096199201,"index",0.1,5
2011,975699.061984483,586461.293485856,1623276.19935306,13.7909094797186,0.25972290031735,"index",0.1,5
2012,1208058.88952818,700218.8139564,2084214.60760542,14.0045254058981,0.278258811720337,"index",0.1,5
2013,2081924.59831462,1089353.79125977,3978881.85440195,14.548803311514,0.330469381212745,"index",0.1,5
2014,1109075.19257147,645056.344960769,1906884.24722377,13.9190370661724,0.276507181742286,"index",0.1,5
2015,1052761.02118491,613804.535798586,1805633.06897749,13.8669268149173,0.27525761102301,"index",0.1,5
2016,1067746.67455354,656771.778343838,1735889.08447781,13.8810610742559,0.247948028794817,"index",0.1,5
2017,1242288.89642485,755227.446191977,2043466.12396311,14.0324661202441,0.253929096693583,"index",0.1,5
2018,1236894.45484906,762475.527716081,2006500.97848915,14.0281143242494,0.246835470404232,"index",0.1,5
2019,983130.234320075,485208.874499397,1992018.50673374,13.7984968769459,0.360293421836704,"index",0.1,5
2021,1785173.10734353,1038072.84167195,3069960.88834166,14.3950259473977,0.276611935937143,"index",0.1,5
2022,1862681.80516043,1072320.19677391,3235585.33888854,14.4375278379809,0.281736080510922,"index",0.1,5
2023,1864321.03278459,1037584.99182803,3349791.04425894,14.4384074872869,0.29898561623744,"index",0.1,5
2024,1496186.30565631,858397.289560079,2607852.43436721,14.2184299656291,0.283478501271903,"index",0.1,5
2003,1349028.74934316,815515.207486829,2231569.13549494,14.1148954465589,0.256800686955061,"index",0.1,6
2004,803852.232351229,383046.218804093,1686946.32588591,13.5971707406616,0.378200727104082,"index",0.1,6
2005,1002947.61491447,608692.915008546,1652563.86834814,13.8184538371798,0.254792774892947,"index",0.1,6
2006,920491.300658553,571483.473672189,1482639.96007363,13.7326628289409,0.243204461082425,"index",0.1,6
2007,1491945.90130897,923659.521276039,2409873.46653185,14.2155917999122,0.244643781439218,"index",0.1,6
2008,900895.242651273,561401.17208722,1445690.31663083,13.7111442619632,0.241307103085907,"index",0.1,6
2009,911600.913822192,563811.245263023,1473926.30612357,13.7229575787908,0.245148778056695,"index",0.1,6
2010,730751.694061215,457282.024226991,1167765.20851881,13.5018290012208,0.239174497356116,"index",0.1,6
2011,826222.183385282,499214.838940778,1367433.50371226,13.6246190034818,0.257059408447353,"index",0.1,6
2012,951916.836540283,582219.533328078,1556364.24375726,13.7662329533824,0.250836289156114,"index",0.1,6
2013,1024638.06391848,609439.142774615,1722703.85727238,13.839849999825,0.265084271338931,"index",0.1,6
2014,847613.564804491,519497.638095176,1382968.28042354,13.6501801090289,0.249781409186956,"index",0.1,6
2015,988123.093775407,594715.140103313,1641772.98106563,13.803562557811,0.259047996829156,"index",0.1,6
2016,1007593.1908322,610830.525410196,1662071.55009099,13.8230750656293,0.255361956844983,"index",0.1,6
2017,1445445.8577439,885764.15320848,2358769.7922759,14.1839283840082,0.249862949771709,"index",0.1,6
2018,989499.34732958,622300.684655293,1573369.56636648,13.8049543844284,0.236624610109432,"index",0.1,6
2019,963678.284717765,506316.197563256,1834181.56659021,13.7785127883467,0.328371410877988,"index",0.1,6
2021,1576430.1397549,975543.696316516,2547432.77508847,14.2706734434775,0.244863280885413,"index",0.1,6
2022,1526059.58759839,931654.376793547,2499701.52334403,14.2381995382938,0.25178133764046,"index",0.1,6
2023,1312409.52258217,774622.585598793,2223558.65551339,14.0873753358963,0.269007051486725,"index",0.1,6
2024,1254544.70998822,754115.922312703,2087056.35671064,14.0422832838412,0.2596894175418,"index",0.1,6
2003,926481.744083814,565137.195977922,1518867.32678293,13.7391496203405,0.252211682892441,"index",0.1,7
2004,948691.609305148,520862.273936539,1727934.26324374,13.7628390609286,0.305923031912397,"index",0.1,7
2005,1228797.80545214,728834.874414263,2071723.10174849,14.0215468554463,0.266507131739523,"index",0.1,7
2006,1592793.64097139,949150.859844831,2672906.58424272,14.2810000393657,0.264125775432802,"index",0.1,7
2007,930982.192252281,559755.358516217,1548404.72557219,13.7439954285277,0.259566157884918,"index",0.1,7
2008,1322961.21048744,806295.070093818,2170702.05359279,14.0953831233078,0.252646518401581,"index",0.1,7
2009,975182.069316326,600124.098766004,1584639.02761364,13.790379470307,0.24770237108852,"index",0.1,7
2010,815874.152912859,496107.205266285,1341747.56247289,13.6120153976809,0.253814906601799,"index",0.1,7
2011,1006873.11397655,580611.221959643,1746079.6989544,13.8223601597661,0.280884498649492,"index",0.1,7
2012,1878443.4462774,1112463.79238291,3171833.37113769,14.4459540377551,0.26728363151926,"index",0.1,7
2013,818389.869010508,470724.403549445,1422832.49529613,13.6150941145235,0.282181737833646,"index",0.1,7
2014,977395.400730642,592171.695337519,1613217.54634848,13.7926465581908,0.255665238962896,"index",0.1,7
2015,1175375.77730249,726359.639206587,1901961.70505629,13.9770984649021,0.245564677075323,"index",0.1,7
2016,1739368.97626126,1038676.31501871,2912749.9990463,14.3690329480935,0.263053436557012,"index",0.1,7
2017,2048853.36316779,1236992.493453,3393553.41764929,14.5327908595883,0.257452320838901,"index",0.1,7
2018,1655810.065105,1010689.89626058,2712708.40031843,14.3198009123645,0.251870542019918,"index",0.1,7
2019,1749122.46712587,910332.945566474,3360780.71205113,14.3746247727763,0.333199534328837,"index",0.1,7
2021,1393059.59301804,860397.642562942,2255486.22369408,14.1470130321901,0.245853035846817,"index",0.1,7
2022,2780973.91800389,1622491.44993028,4766629.69962046,14.8383117545327,0.274922550069856,"index",0.1,7
2023,1801044.02270006,1086022.44235118,2986825.54356893,14.4038770673352,0.258088733728967,"index",0.1,7
2024,1445158.32777669,855799.255713396,2440388.41866176,14.183729442922,0.26732038638832,"index",0.1,7
2003,978192.204205097,560008.90588722,1708651.37734136,13.793461457525,0.284573337045754,"index",0.1,8
2004,907011.198515136,493663.774524981,1666456.71950198,13.7179100757853,0.310362912027829,"index",0.1,8
2005,839163.944905779,514742.902731763,1368054.0764965,13.6401613714923,0.249360977216359,"index",0.1,8
2006,979862.916893205,610649.078768205,1572312.75586173,13.7951679601413,0.241274957030762,"index",0.1,8
2007,1191043.55848992,733767.94005184,1933288.00672336,13.9903404207081,0.24714348063955,"index",0.1,8
2008,1172262.15075952,722338.983026084,1902428.89058325,13.9744459022293,0.247043360378359,"index",0.1,8
2009,643946.242676466,400197.200698052,1036156.08188625,13.3753705274975,0.242687021240992,"index",0.1,8
2010,917512.983147928,577730.022586603,1457134.02685217,13.7294220093807,0.236004367144158,"index",0.1,8
2011,861126.435733257,541446.303125523,1369551.76171321,13.6659966201704,0.236737739329505,"index",0.1,8
2012,803893.760580874,503674.155377749,1283062.0181736,13.597222400849,0.238543964926575,"index",0.1,8
2013,1345268.93475914,843468.753245427,2145602.31172122,14.1121045025242,0.238181094189048,"index",0.1,8
2014,1058533.71118892,652026.722948898,1718478.05969635,13.8723952171264,0.247226170869285,"index",0.1,8
2015,1128444.98955405,697842.883597476,1824748.98631215,13.9363511275332,0.24520953958844,"index",0.1,8
2016,796916.383929983,509732.481261958,1245900.04820522,13.5885050387553,0.227995882448602,"index",0.1,8
2017,1078117.25926251,695508.010171043,1671205.51844378,13.8907267993616,0.223641350249046,"index",0.1,8
2018,1527200.84004456,996868.033506005,2339670.17442611,14.2389471014489,0.217643501725162,"index",0.1,8
2019,1521339.00753611,785536.363660016,2946359.30673819,14.2351014310455,0.33724058554418,"index",0.1,8
2021,1766790.87820658,1094405.4675442,2852279.25105179,14.3846753958015,0.244368558714838,"index",0.1,8
2022,1495788.57669962,915038.791884693,2445124.16962868,14.2181641017936,0.250740506870859,"index",0.1,8
2023,2020166.05276691,1232141.4968521,3312177.12509338,14.5186902703388,0.252262799937724,"index",0.1,8
2024,1408564.50509449,846942.601379597,2342607.35235212,14.1580816622641,0.259542247666254,"index",0.1,8
2003,969294.842673731,607094.438267171,1547588.69924026,13.7843241197957,0.238720957914293,"index",0.1,9
2004,1045949.38535691,606208.040556355,1804677.67422627,13.8604355336761,0.278299514987742,"index",0.1,9
2005,946617.10023433,590863.445477118,1516566.88413424,13.7606499611911,0.240468575923091,"index",0.1,9
2006,617390.609002087,391977.818856671,972430.443119907,13.3332571803775,0.231788263120439,"index",0.1,9
2007,803416.246741116,530514.391658928,1216701.51776498,13.5966282231837,0.211751777741133,"index",0.1,9
2008,608578.413846822,388553.11410624,953197.05943483,13.3188810472764,0.228930682157642,"index",0.1,9
2009,719792.911960333,447861.683318671,1156834.476817,13.4867188273437,0.24208562501774,"index",0.1,9
2010,664464.061611915,430200.132342449,1026295.56799473,13.4067360723199,0.22180523331203,"index",0.1,9
2011,720954.273807793,457859.565909316,1135228.14334881,13.4883309937397,0.231643645442293,"index",0.1,9
2012,934777.967770282,587836.529392053,1486484.43119458,13.7480643124456,0.236667683240077,"index",0.1,9
2013,857218.090358978,509268.423332723,1442898.91297385,13.6614476463707,0.265676889810009,"index",0.1,9
2014,874733.007552538,548248.298670948,1395641.05599012,13.6816739845512,0.238366839982951,"index",0.1,9
2015,910536.600511604,590221.545175544,1404687.62560107,13.7217893755973,0.221195967538269,"index",0.1,9
2016,1165533.49224058,715427.952153597,1898819.1856989,13.9686894734162,0.249011359473717,"index",0.1,9
2017,1098017.93928569,687764.372590128,1752989.02217446,13.9090172390654,0.238685846373018,"index",0.1,9
2018,942777.201692075,607816.634057614,1462330.58167027,13.7565852682626,0.223961636532517,"index",0.1,9
2019,628525.781759439,357115.077822548,1106211.08675958,13.3511323272681,0.288433346768693,"index",0.1,9
2021,1080625.53738345,690206.655641779,1691886.83200896,13.8930506327091,0.228730886681141,"index",0.1,9
2022,1273256.05293081,791276.489161595,2048817.32053315,14.0570879986573,0.242701025588148,"index",0.1,9
2023,1715035.55560146,1032934.96650531,2847562.57882195,14.3549443704964,0.258693314940588,"index",0.1,9
2024,1470259.2613819,919242.951131301,2351567.98648161,14.2009493114909,0.239618474689422,"index",0.1,9
2003,1521758.53944535,991598.142980185,2335370.50141602,14.2353771579359,0.218526439732448,"index",0.2,1
2004,2284108.80707644,1455053.84512162,3585539.50429791,14.6414864874484,0.230072096296604,"index",0.2,1
2005,1353247.33755862,898636.845348674,2037840.27562207,14.1180176972149,0.208872929608735,"index",0.2,1
2006,1309756.35132748,892860.377230665,1921310.14388099,14.0853516865257,0.195496547078948,"index",0.2,1
2007,1455561.96730806,993386.434872396,2132765.82636831,14.1909026158463,0.194915617097947,"index",0.2,1
2008,1492350.36404703,1013180.63759769,2198136.76498191,14.2158628606277,0.197584127516447,"index",0.2,1
2009,1432113.5945938,992946.741917544,2065517.97920163,14.1746619491903,0.18685529122327,"index",0.2,1
2010,1075977.23770028,739288.023434364,1566002.66655329,13.8887398649265,0.191481576368314,"index",0.2,1
2011,1160416.07191961,791700.798046116,1700851.46218445,13.9642891814606,0.195080300098221,"index",0.2,1
2012,1732366.93267253,1197187.06987688,2506788.84272101,14.3649992005582,0.188530987749687,"index",0.2,1
2013,1685234.21561401,1115337.87772801,2546326.47037988,14.3374151124733,0.210589158476546,"index",0.2,1
2014,1420623.94825045,975706.202301936,2068422.23364095,14.1666067332458,0.191682060671474,"index",0.2,1
2015,1365158.55950079,929212.120503146,2005632.35396579,14.1267811406615,0.196273411084492,"index",0.2,1
2016,1694791.96493932,1170740.7772009,2453420.82582126,14.3430705567151,0.188739849457812,"index",0.2,1
2017,1758069.92065649,1192484.96112283,2591906.77172719,14.3797271292785,0.198053250923494,"index",0.2,1
2018,1557073.0721712,1085504.78275609,2233501.49220431,14.2583183811029,0.184065987751877,"index",0.2,1
2019,1670290.0854372,963360.756304584,2895975.31480487,14.3285078731628,0.280783034655828,"index",0.2,1
2021,1939719.45847596,1322362.64465856,2845294.8159026,14.4780539115496,0.195474680975008,"index",0.2,1
2022,1787008.30710666,1199729.57911136,2661765.40552878,14.3960534427635,0.203292870320053,"index",0.2,1
2023,2388776.02166484,1612855.79044371,3537979.59835645,14.6862916679006,0.200398947352515,"index",0.2,1
2024,1932925.85872451,1319781.72374406,2830924.46887865,14.4745454019063,0.194681374161476,"index",0.2,1
2003,1672316.87831312,1111794.66931644,2515431.86765808,14.3297205751922,0.208286729534244,"index",0.2,10
2004,1646243.20741973,1073302.98324992,2525024.84412134,14.3140064059383,0.218246384798359,"index",0.2,10
2005,2076840.23616311,1384835.36131693,3114641.2685796,14.5463581794198,0.206772351315708,"index",0.2,10
2006,1405436.64984589,965442.724021574,2045954.8014429,14.1558585952755,0.191593591389877,"index",0.2,10
2007,1497862.99553032,1037878.94104889,2161710.25795327,14.2195499806193,0.18717704750039,"index",0.2,10
2008,1247793.39088234,853619.221076689,1823984.63845013,14.0368872620286,0.193700888712543,"index",0.2,10
2009,1167906.61401982,813865.309999808,1675960.18937282,13.9707234854237,0.184275488636398,"index",0.2,10
2010,1202383.72937596,843790.264970134,1713372.02227525,13.9998165855396,0.180695842809755,"index",0.2,10
2011,1404638.03494856,973815.587126207,2026059.17928118,14.1552902011875,0.18689780780558,"index",0.2,10
2012,1133939.10732604,777732.47602155,1653290.73783945,13.9412080645847,0.192386280914909,"index",0.2,10
2013,1519626.22324083,1018320.69075755,2267717.70358833,14.2339749568201,0.204243298909082,"index",0.2,10
2014,1355457.51908402,950990.886488813,1931948.15233703,14.1196496077647,0.180814470143685,"index",0.2,10
2015,1317376.54449732,928927.463222864,1868263.1623039,14.0911528506408,0.178251702144051,"index",0.2,10
2016,2041007.53287733,1421477.76252295,2930550.06493267,14.5289541325629,0.184567966113446,"index",0.2,10
2017,2198815.75615633,1535574.29302386,3148522.83701664,14.6034294807408,0.183174018643286,"index",0.2,10
2018,1988765.7894381,1407671.61600112,2809738.66367722,14.5030247979807,0.176318156598821,"index",0.2,10
2019,1842351.69528033,1164139.82728496,2915680.4788807,14.4265534087777,0.234218784531946,"index",0.2,10
2021,2426680.5377206,1685494.650522,3493798.35191299,14.7020348475821,0.185955053576657,"index",0.2,10
2022,1892298.57034002,1297257.55905714,2760279.83364647,14.4533028228774,0.192625885810521,"index",0.2,10
2023,2408678.35894641,1650494.61749523,3515147.14156499,14.6945887562638,0.19286231283394,"index",0.2,10
2024,2506937.33485875,1744853.06711529,3601870.50666625,14.7345723807605,0.184897006155087,"index",0.2,10
2003,1205233.10465452,828937.741733523,1752347.32769849,14.0021835540443,0.190964337172243,"index",0.2,2
2004,1277583.13181928,840067.802852089,1942960.61956863,14.0604806727739,0.213903311916851,"index",0.2,2
2005,1362746.3078979,942438.106493853,1970503.40695394,14.1250125656203,0.188160110024364,"index",0.2,2
2006,1705886.62462076,1199897.2556671,2425248.63051054,14.3495955479794,0.179518123771446,"index",0.2,2
2007,1396148.6153783,973006.992308564,2003306.21632841,14.1492280146456,0.184228623592929,"index",0.2,2
2008,1059921.9419473,741916.020526376,1514234.08032662,13.8737058237044,0.182000531977872,"index",0.2,2
2009,1211986.98521171,850978.106426834,1726145.99744567,14.0077717072796,0.18042679851384,"index",0.2,2
2010,1191086.26975301,835968.033409414,1697058.31478767,13.9903762804354,0.180631189879383,"index",0.2,2
2011,1172342.23830194,816193.983029367,1683896.66217052,13.9745142186949,0.184751807459787,"index",0.2,2
2012,1341065.54284983,932248.068213937,1929161.1873916,14.1089750371692,0.185524231146327,"index",0.2,2
2013,1574282.6885938,1052413.52159533,2354935.51987932,14.269310290686,0.205469905291444,"index",0.2,2
2014,1182899.06028158,820070.857500491,1706255.22662742,13.9834788141144,0.18690791765094,"index",0.2,2
2015,1360885.7456237,946982.857977723,1955695.39304727,14.123646329266,0.185008531543489,"index",0.2,2
2016,1710758.88402231,1217547.36612051,2403763.53372324,14.3524476218583,0.17352287437306,"index",0.2,2
2017,1535905.79987278,1067716.95335803,2209393.24664992,14.2446308626013,0.18551240075736,"index",0.2,2
2018,1581329.01924262,1108967.51570432,2254891.53801827,14.2737762028529,0.181042218769493,"index",0.2,2
2019,1546660.92822389,1001845.06096556,2387754.47431849,14.2516089253274,0.221562748018376,"index",0.2,2
2021,1888797.26587639,1295065.60866565,2754729.24901303,14.4514508172071,0.192543794319211,"index",0.2,2
2022,2113082.6025942,1449070.90683361,3081366.18044668,14.5636583884012,0.192465390312414,"index",0.2,2
2023,2099040.91660293,1442271.88362642,3054883.63157644,14.556991091992,0.191463195085919,"index",0.2,2
2024,1966748.73477853,1368939.70443244,2825617.93863422,14.4918923488856,0.18487344255038,"index",0.2,2
2003,1282683.17737026,886189.618460138,1856573.46829175,14.0644646741869,0.188665941871391,"index",0.2,3
2004,1908195.91117699,1234546.83751958,2949431.74675207,14.4616688045332,0.22217463200486,"index",0.2,3
2005,1241358.79283973,864815.39389313,1781850.39656096,14.0317171383071,0.184414507350879,"index",0.2,3
2006,2094241.74319042,1446727.07393439,3031565.91035093,14.554702109399,0.188721700808804,"index",0.2,3
2007,1466885.12290479,1036301.99869689,2076375.38719907,14.1986517465639,0.17729028974448,"index",0.2,3
2008,1175920.68079343,826327.851390477,1673415.03156508,13.9775619568611,0.18001099580111,"index",0.2,3
2009,1352379.32038973,957922.273852134,1909267.45952262,14.1173760586532,0.175949222270379,"index",0.2,3
2010,1123507.21111482,794021.085693381,1589716.54049303,13.9319657890247,0.177095342361907,"index",0.2,3
2011,1270001.19443197,902263.124174166,1787619.36584177,14.0545283989319,0.174425108409489,"index",0.2,3
2012,1242435.86459159,869460.824303791,1775407.0505241,14.0325844175857,0.182123683939958,"index",0.2,3
2013,1725529.45394354,1153504.75442586,2581222.04091708,14.3610444911766,0.205477761850168,"index",0.2,3
2014,1178316.39131523,826479.687075107,1679931.81170097,13.979597190591,0.180955657598311,"index",0.2,3
2015,1384348.07666917,984152.749905532,1947278.60848997,14.1407398840223,0.174086610306593,"index",0.2,3
2016,1541463.76749358,1088227.09352941,2183469.38853466,14.2482430213247,0.177647453617964,"index",0.2,3
2017,1713151.44361243,1201968.03429732,2441735.37482392,14.353845181812,0.180806578409726,"index",0.2,3
2018,1663662.75226544,1181073.02830812,2343439.97952458,14.324532206905,0.174798251573124,"index",0.2,3
2019,1938488.81654314,1219526.17612213,3081310.5658886,14.4774192669473,0.236456541834641,"index",0.2,3
2021,2287678.1372164,1596922.83103129,3277222.39159055,14.6430479472927,0.183400738639163,"index",0.2,3
2022,1863942.84886913,1305872.48893336,2660507.03517628,14.4382046132797,0.18154551147272,"index",0.2,3
2023,2120056.71688715,1462795.16444447,3072638.32426277,14.566953399539,0.18933701991409,"index",0.2,3
2024,2421240.80755934,1709536.97967074,3429236.75703097,14.699790697128,0.1775836597929,"index",0.2,3
2003,1043445.27616033,714131.25072609,1524618.95937797,13.8580385615371,0.193481367797524,"index",0.2,4
2004,1024240.66464475,663356.527505445,1581455.66616636,13.8394620810349,0.221633770289389,"index",0.2,4
2005,1440887.56638163,999631.870109327,2076921.55585848,14.1807698472198,0.186548064049454,"index",0.2,4
2006,1442275.45748054,1007633.27730131,2064400.35488097,14.1817326031892,0.182971603968909,"index",0.2,4
2007,1235933.27639285,879322.640592167,1737167.89853888,14.0273369320417,0.173691849066609,"index",0.2,4
2008,1167792.15637062,811732.928727957,1680033.50882639,13.9706254782228,0.185564031562073,"index",0.2,4
2009,1532597.60403393,1071854.96101443,2191392.9601702,14.242474634183,0.182438719846529,"index",0.2,4
2010,1120411.12666801,774480.926817763,1620854.75483485,13.929206253297,0.188400370680073,"index",0.2,4
2011,1017448.99652999,714140.971573029,1449577.18678379,13.8328090687821,0.180601996038234,"index",0.2,4
2012,1071860.47239653,742746.883931012,1546805.37494227,13.8849064557953,0.187144182589998,"index",0.2,4
2013,901843.20756996,628565.666327018,1293931.90657813,13.7121959564072,0.184187146636687,"index",0.2,4
2014,1065074.99068086,746481.013318256,1519643.11956343,13.8785557684316,0.181345325662178,"index",0.2,4
2015,1349787.17743791,943046.806823307,1931956.51710336,14.1154574916448,0.182955553270209,"index",0.2,4
2016,1503042.15678498,1060268.04241277,2130721.32206483,14.2230017167682,0.178048890284798,"index",0.2,4
2017,1593422.08717272,1108348.83099428,2290789.57534712,14.2813945174946,0.185213909132937,"index",0.2,4
2018,1958161.09661326,1375923.66229886,2786778.79111637,14.4875163747929,0.180044408785273,"index",0.2,4
2019,1094722.23147321,668992.488504749,1791375.51568067,13.9060112191656,0.251271509042,"index",0.2,4
2021,1619571.07842106,1110040.38538858,2362986.52966554,14.297671905745,0.192740760985991,"index",0.2,4
2022,1859735.16861727,1272006.24554815,2719023.51855312,14.4359446530882,0.193798826504996,"index",0.2,4
2023,1954863.62309731,1349540.27829908,2831698.94693743,14.4858309909619,0.189062878735806,"index",0.2,4
2024,1648602.6827468,1154596.51733288,2353974.53981438,14.3154386281478,0.18172636114424,"index",0.2,4
2003,1151301.29503466,769790.773565443,1721889.52825349,13.9564034215067,0.205375910178686,"index",0.2,5
2004,1123681.83908788,701567.893235639,1799770.04032,13.9321212080566,0.240335156659065,"index",0.2,5
2005,1322346.61372908,891193.887205471,1962087.70273761,14.0949184539308,0.201330824429412,"index",0.2,5
2006,1569859.89148614,1099579.44959926,2241275.13459354,14.2664969322506,0.181665882097363,"index",0.2,5
2007,1230545.95056919,846808.476551319,1788176.87634526,14.0229684911223,0.190686495149466,"index",0.2,5
2008,1252171.43671272,886197.765170701,1769281.49510417,14.0403897515498,0.176377902014372,"index",0.2,5
2009,1206672.99866386,827297.764757435,1760018.92877269,14.0033775426316,0.192583936381872,"index",0.2,5
2010,1169677.9466521,818400.069934861,1671733.11580137,13.9722390096114,0.182213771965073,"index",0.2,5
2011,901556.042801636,627439.424297334,1295429.11528455,13.7118774858626,0.184939661329389,"index",0.2,5
2012,1174168.80338989,803643.526853805,1715527.26151037,13.9760710538637,0.193452523399842,"index",0.2,5
2013,1808820.49773384,1159866.91969801,2820868.09913843,14.4081855321096,0.226723400792968,"index",0.2,5
2014,1263351.80603931,870934.791392933,1832580.12149237,14.0492789104783,0.189777223841281,"index",0.2,5
2015,1427044.23673087,989786.361729062,2057469.50284231,14.1711158957899,0.186672559335628,"index",0.2,5
2016,1335244.52146714,937727.053475554,1901275.99017221,14.104624995192,0.180314944612454,"index",0.2,5
2017,1585914.83537186,1135840.09003658,2214330.94950149,14.2766719819873,0.170303578064817,"index",0.2,5
2018,1835721.44688345,1315599.45872297,2561473.56112395,14.4229481212686,0.169975133231643,"index",0.2,5
2019,1374773.51670212,868255.733614825,2176780.58324688,14.1337995603901,0.234472668776269,"index",0.2,5
2021,1889359.79601199,1322897.04503066,2698381.14174918,14.4517485973843,0.181847207118816,"index",0.2,5
2022,1865206.40975992,1269903.24142967,2739574.82547475,14.4388822804105,0.196141875953399,"index",0.2,5
2023,2443498.08165917,1643451.12581182,3633015.17233906,14.7089412106129,0.202367125093401,"index",0.2,5
2024,1996924.71185444,1364192.60152312,2923127.0572518,14.5071189110636,0.194414592915594,"index",0.2,5
2003,1099290.88516945,764021.685136546,1581683.44397275,13.9101758800466,0.185628119436869,"index",0.2,6
2004,1173815.3541036,751574.594297154,1833274.42942356,13.975769987702,0.227475732935827,"index",0.2,6
2005,1073123.14196638,763998.289494685,1507324.41899244,13.8860837792091,0.173351629225967,"index",0.2,6
2006,1183017.67760147,855807.707784583,1635333.27964588,13.9835790858763,0.16519594185423,"index",0.2,6
2007,1387155.10973369,1007111.07992848,1910612.77828156,14.1427655241429,0.163354558184252,"index",0.2,6
2008,1029210.6589008,747107.722753193,1417833.79843999,13.8443027158274,0.163440786396985,"index",0.2,6
2009,938849.560344012,681212.954455729,1293925.03649962,13.7524105327288,0.163666419668241,"index",0.2,6
2010,719644.122424423,522652.068296397,990884.17391725,13.4865120943879,0.163187097636366,"index",0.2,6
2011,934056.671705096,672034.784300402,1298239.14823851,13.747292391714,0.167976051495579,"index",0.2,6
2012,1026659.42230241,735555.198046077,1432971.41017048,13.8418208100578,0.170125547281049,"index",0.2,6
2013,1108813.49852812,775412.430613916,1585565.72731852,13.9188010813409,0.182478223499968,"index",0.2,6
2014,944924.381485536,679547.647422234,1313935.9544733,13.7588601836821,0.168205923613525,"index",0.2,6
2015,1060362.90598578,757264.500955924,1484777.76387414,13.8741217716325,0.171765346754223,"index",0.2,6
2016,1069800.03377045,774267.592255851,1478135.10949205,13.8829823046464,0.164956850200093,"index",0.2,6
2017,1211434.96008072,861071.802462582,1704358.05505261,14.0073161323504,0.174178179213978,"index",0.2,6
2018,1259254.4909434,919679.49395204,1724211.40559192,14.0460304299652,0.160334536886828,"index",0.2,6
2019,1061491.46943127,663143.170332207,1699126.50855002,13.875185523759,0.240024479239559,"index",0.2,6
2021,1625069.7374445,1171591.27098864,2254072.48837683,14.3010612881756,0.166935641345046,"index",0.2,6
2022,1608967.93297859,1159884.95096547,2231926.370972,14.2911034959926,0.166978638695591,"index",0.2,6
2023,1561870.05804939,1103914.69222895,2209806.69557507,14.2613944164523,0.177054878501719,"index",0.2,6
2024,1365234.10626074,977895.772092165,1905994.70627621,14.1268364783138,0.170247060716923,"index",0.2,6
2003,938646.546719942,650369.922208223,1354701.85441201,13.7521942727599,0.187196134508006,"index",0.2,7
2004,1379585.92692713,906647.344615421,2099225.61520623,14.1372939591571,0.214180017682621,"index",0.2,7
2005,1347926.47471074,932701.748342987,1948002.97571435,14.1140780249837,0.187879608338971,"index",0.2,7
2006,1443024.60609305,987065.57517323,2109606.56127083,14.1822518896502,0.193758731057487,"index",0.2,7
2007,1185468.02006179,835328.215834601,1682373.94589276,13.9856482082164,0.178609510951088,"index",0.2,7
2008,1548731.70935931,1093499.07790868,2193481.41761792,14.2529469019183,0.177581643750968,"index",0.2,7
2009,1057462.07905874,738804.803146337,1513560.88087823,13.8713823302135,0.182959128063092,"index",0.2,7
2010,1198711.14163345,841698.325307621,1707153.68900255,13.9967574889159,0.180401551335583,"index",0.2,7
2011,1287292.4147548,895749.258225473,1849983.96132428,14.0680516672625,0.185021695837497,"index",0.2,7
2012,1541324.27489974,1070563.99817079,2219092.48251801,14.2481525236376,0.185950536769577,"index",0.2,7
2013,1153657.20416304,772311.686791344,1723300.27821638,13.9584476318034,0.204750775052848,"index",0.2,7
2014,1157437.68746137,808146.759712146,1657696.43230778,13.9617192297668,0.183279018534641,"index",0.2,7
2015,1515133.14926944,1068377.7525841,2148704.85131561,14.2310138803703,0.178249164902892,"index",0.2,7
2016,1785994.51470993,1249050.85481485,2553760.23664527,14.3954859691428,0.182447977238164,"index",0.2,7
2017,1756702.99267095,1246115.69896905,2476499.90046046,14.3789493105754,0.17521111762772,"index",0.2,7
2018,1589697.28533352,1118023.45461102,2260361.75589537,14.2790541694879,0.179585574381741,"index",0.2,7
2019,2047038.67520636,1289956.25550647,3248456.93015021,14.5319047580684,0.235609376707006,"index",0.2,7
2021,1953246.45179159,1377848.35146104,2768934.40224458,14.4850033932909,0.178049046452741,"index",0.2,7
2022,2388364.37289721,1633858.18937617,3491297.1118397,14.6861193268201,0.193709969461912,"index",0.2,7
2023,2119045.8002682,1473370.51734723,3047675.41549502,14.5664764511123,0.185418329567818,"index",0.2,7
2024,1828153.67580569,1288544.88957462,2593736.4614943,14.4188170951901,0.178469069254158,"index",0.2,7
2003,1537513.96808672,1140807.45187057,2072171.94995145,14.245677363556,0.152263258480532,"index",0.4,1
2004,1810304.97235694,1314898.12461136,2492363.50071524,14.4090058820635,0.163133677848727,"index",0.4,1
2005,1610429.63137402,1203935.65995837,2154171.26002992,14.2920115531471,0.148423690736945,"index",0.4,1
2006,1465441.03864662,1107503.37545834,1939061.75397519,14.1976668053975,0.142884246288086,"index",0.4,1
2007,1429615.75763194,1095759.27982909,1865191.79174859,14.1729162651728,0.135695441394006,"index",0.4,1
2008,1452786.77143867,1103609.35299259,1912442.47572209,14.1889941812251,0.140256447118365,"index",0.4,1
2009,1227014.73053296,939019.468182821,1603337.5238305,14.0200947289453,0.13648375183974,"index",0.4,1
2010,1109041.01606477,846945.593872865,1452244.37580415,13.9190062503779,0.137560952573505,"index",0.4,1
2011,1135911.25647789,866493.393081149,1489098.92781184,13.9429457559141,0.13813314671859,"index",0.4,1
2012,1510675.96789218,1153042.9879165,1979233.99550845,14.2280677694766,0.137835536528128,"index",0.4,1
2013,1663460.0629834,1237589.05269673,2235879.00612984,14.3244103663277,0.15088778980092,"index",0.4,1
2014,1244066.88561062,951522.393285846,1626553.85390173,14.0338963174039,0.136776909860239,"index",0.4,1
2015,1380376.58394715,1059970.34772203,1797634.7334664,14.1378669068247,0.134755238901437,"index",0.4,1
2016,1851397.82580372,1425678.24490371,2404240.87387422,14.431451493262,0.133315344330773,"index",0.4,1
2017,1622904.00730687,1245478.4133646,2114703.38519763,14.2997276995269,0.135052184521293,"index",0.4,1
2018,1905767.91894013,1468398.98701797,2473409.06182262,14.4603955923723,0.133018950184021,"index",0.4,1
2019,1539594.92865691,1067739.44102643,2219972.82601775,14.2470299064508,0.186725679490526,"index",0.4,1
2021,2010218.76425672,1536311.97030779,2630311.78450052,14.5137541120515,0.137175395280986,"index",0.4,1
2022,1911137.33737122,1450946.44614038,2517285.13620204,14.4632090873964,0.14055486051095,"index",0.4,1
2023,2248746.94477899,1701493.0664965,2972014.94453652,14.6258837056152,0.142281699988352,"index",0.4,1
2024,2195029.30269871,1677069.46874161,2872960.08275751,14.6017059541511,0.137322671188432,"index",0.4,1
2003,1553343.58266033,1158038.29404339,2083589.37541459,14.2559203156911,0.14984066662309,"index",0.4,10
2004,1720165.89235051,1249143.85490003,2368798.98628075,14.3579312931797,0.163249088844085,"index",0.4,10
2005,1936637.33980819,1478606.71827426,2536552.91808547,14.4764636970891,0.137682581644525,"index",0.4,10
2006,1689973.52479268,1298820.82834353,2198925.71182635,14.3402234209734,0.134316787125656,"index",0.4,10
2007,1608579.71649787,1249672.36968663,2070565.66752547,14.2908621839594,0.128813700291613,"index",0.4,10
2008,1445729.64863547,1105923.65788841,1889944.39357092,14.1841246992383,0.136703157857519,"index",0.4,10
2009,1133394.75210273,874139.992194755,1469539.97707934,13.9407278924817,0.132518800642973,"index",0.4,10
2010,1318972.24999213,1022077.18736171,1702109.9949799,14.0923633928065,0.130112503153097,"index",0.4,10
2011,1454064.69936593,1124591.44571535,1880064.22954537,14.1898734335863,0.131095809573442,"index",0.4,10
2012,1316167.86206335,1012910.62988854,1710217.85141994,14.0902349374924,0.133623058091361,"index",0.4,10
2013,1353425.86122184,1003061.31771289,1826171.07197468,14.1181496109336,0.15285097782984,"index",0.4,10
2014,1342562.30969032,1036187.64672174,1739524.26580613,14.1100905174652,0.132161462113066,"index",0.4,10
2015,1526526.03796137,1184068.291506,1968029.8520706,14.238505148307,0.129613798473451,"index",0.4,10
2016,1652212.72229988,1271235.46653117,2147365.26127486,14.3176259912987,0.133740313347914,"index",0.4,10
2017,1914363.10848085,1492403.342129,2455627.11343466,14.464895544852,0.127041714570759,"index",0.4,10
2018,1959712.44925688,1527545.3337355,2514146.58469141,14.488308310881,0.127112367814951,"index",0.4,10
2019,2135472.0378983,1519174.54588348,3001788.59434054,14.5741982752413,0.17373818832137,"index",0.4,10
2021,2170990.07638344,1672479.22023374,2818090.56563146,14.5906938778612,0.133102563815511,"index",0.4,10
2022,2057513.72787331,1571061.40163456,2694587.7073822,14.5370088836245,0.1376284895291,"index",0.4,10
2023,2652469.86510299,2030989.12156793,3464123.12629619,14.7910017884644,0.136210821329884,"index",0.4,10
2024,2273608.1361718,1755242.10801611,2945060.3613363,14.63687861486,0.132023475047563,"index",0.4,10
2003,1202317.24228083,906205.496823683,1595186.47387662,13.9997612879405,0.14425770737555,"index",0.4,2
2004,1160013.8277509,863081.678314949,1559101.66370402,13.9639424834864,0.150858829857332,"index",0.4,2
2005,1397947.55011983,1069118.04930288,1827915.4057499,14.1505156832751,0.136824488523029,"index",0.4,2
2006,1630465.25794164,1264883.99998752,2101708.10713151,14.3043759663743,0.129535538434622,"index",0.4,2
2007,1195314.34709956,924316.894267301,1545764.65846665,13.9939197607218,0.131180731768205,"index",0.4,2
2008,1093360.54323056,846516.355867281,1412184.50087555,13.9047665784837,0.130554325679646,"index",0.4,2
2009,1080947.19631108,833908.173446666,1401169.67121621,13.8933482483525,0.132384920795038,"index",0.4,2
2010,1113030.61594703,858862.749138573,1442415.74486489,13.9225971374688,0.132264026853929,"index",0.4,2
2011,1127122.57940674,869533.301602751,1461019.72939604,13.935178553218,0.132383372095574,"index",0.4,2
2012,1416236.00013082,1089100.10273087,1841634.57797614,14.1635132061075,0.134008016876375,"index",0.4,2
2013,1315750.62420014,995453.118759797,1739107.21907216,14.0899178776223,0.142331477315215,"index",0.4,2
2014,1211833.2821569,934539.661637025,1571404.57920292,14.0076448801736,0.132571585848932,"index",0.4,2
2015,1208675.80445653,932847.987154507,1566061.37376664,14.0050359418235,0.132164879766431,"index",0.4,2
2016,1503003.83548325,1169571.86099086,1931493.57027409,14.2229762206169,0.127975775865028,"index",0.4,2
2017,1503705.91528247,1157065.30255455,1954195.21669469,14.2234432293209,0.13369928505338,"index",0.4,2
2018,1571804.45087521,1220373.14222094,2024437.56447717,14.267734849116,0.129118507731353,"index",0.4,2
2019,1739700.35244665,1271509.99102762,2380285.91018538,14.3692234451231,0.159955859450681,"index",0.4,2
2021,1562999.17069202,1198669.12483143,2038065.6821602,14.2621170788162,0.135407917827505,"index",0.4,2
2022,1913046.25411185,1464708.06670374,2498618.02059128,14.4642074269653,0.136247870047758,"index",0.4,2
2023,1902505.11652788,1459228.62733084,2480437.71251628,14.4586820580851,0.135341028486755,"index",0.4,2
2024,1846267.41474353,1422404.65289984,2396437.1599843,14.428676545278,0.133072409716505,"index",0.4,2
2003,1257562.57509962,955390.029525881,1655306.81859429,14.0446859412286,0.140212268913462,"index",0.4,3
2004,1754566.34946883,1272093.12163032,2420029.65218689,14.3777322900295,0.164063249903818,"index",0.4,3
2005,1465682.10775033,1126759.57443107,1906550.5097342,14.197831294634,0.134173310736473,"index",0.4,3
2006,1816110.06802202,1390305.71115593,2372324.12461911,14.4122074464509,0.136315376991864,"index",0.4,3
2007,1326449.95373091,1035740.0077655,1698755.92963587,14.0980167237901,0.126221712842884,"index",0.4,3
2008,1193841.60704652,924285.77770815,1542009.86003428,13.9926869067199,0.130568889377038,"index",0.4,3
2009,1248433.92384345,966232.791279753,1613055.64897962,14.0374004628669,0.130737297197248,"index",0.4,3
2010,1192749.23318706,928453.979565216,1532279.21316525,13.9917714804832,0.127806116945722,"index",0.4,3
2011,1299069.80816376,1016915.27389237,1659511.27867634,14.0771590341347,0.124938353126055,"index",0.4,3
2012,1311338.69476724,1011996.44115192,1699224.52537133,14.086559077791,0.132208279162178,"index",0.4,3
2013,1426643.52081066,1072191.591963,1898272.42698735,14.1708350550274,0.145727028042651,"index",0.4,3
2014,1292073.52858849,1001932.90466724,1666233.33309286,14.0717588723775,0.129756096238792,"index",0.4,3
2015,1276294.464388,992195.498006817,1641740.52704306,14.0594714877272,0.128469731208999,"index",0.4,3
2016,1652043.78397767,1279679.67027528,2132759.25809788,14.3175237363303,0.130310246191343,"index",0.4,3
2017,1573118.09044578,1225205.05650298,2019825.59029846,14.2685702526147,0.127528604387771,"index",0.4,3
2018,1707515.95701174,1333123.70912495,2187051.901855,14.3505502156319,0.126285389774782,"index",0.4,3
2019,1964114.78373531,1413497.69589358,2729220.49671174,14.4905522100459,0.167847157701905,"index",0.4,3
2021,1997346.25626498,1528986.10772792,2609174.82981188,14.5073299855828,0.136336477953399,"index",0.4,3
2022,2219636.44775194,1701364.37522187,2895785.30733392,14.6128539781641,0.1356723488111,"index",0.4,3
2023,2248294.16340436,1729899.45212374,2922034.94196872,14.6256823370418,0.133731280005164,"index",0.4,3
2024,1984732.87823667,1544256.11892144,2550849.27279087,14.5009948928902,0.12803399395543,"index",0.4,3
2003,1154122.12363006,880486.202128716,1512798.12566289,13.9588505468202,0.138074481293877,"index",0.4,4
2004,1239586.1838437,917091.914275323,1675485.17575839,14.0302881591767,0.153740161384625,"index",0.4,4
2005,1287276.27024565,988256.36281637,1676771.59316752,14.0680391257372,0.134870695694245,"index",0.4,4
2006,1319268.26786873,1018205.99670369,1709348.3717832,14.0925877983342,0.132163136889206,"index",0.4,4
2007,1214857.62915534,947102.84603848,1558309.17971602,14.010137450241,0.127030131161632,"index",0.4,4
2008,1205159.71206951,934378.821396278,1554412.29867033,14.0021226572606,0.129841891956423,"index",0.4,4
2009,1310782.26873073,1021950.08858879,1681246.64325973,14.0861346686561,0.126997974995195,"index",0.4,4
2010,1209014.07939109,928166.14624558,1574842.01516992,14.0053157750139,0.134874795890814,"index",0.4,4
2011,1175905.30275608,909668.502481709,1520062.83308426,13.9775488793311,0.130978605840369,"index",0.4,4
2012,1172736.15831398,901050.367717455,1526340.97525644,13.9748501733617,0.134458458622332,"index",0.4,4
2013,1138501.13281912,866422.73931885,1496018.94157282,13.9452231594956,0.139336713110068,"index",0.4,4
2014,1236000.00755788,958371.276849172,1594054.47094124,14.0273909231146,0.129798500954934,"index",0.4,4
2015,1224995.11540438,946506.495712335,1585422.8571725,14.018447414528,0.131591347636096,"index",0.4,4
2016,1311422.70671566,1014091.74985839,1695930.88192423,14.086623141528,0.131185675564039,"index",0.4,4
2017,1857432.16630418,1432964.3714481,2407634.35655761,14.4347055360939,0.132374724510474,"index",0.4,4
2018,1582728.48201961,1225861.49322835,2043484.89746506,14.2746608030018,0.130362797709155,"index",0.4,4
2019,1292483.67872884,932947.157363863,1790577.36185255,14.072076257609,0.16631551359745,"index",0.4,4
2021,1796427.8182019,1369400.95438086,2356616.51591933,14.4013107056035,0.138485587052628,"index",0.4,4
2022,1906010.86712711,1453283.43108324,2499772.13522539,14.4605230647158,0.138363295039026,"index",0.4,4
2023,2216550.41409821,1709455.88819549,2874069.91438967,14.6114626778209,0.132541718145516,"index",0.4,4
2024,1960626.59372878,1513589.455458,2539695.70557911,14.4887746707945,0.132033120053051,"index",0.4,4
2003,1319724.78917108,996890.237583725,1747106.60561202,14.0929337797726,0.143134175830026,"index",0.4,5
2004,1212460.66115681,874424.904015003,1681174.50464058,14.0081624568607,0.166758554105303,"index",0.4,5
2005,1315703.9736168,996253.570772293,1737586.69175871,14.0898824215035,0.141903285164469,"index",0.4,5
2006,1501380.12761288,1160513.14604142,1942366.87044856,14.2218953281289,0.131391442708186,"index",0.4,5
2007,1264150.52086553,968640.466777265,1649813.93428823,14.0499109295624,0.13585052835558,"index",0.4,5
2008,1085413.34782785,842192.279844354,1398875.48703318,13.8974714381476,0.129445138856873,"index",0.4,5
2009,1043443.70898752,800671.270565507,1359827.45210357,13.8580370596146,0.135120501542001,"index",0.4,5
2010,1108456.10570733,862990.238863689,1423741.40859074,13.918478709336,0.127716658066896,"index",0.4,5
2011,879590.816033968,678800.811987024,1139774.71739691,13.6872120965373,0.132211147771194,"index",0.4,5
2012,1151495.88955125,881887.161925234,1503528.84235073,13.9565724285893,0.136100988698729,"index",0.4,5
2013,1419002.73591082,1055653.0904802,1907415.21308527,14.1654648841959,0.150918440367126,"index",0.4,5
2014,1294300.07569968,999736.633886084,1675653.9964375,14.0734806249175,0.131754190276449,"index",0.4,5
2015,1292219.66448812,992971.619843603,1681650.94341045,14.0718719678268,0.134397676438736,"index",0.4,5
2016,1340457.23288299,1037737.10900465,1731484.37845859,14.1085213322947,0.130598465348384,"index",0.4,5
2017,1510808.43625226,1181660.94340375,1931638.80366239,14.2281554537685,0.125371624080887,"index",0.4,5
2018,1541252.36657511,1210503.3836907,1962372.75292106,14.2481058689503,0.123246661783471,"index",0.4,5
2019,1343926.55579844,972417.057186586,1857370.3268902,14.1111061525888,0.165087773318058,"index",0.4,5
2021,1779052.62281979,1378942.80677213,2295257.07608625,14.3915915462104,0.12998395211673,"index",0.4,5
2022,1862931.80875746,1423482.87935831,2438044.72425044,14.4376620459924,0.137270322124424,"index",0.4,5
2023,2168272.16988801,1652056.85229571,2845788.3856586,14.5894411732785,0.13873189952967,"index",0.4,5
2024,1976115.63346638,1514613.62838795,2578237.06563798,14.4966436745385,0.135702871585274,"index",0.4,5
2003,1173090.84175683,899731.534447433,1529503.04654922,13.97515256859,0.135360071885705,"index",0.4,6
2004,1299625.53770949,948800.842630472,1780169.72833202,14.0775867330222,0.160529754718729,"index",0.4,6
2005,1147044.56408866,883497.350062806,1489207.89848641,13.9526992480932,0.133194119268483,"index",0.4,6
2006,1269248.7469247,992721.083999597,1622804.64023123,14.0539357455527,0.125375122244115,"index",0.4,6
2007,1214275.52691172,943808.089830347,1562250.91853342,14.0096581827679,0.128563613906316,"index",0.4,6
2008,1223028.74667822,952585.676338605,1570251.73940324,14.0168409194448,0.127505194261851,"index",0.4,6
2009,1142233.75168951,887306.079473347,1470403.47596072,13.9484963344957,0.128854949393463,"index",0.4,6
2010,908023.054650909,701613.508620883,1175156.77455847,13.7190250478458,0.131577455506622,"index",0.4,6
2011,993430.978847861,764961.727451724,1290136.58372458,13.8089198658358,0.133338564287373,"index",0.4,6
2012,1171035.96572795,906815.18604827,1512243.34806784,13.9733993557956,0.130464341937974,"index",0.4,6
2013,1378296.81042147,1041862.64780899,1823370.96124235,14.1363590995403,0.142777329105505,"index",0.4,6
2014,1095737.06194917,847560.705271693,1416582.55445446,13.9069378107271,0.131033053893945,"index",0.4,6
2015,1224505.33623331,942508.159781707,1590875.68940638,14.0180475132524,0.133547177120041,"index",0.4,6
2016,1258466.75801868,977437.300856058,1620296.85142051,14.0454046792386,0.128938722749126,"index",0.4,6
2017,1472501.67145852,1141967.34562341,1898706.80694855,14.2024733296234,0.129701492917378,"index",0.4,6
2018,1535670.82456249,1200986.03577276,1963623.89833701,14.2444778627973,0.125422911292509,"index",0.4,6
2019,1298775.69011913,919275.442408735,1834943.27752792,14.0769326018499,0.176325447018518,"index",0.4,6
2021,1756720.46843045,1352690.68856958,2281428.28976362,14.3789592585704,0.133345812049125,"index",0.4,6
2022,1677498.70432001,1291803.57541703,2178351.22656854,14.3328143754402,0.133300640800163,"index",0.4,6
2023,1765039.34537971,1354469.22907383,2300062.50704469,14.3836835401009,0.135085807440113,"index",0.4,6
2024,1739719.19364277,1355512.41899618,2232825.63133609,14.3692342752032,0.127320791281163,"index",0.4,6
2003,1091826.93288797,824932.70185922,1445070.66902895,13.9033629363604,0.143015815640413,"index",0.4,7
2004,1383845.86433365,1015237.15419958,1886287.71938825,14.1403770392566,0.158035682836946,"index",0.4,7
2005,1466553.56885841,1110803.38956189,1936237.67314899,14.1984256951051,0.141753425790654,"index",0.4,7
2006,1324664.21023605,1011144.3936787,1735395.34101189,14.0966695590477,0.137796536438318,"index",0.4,7
2007,1296739.41815727,1002042.20023586,1678106.08995016,14.0753635319006,0.13153958857932,"index",0.4,7
2008,1171083.85906708,897780.772693467,1527586.072993,13.9734402532242,0.135593850827884,"index",0.4,7
2009,1045220.33526745,798814.55525357,1367633.50401121,13.8597382683018,0.137173013721494,"index",0.4,7
2010,1131352.1710407,877700.004609057,1458308.90759608,13.93892408686,0.12952480506323,"index",0.4,7
2011,1183927.70050329,909304.737007183,1541490.70490097,13.9843480287975,0.13465169241326,"index",0.4,7
2012,1323539.6964707,1013803.86454274,1727905.55392472,14.095820293755,0.136023048845174,"index",0.4,7
2013,1227021.95363233,923897.615857564,1629599.26387321,14.0201006156539,0.144770046162335,"index",0.4,7
2014,1162487.00028307,893831.105000644,1511891.92037143,13.9660722338289,0.134084156737005,"index",0.4,7
2015,1246374.73742369,963722.488116742,1611926.67520257,14.0357496854591,0.131222323847135,"index",0.4,7
2016,1482200.34178104,1150761.44291465,1909099.2896073,14.2090382590897,0.129136992098175,"index",0.4,7
2017,1580873.28489834,1227030.10720003,2036755.51907046,14.2734879642751,0.129278244721031,"index",0.4,7
2018,1635318.60501014,1268038.65081363,2108979.0426943,14.3073482087793,0.129781116161698,"index",0.4,7
2019,2150862.56562345,1532060.28722414,3019600.34783115,14.5813795129606,0.173092738006504,"index",0.4,7
2021,1802166.54587811,1394320.53901276,2329309.63018146,14.4045001356755,0.130911767729624,"index",0.4,7
2022,1850025.83924416,1401695.7801637,2441753.52049027,14.430710164116,0.141592821690367,"index",0.4,7
2023,2227694.89937608,1695961.9231775,2926141.49933766,14.6164779314135,0.139144029910446,"index",0.4,7
2024,1795015.52746917,1387397.89900832,2322391.25211195,14.4005242302678,0.131422667306507,"index",0.4,7
2003,1244393.54573365,943441.215597871,1641347.9409867,14.0341588573429,0.14126255497031,"index",0.4,8
2004,1235846.81863755,905658.173414219,1686417.02131253,14.0272669761783,0.158599727767932,"index",0.4,8
2005,1270039.43176127,983671.018525054,1639776.03065613,14.0545585065837,0.130365516526304,"index",0.4,8
2006,1428627.05403419,1105964.45192389,1845425.73313999,14.1722244389689,0.130612665109108,"index",0.4,8
2007,1282858.17831716,1005125.71432948,1637332.60647211,14.0646010983742,0.124480816872792,"index",0.4,8
2008,1179591.67718441,917200.407133303,1517047.43484757,13.9806789002731,0.128368494729851,"index",0.4,8
2009,1016530.99182525,792377.634277475,1304094.42750547,13.8319064003465,0.127100821339926,"index",0.4,8
2010,1008561.19029966,789957.182190334,1287659.25231322,13.8240353091016,0.124645803603213,"index",0.4,8
2011,1153971.27640823,904530.379196432,1472200.09123215,13.9587198352796,0.124261806450609,"index",0.4,8
2012,1154869.60229485,899460.223170159,1482804.64655117,13.9594979971185,0.127526775359121,"index",0.4,8
2013,1283550.35660024,984774.643094837,1672973.13093991,14.0651405123377,0.135192487813995,"index",0.4,8
2014,1061841.79725127,832184.14110805,1354878.02121359,13.8755155028807,0.124342327737079,"index",0.4,8
2015,1390647.84414306,1082858.54689923,1785922.48448097,14.1452802714508,0.127637736332319,"index",0.4,8
2016,1600052.08178173,1250613.032568,2047129.36595345,14.2855467377938,0.125717780849075,"index",0.4,8
2017,1583400.13543022,1241348.7438673,2019703.16662958,14.2750850772507,0.124173727698818,"index",0.4,8
2018,1726439.45742322,1354171.93008021,2201044.88502523,14.3615717285441,0.12391606513534,"index",0.4,8
2019,1754236.5990515,1237207.84548512,2487331.49945805,14.3775443339527,0.178154637335558,"index",0.4,8
2021,1756249.90363878,1368027.67083449,2254642.78960802,14.3786913571966,0.127456807874436,"index",0.4,8
2022,1822107.66536277,1395803.74173907,2378612.5834834,14.4155044469128,0.135983866408066,"index",0.4,8
2023,2097373.08357112,1614707.8189734,2724315.69352616,14.5561962070642,0.133436954913494,"index",0.4,8
2024,1686399.25598331,1310976.67974973,2169331.0754574,14.3381061961427,0.128483596474459,"index",0.4,8
2003,1365669.01426926,1051037.16491574,1774487.06743371,14.1271549868752,0.13360805516156,"index",0.5,1
2004,1698623.9429479,1280497.46492966,2253283.101747,14.3453290359239,0.144170930324947,"index",0.5,1
2005,1538008.20256396,1193385.09164873,1982150.81427402,14.2459987623001,0.129438256336836,"index",0.5,1
2006,1420584.00864032,1108268.66291905,1820911.2944593,14.166578618718,0.126670198136627,"index",0.5,1
2007,1409221.11712593,1117609.35415253,1776921.55991262,14.1585477105242,0.118290568401168,"index",0.5,1
2008,1438220.43918524,1126434.02884994,1836306.41361399,14.1789171011927,0.124670467885603,"index",0.5,1
2009,1245888.7443816,983294.723415459,1578609.87800798,14.0353596841195,0.120765234174071,"index",0.5,1
2010,1039303.84875127,823539.837162558,1311597.13384452,13.8540616707846,0.118723848889661,"index",0.5,1
2011,1139791.08797897,898397.078520782,1446046.24758498,13.9463555474184,0.121424739823627,"index",0.5,1
2012,1436122.51067976,1133658.32440225,1819285.2478445,14.1774573387951,0.120663912206385,"index",0.5,1
2013,1495405.6024764,1152156.45292679,1940915.15109529,14.2179080340144,0.133044339193124,"index",0.5,1
2014,1307315.82525245,1036832.96441388,1648360.65751597,14.0834866047719,0.118270135647887,"index",0.5,1
2015,1327341.81958935,1051541.3645142,1675479.79136772,14.0986888683803,0.118839559445464,"index",0.5,1
2016,1728711.58552409,1376818.86663899,2170542.4136295,14.3628869407592,0.116124946945843,"index",0.5,1
2017,1550045.55149362,1229038.01136755,1954895.77171966,14.253794876524,0.118396338702336,"index",0.5,1
2018,1794068.90171772,1431846.13438907,2247925.35092045,14.3999967276179,0.115064132157213,"index",0.5,1
2019,1501017.68390838,1096837.64594348,2054136.35804563,14.2216538919642,0.16006016659618,"index",0.5,1
2021,1928847.87216108,1520040.09562565,2447602.61564612,14.4724334252015,0.121525781037149,"index",0.5,1
2022,1831825.10214849,1440432.10500253,2329567.0744963,14.4208233513993,0.122639831056865,"index",0.5,1
2023,2148185.31519319,1682241.67819125,2743185.00619565,14.580134004257,0.124745256535099,"index",0.5,1
2024,2122402.87889587,1680014.86266279,2681282.21985239,14.5680594382389,0.119260477192069,"index",0.5,1
2003,1436364.22544144,1106855.73609893,1863966.65874403,14.1776256353162,0.132957418537849,"index",0.5,10
2004,1592756.03690509,1207931.15252557,2100179.12676021,14.2809764302118,0.141102984280769,"index",0.5,10
2005,1710014.00828327,1346605.56339079,2171495.49060373,14.3520121204238,0.121897410252555,"index",0.5,10
2006,1567137.33156681,1241692.71281454,1977880.18778294,14.2647611572981,0.118764967858174,"index",0.5,10
2007,1451120.84614383,1161296.59776178,1813276.39654823,14.1878468131288,0.113675107980214,"index",0.5,10
2008,1339748.51211613,1058880.22121953,1695117.199989,14.1079924767882,0.120037901721761,"index",0.5,10
2009,1134205.61308564,898147.663222952,1432306.09556864,13.941443063488,0.119059990847811,"index",0.5,10
2010,1316786.8729169,1049748.93982059,1651754.6271422,14.0907051399282,0.115636589807353,"index",0.5,10
2011,1431275.60145928,1140163.79000473,1796715.40641026,14.1740766336072,0.116019554393717,"index",0.5,10
2012,1323686.29885936,1049563.82307295,1669403.40288979,14.0959310530095,0.118392901914784,"index",0.5,10
2013,1336720.27658078,1030019.766406,1734744.47394043,14.105729616978,0.132982579438618,"index",0.5,10
2014,1403692.78793189,1120646.3199832,1758229.52144396,14.1546170276107,0.114900519164593,"index",0.5,10
2015,1468192.45870789,1170847.98012901,1841049.50633232,14.1995425822254,0.115463228107244,"index",0.5,10
2016,1593267.82720083,1273267.29356548,1993691.64826719,14.2812977023189,0.114390303704427,"index",0.5,10
2017,1814761.98684253,1454716.56387764,2263919.41266551,14.411464880356,0.112830258080043,"index",0.5,10
2018,1850196.99544423,1484963.05845777,2305262.00800313,14.4308026754094,0.112197072851263,"index",0.5,10
2019,1978685.45063297,1469254.04165258,2664750.95630356,14.4979432683606,0.151879266869459,"index",0.5,10
2021,2018308.2396205,1599774.87350533,2546338.37397025,14.5177702133357,0.118571944136566,"index",0.5,10
2022,2015823.99952008,1594564.3070219,2548374.11018589,14.516538602537,0.119608068945288,"index",0.5,10
2023,2437593.77236276,1925700.61072584,3085559.28474369,14.7065219518271,0.120268301139025,"index",0.5,10
2024,2088893.95009572,1664731.82193679,2621129.64817956,14.5521452733792,0.11580349162101,"index",0.5,10
2003,1328087.18297514,1035223.71941379,1703801.34506734,14.0992502566943,0.12710546893346,"index",0.5,2
2004,1219872.00340405,930212.208803421,1599729.27747659,14.0142564959629,0.138312988142702,"index",0.5,2
2005,1381692.60168389,1088008.50588328,1754650.29475862,14.1388198285279,0.121920762900703,"index",0.5,2
2006,1578785.73407467,1255789.68678123,1984858.14970062,14.2721665868006,0.116783483496031,"index",0.5,2
2007,1163455.63397348,917280.536183199,1475697.95589152,13.9669051294749,0.121296359867862,"index",0.5,2
2008,1071293.23793396,851267.532076869,1348188.62272712,13.8843771102117,0.117295715689803,"index",0.5,2
2009,1147682.27311304,910395.627175608,1446815.6048863,13.953255051974,0.118175902541361,"index",0.5,2
2010,1081943.74983035,858069.651107146,1364227.57323553,13.8942697498194,0.118282375608003,"index",0.5,2
2011,1213337.57328217,962383.890457701,1529730.57979817,14.008885445402,0.118224999363863,"index",0.5,2
2012,1254467.47381083,992006.051194727,1586370.00344308,14.0422217168406,0.119766093892053,"index",0.5,2
2013,1328190.14128893,1029832.36626634,1712986.60753187,14.0993277774508,0.129809110623978,"index",0.5,2
2014,1282261.39432941,1013070.4550688,1622981.18078662,14.0641357914116,0.120226423317483,"index",0.5,2
2015,1277831.03065069,1015161.76544689,1608464.97422506,14.0606746912902,0.117408360827873,"index",0.5,2
2016,1571311.0394149,1249102.82820845,1976633.40985975,14.2674208858106,0.117086218661315,"index",0.5,2
2017,1586639.97615886,1259537.32083641,1998691.40223145,14.2771291156494,0.11779507769772,"index",0.5,2
2018,1599519.93619752,1279559.22290867,1999488.55862839,14.2852141023125,0.113873461239233,"index",0.5,2
2019,1621634.31610166,1223491.16443456,2149339.47346798,14.2989450357742,0.143740445083088,"index",0.5,2
2021,1665821.49273013,1312840.60922495,2113707.65509751,14.3258289487474,0.121494680032261,"index",0.5,2
2022,1689759.32700741,1327388.32828617,2151055.96633885,14.3400966667032,0.123151630267518,"index",0.5,2
2023,1949178.99759504,1536256.98942043,2473088.02552555,14.4829188150089,0.121461071413158,"index",0.5,2
2024,1738624.76107274,1375273.44193008,2197974.57556731,14.3686049914863,0.119615389448941,"index",0.5,2
2003,1345966.17543858,1048470.4395269,1727874.12703997,14.112622659182,0.127440976126591,"index",0.5,3
2004,1663461.79547157,1252594.87007642,2209098.25762313,14.3244114078238,0.144739166850409,"index",0.5,3
2005,1521245.14381143,1197856.8921954,1931939.28477422,14.2350397310431,0.121938534586648,"index",0.5,3
2006,1603187.49825492,1267542.16595951,2027711.75869739,14.2875043918476,0.119856340615044,"index",0.5,3
2007,1438405.56608563,1150962.49710352,1797635.090416,14.1790458123288,0.113745308482984,"index",0.5,3
2008,1267533.17404692,1008072.57272515,1593774.48685681,14.0525831869231,0.11685544579221,"index",0.5,3
2009,1253370.18908104,996242.97506875,1576861.13748369,14.0413466324473,0.117145098874548,"index",0.5,3
2010,1176936.25622887,941289.545402667,1471575.83762761,13.9784252269414,0.113991459935997,"index",0.5,3
2011,1216290.86839,970659.512209805,1524080.74914032,14.0113165138829,0.115096750104492,"index",0.5,3
2012,1251403.77574132,992934.954325425,1577154.07551901,14.0397764997556,0.118040976723407,"index",0.5,3
2013,1337818.16336049,1038248.54244172,1723823.69447699,14.1065506086116,0.12934158636576,"index",0.5,3
2014,1315203.58343997,1045774.73768233,1654046.90280324,14.0895020279154,0.116958008031355,"index",0.5,3
2015,1347922.28970727,1076221.36261765,1688216.34860559,14.1140749202075,0.11485323000751,"index",0.5,3
2016,1722668.64359367,1368754.7797547,2168092.70697318,14.3593851833727,0.117335430950604,"index",0.5,3
2017,1646434.66008973,1315666.0036217,2060361.12697505,14.3141226958871,0.114425130074085,"index",0.5,3
2018,1825065.86766267,1469097.7044661,2267286.51959728,14.4171266362174,0.110699826178365,"index",0.5,3
2019,1975699.44871982,1464946.67422828,2664525.87001371,14.4964330448712,0.152606704665903,"index",0.5,3
2021,1900716.90931048,1500203.80949519,2408155.97618995,14.4577416936588,0.120731893895,"index",0.5,3
2022,2275346.22180954,1791643.96620164,2889636.85127622,14.637642784199,0.121940307516621,"index",0.5,3
2023,2344777.75524319,1854554.63654013,2964583.84841137,14.6677011814877,0.119668548125567,"index",0.5,3
2024,2015031.50499184,1606205.68354116,2527915.32723127,14.5161453884724,0.115696080657225,"index",0.5,3
2003,1285554.77048312,1001913.6924657,1649494.44282445,14.0667009111462,0.127185239861099,"index",0.5,4
2004,1319682.18580723,1013277.85666879,1718739.8896315,14.0929014972454,0.134798630394296,"index",0.5,4
2005,1340143.67806916,1056599.08623969,1699779.13217816,14.1082873886189,0.121288703054721,"index",0.5,4
2006,1391583.09945562,1104899.43580405,1752651.38159953,14.1459525775007,0.117699967371814,"index",0.5,4
2007,1286469.20661361,1028487.01789228,1609162.77091831,14.0674119746333,0.114192204945269,"index",0.5,4
2008,1221881.80196106,972399.39448207,1535372.34436352,14.0159026889627,0.116522952485263,"index",0.5,4
2009,1190039.74862853,951067.267154306,1489058.29505969,13.9894972667387,0.114368017170624,"index",0.5,4
2010,1168403.57316219,928577.661865288,1470169.88006786,13.9711489076579,0.117216240147303,"index",0.5,4
2011,1196345.9786346,950641.071263387,1505556.3491414,13.9947824514542,0.117293279579505,"index",0.5,4
2012,1257342.41297922,992140.722529934,1593433.17694401,14.0445108553927,0.120864783060333,"index",0.5,4
2013,1232229.69531314,968464.737577281,1567832.01607313,14.0243358466986,0.122894347420836,"index",0.5,4
2014,1131773.63501305,901896.246956425,1420242.70001486,13.939296548679,0.1158397723572,"index",0.5,4
2015,1213030.94474953,964703.181131749,1525281.66352028,14.0086326985237,0.116867938208341,"index",0.5,4
2016,1436466.60347083,1143244.47765426,1804895.05369913,14.1776969085902,0.116489945363577,"index",0.5,4
2017,1783166.04660468,1417017.93806311,2243924.4164474,14.3939010201618,0.117265339668729,"index",0.5,4
2018,1662304.96093638,1324822.59661784,2085756.83280768,14.3237157279,0.115781009547375,"index",0.5,4
2019,1278819.86236799,951538.725567924,1718669.13709772,14.0614482280835,0.150825508035731,"index",0.5,4
2021,1821849.36418453,1438010.40252502,2308144.01617085,14.4153626773054,0.120712231404107,"index",0.5,4
2022,1908973.48772514,1495157.20569775,2437322.15110908,14.462076214568,0.124662648346524,"index",0.5,4
2023,2248870.46880103,1780661.30677292,2840191.0942912,14.6259386342632,0.119105892850132,"index",0.5,4
2024,1958734.43211431,1558411.87652163,2461891.25824269,14.4878091247532,0.116650761822127,"index",0.5,4
2003,1319075.09467311,1026555.46755152,1694948.94371068,14.0924413631138,0.127921643204816,"index",0.5,5
2004,1345627.72673073,1013490.69430755,1786611.35135893,14.1123711734662,0.144625162813712,"index",0.5,5
2005,1352604.57272144,1055364.95666259,1733560.62146745,14.1175426048074,0.126607127073099,"index",0.5,5
2006,1583785.1044634,1261604.22899812,1988242.58786142,14.2753281757789,0.11603963687925,"index",0.5,5
2007,1342753.26643307,1066987.60541527,1689791.26408405,14.110232740409,0.117289311588865,"index",0.5,5
2008,1141095.94523148,909941.569877846,1430970.95388061,13.9474997140307,0.115493982700751,"index",0.5,5
2009,1149549.82198962,908335.07924538,1454820.82926293,13.9548809645598,0.120161567714001,"index",0.5,5
2010,1117408.62888559,894411.54023927,1396003.95090379,13.9265228382662,0.113574308482386,"index",0.5,5
2011,1037236.83450359,826228.260241744,1302134.41323859,13.852070845421,0.116045237958245,"index",0.5,5
2012,1230833.9908428,972322.607149282,1558075.78870932,14.023202538918,0.120287725714607,"index",0.5,5
2013,1364892.30065918,1048163.08551623,1777329.32798449,14.1265860828724,0.134714891318546,"index",0.5,5
2014,1281026.79384524,1020771.9780882,1607635.86949448,14.0631724970108,0.115870882597186,"index",0.5,5
2015,1418108.98271576,1125974.17233588,1786038.38015854,14.1648348397611,0.117693841160674,"index",0.5,5
2016,1390232.4159913,1111119.58284992,1739458.29081304,14.1449814968787,0.114340263641795,"index",0.5,5
2017,1621696.34296269,1307007.41138951,2012153.11088607,14.2989832846409,0.110069686594802,"index",0.5,5
2018,1669922.62462107,1344894.74225275,2073501.72813543,14.3282878507573,0.110441591303292,"index",0.5,5
2019,1524751.99349897,1136057.19407621,2046436.26553464,14.2373423275846,0.150139546446683,"index",0.5,5
2021,1877639.99331737,1499251.3942391,2351528.20804556,14.445526223525,0.114823412221948,"index",0.5,5
2022,1849492.14957639,1458047.45257729,2346028.72855631,14.4304216456262,0.121335346022492,"index",0.5,5
2023,2224373.73854266,1748529.8507645,2829713.50277774,14.61498596814,0.122808409994136,"index",0.5,5
2024,2030818.18731075,1607731.43189444,2565243.44059904,14.5239493177523,0.119193324361827,"index",0.5,5
2003,1228744.30996203,970371.878832288,1555911.30802444,14.0215033196796,0.120445408331012,"index",0.5,6
2004,1180094.7388012,892002.093019457,1561233.54804269,13.9811052803387,0.14279931904493,"index",0.5,6
2005,1209845.84138828,958915.30157111,1526440.29929056,14.006003505645,0.118596809453109,"index",0.5,6
2006,1257090.21525414,1008746.66802729,1566573.51084795,14.0443102552867,0.112293420457087,"index",0.5,6
2007,1217588.9210863,966938.307467559,1533213.41113774,14.0123831670717,0.117600728560042,"index",0.5,6
2008,1074896.27307228,857120.831378211,1348003.63678812,13.8877347247231,0.115512604021042,"index",0.5,6
2009,1050394.9172679,837471.314510715,1317453.46151569,13.8646767631051,0.115580936245638,"index",0.5,6
2010,921413.203898271,731270.583988503,1160996.09488931,13.7336638616377,0.11792310332468,"index",0.5,6
2011,1014570.03794965,807391.313849149,1274911.36484716,13.8299754727795,0.116538745310361,"index",0.5,6
2012,1189963.50247934,945859.137835844,1497065.55721689,13.9894331944319,0.117136979157752,"index",0.5,6
2013,1313746.19404462,1025204.73953259,1683496.95998637,14.0883933041526,0.126528043175901,"index",0.5,6
2014,1099220.18098138,874154.171154306,1382233.30179986,13.9101115599809,0.116889659965578,"index",0.5,6
2015,1284608.33710168,1021901.80712208,1614850.43695005,14.0659644338219,0.116730955075479,"index",0.5,6
2016,1262723.92132391,1004679.72805949,1587044.76357189,14.0487817878295,0.116636029791337,"index",0.5,6
2017,1466154.31947633,1166777.20424835,1842347.00565983,14.1981534215615,0.116531448312882,"index",0.5,6
2018,1547324.12318428,1240827.26148705,1929528.80429037,14.2520376248586,0.112628989665767,"index",0.5,6
2019,1689862.63923761,1266686.64762203,2254413.70590905,14.3401578050383,0.147065301694029,"index",0.5,6
2021,1788987.30259437,1416388.44689555,2259602.98946149,14.3971602649779,0.119154956061098,"index",0.5,6
2022,1684746.92527316,1329869.82391337,2134323.33840388,14.3371259177723,0.120682982436024,"index",0.5,6
2023,1833756.70415402,1446502.76814012,2324685.25058784,14.421877264413,0.121031788954436,"index",0.5,6
2024,1735345.81755575,1385508.65161781,2173515.9163329,14.3667172699777,0.11486914253873,"index",0.5,6
2003,1203272.90731102,933479.343126989,1551042.02372452,14.0005558248491,0.12953386569603,"index",0.5,7
2004,1459483.53715284,1108807.66735706,1921065.53546605,14.193593189427,0.140205314585457,"index",0.5,7
2005,1491534.00422114,1160341.09582582,1917258.37665402,14.2153156813503,0.128110064953385,"index",0.5,7
2006,1374198.21659289,1072959.8880628,1760010.56469741,14.1333810037998,0.126251996372029,"index",0.5,7
2007,1346603.07877706,1068412.11593031,1697228.83589065,14.1130957414245,0.118069333334406,"index",0.5,7
2008,1231116.08904745,971545.790240438,1560036.42848002,14.0234317053891,0.120812436872041,"index",0.5,7
2009,1134199.9643112,892154.618024059,1441913.24357281,13.941438083096,0.122473346376107,"index",0.5,7
2010,1129575.7242222,900137.146550305,1417496.56887514,13.9373526548937,0.115844087407586,"index",0.5,7
2011,1229548.88097437,973384.88517746,1553127.10699191,14.022157896639,0.1191976230607,"index",0.5,7
2012,1224898.11069149,966322.670132215,1552664.99270921,14.018368223556,0.120979334801213,"index",0.5,7
2013,1335892.4781541,1036218.54226634,1722231.9813787,14.1051101494164,0.129605198733982,"index",0.5,7
2014,1166124.86231609,922396.128817826,1474255.09716151,13.9691967261937,0.119628052848576,"index",0.5,7
2015,1425231.93524692,1130871.58909452,1796212.84046414,14.1698451200174,0.118035795904247,"index",0.5,7
2016,1569187.25045245,1247042.4804295,1974550.71950272,14.2660683684135,0.11723841868619,"index",0.5,7
2017,1598072.91991174,1275882.69733426,2001623.7093669,14.2843090362521,0.114879778075454,"index",0.5,7
2018,1710700.31088083,1365348.90572562,2143404.91384688,14.3524133831676,0.115049471529681,"index",0.5,7
2019,1851931.42624913,1364449.99056417,2513576.92201753,14.4317396666394,0.155858832593089,"index",0.5,7
2021,1910764.22857128,1514086.12777561,2411368.72613145,14.4630138396671,0.118722202333612,"index",0.5,7
2022,1978231.40034392,1540559.21596412,2540246.05659676,14.4977137713516,0.127582821725068,"index",0.5,7
2023,2148467.0454935,1685666.36530769,2738329.92137147,14.5802651437009,0.123774535143395,"index",0.5,7
2024,1875127.57805048,1488501.06684059,2362177.30191389,14.4441872566988,0.117811899790286,"index",0.5,7
2003,1158893.00791867,906958.217803382,1480810.22635813,13.9629758039267,0.125065635997861,"index",0.5,8
2004,1414953.99444532,1081866.81719639,1850592.67423054,14.1626075757714,0.136945850303099,"index",0.5,8
2005,1335230.95759249,1066127.15995634,1672259.9114597,14.1046148367953,0.114834596433103,"index",0.5,8
2006,1399539.36052207,1122073.21896602,1745617.29889201,14.1516537122453,0.112739363328707,"index",0.5,8
2007,1294884.67857727,1042894.66062897,1607761.92851818,14.0739321978588,0.110421144063929,"index",0.5,8
2008,1212270.46952246,974204.558487514,1508512.43557903,14.008005580387,0.11154745829857,"index",0.5,8
2009,1143824.14300186,920021.947596861,1422067.89037084,13.9498877179534,0.111091282720807,"index",0.5,8
2010,1010636.95766946,815577.292948372,1252348.57448642,13.8260913411985,0.109410104732392,"index",0.5,8
2011,1130143.59291583,912615.953017742,1399520.28713207,13.9378552559922,0.109075896043203,"index",0.5,8
2012,1185370.38705397,951647.261652012,1476495.55788696,13.9855658466285,0.112051102327831,"index",0.5,8
2013,1347647.15416777,1065469.16391129,1704556.93477741,14.1138707811221,0.119872096303883,"index",0.5,8
2014,1098396.80665678,886997.840227878,1360178.67254768,13.9093622261636,0.109065473385665,"index",0.5,8
2015,1449244.0690825,1171732.52196612,1792481.0760109,14.1865526467889,0.108450282235702,"index",0.5,8
2016,1520363.27197586,1223089.6270904,1889889.6921168,14.2344598589887,0.111006714460392,"index",0.5,8
2017,1623925.18016442,1309080.80982302,2014492.13141286,14.3003567273151,0.109961689100181,"index",0.5,8
2018,1666412.62436093,1346080.85835346,2062974.90778247,14.3261837447289,0.108918268886239,"index",0.5,8
2019,1514877.74945143,1122717.00165633,2044018.74416924,14.2308453002383,0.152851329272194,"index",0.5,8
2021,1785241.34256959,1439252.50226783,2214404.10643566,14.3950641699777,0.109915146680729,"index",0.5,8
2022,1769519.23619593,1402907.74190987,2231934.59821152,14.3862184496868,0.118451590091427,"index",0.5,8
2023,2062805.15894401,1644895.5594478,2586890.7599182,14.5395773420982,0.115507169221113,"index",0.5,8
2024,1705062.43187827,1366327.66241956,2127775.04003275,14.3491122849668,0.112999588954388,"index",0.5,8
2003,1053171.72678459,829328.147296097,1337432.82404526,13.8673168611857,0.121913296457084,"index",0.5,9
2004,1255650.35521297,948271.977902275,1662664.14202628,14.043164207648,0.143251393010804,"index",0.5,9
2005,1197922.99182662,953813.038499178,1504508.15455914,13.9960997749793,0.116265820172289,"index",0.5,9
2006,1274544.46797567,1024063.23931465,1586292.27032362,14.0580993927159,0.111640088605665,"index",0.5,9
2007,1170117.90293651,948250.821547208,1443896.35701927,13.9726150734374,0.107267658570513,"index",0.5,9
2008,968580.927753411,780716.875162896,1201650.74363471,13.7835873182282,0.110011955642266,"index",0.5,9
2009,910843.452697375,732736.881526714,1132242.44096061,13.7221263203093,0.111014471021384,"index",0.5,9
2010,877161.017363948,707086.819553878,1088142.8264614,13.6844458546888,0.109969937771694,"index",0.5,9
2011,949766.862749097,759307.314148767,1188000.00575199,13.7639718258268,0.114190852324348,"index",0.5,9
2012,1000481.22600211,806413.954011292,1241251.69040498,13.8159916682143,0.11002201554938,"index",0.5,9
2013,1135292.89402486,876605.570017238,1470319.14843752,13.9424012320164,0.131935491159225,"index",0.5,9
2014,989444.215020441,797930.0667998,1226924.3826891,13.8048986654981,0.109758357904775,"index",0.5,9
2015,1221062.66454956,980192.42977885,1521123.79718467,14.0152320740933,0.112108124199242,"index",0.5,9
2016,1359819.77834344,1085156.7600921,1704002.49768253,14.1228627330073,0.11511829856002,"index",0.5,9
2017,1419050.90378514,1145211.25876925,1758370.30252177,14.1654988284974,0.109389328968205,"index",0.5,9
2018,1354295.45315494,1097180.27321629,1671663.46243139,14.1187919162982,0.10741924814942,"index",0.5,9
2019,1300326.29052573,975613.246825038,1733113.47230572,14.0781257836505,0.146586499830362,"index",0.5,9
2021,1417489.97888815,1140905.00899002,1761126.32025958,14.1643982449916,0.110749928949803,"index",0.5,9
2022,1588154.33583104,1260952.20753418,2000261.53199828,14.2780831048772,0.117708995122787,"index",0.5,9
2023,1628349.78914194,1290109.50206329,2055269.75156603,14.3030776606612,0.118798102639708,"index",0.5,9
2024,1666549.61444509,1345839.58392332,2063684.00111297,14.326265947931,0.109051670021254,"index",0.5,9
2003,1069829.97257946,861515.690744821,1328514.59645483,13.8830102896801,0.110492714825032,"index",0.6,1
2004,1128570.49105198,890190.301919665,1430785.47421454,13.9364623376682,0.121059263489791,"index",0.6,1
2005,1370257.96739925,1115731.81138712,1682847.86546224,14.1305095774503,0.104842996302255,"index",0.6,1
2006,1400876.33228214,1149238.74310645,1707612.54797559,14.1526085503896,0.101021362291342,"index",0.6,1
2007,1287932.5259671,1058346.00648311,1567323.14506113,14.0685487976027,0.100170678110668,"index",0.6,1
2008,1062270.55743897,875296.149177364,1289185.08125763,13.8759192105212,0.0987781651955198,"index",0.6,1
2009,1066764.59914962,873987.553072992,1302062.83372986,13.8801408865902,0.101695477550286,"index",0.6,1
2010,1065797.64719081,874973.058110685,1298239.54489553,13.8792340412901,0.100657802240875,"index",0.6,1
2011,1201345.70815761,989194.272007211,1458997.03561788,13.9989529098973,0.0991379879160353,"index",0.6,1
2012,1098531.92758483,898181.785089674,1343572.55508445,13.9094852350952,0.102735293404026,"index",0.6,1
2013,1072444.74779806,866730.992745223,1326983.51242382,13.8854514112526,0.108658872798131,"index",0.6,1
2014,1203500.59665429,987845.163365275,1466235.53959908,14.0007450319711,0.100748680241924,"index",0.6,1
2015,1369001.47801733,1122092.03377109,1670241.82545437,14.1295921839028,0.101474719554483,"index",0.6,1
2016,1341801.82019444,1097548.9421104,1640411.69883066,14.1095239106419,0.102519176429559,"index",0.6,1
2017,1528426.48627134,1256988.3337602,1858479.87701484,14.2397493238154,0.0997569949481227,"index",0.6,1
2018,1490384.16356661,1228011.23406861,1808814.84907167,14.2145444725868,0.0987966810627448,"index",0.6,1
2019,1587780.07858491,1245027.8377681,2024890.93133087,14.2778474216426,0.124073185158837,"index",0.6,1
2021,1698630.89949811,1389434.16136692,2076634.51277977,14.3453331313189,0.102515142537824,"index",0.6,1
2022,1837968.21441876,1487169.26063515,2271514.91537077,14.4241712881785,0.10805619080813,"index",0.6,1
2023,1868896.55644115,1522699.16636085,2293804.59110981,14.4408587378975,0.104524192362261,"index",0.6,1
2024,1748176.83176105,1433469.4032594,2131975.90974537,14.3740839924158,0.10126500996185,"index",0.6,1
2003,1034125.26799432,829684.030808777,1288942.57355039,13.8490664756433,0.112382806959559,"index",0.6,10
2004,1146630.12645563,903741.659804213,1454796.99052546,13.9523378737106,0.121450726446052,"index",0.6,10
2005,1148055.08728211,926702.764239213,1422279.65027858,13.9535798401478,0.109283482442683,"index",0.6,10
2006,1170334.39568276,956879.52225514,1431405.48612652,13.9728000742144,0.102740307655176,"index",0.6,10
2007,1177629.04911564,964654.460537174,1437623.76483362,13.9790136947194,0.101781691947987,"index",0.6,10
2008,1091679.1768664,895907.988271251,1330229.71198564,13.9032275980427,0.100835834014917,"index",0.6,10
2009,1062026.73655381,866876.338654941,1301109.21115371,13.8756896561298,0.103592741219071,"index",0.6,10
2010,932483.817974824,762258.817208553,1140722.87673781,13.7456070769713,0.102841504452573,"index",0.6,10
2011,1006303.40584122,822478.1454603,1231213.92367321,13.8217941804344,0.102918722806057,"index",0.6,10
2012,1126288.86153913,919114.479628802,1380161.69665766,13.9344385925606,0.103712430842214,"index",0.6,10
2013,1274128.56002036,1031988.41906346,1573083.14460817,14.0577730205572,0.107540250278462,"index",0.6,10
2014,1127147.83645286,921707.406704868,1378379.12115983,13.9352009613958,0.102664057664478,"index",0.6,10
2015,1259192.69333439,1027469.39171017,1543176.12937123,14.0459813540033,0.103763089418214,"index",0.6,10
2016,1377825.73820118,1126371.8063199,1685414.84632159,14.1360172626179,0.102810577151092,"index",0.6,10
2017,1319682.16846343,1078210.25473063,1615233.22387193,14.0929014841029,0.10310823707473,"index",0.6,10
2018,1410060.80505082,1156084.85313624,1719831.78271626,14.159143385574,0.101325156611501,"index",0.6,10
2019,1405151.42388896,1087026.55469408,1816377.45235474,14.1556556299526,0.130971301937733,"index",0.6,10
2021,1636368.30657791,1331338.83558706,2011284.55296048,14.3079898970778,0.105254107490839,"index",0.6,10
2022,1733262.58743285,1397415.1123408,2149825.89673165,14.365516079108,0.10989045775916,"index",0.6,10
2023,1704254.00593688,1384387.6443686,2098026.32128849,14.3486380397793,0.106057853927607,"index",0.6,10
2024,1635883.43855294,1338991.54700529,1998604.56962334,14.3076935457783,0.102178527575373,"index",0.6,10
2003,1206970.95048019,960012.748445127,1517457.84382812,14.0036244322508,0.116799385636863,"index",0.6,2
2004,1467724.43464445,1135502.48257144,1897146.90114456,14.1992237557161,0.130940124864845,"index",0.6,2
2005,1451404.48851315,1168311.76128274,1803093.19745545,14.1880422583618,0.110701999839279,"index",0.6,2
2006,1239462.64054053,1004195.41532916,1529849.28415764,14.0301884892533,0.107395489834013,"index",0.6,2
2007,1352839.31106049,1106385.44911377,1654192.2193722,14.1177161351778,0.102607613751124,"index",0.6,2
2008,1310335.10594557,1065330.60822666,1611685.68387558,14.0857934685299,0.105613027050852,"index",0.6,2
2009,1100512.91440278,895877.970661815,1351890.2288362,13.9112869149119,0.104964901044362,"index",0.6,2
2010,1088810.94139814,889203.085082142,1333226.6677851,13.900596779312,0.103326311269077,"index",0.6,2
2011,1214830.90586744,989676.146843352,1491209.15418435,14.0101154529459,0.104584783378418,"index",0.6,2
2012,1130228.53473844,919450.106591672,1389326.65468089,13.9379304133715,0.105307727540271,"index",0.6,2
2013,1280336.02697747,1026193.19650826,1597418.83648637,14.0626331225193,0.112893163643734,"index",0.6,2
2014,1239243.47310049,1011820.50829732,1517783.41418129,14.0300116490547,0.103445727012211,"index",0.6,2
2015,1433737.74772462,1170620.62729192,1755994.96653827,14.1757954017743,0.103446178890023,"index",0.6,2
2016,1472641.68174707,1198101.88234853,1810091.07386409,14.2025684083831,0.105266888714499,"index",0.6,2
2017,1602832.30862429,1310237.42357502,1960767.84508267,14.2872828151553,0.102840612694684,"index",0.6,2
2018,1717834.25753895,1409013.58949121,2094340.72061717,14.3565749027973,0.101111279977016,"index",0.6,2
2019,1578600.23506233,1205179.15394759,2067724.69800554,14.272049085162,0.137711865095506,"index",0.6,2
2021,1935925.03396656,1573954.33440361,2381140.07199484,14.4760958239442,0.105611190046557,"index",0.6,2
2022,1878001.88468625,1512247.31552679,2332218.44249497,14.4457189423101,0.110518128497715,"index",0.6,2
2023,2130985.57414229,1721119.07768345,2638457.48738933,14.5720951415329,0.10898663415946,"index",0.6,2
2024,1867759.40999389,1526386.27472255,2285479.94134369,14.4402500939696,0.102979701592971,"index",0.6,2
2003,1160245.00995034,939266.374568332,1433212.68552102,13.9641417562541,0.107801653996252,"index",0.6,3
2004,930852.053864086,740053.145422689,1170842.32604415,13.743855632637,0.117031921864872,"index",0.6,3
2005,1541732.35592111,1250618.23796337,1900610.90198469,14.2484172485989,0.106771692168806,"index",0.6,3
2006,1188391.60789225,975491.100534851,1447757.55815136,13.9881113608596,0.100723812473683,"index",0.6,3
2007,1194990.15346744,983518.560545598,1451931.38611637,13.9936485035376,0.0993674968051232,"index",0.6,3
2008,1348589.06789049,1110400.30939624,1637871.00799946,14.1145694689844,0.0991540268840138,"index",0.6,3
2009,948787.916211539,779057.918257096,1155496.25881854,13.7629405712798,0.100563021182905,"index",0.6,3
2010,1037958.02979558,850326.933300595,1266991.35288505,13.8527659081676,0.101731321499535,"index",0.6,3
2011,1068807.48557153,875504.121682197,1304790.47776362,13.8820540854559,0.101787047378812,"index",0.6,3
2012,1215843.57731699,997382.035477661,1482155.83589794,14.0109486961589,0.101052640324577,"index",0.6,3
2013,1182827.11195585,959788.623948034,1457695.93623936,13.9834179885407,0.106608914437332,"index",0.6,3
2014,1131266.97806624,930197.099645573,1375799.79141061,13.938848782119,0.0998472450950649,"index",0.6,3
2015,1670962.52272891,1367205.37226468,2042206.53970928,14.3289103792763,0.102364656029957,"index",0.6,3
2016,1510199.84126462,1241720.86889579,1836728.05836293,14.2277525452426,0.0998711067191552,"index",0.6,3
2017,1812289.57481453,1488497.46719536,2206516.01723575,14.4101015623172,0.100422153679895,"index",0.6,3
2018,1565262.21578911,1288340.34854033,1901706.95729035,14.2635639179464,0.0993378056848999,"index",0.6,3
2019,1427182.98468467,1111741.66532042,1832126.41507538,14.1712131185708,0.12743841677554,"index",0.6,3
2021,1703582.29105657,1403365.98925523,2068022.62889509,14.3482438219646,0.0989097945272916,"index",0.6,3
2022,1771610.78068057,1437342.00744316,2183617.21982006,14.3873997362918,0.106682367734015,"index",0.6,3
2023,2285141.64694,1862981.66862615,2802964.96445426,14.6419385702972,0.104210976364804,"index",0.6,3
2024,1843483.17293571,1514255.32410882,2244291.40501598,14.4271673688337,0.100375838303468,"index",0.6,3
2003,1202921.93690948,953318.718022332,1517877.66141833,14.0002641025018,0.118655006455009,"index",0.6,4
2004,1366112.20296038,1064419.91794888,1753314.19452722,14.1274794555349,0.127318117450506,"index",0.6,4
2005,1464374.99442038,1177266.35227523,1821502.94208219,14.196939084434,0.111345630794421,"index",0.6,4
2006,1301276.17249451,1058681.16883363,1599461.41194475,14.0788560120574,0.105268006237435,"index",0.6,4
2007,1331671.18424251,1086646.48141263,1631945.78298961,14.1019452409311,0.103745963405377,"index",0.6,4
2008,1185988.37909638,965144.613198979,1457365.47260994,13.9860870600908,0.10513143832505,"index",0.6,4
2009,1008729.18122588,818545.355704504,1243101.01323692,13.8242018601634,0.10659265902478,"index",0.6,4
2010,1003223.19942447,822484.729070894,1223678.38853421,13.8187285740165,0.101350525118444,"index",0.6,4
2011,1145044.28925273,934443.829285858,1403108.86888975,13.9509538747925,0.103699394528543,"index",0.6,4
2012,1168766.03509875,953383.855270099,1432805.93356959,13.9714590793615,0.103923435943646,"index",0.6,4
2013,1398486.75685177,1116270.16719863,1752053.63948579,14.1509013220418,0.115001013228198,"index",0.6,4
2014,1203931.36270823,982813.838864491,1474796.82193642,14.0011028955085,0.103536542773452,"index",0.6,4
2015,1475194.67907051,1203035.15081512,1808924.15295052,14.2043005248572,0.104054111523605,"index",0.6,4
2016,1581620.53487905,1294130.62671265,1932976.05722033,14.2739605343652,0.10235434885488,"index",0.6,4
2017,1385904.29124401,1136682.89116818,1689768.2893024,14.1418634024112,0.101143985159991,"index",0.6,4
2018,1672984.94668543,1376593.01562116,2033192.52682181,14.3301199821314,0.0994905051216889,"index",0.6,4
2019,1870170.20817532,1438172.71473117,2431930.86040455,14.4415400051033,0.134010670360595,"index",0.6,4
2021,1794684.46299752,1470118.37081145,2190906.79068711,14.4003397778213,0.101780593684532,"index",0.6,4
2022,1826705.21900459,1474317.85420131,2263319.23447153,14.4180244753279,0.109348185968353,"index",0.6,4
2023,1830922.44450725,1478024.65989193,2268079.20650359,14.4203304658547,0.109243538430601,"index",0.6,4
2024,1723100.46299394,1405716.70523712,2112143.36039999,14.3596358208294,0.103868224752232,"index",0.6,4
2003,1127302.74791266,912802.920532451,1392207.95296113,13.9353383886351,0.107687239787811,"index",0.7,10
2004,1284192.92000314,1024612.73942934,1609536.35683339,14.0656410011694,0.115214217698372,"index",0.7,10
2005,1207215.25501666,987838.317967593,1475310.9344284,14.0038268230497,0.102324587122419,"index",0.7,10
2006,1243624.93073789,1025435.48848132,1508240.14355439,14.0335410041979,0.0984268377298083,"index",0.7,10
2007,1190972.23914723,987749.314473847,1436006.94390249,13.9902805392054,0.0954590627357155,"index",0.7,10
2008,1167887.36251845,966308.710025285,1411516.71032191,13.9707070015201,0.0966693088637343,"index",0.7,10
2009,1062590.13401396,874747.69127313,1290769.67469383,13.8762200081958,0.0992514346196471,"index",0.7,10
2010,991979.464733416,822244.521302559,1196752.58753194,13.8074576851792,0.0957489962498848,"index",0.7,10
2011,1051551.90962799,869314.584187228,1271992.25545733,13.8657776401227,0.0971024446189896,"index",0.7,10
2012,1132885.34241986,935844.150028702,1371413.39081984,13.940278336672,0.0974885778324364,"index",0.7,10
2013,1259707.02934125,1025298.75641048,1547706.74386389,14.0463897354957,0.105050469990979,"index",0.7,10
2014,1149884.49336539,948493.958863569,1394035.60320659,13.9551720547431,0.0982371906180204,"index",0.7,10
2015,1306552.78522518,1078214.00481642,1583248.01287507,14.082902765136,0.0980049815530934,"index",0.7,10
2016,1422438.19630602,1172401.25784899,1725800.28276542,14.1678829968022,0.0986336675699025,"index",0.7,10
2017,1393531.52993085,1154933.50078361,1681421.59145425,14.1473517520786,0.0958172845820442,"index",0.7,10
2018,1493215.28122857,1237341.23804131,1802002.39638347,14.2164422598495,0.0959031842570761,"index",0.7,10
2019,1607681.59135304,1261354.83543445,2049098.3397905,14.2903036937857,0.123781216511393,"index",0.7,10
2021,1609240.63531567,1322657.13994751,1957918.90743049,14.291272970613,0.100062917547328,"index",0.7,10
2022,1727405.5278315,1409425.85178163,2117124.39771902,14.3621311459109,0.103796888823763,"index",0.7,10
2023,1869710.030276,1534573.2960602,2278037.55368981,14.4412939127836,0.100782972036909,"index",0.7,10
2024,1702151.20535368,1409908.9941841,2054968.60991629,14.3474034239777,0.0961077388788873,"index",0.7,10
2003,1152101.17339042,929927.929385552,1427354.82157701,13.9570979405053,0.109305872634898,"index",0.7,2
2004,1369932.50897318,1081619.92798828,1735096.61811806,14.1302720330676,0.120564268672808,"index",0.7,2
2005,1418692.50740647,1157717.06098704,1738497.68513845,14.1652462359768,0.103719080823818,"index",0.7,2
2006,1247716.86034436,1026825.67043697,1516126.26019088,14.0368259274475,0.0994116223013254,"index",0.7,2
2007,1254031.69782179,1043095.21603818,1507624.11231712,14.0418742772254,0.0939666536309682,"index",0.7,2
2008,1213804.87251461,999600.511704699,1473911.0787645,14.0092705066406,0.0990627982554134,"index",0.7,2
2009,1029678.1558269,850115.489946617,1247168.31668795,13.8447568413059,0.0977718738992551,"index",0.7,2
2010,1058552.16096752,875897.56174139,1279296.49131715,13.8724126465361,0.0966386237710898,"index",0.7,2
2011,1204428.309962,994132.803900539,1459209.01930428,14.0015155807618,0.097904604384261,"index",0.7,2
2012,1151379.19607584,951253.701417373,1393607.2481831,13.9564710826881,0.097417608147259,"index",0.7,2
2013,1236377.19936668,1004133.74093467,1522335.63797082,14.0276960479237,0.106155149329388,"index",0.7,2
2014,1226744.2818119,1015638.55436515,1481729.42676332,14.0198742926916,0.0963518737760091,"index",0.7,2
2015,1389195.36803934,1149427.11202629,1678978.81508977,14.1442352655817,0.0966655787130507,"index",0.7,2
2016,1495456.82961484,1231458.46001821,1816050.80630052,14.2179422897781,0.0991000480333828,"index",0.7,2
2017,1553544.45564488,1289879.50704093,1871105.29509975,14.2560496238492,0.0948947321152975,"index",0.7,2
2018,1683015.28529637,1398591.9453524,2025280.11115317,14.3360975553042,0.0944512356389811,"index",0.7,2
2019,1612760.41420202,1261412.3641468,2061971.34858144,14.2934578117923,0.125367220338217,"index",0.7,2
2021,1882304.37922995,1554178.92179649,2279705.20406541,14.4480073178409,0.097731070457717,"index",0.7,2
2022,1821907.84844076,1489138.91305614,2229038.66060273,14.4153947783774,0.102903002199002,"index",0.7,2
2023,2154142.45463331,1761991.59510951,2633570.85682649,14.5829032694389,0.10252635030158,"index",0.7,2
2024,1844843.72445661,1527732.62551007,2227777.49904411,14.4279051296778,0.0962312986734491,"index",0.7,2
2003,1128496.23571373,912210.350337003,1396063.69687603,13.9363965395795,0.108558448776104,"index",0.7,3
2004,1114777.75434802,893928.541439755,1390188.79471919,13.9241656195541,0.112647222913325,"index",0.7,3
2005,1362229.57794781,1114867.35666533,1664475.51983794,14.1246333109201,0.102240306114283,"index",0.7,3
2006,1187877.67997485,984971.50870617,1432582.94286699,13.9876788106195,0.0955684989788288,"index",0.7,3
2007,1178950.88241376,977966.095369991,1421240.66439986,13.9801355182732,0.0953615671728174,"index",0.7,3
2008,1158442.08288227,960660.482138155,1396943.1285502,13.9625866284087,0.095517213979026,"index",0.7,3
2009,1013747.91329433,837623.780794938,1226905.03215332,13.829164826007,0.0973693893295527,"index",0.7,3
2010,964301.63524816,798525.783188739,1164492.94852949,13.7791594242848,0.0962450790565888,"index",0.7,3
2011,1033471.37440296,853928.937992832,1250763.42326661,13.8484339599971,0.0973643918842569,"index",0.7,3
2012,1132062.58944631,935629.422848045,1369736.43103571,13.9395518272471,0.097234983625501,"index",0.7,3
2013,1167871.50112179,954559.601449042,1428851.42118104,13.9706934201552,0.102903960971175,"index",0.7,3
2014,1197811.49594105,993072.957080434,1444760.29639013,13.9960066963128,0.0956381270691035,"index",0.7,3
2015,1284990.73984732,1065120.58501795,1550248.13595687,14.066262069941,0.0957484399387634,"index",0.7,3
2016,1515752.24042669,1253846.94304761,1832364.68142931,14.2314224020307,0.0967851785988008,"index",0.7,3
2017,1503286.54488971,1248852.43799894,1809557.612481,14.2231642991932,0.0946081982341584,"index",0.7,3
2018,1670786.87162601,1388083.88696364,2011066.33151989,14.3288052540366,0.0945784718405285,"index",0.7,3
2019,1453789.11023343,1143141.31384704,1848855.21276514,14.1896838854512,0.12265190485673,"index",0.7,3
2021,1636175.44300783,1356659.45390234,1973280.82047522,14.3078720293975,0.0955813875522869,"index",0.7,3
2022,1762809.10232004,1442275.37881144,2154578.78354911,14.3824191754946,0.102393017643953,"index",0.7,3
2023,1870190.44030417,1540036.24710943,2271123.35152495,14.4415508233803,0.0991009598724932,"index",0.7,3
2024,1748705.00365231,1448479.13930085,2111158.5985799,14.3743860740531,0.0961045106126015,"index",0.7,3
2003,1258619.13511957,1008915.85758539,1570123.1330434,14.045525753455,0.112828016855663,"index",0.7,4
2004,1459101.64784378,1153861.04091711,1845090.13065238,14.1933314946078,0.119750767263706,"index",0.7,4
2005,1477846.83351332,1203467.87263924,1814781.52676871,14.2060967442091,0.104787080232352,"index",0.7,4
2006,1309397.5357996,1076421.0024731,1592798.63809692,14.0850776930564,0.0999638183067158,"index",0.7,4
2007,1361137.75175342,1122101.72896426,1651094.48762587,14.123831490144,0.0985311277077165,"index",0.7,4
2008,1236848.39070888,1015178.59603367,1506920.99653803,14.0280770817848,0.100768162925315,"index",0.7,4
2009,1037171.88282219,852822.563870501,1261370.84088721,13.8520082235462,0.0998495046204278,"index",0.7,4
2010,1079209.48198088,890450.911928559,1307981.26027511,13.8917393699572,0.0980916565044532,"index",0.7,4
2011,1247191.36676031,1027495.57521108,1513861.80422422,14.0364046746045,0.0988639368649565,"index",0.7,4
2012,1241297.75100054,1022177.57494647,1507389.85515281,14.0316679636926,0.0990947681581089,"index",0.7,4
2013,1422055.61281218,1146670.16440421,1763577.90470754,14.1676139974499,0.109818960000483,"index",0.7,4
2014,1233405.78428588,1016847.60798072,1496084.38547726,14.0252898312366,0.0985079387257503,"index",0.7,4
2015,1504326.61375789,1243289.46430636,1820170.3029172,14.2238559233182,0.0972388808630261,"index",0.7,4
2016,1663381.4654608,1373498.10785226,2014446.09484394,14.3243631157917,0.0977016467628703,"index",0.7,4
2017,1479163.60191588,1224086.6371155,1787393.8779272,14.2069873521514,0.0965741371462894,"index",0.7,4
2018,1645793.52180384,1364773.65259595,1984678.05358008,14.3137332099471,0.0955293366851864,"index",0.7,4
2019,1852351.36342773,1451696.96702343,2363582.5186216,14.4319663972668,0.124350573276042,"index",0.7,4
2021,1889536.95004644,1559606.06355552,2289263.91671709,14.451842357043,0.0979092139356609,"index",0.7,4
2022,1936281.92279625,1581080.17967999,2371282.45153664,14.476280157496,0.103400536771984,"index",0.7,4
2023,1976198.51000198,1617780.76663614,2414023.35314844,14.4966856127714,0.102103785297318,"index",0.7,4
2024,1824188.81532235,1506999.4064904,2208139.44558668,14.4166459614312,0.0974583610538436,"index",0.7,4
2003,1214799.45914143,983237.36472448,1500896.7100674,14.0100895669293,0.107901843558191,"index",0.7,5
2004,1318259.50872163,1056567.9642,1644767.01094266,14.0918228705066,0.112903312869045,"index",0.7,5
2005,1454162.53659011,1195908.71043918,1768185.70210566,14.1899407166534,0.0997588918369969,"index",0.7,5
2006,1268031.62842437,1042479.1281354,1542385.03897963,14.0529763572206,0.0999325228851576,"index",0.7,5
2007,1260798.33076797,1051469.70905093,1511800.49903873,14.0472556741382,0.0926324204066155,"index",0.7,5
2008,1200997.85799006,990926.635246841,1455603.07250941,13.9986633175385,0.0980974852170018,"index",0.7,5
2009,1145965.85089826,949899.452583482,1382501.82990769,13.9517583772947,0.0957400034823832,"index",0.7,5
2010,984329.056360404,815656.925798464,1187881.40031654,13.7997155270032,0.0959029946556724,"index",0.7,5
2011,1285639.28597639,1067209.68866711,1548775.64474722,14.0667666514143,0.0950061430692846,"index",0.7,5
2012,1228200.2723935,1018363.49006538,1481274.53882956,14.0210604626601,0.0955900153495232,"index",0.7,5
2013,1205666.78791638,984605.724683195,1476359.89416203,14.0025433228327,0.103342083792745,"index",0.7,5
2014,1172172.59869509,972864.499549947,1412312.40503401,13.9743695067873,0.0950881839003031,"index",0.7,5
2015,1310893.20291639,1089603.60080209,1577124.91789437,14.0862192971213,0.0943358038754194,"index",0.7,5
2016,1556536.54717739,1291629.02492507,1875775.45560302,14.2579737489462,0.0951848915257904,"index",0.7,5
2017,1590802.45955164,1316712.63678857,1921947.42771495,14.2797491384244,0.0964815569569844,"index",0.7,5
2018,1646695.39185872,1367137.17161069,1983418.90621997,14.3142810447925,0.0949260244531516,"index",0.7,5
2019,1721533.31660403,1350414.7833226,2194641.96984408,14.3587259148142,0.123881646091391,"index",0.7,5
2021,1779031.23234619,1463887.78039271,2162018.26947018,14.3915795226188,0.0994779528238674,"index",0.7,5
2022,1896849.31003741,1553173.1538773,2316571.91344529,14.4557048098302,0.101988719747855,"index",0.7,5
2023,2001836.86839148,1653850.77875857,2423042.57380429,14.5095757512173,0.0974297592366382,"index",0.7,5
2024,1953520.92539654,1619535.5463103,2356381.75071644,14.4851439051663,0.0956619307045089,"index",0.7,5
2003,1256381.58957949,NA,NA,14.0437463932278,NA,"index",0.7,6
2004,1383324.24527606,NA,NA,14.1400000338372,NA,"index",0.7,6
2005,1597532.65344334,NA,NA,14.283970905365,NA,"index",0.7,6
2006,1334318.02049077,NA,NA,14.1039308732158,NA,"index",0.7,6
2007,1233730.14560481,NA,NA,14.0255527768788,NA,"index",0.7,6
2008,1145026.77306247,NA,NA,13.9509385772844,NA,"index",0.7,6
2009,1110610.53153883,NA,NA,13.9204204504917,NA,"index",0.7,6
2010,1082979.54723776,NA,NA,13.8952266405211,NA,"index",0.7,6
2011,1310167.1342006,NA,NA,14.0856652703985,NA,"index",0.7,6
2012,1204286.48196247,NA,NA,14.0013978183765,NA,"index",0.7,6
2013,1260858.37775966,NA,NA,14.0473032991709,NA,"index",0.7,6
2014,1189605.36090242,NA,NA,13.9891321805927,NA,"index",0.7,6
2015,1384459.71747124,NA,NA,14.1408205258078,NA,"index",0.7,6
2016,1618133.65753184,NA,NA,14.2967839798216,NA,"index",0.7,6
2017,1615841.19860655,NA,NA,14.2953662450455,NA,"index",0.7,6
2018,1664889.82015032,NA,NA,14.3252695051232,NA,"index",0.7,6
2019,1682049.17930467,NA,NA,14.3355233576754,NA,"index",0.7,6
2021,1795845.63658336,NA,NA,14.4009865757003,NA,"index",0.7,6
2022,1857608.520338,NA,NA,14.4348004766605,NA,"index",0.7,6
2023,2092826.31287819,NA,NA,14.5540260132156,NA,"index",0.7,6
2024,1993222.56744178,NA,NA,14.5052632675417,NA,"index",0.7,6
2003,1385325.98277841,1112772.85473566,1724635.95817751,14.1414460365362,0.111777824812082,"index",0.7,7
2004,1292393.7230862,1029540.45434996,1622356.39057739,14.0720066561319,0.116014150313125,"index",0.7,7
2005,1435264.48026057,1175046.60914782,1753108.44034655,14.1768596969952,0.102063775885488,"index",0.7,7
2006,1345712.27085297,1108605.0761755,1633531.68305137,14.1124340002531,0.0988900341630235,"index",0.7,7
2007,1294564.22005678,1071615.87061381,1563896.69638925,14.0736846868751,0.0964336394034433,"index",0.7,7
2008,1148092.71051666,948258.582927435,1390039.48466488,13.9536126108906,0.0975681704127724,"index",0.7,7
2009,1157188.17637021,954235.850256579,1403305.56137767,13.9615036345848,0.0983882835290529,"index",0.7,7
2010,998628.064631721,824081.106908016,1210145.46154546,13.814137680631,0.0980188653389328,"index",0.7,7
2011,1198742.9291201,992278.546034586,1448166.56155473,13.9967840066182,0.0964430310369857,"index",0.7,7
2012,1137868.65515982,938595.628553003,1379449.29318633,13.9446674697488,0.098230093179234,"index",0.7,7
2013,1329914.25163188,1084977.14278959,1630146.70718882,14.1006250256623,0.103856779556392,"index",0.7,7
2014,1239993.39989009,1026837.44565785,1497397.31276154,14.0306166148978,0.0962376965924957,"index",0.7,7
2015,1314223.27734856,1086033.89008062,1590358.1264822,14.0887563854703,0.097304543170045,"index",0.7,7
2016,1504863.71012478,1241847.80693129,1823584.80114127,14.2242128940079,0.098012973839683,"index",0.7,7
2017,1520651.76382784,1255884.43819032,1841237.70986825,14.2346495929094,0.0976033133523561,"index",0.7,7
2018,1660445.30888267,1378638.0482667,1999856.76244524,14.3225963827209,0.0948944653719229,"index",0.7,7
2019,1472867.32495098,1149265.51658751,1887586.57211748,14.2027216200717,0.126577838654776,"index",0.7,7
2021,1850486.64969203,1518314.28282321,2255330.71738031,14.4309592163495,0.10094469335596,"index",0.7,7
2022,1766793.01672569,1446382.24793249,2158182.98960232,14.3846766061982,0.102094024435459,"index",0.7,7
2023,2011611.45682358,1646980.26934118,2456969.72122355,14.5144466786423,0.102038940964343,"index",0.7,7
2024,1946673.47087778,1605964.94968365,2359663.95341679,14.4816325614441,0.0981636470447844,"index",0.7,7
2003,1273872.25959422,1019109.17956852,1592322.55610801,14.0575718428927,0.113845149376056,"index",0.7,8
2004,1408506.40173385,1113414.38830778,1781807.65809974,14.1580404113602,0.119950435676704,"index",0.7,8
2005,1557411.66605083,1259806.77267246,1925319.93807738,14.2585358128192,0.108199386491919,"index",0.7,8
2006,1475198.31920912,1205777.79400078,1804818.50953378,14.2043029924191,0.102893525151824,"index",0.7,8
2007,1361936.8497292,1117896.27158835,1659252.32044546,14.1244183987791,0.10074636691093,"index",0.7,8
2008,1290748.0314028,1052977.59170265,1582208.86531521,14.0707324775831,0.103879443057999,"index",0.7,8
2009,1197564.59641879,981142.055749238,1461726.1121281,13.995800549542,0.101699835286009,"index",0.7,8
2010,1140120.77652137,933492.561411378,1392486.06661671,13.946644759076,0.102020489771479,"index",0.7,8
2011,1305138.55679884,1067886.9494121,1595100.16802875,14.0818197668951,0.102362761861201,"index",0.7,8
2012,1345620.66370985,1100777.47591182,1644923.71094628,14.1123659245855,0.102470576898585,"index",0.7,8
2013,1359964.57794435,1086180.31914854,1702759.31229649,14.1229692117439,0.114691600505134,"index",0.7,8
2014,1349642.4653644,1102271.7261887,1652527.90309082,14.1153502748674,0.103301113018048,"index",0.7,8
2015,1374367.25601826,1128872.80021859,1673249.06229418,14.1335040057274,0.100396658498614,"index",0.7,8
2016,1489045.28457078,1222686.35077261,1813429.79587644,14.2136457239443,0.100555317656246,"index",0.7,8
2017,1655315.3386437,1355848.71902679,2020925.21967782,14.3195020855883,0.101820191617402,"index",0.7,8
2018,1724680.19012114,1417175.00569997,2098909.27107278,14.3605521942282,0.100193769046273,"index",0.7,8
2019,1745899.26104998,1364372.38320417,2234114.57697229,14.372780316724,0.125805999665901,"index",0.7,8
2021,1870034.11692321,1526143.55695512,2291414.58057451,14.4414672330083,0.103681840171032,"index",0.7,8
2022,2062846.11074058,1674796.35163234,2540806.87030998,14.5395971943804,0.10632596378785,"index",0.7,8
2023,2136917.76005476,1738273.33381956,2626984.73502067,14.5748750497305,0.105344899062411,"index",0.7,8
2024,1974272.80141047,1621434.25631659,2403892.15856564,14.4957106866969,0.10045543148824,"index",0.7,8
2003,1262876.48209962,1032106.82485484,1545244.12651241,14.048902599321,0.102955905715564,"index",0.8,6
2004,1317048.84023514,1068170.6658473,1623914.32663879,14.0909040644988,0.106862157127733,"index",0.8,6
2005,1502857.99802386,1241069.96342361,1819866.9122519,14.2228791852456,0.0976521749924669,"index",0.8,6
2006,1377297.32456756,1145501.09925259,1655998.34124878,14.1356336763838,0.0940226133415037,"index",0.8,6
2007,1253861.48813286,1049704.71861218,1497724.64917688,14.0417385380399,0.0906746640383275,"index",0.8,6
2008,1178360.77166589,981073.894469555,1415320.61552996,13.9796348540872,0.0934873263819252,"index",0.8,6
2009,1114619.77360281,927005.15102452,1340205.32500096,13.9240238944975,0.0940371837227394,"index",0.8,6
2010,1121757.48097883,937439.430176015,1342315.89330064,13.930407192841,0.0915831960840182,"index",0.8,6
2011,1221511.11825729,1020761.25676161,1461741.81488811,14.015599271773,0.0916037417708508,"index",0.8,6
2012,1210468.94090811,1009739.24852772,1451102.40989407,14.0065183969626,0.0925097158322498,"index",0.8,6
2013,1255370.5314211,1033356.69160435,1525083.43340162,14.0429413311323,0.0992968990028499,"index",0.8,6
2014,1222208.80321315,1020709.47530364,1463486.32475205,14.0161702741769,0.0919209577864254,"index",0.8,6
2015,1450873.97775465,1213433.50049728,1734775.98769354,14.1876766760991,0.0911813556863831,"index",0.8,6
2016,1536557.3753154,1283750.6649779,1839148.85658642,14.245055001421,0.0917151767163741,"index",0.8,6
2017,1603265.95259963,1343955.65322134,1912609.02739165,14.2875533271251,0.0900146763465801,"index",0.8,6
2018,1685273.38162131,1414326.84838427,2008125.89681509,14.3374383528941,0.0894272057720952,"index",0.8,6
2019,1708799.5192672,1362723.05918535,2142765.38241998,14.3513016464203,0.115464438592635,"index",0.8,6
2021,1736586.48482758,1447764.69788408,2083026.7678811,14.3674319540307,0.0928081424983961,"index",0.8,6
2022,1878285.06682526,1547199.16015559,2280220.20895098,14.4458697200027,0.0989369502026073,"index",0.8,6
2023,2049216.95222355,1702315.41015975,2466810.8461089,14.5329683036186,0.0946284813229358,"index",0.8,6
2024,1916139.55986258,1600694.6504103,2293748.41224666,14.465823074037,0.0917745560418757,"index",0.8,6
2003,1363415.75705777,1109522.72528188,1675407.3478947,14.125503695023,0.105136213241728,"index",0.8,7
2004,1298863.2019209,1044448.93897426,1615249.49123989,14.0769999798077,0.11122653699724,"index",0.8,7
2005,1471816.50086357,1214452.03608019,1783721.17453574,14.2020079107609,0.0980652595465042,"index",0.8,7
2006,1403065.38084401,1165774.14699915,1688656.81915349,14.1541699587429,0.0945293036226338,"index",0.8,7
2007,1325180.26468837,1108935.49117904,1583593.22781924,14.0970590569701,0.0908934869179013,"index",0.8,7
2008,1180797.41599178,980514.539826753,1421990.68038219,13.9817005444721,0.0948322481624771,"index",0.8,7
2009,1122136.02144498,933165.754146616,1349373.61881213,13.9307445889513,0.094086661376436,"index",0.8,7
2010,1054119.85458451,877592.565440364,1266155.51633771,13.8682167156455,0.0935114117663278,"index",0.8,7
2011,1154676.73425933,962752.977292617,1384860.28304908,13.9593309790051,0.092746007721977,"index",0.8,7
2012,1137262.75203792,946668.1346895,1366230.17061526,13.9441348384166,0.0935889473822163,"index",0.8,7
2013,1341515.3172496,1101968.14102291,1633135.55031159,14.1093103667846,0.100360011817352,"index",0.8,7
2014,1248960.10036213,1043001.33107866,1495589.01395012,14.0378218433309,0.0919449717282278,"index",0.8,7
2015,1312082.85468385,1095714.05611863,1571177.6333815,14.0871263979281,0.0919453544050519,"index",0.8,7
2016,1446439.50467034,1208770.46004914,1730839.15418146,14.1846155806574,0.0915839933025451,"index",0.8,7
2017,1524073.02211954,1272368.89101554,1825570.07889328,14.2368969288575,0.0920965593161016,"index",0.8,7
2018,1703578.60512875,1429645.05369644,2030000.42307608,14.3482416583287,0.0894429196066413,"index",0.8,7
2019,1583995.76857679,1258308.58822599,1993980.34659092,14.2754611799999,0.117442052505928,"index",0.8,7
2021,1749621.51800612,1455775.49806981,2102779.90001122,14.3749100470837,0.0938082248296261,"index",0.8,7
2022,1765705.54434924,1462122.85672529,2132321.54535111,14.384060910315,0.0962573612137884,"index",0.8,7
2023,2000380.49486168,1659190.10461206,2411732.15359711,14.5088479678603,0.0954139039528547,"index",0.8,7
2024,1897772.73994518,1585016.85444149,2272241.68776938,14.4561915143893,0.0918822574576942,"index",0.8,7
2003,1210911.66401186,989485.611625557,1481888.20616713,14.0068840752106,0.103034328150928,"index",0.8,8
2004,1343877.70559606,1083736.54724495,1666463.39665238,14.1110698030651,0.109769572765467,"index",0.8,8
2005,1432167.74840069,1183375.62520915,1733265.76605512,14.17469976238,0.0973579882726949,"index",0.8,8
2006,1350296.22203005,1124164.34359401,1621915.77914619,14.1158345500707,0.0935139827092921,"index",0.8,8
2007,1278223.28425294,1070168.92615426,1526726.03780207,14.0609816124719,0.0906417388204688,"index",0.8,8
2008,1167036.43559687,969257.84838286,1405172.05435376,13.9699781323725,0.0947426488239443,"index",0.8,8
2009,1141597.34407994,951400.356128513,1369817.12022223,13.9479390186529,0.0929857807539746,"index",0.8,8
2010,1104033.07955097,921530.711101721,1322678.69758305,13.9144804687317,0.0921900031459401,"index",0.8,8
2011,1209215.84401917,1007693.75646162,1451039.01661684,14.0054826446954,0.093015880758319,"index",0.8,8
2012,1244550.01294999,1036294.11791273,1494657.46061898,14.0342845871659,0.093431833187206,"index",0.8,8
2013,1268283.18255798,1035570.67766683,1553290.630808,14.0531747191379,0.103426138756002,"index",0.8,8
2014,1267764.95557234,1056017.11983976,1521971.52146664,14.052766030529,0.0932420579582605,"index",0.8,8
2015,1292460.67556566,1079386.98732049,1547595.64225471,14.0720584598076,0.0919173146085503,"index",0.8,8
2016,1453187.64673288,1211813.15469161,1742640.21515302,14.1892700785587,0.0926760945915873,"index",0.8,8
2017,1536204.53758068,1279871.71653745,1843875.7187853,14.2448253463118,0.0931419854311767,"index",0.8,8
2018,1623082.84452469,1358448.54467007,1939269.56639362,14.2998378892635,0.0908098618715581,"index",0.8,8
2019,1652555.16765782,1311528.00858999,2082257.15674084,14.3178332345125,0.117925534410407,"index",0.8,8
2021,1772380.93467697,1472786.62653801,2132918.72767105,14.3878343614661,0.0944749670730291,"index",0.8,8
2022,1854983.76064972,1530423.8532247,2248373.70707718,14.4333864996186,0.0981299747755014,"index",0.8,8
2023,1970032.23134484,1628707.14322271,2382888.17525425,14.4935604616691,0.097074930342948,"index",0.8,8
2024,1837674.55434528,1533878.98873437,2201638.97705816,14.4240115011194,0.0921961479085359,"index",0.8,8
2003,1189794.04415227,971652.519430586,1456909.58361307,13.989290777968,0.103337229834682,"index",0.8,9
2004,1282930.07139412,1036191.98323924,1588421.44574603,14.0646571381327,0.108978605309657,"index",0.8,9
2005,1507423.31006027,1246838.88756404,1822468.85173154,14.2259123340243,0.096833574103927,"index",0.8,9
2006,1449624.67381242,1209343.40913281,1737646.79168561,14.1868152352438,0.0924645062161913,"index",0.8,9
2007,1290132.04492428,1079546.0527222,1541796.84057334,14.0702551315058,0.0909220494480709,"index",0.8,9
2008,1283062.76770707,1072125.21001644,1535501.68440763,14.0647605650099,0.0916379853129358,"index",0.8,9
2009,1134475.29913479,946249.495673224,1360142.55250016,13.9416808104968,0.0925625476632585,"index",0.8,9
2010,1147375.80075989,959568.61830392,1371940.6856972,13.9529879804271,0.0912000808775675,"index",0.8,9
2011,1218734.84474714,1018498.74285289,1458337.21663746,14.0133238661376,0.091574940773122,"index",0.8,9
2012,1230611.4231535,1026605.01505567,1475157.87726183,14.023021695834,0.092478169525367,"index",0.8,9
2013,1322033.05430596,1089090.23089869,1604799.44369287,14.0946813023384,0.098893678010558,"index",0.8,9
2014,1262283.82468481,1057471.83395954,1506763.96561298,14.048433197498,0.0903290284414818,"index",0.8,9
2015,1342319.02092969,1123791.87301752,1603339.90413326,14.1099092887766,0.0906599122445092,"index",0.8,9
2016,1478529.23452227,1242872.16716792,1758868.49435068,14.2065583911751,0.0885847237613758,"index",0.8,9
2017,1484213.15964627,1245722.16393017,1768362.77546606,14.2103953309701,0.0893737646640814,"index",0.8,9
2018,1684411.76719509,1416608.68880581,2002841.73313737,14.3369269612317,0.0883437842487335,"index",0.8,9
2019,1613624.85882078,1285681.28597862,2025218.2351884,14.293993671317,0.115917615657432,"index",0.8,9
2021,1865746.08993474,1556591.43985439,2236301.94987606,14.4391715792845,0.0924315785797841,"index",0.8,9
2022,2012172.94497701,1666868.35756481,2429010.03076965,14.5147257632557,0.0960571601280794,"index",0.8,9
2023,1997231.32367108,1663084.59757451,2398514.76351264,14.5072724412785,0.0934138664698451,"index",0.8,9
2024,1886366.75304711,1576680.13253143,2256881.05886662,14.450163184059,0.091497176985081,"index",0.8,9
2003,1277339.74804586,1049968.80135058,1553947.91715631,14.0602901513487,0.10001160439788,"index",0.9,1
2004,1339530.32483448,1083377.07622345,1656248.34651852,14.1078296066314,0.108285644751858,"index",0.9,1
2005,1552085.93418697,1285589.62509287,1873825.59728343,14.2551103481583,0.0961151971979504,"index",0.9,1
2006,1491788.19304067,1240638.67602676,1793779.32987117,14.2154860878993,0.0940574536363303,"index",0.9,1
2007,1414181.38347774,1187206.91138619,1684549.64858645,14.1620613940703,0.0892605285028231,"index",0.9,1
2008,1299044.66214101,1079407.23813069,1563373.83577256,14.0771396770024,0.0945002477703379,"index",0.9,1
2009,1208700.23547288,999530.710425077,1461642.19267549,14.0050561546625,0.0969482081930066,"index",0.9,1
2010,1121770.25645584,941176.423723963,1337016.60661026,13.930418581581,0.089559143234785,"index",0.9,1
2011,1211297.9670961,1012922.05952052,1448524.84088033,14.0072030427207,0.09125331083473,"index",0.9,1
2012,1250782.05847812,1049915.86352885,1490077.26443193,14.0392795604256,0.0893174430019451,"index",0.9,1
2013,1237721.40142274,1020054.31406683,1501835.97717669,14.028782667663,0.0986835657495697,"index",0.9,1
2014,1193017.29006434,1012253.84823959,1406060.60117006,13.9919961939041,0.0838312640659579,"index",0.9,1
2015,1300745.48386839,1106989.56751665,1528414.41640648,14.0784481072022,0.0822940222025886,"index",0.9,1
2016,1485892.41390469,1263113.14880924,1747963.96330835,14.2115261018439,0.0828770928783239,"index",0.9,1
2017,1566188.67702989,1334156.64589689,1838574.93765857,14.2641556316916,0.0818105376847464,"index",0.9,1
2018,1582102.84980237,1351168.4334122,1852507.33029017,14.2742654377138,0.0805041095892955,"index",0.9,1
2019,1554960.52927214,1259975.76404376,1919006.94965297,14.2569607201686,0.107327317221689,"index",0.9,1
2021,1823701.52941864,1544686.62930691,2153114.55754374,14.4163788010396,0.0847195068559827,"index",0.9,1
2022,1892350.56024478,1599475.29719199,2238853.35968955,14.4533302969724,0.0857893839516868,"index",0.9,1
2023,1937046.79549354,1643392.35775805,2283173.74741268,14.4766751008446,0.0838800753155862,"index",0.9,1
2024,1821876.45675805,1550526.52763502,2140713.98620443,14.4153775481134,0.0822833597581722,"index",0.9,1
2003,1157829.17246583,957851.497853894,1399557.65128154,13.9620574067735,0.0967412544365005,"index",0.9,10
2004,1311117.98928763,1070457.13211027,1605884.37431847,14.0863907581527,0.103468440378578,"index",0.9,10
2005,1331397.23791742,1115698.58521693,1588797.03588535,14.1017395035765,0.0901793116903545,"index",0.9,10
2006,1328704.75940327,1119110.62650816,1577553.01025911,14.0997151605729,0.0875885054939135,"index",0.9,10
2007,1225528.69690321,1038920.50978755,1445654.95895388,14.0188828981618,0.0842822310872631,"index",0.9,10
2008,1188283.20449512,1000422.91552478,1411420.06262872,13.9880201381171,0.0878009776653929,"index",0.9,10
2009,1066917.29189301,899903.219795,1264927.69744686,13.8802840126525,0.0868595091706508,"index",0.9,10
2010,1025429.30725026,867320.856324291,1212360.17386233,13.8406219192089,0.085439149254742,"index",0.9,10
2011,1120843.40535818,946452.728342773,1327366.810527,13.9295920003769,0.0862851036900012,"index",0.9,10
2012,1165010.65188859,983045.847001371,1380657.7009139,13.9682407881921,0.0866494239744829,"index",0.9,10
2013,1253279.98449537,1043926.5637902,1504618.02009705,14.0412746602298,0.0932542423830225,"index",0.9,10
2014,1179983.45065559,997806.116618348,1395422.33769814,13.9810109714754,0.0855611165833976,"index",0.9,10
2015,1310335.07397472,1109936.62586937,1546915.35180533,14.0857934441309,0.0846852123778202,"index",0.9,10
2016,1398572.03931559,1183096.83974047,1653291.33123577,14.1509623021427,0.0853670293907764,"index",0.9,10
2017,1391348.83159155,1180169.56800843,1640316.46269101,14.1457842170302,0.0839890582218967,"index",0.9,10
2018,1557956.01684833,1322338.03499932,1835557.08615397,14.2588852744934,0.083661388363097,"index",0.9,10
2019,1481148.35026928,1191219.70005421,1841642.17180557,14.20832825722,0.111144878545072,"index",0.9,10
2021,1676672.37360316,1414722.77361752,1987124.47472349,14.3323216571415,0.0866737900908818,"index",0.9,10
2022,1760920.5979403,1476154.98751875,2100620.44871222,14.381347297274,0.0899996198611223,"index",0.9,10
2023,1881834.58720322,1582171.87899092,2238253.29006156,14.4477577032367,0.0884958277563449,"index",0.9,10
2024,1683286.01244246,1424051.21614249,1989712.00443181,14.336258400768,0.0853291516516021,"index",0.9,10
2003,1234933.93222313,1017938.82227343,1498186.1223743,14.0265280304376,0.0985924505111849,"index",0.9,2
2004,1385498.47935986,1130091.31376797,1698629.13989497,14.1415705457457,0.103961884649417,"index",0.9,2
2005,1408624.88545077,1179016.3285822,1682948.75974896,14.1581245279348,0.0907840656237872,"index",0.9,2
2006,1348875.24882643,1135572.63395804,1602243.99786285,14.1147816541356,0.087825108274334,"index",0.9,2
2007,1308949.74712297,1110692.39825703,1542595.81066908,14.0847356538747,0.0837982198343625,"index",0.9,2
2008,1268524.92014822,1067463.11428078,1507457.68308935,14.0533653031956,0.0880474510939349,"index",0.9,2
2009,1053165.86643401,887124.08379609,1250285.45891293,13.8673112966925,0.0875379114095342,"index",0.9,2
2010,1108668.60076963,936420.2633597,1312600.88490881,13.918670394596,0.086149920060912,"index",0.9,2
2011,1148180.32070892,968745.987793027,1360850.07367782,13.9536889173151,0.0867011846377736,"index",0.9,2
2012,1203025.54481181,1013379.05986138,1428162.98342273,14.0003502289889,0.0875267718094088,"index",0.9,2
2013,1308548.1468105,1090377.35860334,1570372.16428857,14.084428795698,0.0930600777827845,"index",0.9,2
2014,1235846.76825419,1043393.15716121,1463798.40055663,14.02726693541,0.086368078907922,"index",0.9,2
2015,1349416.2335855,1142265.0652559,1594134.51995587,14.115182637328,0.0850316078246481,"index",0.9,2
2016,1532649.5005085,1293806.55661759,1815584.00627525,14.2425084953842,0.0864348765692703,"index",0.9,2
2017,1571331.6776713,1331746.54740006,1854018.8792482,14.2674340201426,0.0844057284726591,"index",0.9,2
2018,1689073.03874365,1434313.81983527,1989081.95037706,14.3396904386345,0.0834164920584653,"index",0.9,2
2019,1604870.6359917,1292796.01903326,1992278.53454749,14.2885537106696,0.110326426897604,"index",0.9,2
2021,1834166.43115835,1546585.99410243,2175221.10637022,14.4221006753139,0.0870119050506119,"index",0.9,2
2022,1800826.44373676,1510477.46997501,2146987.25729105,14.4037562529053,0.0897056732684483,"index",0.9,2
2023,1987157.80256366,1668635.2982475,2366482.4401335,14.5022159358761,0.0891339196119742,"index",0.9,2
2024,1842969.7845385,1556253.76580732,2182508.85642671,14.4268888418016,0.0862754541141237,"index",0.9,2
2003,1227743.88338853,1015623.88615994,1484166.5933018,14.0206888019209,0.0967748160789787,"index",0.9,3
2004,1256034.74243331,1027452.37665775,1535470.94740434,14.0434702868007,0.102490358424145,"index",0.9,3
2005,1430736.53124129,1197730.68676796,1709071.19976373,14.1736999264519,0.0906958994310003,"index",0.9,3
2006,1299067.8982037,1095510.0887982,1540448.98481465,14.0771575638816,0.0869541062700424,"index",0.9,3
2007,1278232.04575069,1083345.77869479,1508176.97813204,14.0609884668829,0.0844014046124968,"index",0.9,3
2008,1186668.69418406,1000264.52000699,1407810.19579367,13.9866605227407,0.0871880713608117,"index",0.9,3
2009,1066258.41567678,899006.878526177,1264625.48414022,13.879666270537,0.0870527760458874,"index",0.9,3
2010,994422.547460202,839721.425298718,1177624.11807637,13.8099174933586,0.086273021048148,"index",0.9,3
2011,1145473.3624103,965281.970430898,1359301.49343393,13.9513285264895,0.0873245594623083,"index",0.9,3
2012,1191399.37042802,1006150.82829957,1410755.14717327,13.9906391157462,0.0862243234816358,"index",0.9,3
2013,1217958.23188158,1013916.71244779,1463061.2518723,14.0126864342843,0.0935502456148567,"index",0.9,3
2014,1179316.5413501,997486.150337005,1394292.54655022,13.9804456263938,0.0854363061968255,"index",0.9,3
2015,1358190.52571085,1148654.95816563,1605949.19389597,14.121663876016,0.0854922147096016,"index",0.9,3
2016,1519331.12317964,1285689.11755488,1795431.74966929,14.2337807454321,0.0851930626943608,"index",0.9,3
2017,1473713.682843,1250087.98862914,1737343.32203314,14.2032960878451,0.0839666399172349,"index",0.9,3
2018,1650404.13264891,1401989.95496013,1942834.03488583,14.3165307447647,0.0832298778413754,"index",0.9,3
2019,1506457.20225466,1213008.06422996,1870897.12685925,14.2252712284232,0.110541517118831,"index",0.9,3
2021,1692598.74489396,1428036.37723658,2006174.74238334,14.3417756246924,0.0867182918770618,"index",0.9,3
2022,1812231.92314836,1517316.85418858,2164468.5051853,14.4100697503022,0.0906218921562953,"index",0.9,3
2023,1936844.95740061,1626068.69084197,2307017.16977634,14.4765708965426,0.0892338249244887,"index",0.9,3
2024,1758930.04468537,1487792.41779587,2079480.2185377,14.3802162529944,0.0854159942942044,"index",0.9,3
2003,4.81366838519243e+41,NA,NA,95.9774482642418,NA,"index",0.9,4
2004,9.65160885851624e+41,NA,NA,96.6731134353001,NA,"index",0.9,4
2005,9.18178325757247e+41,NA,NA,96.6232102531608,NA,"index",0.9,4
2006,2.32594628072929e+41,NA,NA,95.2501157714564,NA,"index",0.9,4
2007,3.16288717587923e+41,NA,NA,95.5574740864714,NA,"index",0.9,4
2008,5.94837468889198e+41,NA,NA,96.1891068334672,NA,"index",0.9,4
2009,1.72456919742862e+41,NA,NA,94.9509660914277,NA,"index",0.9,4
2010,3.4390252567129e+41,NA,NA,95.6411768883817,NA,"index",0.9,4
2011,3.98173164046894e+41,NA,NA,95.7877056229749,NA,"index",0.9,4
2012,4.59626523206806e+41,NA,NA,95.9312328804045,NA,"index",0.9,4
2013,4.75982959003274e+41,NA,NA,95.9662006799451,NA,"index",0.9,4
2014,8.10367191835814e+41,NA,NA,96.4983060949684,NA,"index",0.9,4
2015,1.12719391809082e+42,NA,NA,96.8283051917476,NA,"index",0.9,4
2016,1.35674027835399e+42,NA,NA,97.0136588742933,NA,"index",0.9,4
2017,1.09147939472297e+42,NA,NA,96.7961079246345,NA,"index",0.9,4
2018,1.73125955709429e+42,NA,NA,97.2574231170315,NA,"index",0.9,4
2019,3.98979550373251e+41,NA,NA,95.7897287901468,NA,"index",0.9,4
2021,7.03290336178349e+41,NA,NA,96.3565884293053,NA,"index",0.9,4
2022,1.63860518230755e+42,NA,NA,97.2024192871139,NA,"index",0.9,4
2023,1.39279339470061e+42,NA,NA,97.0398852727497,NA,"index",0.9,4
2024,9.3773761318003e+41,NA,NA,96.644288806557,NA,"index",0.9,4
2003,1244457.99677435,1020611.05587147,1517400.47966975,14.0342106491349,0.101174598323355,"index",0.9,5
2004,1317595.6718929,1072942.16539267,1618035.35231142,14.0913191729987,0.104799911821018,"index",0.9,5
2005,1415375.55900086,1176126.02684424,1703293.63290445,14.1629054665652,0.0944756641668115,"index",0.9,5
2006,1319820.23790321,1102611.95959068,1579817.31036687,14.0930061018821,0.0917433542167502,"index",0.9,5
2007,1290275.99858509,1088671.89831986,1529213.85689669,14.0703667058448,0.0866840604173863,"index",0.9,5
2008,1224115.03468674,1021629.92900047,1466732.30257865,14.0177287202255,0.0922562058170305,"index",0.9,5
2009,1108239.03031669,928622.278125434,1322597.76364248,13.9182828543555,0.0902187542122503,"index",0.9,5
2010,1043161.96770967,876741.318286807,1241172.13159553,13.8577670121564,0.0886749694012547,"index",0.9,5
2011,1222891.6606897,1024808.54603169,1459261.84903046,14.0167288258638,0.0901610736261966,"index",0.9,5
2012,1206941.38482196,1010066.72658304,1442189.38022426,14.0035999362012,0.0908552325689667,"index",0.9,5
2013,1261598.40596156,1046144.89839198,1521424.55636045,14.0478900511247,0.0955464551396842,"index",0.9,5
2014,1189810.21490751,998369.27232688,1417960.65517805,13.9893043690979,0.0895046395108,"index",0.9,5
2015,1378517.81856317,1161952.68546475,1635446.43415157,14.1365194354148,0.08719901966903,"index",0.9,5
2016,1517295.24344607,1275269.0273658,1805254.26900666,14.2324398626281,0.0886608875603569,"index",0.9,5
2017,1547420.79531103,1303742.5956341,1836644.07819429,14.2521000998795,0.0874253278293061,"index",0.9,5
2018,1683788.51759557,1419002.6188223,1997983.46696477,14.3365568825226,0.0872934820185189,"index",0.9,5
2019,1637718.35161,1315453.3460985,2038933.12305987,14.3088145820966,0.111799333946346,"index",0.9,5
2021,1756922.38159971,1475541.62475678,2091961.48937839,14.3790741895285,0.0890518944872617,"index",0.9,5
2022,1804180.5506016,1505247.17589136,2162480.36289559,14.4056170580787,0.0924248508417338,"index",0.9,5
2023,2001393.55857004,1677908.89509562,2387242.94745298,14.5093542751713,0.0899482877092036,"index",0.9,5
2024,1813128.68185238,1527558.71610686,2152084.61860904,14.4105644645223,0.0874419414005837,"index",0.9,5
2003,1229199.20680871,1010354.72479646,1495445.76071887,14.0218734639476,0.100033176970404,"index",0.9,6
2004,1342153.14034605,1099643.9452031,1638143.92831314,14.109785703525,0.101679778763795,"index",0.9,6
2005,1467535.45076528,1223690.97587127,1759970.72930889,14.1990949876432,0.0927122894051317,"index",0.9,6
2006,1427894.57650648,1199914.01212106,1699190.85952878,14.1717115931805,0.0887522112281904,"index",0.9,6
2007,1269396.85670707,1073111.63099756,1501585.04788535,14.0540524296478,0.085705338683227,"index",0.9,6
2008,1216303.05857148,1021981.94641054,1447572.66553127,14.0113265362556,0.0888139542354887,"index",0.9,6
2009,1138307.73601639,956258.942637242,1355014.25827324,13.9450532754041,0.0889145213493756,"index",0.9,6
2010,1076814.2695484,909384.875974968,1275069.55716622,13.8895174895942,0.0862229109644627,"index",0.9,6
2011,1229114.42369951,1035819.79648479,1458479.81634744,14.0218044873059,0.0872979011862177,"index",0.9,6
2012,1207528.36511942,1015834.93937066,1435395.35416191,14.0040861550151,0.0881979075665011,"index",0.9,6
2013,1291254.40726499,1071111.70536292,1556642.44535197,14.0711247125873,0.0953676036967643,"index",0.9,6
2014,1232463.28170038,1040337.45455295,1460070.2244181,14.0245253927314,0.0864657208243083,"index",0.9,6
2015,1354314.28254351,1146928.18441716,1599199.67162844,14.1188058196585,0.0848015772156638,"index",0.9,6
2016,1529135.19965762,1290580.6674126,1811784.81738748,14.2402129045846,0.0865373553215087,"index",0.9,6
2017,1542827.15491982,1305546.27050285,1823233.44927574,14.2491271062242,0.0852030947016201,"index",0.9,6
2018,1696497.36727907,1437047.50315327,2002789.26818319,14.3440763113509,0.0846827242619096,"index",0.9,6
2019,1679956.20301136,1351735.45474286,2087873.65466657,14.3342782814035,0.110909402544033,"index",0.9,6
2021,1778059.09621755,1496827.74453753,2112129.57615156,14.3910329319713,0.0878456663783468,"index",0.9,6
2022,1823719.63692751,1524988.19773728,2180969.87179963,14.4163887299773,0.0912728512275573,"index",0.9,6
2023,2068679.98877768,1739156.75770201,2460638.97174155,14.5424212752522,0.088527312189209,"index",0.9,6
2024,1916379.88845369,1615188.50121066,2273735.77394654,14.4659484894953,0.0872394921541044,"index",0.9,6
2003,1308068.30586861,NA,NA,14.0840620312479,NA,"index",0.2,8
2004,1267205.94734392,NA,NA,14.0523249933267,NA,"index",0.2,8
2005,1141612.05768976,NA,NA,13.9479519071858,NA,"index",0.2,8
2006,1214668.63611491,NA,NA,14.0099818700824,NA,"index",0.2,8
2007,1316182.64724715,NA,NA,14.0902461709385,NA,"index",0.2,8
2008,1323460.79782379,NA,NA,14.0957606801304,NA,"index",0.2,8
2009,825232.922310905,NA,NA,13.623420955543,NA,"index",0.2,8
2010,924326.060635739,NA,NA,13.7368201678524,NA,"index",0.2,8
2011,1033709.87393206,NA,NA,13.8486647085397,NA,"index",0.2,8
2012,1019636.34602856,NA,NA,13.8349565981894,NA,"index",0.2,8
2013,1380586.54392067,NA,NA,14.1380189986595,NA,"index",0.2,8
2014,1058420.55922378,NA,NA,13.8722883164088,NA,"index",0.2,8
2015,1585540.92745202,NA,NA,14.2764361862206,NA,"index",0.2,8
2016,1443515.14437718,NA,NA,14.1825917694587,NA,"index",0.2,8
2017,1448491.02209173,NA,NA,14.1860328980997,NA,"index",0.2,8
2018,1634338.65393799,NA,NA,14.3067487874798,NA,"index",0.2,8
2019,1489088.91884728,NA,NA,14.2136750270405,NA,"index",0.2,8
2021,1737617.0780113,NA,NA,14.368025237179,NA,"index",0.2,8
2022,1863767.61970042,NA,NA,14.4381105989133,NA,"index",0.2,8
2023,2270899.24078005,NA,NA,14.6356864523271,NA,"index",0.2,8
2024,1836536.06808587,NA,NA,14.4233917836275,NA,"index",0.2,8
2003,909407.976309899,640653.216018484,1290905.66736842,13.7205490912933,0.178730583419326,"index",0.2,9
2004,1107676.79558788,727544.959065237,1686422.08044468,13.9177754030035,0.21446533242367,"index",0.2,9
2005,957487.204812591,673603.4280037,1361011.10722791,13.7720676368276,0.179427177552825,"index",0.2,9
2006,857606.707216357,606499.215731217,1212679.66253798,13.6619008901827,0.176759460202312,"index",0.2,9
2007,1129529.4990648,824299.615578378,1547782.94826981,13.9373117314724,0.160728656249473,"index",0.2,9
2008,681376.260821817,487600.388220959,952160.04750417,13.431869944773,0.170726847348264,"index",0.2,9
2009,813699.231350647,577303.558088583,1146894.78321046,13.6093460820495,0.175116777859139,"index",0.2,9
2010,689262.764727707,494820.856399456,960111.427592211,13.4433778484501,0.169098402461015,"index",0.2,9
2011,773369.338786867,550686.363720621,1086099.40898967,13.5585120126667,0.173264050830349,"index",0.2,9
2012,937071.18336961,673060.096190756,1304641.89998994,13.7505145277796,0.168842198007385,"index",0.2,9
2013,955279.242030761,645932.892159055,1412775.91113932,13.7697589767545,0.199650648980908,"index",0.2,9
2014,910955.400201307,644787.98856448,1286996.27765001,13.7222492180747,0.176315676694236,"index",0.2,9
2015,1034661.63079035,745132.392545058,1436690.58135197,13.8495850044568,0.167486656570463,"index",0.2,9
2016,1360102.01105944,941048.065623123,1965763.01260768,14.1230702630312,0.187922211515887,"index",0.2,9
2017,1343318.64794109,962637.520431204,1874542.54753957,14.1106537131412,0.170014093351518,"index",0.2,9
2018,1112403.45168883,803891.704431426,1539313.60717852,13.9220335042577,0.165724300911553,"index",0.2,9
2019,1130362.09598329,718445.145835546,1778449.58023865,13.9380485782822,0.231230749984527,"index",0.2,9
2021,1318771.38301813,940034.621428385,1850099.90166628,14.092211090686,0.172727207480134,"index",0.2,9
2022,1080839.93379223,760684.565029173,1535741.64139268,13.8932490133099,0.17922521321042,"index",0.2,9
2023,1508436.79812012,1050382.60293863,2166240.72748074,14.2265844395342,0.184656148212865,"index",0.2,9
2024,1363437.74252206,968448.839543504,1919525.74243355,14.1255198201755,0.174528147897452,"index",0.2,9
2003,1433617.45074855,1014328.62042583,2026225.97223762,14.1757114938049,0.176520590502716,"index",0.3,1
2004,2123964.80385302,1474227.93924777,3060060.36645068,14.568795090516,0.186304500335974,"index",0.3,1
2005,1507887.89228282,1078787.59199813,2107667.82317336,14.226220482799,0.170856259058397,"index",0.3,1
2006,1286645.7429416,933748.54069282,1772915.50742497,14.0675491906782,0.163567667888135,"index",0.3,1
2007,1288664.16330926,949007.14366833,1749887.0655266,14.0691167074854,0.15609730829766,"index",0.3,1
2008,1485197.53777144,1080978.42243103,2040569.61770027,14.2110583434406,0.162085227214706,"index",0.3,1
2009,1139051.51014647,839995.261427853,1544578.1688834,13.9457064654159,0.155388026602511,"index",0.3,1
2010,1052217.95666334,781298.320110103,1417080.51819279,13.8664108339604,0.151889783918242,"index",0.3,1
2011,1035390.2234611,761218.51699614,1408311.66202998,13.8502889411232,0.156948394655395,"index",0.3,1
2012,1489781.541232,1090495.7139578,2035266.17499523,14.2141400505496,0.159185127247411,"index",0.3,1
2013,1507948.08844156,1079777.35865308,2105903.98030854,14.2262604028471,0.170408730480895,"index",0.3,1
2014,1094720.1077712,801033.776599531,1496081.87490666,13.9060092792177,0.159365625328171,"index",0.3,1
2015,1228032.56357893,897658.613897803,1679997.22150713,14.0209239049101,0.159890077100957,"index",0.3,1
2016,1667158.84092352,1234751.55500942,2250994.20980137,14.3266314426906,0.153192154184953,"index",0.3,1
2017,1528823.98132977,1125843.16916374,2076046.49555685,14.24000935816,0.15610825707731,"index",0.3,1
2018,1679415.81872836,1247400.13098433,2261052.74653887,14.333956563961,0.151729581883498,"index",0.3,1
2019,1516776.63248329,973867.278732438,2362345.8792473,14.2320980045647,0.226059100501219,"index",0.3,1
2021,1846829.27925429,1343823.65758818,2538114.55651286,14.4289808235365,0.162223000901672,"index",0.3,1
2022,1829087.68890811,1320152.02831547,2534224.621072,14.4193278698586,0.166365510557162,"index",0.3,1
2023,2137371.20394801,1554508.05579027,2938779.02172964,14.5750872225147,0.162460909649352,"index",0.3,1
2024,1902663.07586984,1387285.07681275,2609504.59338583,14.4587650816647,0.161179425309019,"index",0.3,1
2003,1423135.15348746,1030012.28013649,1966300.50354682,14.1683728504167,0.164947708411717,"index",0.3,10
2004,1561686.88763021,1092814.39226461,2231729.333233,14.2612771332252,0.182151405968777,"index",0.3,10
2005,2092305.5130442,1530309.68014589,2860690.49729714,14.5537771322444,0.159592960125878,"index",0.3,10
2006,1702823.92617985,1259227.71667898,2302688.61236458,14.3477985639179,0.153977011085725,"index",0.3,10
2007,1702464.88597872,1267418.47050085,2286842.70858477,14.3475876918173,0.150561441354323,"index",0.3,10
2008,1381698.22990316,1017122.0658837,1876952.69088361,14.1388239019432,0.156296856003643,"index",0.3,10
2009,1176993.29913442,876282.531785679,1580897.91358085,13.9784736930524,0.150528199799328,"index",0.3,10
2010,1296362.62799353,967438.819725258,1737118.69835402,14.0750729223066,0.149321853949672,"index",0.3,10
2011,1390511.97184601,1036383.70874965,1865644.47851054,14.1451825623609,0.149969364850003,"index",0.3,10
2012,1305617.08425261,965471.45346526,1765599.55716352,14.0821863484714,0.153989837068588,"index",0.3,10
2013,1346449.39818113,975127.780111543,1859167.60740315,14.1129816102685,0.164624357843378,"index",0.3,10
2014,1289774.29496473,965901.117412465,1722244.33947043,14.0699777958861,0.147533859366172,"index",0.3,10
2015,1471492.34115438,1101034.08380485,1966596.44049655,14.2017876418541,0.147975815771016,"index",0.3,10
2016,1748474.9881462,1301379.03122086,2349173.23149492,14.3742545306342,0.150675971358957,"index",0.3,10
2017,1860315.13791732,1391838.67472862,2486475.24688099,14.4362564603257,0.14802325147067,"index",0.3,10
2018,2033512.38215794,1525114.84418134,2711384.40765055,14.5252750933976,0.146785768931921,"index",0.3,10
2019,1852597.46281116,1257179.68986459,2730013.36792514,14.4320992462724,0.19781884800479,"index",0.3,10
2021,2337972.69102207,1739454.37748397,3142431.54331615,14.6647947404592,0.150876596169611,"index",0.3,10
2022,2114200.84301066,1551457.42600385,2881062.10951607,14.564187447054,0.1579019449031,"index",0.3,10
2023,2374857.60970692,1750073.88722919,3222691.74321111,14.680448039846,0.155757695535093,"index",0.3,10
2024,2152619.02860519,1597354.09746875,2900902.61743221,14.5821958115973,0.152215390015151,"index",0.3,10
2003,1195225.7021548,871016.083478432,1640112.62959279,13.9938455976097,0.161446781119172,"index",0.3,2
2004,1282875.73327953,918334.613325972,1792124.70395396,14.0646147825386,0.170563173330774,"index",0.3,2
2005,1317614.73470209,976063.155028745,1778684.68875144,14.0913336407688,0.153090093395895,"index",0.3,2
2006,1610144.86604165,1204621.42834494,2152183.60609961,14.2918347118206,0.148042926253739,"index",0.3,2
2007,1265851.25777405,938179.754391944,1707966.30315977,14.0512553848739,0.152838797955409,"index",0.3,2
2008,1077319.97850788,807421.585786144,1437437.8348607,13.8899870136912,0.147138311717868,"index",0.3,2
2009,1120847.88211813,840535.37633021,1494642.59354999,13.9295959944683,0.146840286948091,"index",0.3,2
2010,1199162.00069876,895042.452551738,1606615.976505,13.9971335380593,0.14924106321125,"index",0.3,2
2011,1107035.99844662,827573.599597926,1480869.74071204,13.917196730084,0.148443240788302,"index",0.3,2
2012,1415433.247296,1045785.74868374,1915737.78861733,14.16294622403,0.154424853193739,"index",0.3,2
2013,1398046.70011011,1018580.3614193,1918881.07185307,14.1505866061608,0.161567352964162,"index",0.3,2
2014,1168275.40425232,862570.048138523,1582326.47090677,13.9710392058878,0.15478221460078,"index",0.3,2
2015,1242214.07945573,920794.555970652,1675830.73682642,14.0324058933337,0.152764883235183,"index",0.3,2
2016,1503205.99097664,1132789.67689299,1994746.50714135,14.2231107125555,0.144347970584828,"index",0.3,2
2017,1438524.73344518,1060272.19192721,1951719.02506673,14.1791286557399,0.155662267360384,"index",0.3,2
2018,1495895.04482436,1121407.00505681,1995441.41871729,14.2182352778525,0.147013195531373,"index",0.3,2
2019,1557443.07352947,1075520.4796624,2255307.0565856,14.258555979075,0.188901792326157,"index",0.3,2
2021,1565577.94779242,1155737.96361806,2120752.61674445,14.2637656094975,0.154857938432903,"index",0.3,2
2022,2035746.69682746,1498840.13473846,2764981.07943118,14.5263732367455,0.156212622120973,"index",0.3,2
2023,1916994.95699645,1422585.31221377,2583233.23993211,14.4662693913495,0.152187987678001,"index",0.3,2
2024,1827393.55717372,1353290.55533562,2467590.71777595,14.4184012238612,0.153243423439418,"index",0.3,2
2003,1255742.43485784,921831.129458503,1710605.13396741,14.0432375371927,0.157717290030327,"index",0.3,3
2004,1813533.28904205,1267547.65379441,2594697.70672394,14.4107875937771,0.182754880283377,"index",0.3,3
2005,1374839.68545412,1023851.01757468,1846151.56722419,14.1338476898884,0.150393634202661,"index",0.3,3
2006,1927266.746772,1425211.14640945,2606180.22990539,14.4716133637491,0.153973660996935,"index",0.3,3
2007,1418951.68901774,1076212.59237028,1870842.16449456,14.1654289097682,0.141058884351181,"index",0.3,3
2008,1164932.54750445,873110.741158775,1554290.62576202,13.9681737441679,0.147123145320808,"index",0.3,3
2009,1362602.57060284,1023084.04021973,1814793.01056706,14.1249070838624,0.146214366085764,"index",0.3,3
2010,1146180.45139828,866860.50925515,1515502.91326155,13.9519456258141,0.1425088798456,"index",0.3,3
2011,1381096.78789294,1051253.0723178,1814433.06826461,14.1383885153034,0.139234753624639,"index",0.3,3
2012,1302758.94926363,975868.974874163,1739148.31148856,14.0799948422651,0.147406398901157,"index",0.3,3
2013,1470617.81809832,1063832.37137946,2032948.82266451,14.2011931548808,0.165209548062523,"index",0.3,3
2014,1157010.755695,867010.7939675,1544010.63759318,13.9613503023253,0.147218826022651,"index",0.3,3
2015,1409907.8008409,1064194.78982591,1867928.71556644,14.1590348707418,0.143526038074267,"index",0.3,3
2016,1498556.07104463,1125120.35649436,1995937.84354036,14.2200125831533,0.146233305287872,"index",0.3,3
2017,1573937.43876952,1184937.45373607,2090641.20080734,14.2690909605174,0.144844707992426,"index",0.3,3
2018,1656994.39319667,1254260.12237462,2189043.8594883,14.3205159126955,0.142073784068414,"index",0.3,3
2019,1805417.44001229,1246642.7318342,2614648.16620295,14.4063023917155,0.188951283371457,"index",0.3,3
2021,2042040.8725575,1511127.07727672,2759483.9559822,14.5294602934504,0.15362218727804,"index",0.3,3
2022,2105775.11953156,1567250.13287022,2829343.42198286,14.5601941851254,0.150697182978722,"index",0.3,3
2023,2179359.31343123,1619359.6435754,2933015.55085858,14.5945414986488,0.151533473916341,"index",0.3,3
2024,1955394.35138113,1472542.28260659,2596575.40199458,14.4861024453215,0.144697320266941,"index",0.3,3
2003,1067001.2863768,779804.628915763,1459970.48865008,13.8803627358847,0.159984595031109,"index",0.3,4
2004,1035522.70745869,728785.53979306,1471361.90156443,13.8504168885572,0.179228857119445,"index",0.3,4
2005,1196360.93002866,882256.23747528,1622294.53768996,13.9947949489264,0.155389149929652,"index",0.3,4
2006,1427658.39179862,1064335.56078034,1915005.52906328,14.1715461718341,0.14984198603365,"index",0.3,4
2007,1161905.44696189,878144.268032308,1537360.45069764,13.9655718421382,0.142862660150957,"index",0.3,4
2008,1099999.24185513,818017.35341224,1479184.18482753,13.9108200485457,0.151115643492297,"index",0.3,4
2009,1259892.3533412,947273.466143611,1675681.62599309,14.0465368414218,0.145509683944445,"index",0.3,4
2010,1123117.64975435,835015.247664389,1510623.02002026,13.9316189920394,0.151234272688335,"index",0.3,4
2011,994479.978740419,743660.987656237,1329894.1917506,13.809975245088,0.148285733392555,"index",0.3,4
2012,1094927.06134815,806017.021372592,1487394.48160896,13.9061983083732,0.15629785608077,"index",0.3,4
2013,958695.770336105,705542.232167898,1302682.58674786,13.7733290671811,0.156435097678699,"index",0.3,4
2014,1208477.14317351,905259.81155358,1613257.3068349,14.0048715655612,0.147397759228853,"index",0.3,4
2015,1121567.19523117,834905.437207644,1506653.22964697,13.9302375466457,0.150596541776869,"index",0.3,4
2016,1115966.22899856,832108.270194052,1496656.94822963,13.9252311607115,0.149754444084235,"index",0.3,4
2017,1657860.23357422,1241010.02010511,2214728.7367059,14.3210383129179,0.147758926607671,"index",0.3,4
2018,1559919.93360955,1173151.74853921,2074199.01330105,14.2601450532993,0.145380511267023,"index",0.3,4
2019,1149358.31863097,783051.353125,1687021.59741409,13.9547143608094,0.19579992587859,"index",0.3,4
2021,1583337.56250784,1166290.42657638,2149514.20308524,14.2750455583967,0.155975755949651,"index",0.3,4
2022,1741912.31834729,1275748.98850515,2378413.42783695,14.3704941012284,0.158906029713863,"index",0.3,4
2023,1970296.39280425,1464401.1021216,2650959.40577563,14.4936945425974,0.151399531879349,"index",0.3,4
2024,1802357.68911417,1341848.48090318,2420909.13075553,14.4046061930766,0.150537209204718,"index",0.3,4
2003,1196297.45181493,867750.133956481,1649239.2651024,13.9947418881015,0.163820765349737,"index",0.3,5
2004,1254868.93058503,867863.699163562,1814450.85727782,14.0425416873132,0.188142097264561,"index",0.3,5
2005,1324683.12010036,951500.458945242,1844229.66082858,14.0966838341592,0.168823707329473,"index",0.3,5
2006,1515005.66782331,1133221.78073646,2025413.04143053,14.2309297380561,0.148142758251928,"index",0.3,5
2007,1335639.29280104,982140.030086031,1816372.68192581,14.1049206062064,0.156855653793515,"index",0.3,5
2008,1151120.56981038,861911.525263307,1537371.90813846,13.9562464344424,0.147624411087254,"index",0.3,5
2009,1120553.96961607,820947.866433361,1529501.7505527,13.9293337367179,0.158737024167155,"index",0.3,5
2010,1308189.22741531,974158.763610949,1756755.79654173,14.0841544698134,0.15042363081347,"index",0.3,5
2011,950340.361061878,703758.721055205,1283318.80635036,13.7645754742136,0.153260277209471,"index",0.3,5
2012,1158471.78861306,847679.401185624,1583212.80797344,13.9626122709077,0.15936746528075,"index",0.3,5
2013,1691084.21365525,1200264.33948691,2382613.33240684,14.3408804277378,0.174915486731761,"index",0.3,5
2014,1411307.40831701,1044027.48990377,1907793.25260301,14.1600270726741,0.153793996546995,"index",0.3,5
2015,1501075.5515004,1107357.12592798,2034779.7097743,14.2216924434597,0.155209829983579,"index",0.3,5
2016,1346267.39380317,994156.248530005,1823089.57801907,14.1128464275573,0.154695068370351,"index",0.3,5
2017,1493248.12004812,1123655.0030515,1984407.9739527,14.2164642516272,0.145087832396968,"index",0.3,5
2018,1533347.71351958,1156619.6436983,2032781.66972669,14.2429639511296,0.143855573259596,"index",0.3,5
2019,1297924.05911355,889782.590584378,1893279.19095316,14.0762766684588,0.192628150217059,"index",0.3,5
2021,2057787.92558203,1535791.47191228,2757204.49300231,14.5371421412723,0.149281170766639,"index",0.3,5
2022,1869082.3573463,1363586.87764108,2561970.13613587,14.4409581503927,0.160885075950469,"index",0.3,5
2023,2365408.3715,1711120.63947843,3269878.60170264,14.6764612379406,0.165208229302284,"index",0.3,5
2024,1900092.43636723,1400236.51676898,2578386.73931372,14.4574130936729,0.155748460285397,"index",0.3,5
2003,1176881.44033717,872559.253070475,1587341.97103084,13.978378650784,0.152652196960039,"index",0.3,6
2004,1259076.95334971,881744.028026293,1797885.46796839,14.0458894337556,0.181754543121806,"index",0.3,6
2005,1098602.63345102,826983.670862565,1459433.5882916,13.909549596985,0.144905401548947,"index",0.3,6
2006,1290773.48365083,984812.931314706,1691789.50957915,14.0707521963791,0.138035807720188,"index",0.3,6
2007,1246588.67148729,945474.275335181,1643601.90056948,14.0359213157874,0.141063488273107,"index",0.3,6
2008,1186057.8234521,904836.723073992,1554681.7726328,13.98614561237,0.138082038543805,"index",0.3,6
2009,1133614.28236422,863341.638665249,1488496.88654762,13.9409215664008,0.138959594927359,"index",0.3,6
2010,912890.985342198,694597.237138708,1199788.75031521,13.724371749756,0.139433331559525,"index",0.3,6
2011,947140.624321923,709864.707288132,1263727.23285256,13.7612028556761,0.147131875996768,"index",0.3,6
2012,1159387.12969775,873032.70480244,1539665.70681104,13.9634020869962,0.144734185203402,"index",0.3,6
2013,1370655.82357404,1013131.33238047,1854347.33548631,14.1307998866011,0.154208683010476,"index",0.3,6
2014,1087924.87589785,821001.260855368,1441630.59428707,13.8997826561261,0.14362648199536,"index",0.3,6
2015,1219318.16337981,918843.739789947,1618051.81791605,14.0138023780008,0.144355215822699,"index",0.3,6
2016,1150722.42829138,877419.695842434,1509154.7559819,13.9559005016196,0.138349371893311,"index",0.3,6
2017,1341347.87395055,1015189.37296473,1772294.08311997,14.1091855424552,0.142145374735512,"index",0.3,6
2018,1502886.30486576,1145753.80070763,1971337.33613458,14.2228980204086,0.138433513554568,"index",0.3,6
2019,1418493.9896331,956089.120947726,2104537.28061534,14.1651062960935,0.201279150417055,"index",0.3,6
2021,1740813.38135734,1309880.45238472,2313517.40778764,14.3698630225153,0.145113171194574,"index",0.3,6
2022,1714650.76043166,1290369.51554814,2278438.22627814,14.3547199796128,0.14504388875197,"index",0.3,6
2023,1784429.61380898,1328358.43512199,2397085.72810474,14.3946093780462,0.150592001592132,"index",0.3,6
2024,1638723.42438878,1245919.76476353,2155367.09312111,14.309428096927,0.139820689095978,"index",0.3,6
2003,1014809.05293283,748801.24313885,1375314.77591772,13.8302110275709,0.155095790356259,"index",0.3,7
2004,1326446.31853597,933242.4540686,1885319.11325618,14.098013983242,0.179387822898583,"index",0.3,7
2005,1413267.96175069,1038525.32053506,1923233.15784145,14.161415283992,0.157198286594443,"index",0.3,7
2006,1464168.16296221,1079426.73467804,1986043.46229348,14.1967978323182,0.15554223331212,"index",0.3,7
2007,1237583.3250414,932987.188735353,1641622.20544164,14.028671104525,0.144147728365057,"index",0.3,7
2008,1304907.07254443,973978.202648733,1748275.74513039,14.0816423874253,0.149236509736368,"index",0.3,7
2009,938353.269395928,695729.362326802,1265588.18107267,13.75188177691,0.152638396830513,"index",0.3,7
2010,1104465.15123025,830801.897977357,1468272.12750939,13.9148717497196,0.145270574595365,"index",0.3,7
2011,1036949.48334115,770085.979438177,1396291.14113458,13.8517937717928,0.151807035708596,"index",0.3,7
2012,1311208.88429836,974809.904656646,1763696.41921983,14.0864600820892,0.151259065492855,"index",0.3,7
2013,1049450.42142268,756247.730023035,1456329.90791351,13.863777176939,0.167172913800046,"index",0.3,7
2014,1153587.73438257,854235.653980622,1557842.56336847,13.9583874129863,0.153280896598512,"index",0.3,7
2015,1352377.35877166,1011892.25012212,1807430.10957686,14.1173746081582,0.147983309640558,"index",0.3,7
2016,1456509.19424138,1094745.04534267,1937820.17277424,14.1915531679202,0.145676712099514,"index",0.3,7
2017,1604482.81984128,1211327.35742906,2125243.10903841,14.2883120319903,0.14341320977181,"index",0.3,7
2018,1574219.16850998,1186919.15953608,2087897.87458894,14.2692699412839,0.144083451070879,"index",0.3,7
2019,2125671.5437994,1474825.9226818,3063737.51818939,14.5695983310281,0.186507411177462,"index",0.3,7
2021,1779749.35640424,1340680.86787896,2362611.30259321,14.3919831013446,0.144540894801659,"index",0.3,7
2022,1985411.89906082,1455338.93344397,2708551.470965,14.5013369564012,0.158465963376262,"index",0.3,7
2023,2157436.10085539,1600904.06607421,2907438.75783147,14.5844310842846,0.152223213134179,"index",0.3,7
2024,1743256.9015566,1313608.38169812,2313432.73015375,14.3712657040925,0.144378829384939,"index",0.3,7
2003,1234738.11025457,900776.199443578,1692516.07875162,14.026369449083,0.160899555873917,"index",0.3,8
2004,1311755.01141671,934417.709038906,1841468.96332548,14.086876501947,0.1730632100567,"index",0.3,8
2005,1233715.67098061,926634.652358669,1642561.44851574,14.025541044403,0.146036558872082,"index",0.3,8
2006,1318491.03522075,977042.305454954,1779266.46599811,14.0919984855265,0.152917735436133,"index",0.3,8
2007,1220733.14983049,926980.555624778,1607573.55054841,14.0149621786998,0.140448657289978,"index",0.3,8
2008,1192029.45650864,897323.169514005,1583525.61647758,13.9911678381382,0.144898827762649,"index",0.3,8
2009,948827.815351569,712067.830112638,1264309.64174076,13.7629826231445,0.146458900541089,"index",0.3,8
2010,947922.499662237,716540.253238225,1254021.75426307,13.7620280264842,0.142777277360634,"index",0.3,8
2011,1100925.95305551,833901.926961205,1453453.83542636,13.9116621591793,0.141732746374918,"index",0.3,8
2012,1139779.22468099,854066.429836968,1521072.17381486,13.9463451390551,0.147237849721526,"index",0.3,8
2013,1326369.11279713,993477.474364862,1770805.14533754,14.0979557766001,0.147446132261797,"index",0.3,8
2014,1123138.82912491,851246.786542447,1481874.40990142,13.9316378495214,0.141421215010022,"index",0.3,8
2015,1397366.47065376,1052590.50081862,1855073.7934541,14.1500999307191,0.144561382548862,"index",0.3,8
2016,1634696.34555888,1238985.71392277,2156790.11642754,14.3069676236944,0.141412799247604,"index",0.3,8
2017,1504400.75821453,1147805.51433052,1971781.46738257,14.2239052095761,0.138034567371909,"index",0.3,8
2018,1564419.2987595,1194287.59189923,2049261.63424267,14.2630252579927,0.137739699276794,"index",0.3,8
2019,1503627.85727729,1022456.71576872,2211239.55499719,14.2233913175538,0.196775290954016,"index",0.3,8
2021,1760942.14876475,1333339.65546828,2325676.91103971,14.3813595355842,0.141922079064883,"index",0.3,8
2022,1757629.43779371,1299491.94699965,2377283.8667694,14.3794765487708,0.154080694904343,"index",0.3,8
2023,1934585.97215054,1438157.1237252,2602374.12303552,14.4754038936708,0.151294013185977,"index",0.3,8
2024,1610891.91028435,1210181.43784744,2144284.04325492,14.2922985651126,0.145930084635569,"index",0.3,8
2003,1022252.25128531,759547.633413207,1375818.47311135,13.8375188405089,0.151554072929844,"index",0.3,9
2004,1255499.15269322,880342.764184449,1790527.7200451,14.0430437827036,0.181114127673483,"index",0.3,9
2005,1137359.43821399,850004.73377237,1521857.98537078,13.9442198513709,0.148585716917773,"index",0.3,9
2006,1153291.62505392,863443.175798253,1540439.03490215,13.9581306944638,0.147679921252708,"index",0.3,9
2007,1258633.09536635,960457.439090206,1649377.89461245,14.0455368451101,0.137947379766198,"index",0.3,9
2008,845872.661615373,638918.69194619,1119861.67987794,13.6481241090742,0.143161623720933,"index",0.3,9
2009,938605.149908518,704566.663870262,1250385.05596543,13.7521501691253,0.146335310113757,"index",0.3,9
2010,874417.023995861,663241.480837497,1152830.68677834,13.6813126850006,0.141032314795406,"index",0.3,9
2011,842704.767569586,635669.717426248,1117170.294284,13.6443719592377,0.143848339179456,"index",0.3,9
2012,898252.280900773,676300.02873252,1193046.17161647,13.7082062442442,0.144805802777496,"index",0.3,9
2013,1321810.41825753,946885.013853531,1845190.02439763,14.0945128838588,0.170196974627673,"index",0.3,9
2014,938157.680903448,707095.398890294,1244725.72671158,13.7516733171692,0.144264103239891,"index",0.3,9
2015,1104699.91389227,834329.243039652,1462686.23560111,13.9150842849137,0.143217379433222,"index",0.3,9
2016,1371900.2519031,1029419.03022574,1828322.8169573,14.1317073819305,0.146534442188573,"index",0.3,9
2017,1409067.71484476,1068295.38325717,1858541.98767036,14.1584388485229,0.141259744750973,"index",0.3,9
2018,1362389.79332008,1036492.31158111,1790757.08348608,14.1247509166115,0.139491401684595,"index",0.3,9
2019,1159971.68284411,793264.649217813,1696198.49608444,13.9639061514433,0.193878039507498,"index",0.3,9
2021,1438026.47013252,1088733.38673739,1899381.56943892,14.1787822246963,0.141970300925394,"index",0.3,9
2022,1444634.18074684,1080448.54558981,1931575.47825921,14.1833666853648,0.148206729708606,"index",0.3,9
2023,1739976.78414202,1292120.96549213,2343061.7490214,14.3693823286546,0.151832760968071,"index",0.3,9
2024,1630964.36279691,1235851.67909527,2152398.05690992,14.3046820314545,0.141538887742615,"index",0.3,9
2003,1345835.50936064,1073766.81311841,1686840.37924002,14.112525574706,0.1152277113314,"index",0.6,7
2004,1288293.24799393,1010910.63689908,1641786.55585009,14.0688288367459,0.123709790263807,"index",0.6,7
2005,1453211.46197967,1177675.4276891,1793213.56595935,14.189286466705,0.107263904547209,"index",0.6,7
2006,1437882.02963943,1171884.82928144,1764255.90595597,14.1786817760949,0.104368142450184,"index",0.6,7
2007,1294683.21417697,1061263.12939507,1579443.00394859,14.0737766009337,0.101433605075465,"index",0.6,7
2008,1205911.66491049,988049.895507393,1471811.24169888,14.0027464072437,0.101664077419237,"index",0.6,7
2009,1146325.00748214,937167.633799874,1402162.19103823,13.9520717376918,0.102784688524613,"index",0.6,7
2010,1025704.96340039,836420.35059313,1257825.29226858,13.8408907033209,0.104085650306043,"index",0.6,7
2011,1158346.24463776,948441.8042175,1414705.69569991,13.9625038947007,0.102006049804217,"index",0.6,7
2012,1165205.6970875,953157.001157781,1424428.83478377,13.96840819342,0.102488250705071,"index",0.6,7
2013,1304489.87771439,1050232.07434944,1620302.67654263,14.0813226240151,0.110614738241928,"index",0.6,7
2014,1245329.55625568,1019288.52296883,1521498.2497467,14.0349107566729,0.102193378489752,"index",0.6,7
2015,1440388.7317511,1175801.1536321,1764515.78750935,14.1804235877265,0.103554597549275,"index",0.6,7
2016,1468333.7984997,1197198.5945815,1800874.26895972,14.1996388454831,0.104156997809476,"index",0.6,7
2017,1516781.52400297,1241503.47550315,1853096.85953508,14.2321012295035,0.102179197025064,"index",0.6,7
2018,1693526.39753896,1391096.56562882,2061705.65726675,14.3423235386821,0.100369522096359,"index",0.6,7
2019,1475477.04353625,1141215.587836,1907643.50680718,14.2044919148139,0.131067386671246,"index",0.6,7
2021,1840000.45807148,1491370.46450191,2270127.88994313,14.425276378537,0.107180718713493,"index",0.6,7
2022,1813705.11209058,1468119.11523468,2240639.87689288,14.4108823341992,0.107853873761841,"index",0.6,7
2023,1968027.90561748,1596352.39835063,2426239.87115307,14.4925425361775,0.106793137138225,"index",0.6,7
2024,1959101.76210533,1599614.09864852,2399378.52356197,14.4879966415221,0.103432345362655,"index",0.6,7
2003,1239386.37917243,986878.205535857,1556502.70546209,14.0301269595937,0.116239405027818,"index",0.6,8
2004,1416240.95190389,1112631.8940334,1802697.2304188,14.1635167025335,0.123103211082908,"index",0.6,8
2005,1572818.28639555,1262469.99708749,1959458.33780381,14.2683796549577,0.112144397308,"index",0.6,8
2006,1349631.04120047,1095194.83120567,1663177.99853624,14.1153418102461,0.106583069100641,"index",0.6,8
2007,1322717.25971845,1078992.87903275,1621494.43537152,14.0951987087824,0.103910105374046,"index",0.6,8
2008,1267940.24371782,1031867.5196762,1558022.15980564,14.0529042864633,0.105115932594672,"index",0.6,8
2009,1133813.89614664,918716.885734844,1399271.06060206,13.9410976370564,0.107330722703927,"index",0.6,8
2010,1135073.71747941,920116.089958311,1400249.7708424,13.9422081561096,0.107120861385097,"index",0.6,8
2011,1232096.67680891,998444.140628136,1520427.79283427,14.0242278914327,0.107284830795346,"index",0.6,8
2012,1330658.71591765,1078816.9684984,1641291.03448582,14.1011846527157,0.107047402501965,"index",0.6,8
2013,1310567.23637721,1039503.11277401,1652314.89926168,14.0859706063259,0.118225246681223,"index",0.6,8
2014,1343852.5057196,1087509.34139466,1660619.81114832,14.1110510512749,0.10798689223276,"index",0.6,8
2015,1357198.71485854,1104167.55570861,1668214.52241598,14.1209333649853,0.105272903397491,"index",0.6,8
2016,1453280.43258957,1179957.79512761,1789914.88040409,14.1893339264003,0.106300268312323,"index",0.6,8
2017,1517485.7363134,1237073.40712058,1861460.23886694,14.2325654024076,0.104239879683011,"index",0.6,8
2018,1625550.17527879,1325901.11328057,1992918.88805418,14.3013568858466,0.103958039897631,"index",0.6,8
2019,1668325.08920649,1297667.65701295,2144854.72319056,14.3273307405166,0.128191967505314,"index",0.6,8
2021,1883146.30853873,1526672.11900805,2322856.34564886,14.4484545043228,0.107070164125217,"index",0.6,8
2022,2053839.20968243,1651488.13437944,2554214.83897855,14.5352213848497,0.111243904243129,"index",0.6,8
2023,1995212.31713996,1611812.15139068,2469811.5019373,14.506261027275,0.10887514520426,"index",0.6,8
2024,2091322.9290009,1699686.57151352,2573198.88658667,14.5533074040766,0.105794281620406,"index",0.6,8
2003,1259372.59384879,996410.538896466,1591732.79308544,14.0461242135238,0.119496876515818,"index",0.6,9
2004,1394886.6226577,1098041.04206676,1771981.75252825,14.1483236958542,0.122086639579668,"index",0.6,9
2005,1608914.47139754,1287392.93019349,2010734.80796837,14.2910702681897,0.113747253980716,"index",0.6,9
2006,1360123.71014327,1092749.24244284,1692919.50526397,14.123086216916,0.111674958914888,"index",0.6,9
2007,1381891.07988476,1116018.26476427,1711103.67720408,14.1389634668064,0.109025308845578,"index",0.6,9
2008,1415386.03639975,1144741.07296787,1750018.13016244,14.1629128690953,0.108279457437788,"index",0.6,9
2009,1220550.83875884,983739.067797507,1514369.40827236,14.0148128219901,0.110051438610486,"index",0.6,9
2010,1304484.39560434,1055634.4429289,1611996.98415848,14.0813184215129,0.107994795483079,"index",0.6,9
2011,1289156.22428192,1047980.68953099,1585834.34523835,14.0694984726239,0.105676816811106,"index",0.6,9
2012,1416122.98899016,1138232.21037164,1761858.69778862,14.1634334060955,0.111454334708481,"index",0.6,9
2013,1395007.87637933,1121560.48286587,1735124.41360962,14.1484106193717,0.111317891182587,"index",0.6,9
2014,1346485.47642193,1089253.42622613,1664464.02146896,14.1130084050055,0.108167964927912,"index",0.6,9
2015,1410698.33280062,1142939.82909392,1741185.08735854,14.1595954112377,0.107390296183577,"index",0.6,9
2016,1577854.13282316,1286272.01063749,1935534.35344772,14.2715763381072,0.1042456195523,"index",0.6,9
2017,1529308.1912193,1242660.63588789,1882077.43625786,14.2403260285105,0.105900270175629,"index",0.6,9
2018,1817079.21704511,1473874.79770385,2240201.7363762,14.4127409441413,0.106805807743484,"index",0.6,9
2019,1966896.26722435,1512410.37683666,2557957.14263266,14.4919673594398,0.134059681384415,"index",0.6,9
2021,2006366.90727786,1610282.22099047,2499877.42157625,14.5118361357031,0.112204164616499,"index",0.6,9
2022,2069959.41918639,1651705.04381622,2594126.60457748,14.5430395607916,0.115165834859966,"index",0.6,9
2023,2204265.49789847,1781517.66024343,2727329.90172078,14.6059049038414,0.10863910174409,"index",0.6,9
2024,2022163.35178908,1632133.73968199,2505398.00869233,14.5196784625344,0.109328388042558,"index",0.6,9
2003,1076233.01139254,874724.798175277,1324162.1790388,13.8889775495984,0.10577385693596,"index",0.7,1
2004,1114317.88896683,890147.168347602,1394942.77106614,13.9237530169015,0.114599519654943,"index",0.7,1
2005,1345998.15726939,1108624.59534806,1634197.04647974,14.1126464201438,0.0989894304175686,"index",0.7,1
2006,1371070.4371095,1138847.3601347,1650646.26684763,14.1311023336722,0.0946829196150213,"index",0.7,1
2007,1254691.50674317,1045159.37537361,1506230.35508886,14.0424002889714,0.0932263788218752,"index",0.7,1
2008,1074049.34441592,894394.967662861,1289790.34537133,13.8869464975169,0.0933913807031976,"index",0.7,1
2009,1062389.8003808,879627.192921334,1283125.50707388,13.876031457113,0.0963170784350784,"index",0.7,1
2010,1033970.35639478,859140.008096357,1244377.73567546,13.8489166647757,0.0945065771192066,"index",0.7,1
2011,1193298.70345595,989961.935146242,1438400.55371352,13.9922320498374,0.0953131176320445,"index",0.7,1
2012,1111679.61685053,922028.563601725,1340339.78914212,13.9213825979367,0.0954359964305612,"index",0.7,1
2013,1120207.6230435,915264.836638639,1371040.45571479,13.9290246038084,0.103091620088191,"index",0.7,1
2014,1220051.3884774,1014855.48928091,1466736.30506778,14.0144035375251,0.0939541510704422,"index",0.7,1
2015,1400316.94282589,1164590.40230198,1683757.25619004,14.1522091566964,0.0940472177020544,"index",0.7,1
2016,1349642.40193459,1119846.7849419,1626592.70678202,14.1153502278699,0.0952302157528056,"index",0.7,1
2017,1512950.1338315,1261685.56803809,1814254.01498421,14.2295720337551,0.0926613436993502,"index",0.7,1
2018,1500582.57375517,1254704.48625123,1794644.14555924,14.2213639731749,0.0913044019625846,"index",0.7,1
2019,1534725.00369411,1222421.24379653,1926816.0210049,14.2438617722662,0.116082590321635,"index",0.7,1
2021,1768848.35734129,1469017.18723655,2129876.04124276,14.3858392472184,0.0947645434503405,"index",0.7,1
2022,1843647.9052715,1520113.86703265,2236041.43895291,14.427256724125,0.098451258854216,"index",0.7,1
2023,1908689.52419092,1575848.06688494,2311831.81698326,14.4619274515505,0.0977687919625486,"index",0.7,1
2024,1723612.05672579,1435219.73115575,2069953.79007097,14.3599326797828,0.0934222072531379,"index",0.7,1
2003,1168006.05561269,943150.157446492,1446469.72189613,13.9708086269568,0.109097843599534,"index",0.7,9
2004,1294811.47517065,1036061.77899477,1618182.22641149,14.0738756634993,0.113746136663665,"index",0.7,9
2005,1523390.76230294,1242635.46487311,1867578.61035853,14.2364491730341,0.103932581198453,"index",0.7,9
2006,1393764.16113411,1147805.72050798,1692427.99731138,14.1475186745939,0.0990610376477583,"index",0.7,9
2007,1262555.54296376,1044923.15182882,1525515.53315536,14.0486484335907,0.0965295961180257,"index",0.7,9
2008,1312449.58933328,1085288.68420376,1587157.36155016,14.0874058645833,0.0969657035154826,"index",0.7,9
2009,1153015.96285687,950894.36330234,1398100.42199192,13.957891643784,0.0983351681686617,"index",0.7,9
2010,1137928.95677142,939418.802307669,1378386.62317386,13.9447204635751,0.0978098564472801,"index",0.7,9
2011,1296574.79618502,1072090.96393523,1568063.02697631,14.0752365731453,0.0969992832596506,"index",0.7,9
2012,1314327.59209958,1083950.41927042,1593667.92857278,14.0888357560104,0.0983247836568371,"index",0.7,9
2013,1316041.76856742,1076597.11212944,1608741.02029527,14.0901391293967,0.102462763741683,"index",0.7,9
2014,1296625.82434169,1073412.35499619,1566255.98776133,14.0752759284935,0.0963908934929018,"index",0.7,9
2015,1344004.88684787,1112020.07140479,1624385.37066066,14.1111644361061,0.0966730175383262,"index",0.7,9
2016,1483040.6341633,1230591.72965509,1787277.99771248,14.2096050207199,0.0952054882157004,"index",0.7,9
2017,1516012.35816088,1255842.92583475,1830080.35703895,14.2315939969724,0.0960611722034222,"index",0.7,9
2018,1744596.48417837,1450865.44114604,2097794.05194416,14.3720338457198,0.094064510808433,"index",0.7,9
2019,1792683.98813818,1411604.35004757,2276640.67570968,14.3992244895012,0.121934402348521,"index",0.7,9
2021,1852180.27304744,1522955.16529899,2252575.67788779,14.4318740291095,0.0998543022325733,"index",0.7,9
2022,1941224.68870412,1584537.67247862,2378203.65996079,14.4788296147015,0.103586791822175,"index",0.7,9
2023,2010594.58866243,1655258.61573092,2442210.87964165,14.5139410515455,0.0992228608344247,"index",0.7,9
2024,1917455.58635468,1585274.20457647,2319242.88872475,14.4665096496892,0.0970638752171892,"index",0.7,9
2003,1141502.8481697,937948.93462186,1389232.08319956,13.9478562400603,0.100208705774572,"index",0.8,1
2004,1136842.09904853,919806.086092486,1405089.59193723,13.9437648880214,0.108087056124494,"index",0.8,1
2005,1364371.74748781,1133684.66328178,1642000.04254646,14.1262046223992,0.0945022326775915,"index",0.8,1
2006,1368205.67933773,1145013.78943222,1634903.26339237,14.1290107162562,0.0908605870264513,"index",0.8,1
2007,1247010.06194297,1048466.49623111,1483150.96398105,14.0362592935494,0.0884812782804396,"index",0.8,1
2008,1101932.46290034,923744.063420891,1314493.05156763,13.9125759808826,0.0899943354357322,"index",0.8,1
2009,1025655.1784497,856431.911314479,1228315.44596007,13.8408421648418,0.0919976433750206,"index",0.8,1
2010,1034688.3263749,868045.055533572,1233323.00081869,13.8496108053944,0.0895995575365127,"index",0.8,1
2011,1169065.7948728,979349.583578064,1395533.1739135,13.9717155219095,0.0903443038881504,"index",0.8,1
2012,1098619.6284631,917480.685998079,1315520.97658753,13.909565066528,0.0919293721431559,"index",0.8,1
2013,1219301.86731719,1005972.41187383,1477870.59177291,14.0137890130138,0.0981261945880949,"index",0.8,1
2014,1180462.68513224,990826.19211638,1406394.14064453,13.9814170256326,0.0893499143069488,"index",0.8,1
2015,1312931.9392868,1103075.36025279,1562713.06504785,14.087773315907,0.0888591312869508,"index",0.8,1
2016,1440987.77034441,1208475.81172485,1718235.26307775,14.180839388023,0.0897817131374782,"index",0.8,1
2017,1466056.56988839,1234738.59798044,1740710.03338552,14.1980867486027,0.0876122754656151,"index",0.8,1
2018,1579871.9803745,1331090.57937891,1875150.73206895,14.272854376641,0.0874226410805608,"index",0.8,1
2019,1578905.18898521,1265885.83342625,1969325.77170645,14.2722422464605,0.11273653472803,"index",0.8,1
2021,1808907.66519054,1512453.17995942,2163469.90739434,14.4082337211679,0.0913232128602826,"index",0.8,1
2022,1867330.96374981,1552165.69687605,2246490.13645689,14.4400206771667,0.0943175186622418,"index",0.8,1
2023,1864974.41196477,1551512.74541356,2241766.66776672,14.4387578908398,0.0938879053681178,"index",0.8,1
2024,1784727.79063329,1498533.95990634,2125579.64776313,14.3947764633222,0.0891744116823552,"index",0.8,1
2003,1150410.92011424,944260.495475643,1401567.99046374,13.9556297583537,0.100753077226617,"index",0.8,10
2004,1262585.40972331,1018437.82458322,1565261.89264283,14.0486720891094,0.109640597522919,"index",0.8,10
2005,1293564.13591598,1074822.21354496,1556823.21470561,14.0729118626152,0.0945150221935644,"index",0.8,10
2006,1347306.555319,1124154.17392111,1614756.22838628,14.113618013255,0.0923876914288265,"index",0.8,10
2007,1214333.39212577,1019501.78903874,1446398.2340061,14.009705835738,0.0892267476864744,"index",0.8,10
2008,1183479.0699287,989097.694389695,1416061.03917119,13.9839690228864,0.0915428230288236,"index",0.8,10
2009,1108451.17092003,924941.576551073,1328369.30403263,13.9184742573795,0.0923427189441398,"index",0.8,10
2010,1029488.79792439,862948.726148208,1228169.36040042,13.8445729243071,0.0900334755638543,"index",0.8,10
2011,1087527.01162884,910180.808188876,1299428.6304232,13.8994168799159,0.0908273479747172,"index",0.8,10
2012,1188701.22868624,993981.650334569,1421566.09289978,13.9883718646068,0.0912760851615757,"index",0.8,10
2013,1255012.46821303,1033788.23054975,1523577.3138301,14.0426560653298,0.0989383273515193,"index",0.8,10
2014,1201709.82949255,1003966.26416835,1438401.43423073,13.9992559585219,0.0917297372281836,"index",0.8,10
2015,1336969.38942117,1119234.59618636,1597062.09434541,14.105915960849,0.0906957213825181,"index",0.8,10
2016,1407307.9198651,1176455.50810228,1683459.82289614,14.1571891606709,0.0914162162250621,"index",0.8,10
2017,1386718.43729998,1162729.08656266,1653857.33148947,14.1424506774638,0.089884415282321,"index",0.8,10
2018,1561880.18071231,1309123.99884545,1863436.69587704,14.2614008975485,0.0900690679097942,"index",0.8,10
2019,1572097.3280074,1246959.52594526,1982013.0142993,14.2679211635454,0.118217680721981,"index",0.8,10
2021,1644606.05991447,1368965.88371594,1975746.16320287,14.3130114362467,0.0935962366252523,"index",0.8,10
2022,1818021.65286655,1505337.97830607,2195654.91465969,14.4132594639163,0.0962933319943295,"index",0.8,10
2023,1909008.03043255,1585839.36071109,2298033.30056194,14.4620943093164,0.0946292485670954,"index",0.8,10
2024,1674402.59066017,1400196.93891482,2002306.93103955,14.3309669973297,0.0912483818043087,"index",0.8,10
2003,1225269.03701973,1004509.03855049,1494545.25092738,14.0186709999045,0.101359790391888,"index",0.8,2
2004,1330808.2069022,1074522.71456706,1648220.60953065,14.1012969900012,0.109139686843737,"index",0.8,2
2005,1418843.30148373,1177049.63699692,1710307.06852892,14.1653525212099,0.0953236716902091,"index",0.8,2
2006,1265911.54514859,1056792.01297596,1516411.95283802,14.0513030096944,0.0921213536070364,"index",0.8,2
2007,1248356.39238869,1050396.92417638,1483623.61555813,14.0373383579682,0.088093294368664,"index",0.8,2
2008,1195861.12657368,999724.166672935,1430478.40766855,13.9943770918459,0.0914008658683319,"index",0.8,2
2009,1033023.29270981,862619.293362588,1237089.32954791,13.8480002964534,0.0919769793765382,"index",0.8,2
2010,1064803.26301673,893534.36075538,1268900.26699428,13.8783006104993,0.0894713079846755,"index",0.8,2
2011,1144319.92245036,958742.265634876,1365818.66874271,13.950321064318,0.0902789547241912,"index",0.8,2
2012,1173409.27300647,982449.392431596,1401486.2572918,13.9754239781242,0.0906240456976572,"index",0.8,2
2013,1237052.16666813,1022398.97204437,1496771.91086995,14.0282418224079,0.097236207777383,"index",0.8,2
2014,1228588.23657206,1030261.79967075,1465092.71286738,14.0213762930056,0.0898245029233592,"index",0.8,2
2015,1326840.3846736,1113388.10617345,1581214.48993325,14.0983110232415,0.0894877418098315,"index",0.8,2
2016,1386896.14537335,1159803.52431107,1658454.10686608,14.1425788193294,0.091235169419905,"index",0.8,2
2017,1570900.13286408,1321095.13141413,1867940.59621646,14.2671593460663,0.0883627208583209,"index",0.8,2
2018,1613559.26635965,1359120.58268201,1915630.98906012,14.2939530213519,0.087554977810668,"index",0.8,2
2019,1577104.56086716,1254559.95611346,1982574.6739226,14.2711011674042,0.116739762937427,"index",0.8,2
2021,1796951.98126826,1502523.5513775,2149075.41384197,14.4016024437995,0.0913005673311522,"index",0.8,2
2022,1749726.106135,1452651.79307503,2107553.55212108,14.3749698228706,0.0949346811428712,"index",0.8,2
2023,1998046.87579552,1661866.6342182,2402233.26931062,14.5076806992745,0.0939959579373006,"index",0.8,2
2024,1793566.27995607,1503537.95936061,2139540.26273034,14.3997165309204,0.0899940018743817,"index",0.8,2
2003,1175880.99137914,965138.994998381,1432639.35355665,13.977528204513,0.100767565044169,"index",0.8,3
2004,1226317.65793777,996653.841682701,1508904.02993978,14.0195264630086,0.105801777943464,"index",0.8,3
2005,1439604.74794695,1193806.83400764,1736011.02898205,14.1798791532831,0.0955228644384242,"index",0.8,3
2006,1242006.94319292,1040831.7701093,1482065.87388992,14.0322391317924,0.0901590043338629,"index",0.8,3
2007,1227366.70236706,1032410.85053992,1459137.14611928,14.0203815399779,0.088253806985984,"index",0.8,3
2008,1174388.09700953,984824.027283899,1400440.44843362,13.9762578014109,0.0898177472183805,"index",0.8,3
2009,1032468.01448529,862955.428376474,1235278.40011471,13.8474626246307,0.091503876917016,"index",0.8,3
2010,1020691.51079909,855805.788316086,1217345.30712538,13.8359909073188,0.0898956114167368,"index",0.8,3
2011,1114743.16820251,932582.195113171,1332485.58418313,13.9241345939242,0.0910333168479137,"index",0.8,3
2012,1167633.46911184,977022.994678479,1395430.73767554,13.9704895824295,0.0909323421658457,"index",0.8,3
2013,1195352.55228439,990522.559591873,1442539.30454804,13.9939517226692,0.0959016611156784,"index",0.8,3
2014,1221279.11823689,1024684.47998886,1455592.14935868,14.0154093250329,0.0895496180804594,"index",0.8,3
2015,1329680.28303059,1114166.52643615,1586880.96718873,14.1004490826011,0.090222019673418,"index",0.8,3
2016,1515579.9485382,1268949.64347808,1810144.78566323,14.2313087279904,0.0906183305063388,"index",0.8,3
2017,1473363.92027274,1238395.53871364,1752914.29410052,14.2030587255364,0.0886401727560135,"index",0.8,3
2018,1650396.59035999,1389788.52113234,1959872.93322341,14.3165261747894,0.0876873379732193,"index",0.8,3
2019,1539883.33278553,1229212.8674118,1929072.45071676,14.2472172135886,0.114967743317396,"index",0.8,3
2021,1587295.70879024,1329750.73226721,1894721.77454505,14.2775423140918,0.0903283183790745,"index",0.8,3
2022,1891923.91337294,1565972.84604403,2285720.40890405,14.4531048128662,0.0964747304879143,"index",0.8,3
2023,1945712.09934252,1622739.07854471,2332966.29358494,14.4811385859438,0.0926101289190869,"index",0.8,3
2024,1726799.68048086,1448756.95873156,2058203.84056655,14.361780357628,0.0895750545021955,"index",0.8,3
2003,1252578.60508227,1019832.51949653,1538441.98132102,14.0407148685206,0.104882485053513,"index",0.8,4
2004,1394730.34797298,1123644.77190411,1731216.83311034,14.1482116556089,0.110269085075019,"index",0.8,4
2005,1389675.08240276,1146265.61108198,1684772.54833478,14.1445805241151,0.0982470106131689,"index",0.8,4
2006,1359001.2481191,1131132.55822143,1632774.49576138,14.1222606115428,0.0936398119150622,"index",0.8,4
2007,1333976.11394635,1115251.91583953,1595596.69641082,14.10367459971,0.091370928382841,"index",0.8,4
2008,1245174.34493673,1035117.7823517,1497857.70829488,14.0347861141706,0.0942672100341401,"index",0.8,4
2009,1061447.8677561,884455.072118165,1273859.59047725,13.8751444470552,0.0930718379867688,"index",0.8,4
2010,1095819.66076933,917674.270561015,1308547.88834222,13.9070131898577,0.0905197287892925,"index",0.8,4
2011,1204926.91355018,1006671.19039953,1442227.4927937,14.001929470412,0.0917210098669069,"index",0.8,4
2012,1229382.18753312,1026584.1047664,1472242.31897458,14.022022314602,0.0919786641036947,"index",0.8,4
2013,1362836.17855045,1115863.20955535,1664471.44565873,14.1250785116359,0.10201190985404,"index",0.8,4
2014,1250237.08726823,1045309.38825734,1495339.84095064,14.038843761108,0.0913385641979757,"index",0.8,4
2015,1371188.64129709,1149630.50937992,1635445.7146725,14.1311885430232,0.089918688247301,"index",0.8,4
2016,1513756.2412324,1265543.03882078,1810651.93958572,14.2301046968681,0.0913755714650767,"index",0.8,4
2017,1528259.52372513,1284647.17342703,1818068.97657819,14.2396400796564,0.0885962270864451,"index",0.8,4
2018,1606339.55863207,1352640.92016393,1907621.408728,14.2894685824182,0.0877052370049327,"index",0.8,4
2019,1649938.95426575,1315487.84179628,2069421.29475426,14.3162488477776,0.115579016968086,"index",0.8,4
2021,1839019.03633674,1538000.05141908,2198953.77304339,14.4247428549939,0.0912003454775988,"index",0.8,4
2022,1870258.0967213,1550509.10176937,2255946.34972471,14.441586998944,0.0956615084266079,"index",0.8,4
2023,1961288.55595113,1629801.39465971,2360197.26839663,14.4891122417022,0.0944627154224716,"index",0.8,4
2024,1878588.28743442,1570980.33454463,2246427.83622671,14.4460311417922,0.0912367491637081,"index",0.8,4
2003,1220707.01776086,998857.852986942,1491829.51183154,14.0149407716058,0.102335050533391,"index",0.8,5
2004,1355217.74528895,1098691.34114222,1671638.85649329,14.1194726970157,0.107064394558152,"index",0.8,5
2005,1388903.7944065,1150641.75222098,1676502.47906727,14.1440253568514,0.0960196045622871,"index",0.8,5
2006,1291147.50467778,1072959.76103341,1553704.00585206,14.0710419194429,0.0944458170456972,"index",0.8,5
2007,1285078.75168626,1079828.28320073,1529342.60356703,14.0663305597925,0.0887863102294249,"index",0.8,5
2008,1199102.30739591,997909.285815443,1440858.76746528,13.9970837576388,0.0937089170524244,"index",0.8,5
2009,1064537.4396627,888674.498123609,1275202.52109901,13.8780509338223,0.0921265041809567,"index",0.8,5
2010,1027562.97146477,859447.927548622,1228562.69295707,13.8427005095717,0.0911521811609098,"index",0.8,5
2011,1227239.06220585,1024971.46924954,1469422.08733539,14.0202775394388,0.0918905681791551,"index",0.8,5
2012,1184221.76142686,988385.572113671,1418860.43240992,13.9845963753903,0.0922303782315205,"index",0.8,5
2013,1202052.83074074,993509.493908854,1454370.60918956,13.9995413454748,0.0972173213520155,"index",0.8,5
2014,1186606.58472587,991761.400186307,1419731.78896686,13.9866081820293,0.0915171656792914,"index",0.8,5
2015,1306025.02952569,1094587.25446684,1558305.53552205,14.0824987536622,0.0901092272311838,"index",0.8,5
2016,1525234.05575649,1275618.52482994,1823694.8425859,14.2376584354315,0.0911836647940064,"index",0.8,5
2017,1503759.59865649,1255893.30286059,1800545.41687649,14.2234789293971,0.0919002891725633,"index",0.8,5
2018,1582233.04164521,1325452.10392634,1888760.36384712,14.274347724707,0.0903504127575499,"index",0.8,5
2019,1635407.43461298,1299720.82811546,2057793.81181836,14.3074025267514,0.117217702364369,"index",0.8,5
2021,1789013.85258917,1488088.81445771,2150792.70380933,14.3971751056633,0.0939669949991503,"index",0.8,5
2022,1840998.01032454,1523041.87132043,2225331.90836083,14.4258183794566,0.0967355812623518,"index",0.8,5
2023,1943497.73983862,1617719.57769731,2334881.46946601,14.4799998663402,0.0936097909769658,"index",0.8,5
2024,1816632.42116394,1521358.03109791,2169215.45498554,14.4124950270582,0.0905022199409846,"index",0.8,5
2003,1182855.14267649,970095.488702513,1442276.87361742,13.9834416863307,0.101171195133682,"index",0.9,9
2004,1307249.62274256,1063653.24495833,1606634.10210111,14.0834359634617,0.105214160523526,"index",0.9,9
2005,1423938.52640523,1184143.47456854,1712293.29091214,14.168937200363,0.0940869000082947,"index",0.9,9
2006,1441036.45395536,1206779.02512986,1720767.44655449,14.1808731723406,0.0905158299808331,"index",0.9,9
2007,1305666.00040958,1097870.49657653,1552791.25355995,14.0822238136986,0.0884408416687339,"index",0.9,9
2008,1280905.10893537,1073074.13924294,1528988.38774949,14.0630775023626,0.090327878086633,"index",0.9,9
2009,1128661.8160009,945087.257938542,1347894.05337775,13.9365432553023,0.0905683563812481,"index",0.9,9
2010,1083691.34699535,909021.333268654,1291924.50448852,13.8958836851928,0.0896750372723917,"index",0.9,9
2011,1181146.71797783,991732.823488633,1406737.31507868,13.9819963194513,0.0891788328764402,"index",0.9,9
2012,1193103.05607612,999938.152515574,1423582.94744235,13.9920680813191,0.0901135807316021,"index",0.9,9
2013,1312334.23533826,1086420.46897208,1585225.23684624,14.0873179685867,0.0963890629454417,"index",0.9,9
2014,1239433.21214261,1042117.49088336,1474108.91842914,14.0301647461034,0.088470756282092,"index",0.9,9
2015,1340446.08062621,1129552.6325853,1590714.45033392,14.1085130125192,0.087338748026589,"index",0.9,9
2016,1504258.77179647,1268628.76545189,1783653.74816376,14.2238108244078,0.0869218326808979,"index",0.9,9
2017,1477694.93302125,1248721.59445052,1748654.24349254,14.2059939539228,0.0859011154038454,"index",0.9,9
2018,1654047.07189566,1398520.07701853,1956262.02369517,14.3187356135899,0.0856191579454324,"index",0.9,9
2019,1630730.10865071,1306106.07441652,2036037.30152465,14.3045383919146,0.113255951285664,"index",0.9,9
2021,1815814.21829866,1524571.87277214,2162693.23490816,14.4120445302111,0.0891956904039367,"index",0.9,9
2022,1846605.63346808,1541445.62020216,2212178.17927877,14.4288597190406,0.0921590763786736,"index",0.9,9
2023,1976004.33014959,1655334.13954403,2358794.52945099,14.4965873486588,0.0903454893228824,"index",0.9,9
2024,1799264.64307405,1517808.70258256,2132912.56685248,14.4028886077691,0.0867926142997392,"index",0.9,9
2003,1233751.52666351,1026669.05048758,1482603.2096922,14.0255701071463,0.0937465792296031,"index",1,1
2004,1337238.3925976,1103599.73275004,1620339.75323735,14.1061171443017,0.0979759151969755,"index",1,1
2005,1406390.66334935,1185633.15187688,1668251.84908597,14.1565371672031,0.0871187803998277,"index",1,1
2006,1389800.53503518,1179869.85244847,1637083.55050832,14.1446707948351,0.0835505653690582,"index",1,1
2007,1250348.72089285,1068308.42868805,1463408.77021658,14.038933047086,0.0802800462715121,"index",1,1
2008,1212218.51582348,1028515.15492338,1428733.18207426,14.0079627229442,0.083846438657706,"index",1,1
2009,1105369.23350428,938788.910278721,1301507.8565586,13.9156899850867,0.0833403348947652,"index",1,1
2010,1072968.27007424,913102.886513029,1260822.7677196,13.8859394499494,0.0823155973268787,"index",1,1
2011,1174961.93734366,999797.092162943,1380815.73254002,13.9767463112856,0.0823681878954918,"index",1,1
2012,1213126.58470902,1029994.10513768,1428819.93516949,14.0087115392077,0.0834953618925722,"index",1,1
2013,1277918.2025633,1072819.87967011,1522226.57632404,14.0607429076172,0.0892576432932636,"index",1,1
2014,1194430.09804095,1016480.49613309,1403532.34964511,13.9931797241871,0.0823091653061,"index",1,1
2015,1313916.6195628,1123831.54623211,1536152.71697203,14.0885230205817,0.0797303386747824,"index",1,1
2016,1475810.76294084,1258011.13849816,1731318.06337754,14.2047180665334,0.0814685869013115,"index",1,1
2017,1530746.63604411,1308216.7677979,1791129.20842973,14.2412661717511,0.0801497635189011,"index",1,1
2018,1638082.44277982,1401804.38721431,1914185.82636613,14.309036873496,0.0794739403277666,"index",1,1
2019,1587180.56487851,1292677.37815357,1948778.7038761,14.2774697705276,0.104718076309254,"index",1,1
2021,1763971.77115919,1500734.23918965,2073382.70040848,14.3830785126766,0.0824573690375799,"index",1,1
2022,1786808.58589168,1511033.5004844,2112914.71803419,14.3959416736263,0.085530786724203,"index",1,1
2023,1986400.69721233,1683689.82310015,2343536.00986927,14.501834864169,0.0843569571747049,"index",1,1
2024,1812666.79672473,1548364.09811522,2122085.44485627,14.410309687256,0.0804097307517019,"index",1,1
2003,967598.960291179,NA,NA,13.7825729831941,NA,"index",0.4,9
2004,1314369.96472592,NA,NA,14.0888679945052,NA,"index",0.4,9
2005,1227869.15247958,NA,NA,14.0207908286566,NA,"index",0.4,9
2006,1219718.43551389,NA,NA,14.0141305995108,NA,"index",0.4,9
2007,1155535.63331993,NA,NA,13.9600745462306,NA,"index",0.4,9
2008,864932.962042056,NA,NA,13.6704072823813,NA,"index",0.4,9
2009,918549.902452902,NA,NA,13.7305515125402,NA,"index",0.4,9
2010,831285.266642323,NA,NA,13.6307282960881,NA,"index",0.4,9
2011,963535.627255515,NA,NA,13.7783647430658,NA,"index",0.4,9
2012,961565.904021314,NA,NA,13.7763183845859,NA,"index",0.4,9
2013,1117087.83338783,NA,NA,13.9262357082525,NA,"index",0.4,9
2014,987422.756219161,NA,NA,13.8028535511477,NA,"index",0.4,9
2015,1206734.6450931,NA,NA,14.0034286292596,NA,"index",0.4,9
2016,1303898.25645119,NA,NA,14.0808689942308,NA,"index",0.4,9
2017,1425397.61280811,NA,NA,14.1699613592962,NA,"index",0.4,9
2018,1315592.49223898,NA,NA,14.0897976865606,NA,"index",0.4,9
2019,1156037.27349587,NA,NA,13.9605085712032,NA,"index",0.4,9
2021,1359133.57689987,NA,NA,14.1223579788843,NA,"index",0.4,9
2022,1539073.50905893,NA,NA,14.2466911758512,NA,"index",0.4,9
2023,1716261.69025997,NA,NA,14.3556590475546,NA,"index",0.4,9
2024,1668899.56500428,NA,NA,14.3276750240833,NA,"index",0.4,9
2003,1229539.09165935,972569.88069759,1554403.86127748,14.0221499348945,0.1196209359418,"index",0.6,6
2004,1312249.29855754,1030976.30951227,1670259.7389259,14.0872532445802,0.123082088197849,"index",0.6,6
2005,1649384.76874626,1326450.30870172,2050940.08989666,14.3159129089179,0.111173429326731,"index",0.6,6
2006,1381070.98093519,1115080.18525175,1710511.11804187,14.1383698292858,0.109151471995751,"index",0.6,6
2007,1305543.6294458,1068713.93942043,1594855.37290815,14.0821300862839,0.102126125832964,"index",0.6,6
2008,1163719.42588844,944197.517241482,1434279.24503191,13.9671318351668,0.106655621842307,"index",0.6,6
2009,1055817.00543538,857032.20784889,1300709.05008867,13.8698254379244,0.106427802045695,"index",0.6,6
2010,1124174.35902907,919058.280007189,1375068.39010094,13.9325594210967,0.102784850432711,"index",0.6,6
2011,1319058.85176302,1077117.34363292,1615345.1290144,14.0924290491749,0.103384626660161,"index",0.6,6
2012,1251270.68145616,1015019.3301679,1542510.8386978,14.0396701381113,0.106763147172469,"index",0.6,6
2013,1244322.48486196,996895.922666745,1553159.57376088,14.0341017508905,0.113114373350301,"index",0.6,6
2014,1230788.04543235,1002887.06818362,1510478.35876755,14.0231652095395,0.104477298860623,"index",0.6,6
2015,1452618.04795368,1187476.55690329,1776960.71638121,14.1888780366631,0.102826870856717,"index",0.6,6
2016,1677391.28296099,1367681.26337428,2057234.81888742,14.3327503367626,0.104146291954861,"index",0.6,6
2017,1639659.08225952,1339605.35373202,2006920.84317687,14.30999890152,0.10312091788658,"index",0.6,6
2018,1712975.51038337,1400001.76739847,2095915.28203978,14.3537424808721,0.102939862901251,"index",0.6,6
2019,1766126.06002413,1370707.50314962,2275614.05531744,14.3842990392656,0.12931944214575,"index",0.6,6
2021,1807516.61861406,1470419.20597776,2221894.48647302,14.4074644272268,0.105311289707281,"index",0.6,6
2022,2060705.2534923,1655043.83721803,2565796.77605927,14.5385588382395,0.111849394060896,"index",0.6,6
2023,2109313.35447304,1704981.00747299,2609532.19294366,14.5618730280699,0.108577759807217,"index",0.6,6
2024,1980637.27334946,1608270.4111599,2439219.1644886,14.4989292061134,0.106256710342248,"index",0.6,6
2003,1249371.28890185,1028876.27970519,1517119.84066688,14.0381510138687,0.0990697999225482,"index",0.9,8
2004,1420568.06695875,1156463.04938207,1744987.55834975,14.166567396734,0.10494610543674,"index",0.9,8
2005,1497618.87150706,1246232.16395843,1799714.65121716,14.2193869857926,0.0937525887489971,"index",0.9,8
2006,1400115.11233682,1172000.08270338,1672629.85448961,14.1520650143031,0.0907377360098303,"index",0.9,8
2007,1338067.50312265,1127854.64694096,1587460.44782366,14.106736969162,0.08720013575144,"index",0.9,8
2008,1229982.83685507,1028995.459962,1470227.84630549,14.0225107734749,0.0910308414660808,"index",0.9,8
2009,1154093.24999855,967207.042382212,1377090.08653586,13.9588255286769,0.0901331201023747,"index",0.9,8
2010,1099569.14101012,923870.054698665,1308682.20017812,13.9104289710472,0.0888293178494727,"index",0.9,8
2011,1261896.82467728,1057719.14335488,1505488.11197637,14.0481265633349,0.0900532706388817,"index",0.9,8
2012,1261927.67837308,1057233.55289983,1506253.24090045,14.0481510132883,0.0903000340627001,"index",0.9,8
2013,1293994.46370079,1071079.29232512,1563303.1878092,14.0732444755955,0.0964645751723136,"index",0.9,8
2014,1285357.02061309,1080103.82750143,1529614.67997129,14.0665470747749,0.0887666023928156,"index",0.9,8
2015,1382634.52887587,1165430.33983196,1640319.6099352,14.1395013160538,0.087195657784543,"index",0.9,8
2016,1584210.52575972,1332144.35413171,1883972.24530798,14.2755967502017,0.0884180798144248,"index",0.9,8
2017,1636625.23438471,1377187.82532015,1944935.98373347,14.3081468957423,0.08805913111903,"index",0.9,8
2018,1686428.71912949,1424167.23038429,1996985.86235362,14.3381236670285,0.0862392713515561,"index",0.9,8
2019,1662189.90559103,1336405.09096606,2067393.56271942,14.3236465111618,0.111304449450248,"index",0.9,8
2021,1814229.82612541,1520962.7818871,2164043.65787259,14.4111715974012,0.0899595591307747,"index",0.9,8
2022,2020639.69592744,1682716.34140433,2426424.87048663,14.5189247003967,0.0933715039174595,"index",0.9,8
2023,1982877.43076022,1657487.40285939,2372146.4782389,14.5000595955867,0.09145382061717,"index",0.9,8
2024,1892391.92453394,1596754.19947425,2242766.73092227,14.4533521554155,0.0866692731710256,"index",0.9,8
