"Year","est","lwr","upr","log_est","se","type","effort","replicate"
2003,805052.908685922,150536.06167502,4305348.35687955,13.5986632793166,0.855477623882393,"index",0.2,5
2004,17235.4864534448,1283.84483876754,231384.653594162,9.75472570329561,1.32508101624047,"index",0.2,5
2005,54604.9695311665,5729.60868611746,520402.502307728,10.9078801746455,1.15026484015925,"index",0.2,5
2006,16190.6398398746,755.406380041675,347014.302963753,9.6921885665748,1.56376991342506,"index",0.2,5
2007,33904.3971159769,4583.54717902558,250790.075655388,10.431299993393,1.02097361920785,"index",0.2,5
2008,5080.91430929098,351.279769370851,73490.3984496296,8.53324650652158,1.3631186888542,"index",0.2,5
2009,39376.2799306608,6317.5511206093,245426.018971133,10.5809188817751,0.933604885127527,"index",0.2,5
2010,23127.5791187253,1312.61497798752,407495.66694186,10.0487810856201,1.46380470016045,"index",0.2,5
2011,450145.603051465,52547.5469577772,3856146.96932255,13.0173263717481,1.09586333913838,"index",0.2,5
2012,49805.9158129582,3272.08832207102,758118.059721994,10.8158890473825,1.38916091224252,"index",0.2,5
2013,363590.697503907,56993.8559980682,2319516.60396268,12.8037840565355,0.94546905945873,"index",0.2,5
2014,47416.8965176446,8900.07537364683,252622.812838465,10.766733910781,0.853545728055888,"index",0.2,5
2015,8968.13769382286,678.995340293671,118450.729957264,9.10143331853944,1.31676861103716,"index",0.2,5
2016,2053481.45116895,103185.762416032,40865968.0518072,14.5350471795495,1.52592651789172,"index",0.2,5
2017,63911.8956848389,7561.24983308701,540218.945306567,11.0652607839919,1.08903481057918,"index",0.2,5
2018,487136.302223151,34375.6007550909,6903203.77625696,13.096299244267,1.35267635214288,"index",0.2,5
2019,27557.5258121453,1001.09535546518,758586.307229618,10.224030946502,1.69144991319662,"index",0.2,5
2021,51335.7724983012,5510.33094143475,478258.305355278,10.8461431077995,1.13867558949738,"index",0.2,5
2022,41570.5543464437,2187.92895853135,789838.711139243,10.6351473674102,1.50229121366481,"index",0.2,5
2023,744918.804282953,8498.35908753354,65295431.6543704,13.5210305038825,2.28238996422966,"index",0.2,5
2024,426210.103156998,40342.2677856387,4502846.81561123,12.9626877035675,1.20284489686398,"index",0.2,5
2003,11940.6668797888,1850.55288722741,77046.9876965823,9.38770523796552,0.951275391429741,"index",0.2,6
2004,28253.8316893207,4381.68284316859,182185.482998399,10.2489843623972,0.950933913454054,"index",0.2,6
2005,67151.1974416105,10435.1478206982,432124.527157915,11.1147020341321,0.94989860199033,"index",0.2,6
2006,187615.098088703,45928.2154530612,766400.886331143,12.1421477925329,0.718029964168887,"index",0.2,6
2007,16565.6405417086,3556.79004938952,77153.9626310525,9.71508598236602,0.784949238315247,"index",0.2,6
2008,17524.0583506702,3418.55416608991,89831.1409319986,9.77132997868573,0.833870933017889,"index",0.2,6
2009,17937.7565171695,2833.60857350044,113552.419299668,9.79466307300848,0.941525862150458,"index",0.2,6
2010,295263.930013142,82095.5385242203,1061943.07186481,12.5956249133468,0.653066062157131,"index",0.2,6
2011,87936.511937219,16690.6256051343,463303.791878594,11.3843703778274,0.847856333662824,"index",0.2,6
2012,341305.689608985,64723.6197671015,1799800.04484662,12.7405338051601,0.84830759057523,"index",0.2,6
2013,1660866.50311231,260011.38747929,10609064.3486921,14.3228500139701,0.946124174505919,"index",0.2,6
2014,33496.4348401086,5304.02069025895,211539.737968644,10.4191942894665,0.940310062464008,"index",0.2,6
2015,15332.0125804997,3989.95015381919,58915.6758120379,9.63769824703883,0.686831105381772,"index",0.2,6
2016,139125.944855798,35404.3809556023,546712.808120875,11.8431348799711,0.698249581876658,"index",0.2,6
2017,45737.0163370181,5665.59248989194,369224.342757584,10.7306632345138,1.06557900818257,"index",0.2,6
2018,211480.784809523,62532.7073614957,715211.67450988,12.2618894213767,0.621666731818674,"index",0.2,6
2019,84284.8378967759,11201.7570453029,634180.322832891,11.3419572689377,1.02967777001648,"index",0.2,6
2021,21842.89874433,4998.49826992721,95451.1134725268,9.99163114744021,0.752431350159479,"index",0.2,6
2022,23911.8724669856,2532.72268099709,225756.119755001,10.082130370518,1.14547013447796,"index",0.2,6
2023,28852.7888481114,6128.88590153288,135829.486417016,10.2699619344432,0.790419456436057,"index",0.2,6
2024,9436.45843683185,1543.58153774275,57688.399124203,9.15233602315748,0.923728889084404,"index",0.2,6
2003,1286.78379376425,36.3234605426935,45585.2087646804,7.15990120107065,1.8201545542452,"index",0.2,7
2004,53722.0101843998,3536.8266799299,816001.076510189,10.891578069602,1.38808310002416,"index",0.2,7
2005,5025.80139509715,501.877930194226,50328.3331330897,8.52234020182281,1.17552327329393,"index",0.2,7
2006,8821.89573561536,1569.55722062322,49584.5856063575,9.08499206191621,0.880854567762025,"index",0.2,7
2007,22064.9802901208,4929.7119926419,98761.0140166632,10.0017470284388,0.764662613329957,"index",0.2,7
2008,5029.71808324106,721.374103037099,35069.2711179585,8.52311921445372,0.990814810960073,"index",0.2,7
2009,35351.7590164916,7443.49249121909,167897.914458085,10.4731034301006,0.794916643287119,"index",0.2,7
2010,15832.1262029658,3287.82224098695,76237.7652240081,9.66979645863553,0.801961556069076,"index",0.2,7
2011,157637.847456085,42177.5022679693,589169.33470144,11.9680555764078,0.67267222793641,"index",0.2,7
2012,4148.771992542,647.724710791802,26573.4945098204,8.33056766402453,0.947518373608523,"index",0.2,7
2013,199424.323927045,28017.9042368989,1419451.67052798,12.2031901146622,1.00134038600006,"index",0.2,7
2014,53580.2612763985,13733.400279682,209041.048828557,10.8889360194659,0.694579037580449,"index",0.2,7
2015,58178.1933719947,13238.1165631477,255678.530090267,10.9712658791778,0.755325263638419,"index",0.2,7
2016,17970.8168269665,4362.3532797368,74031.2021331453,9.79650443377887,0.722328323965612,"index",0.2,7
2017,13080.7537049331,2174.04368506574,78704.084312799,9.47889724605237,0.91560513274828,"index",0.2,7
2018,35872.6948494948,7787.00234877966,165256.176655275,10.4877316959311,0.779361483565395,"index",0.2,7
2019,28630.1801024384,2156.40974787007,380116.632985768,10.2622166887618,1.31942053280357,"index",0.2,7
2021,7653.41414582306,1301.30734181449,45012.2320879326,8.94290712083287,0.903987241160534,"index",0.2,7
2022,14615.2451446824,2113.18803879997,101082.055509109,9.5898204509033,0.986685194786335,"index",0.2,7
2023,6421.31976780936,770.787478541029,53495.0926272272,8.76737894686699,1.08163531163741,"index",0.2,7
2024,90268.3807818097,14312.6067072573,569314.921847051,11.4105425206306,0.939632829664,"index",0.2,7
2003,101052552990011,0,Inf,32.2466618240806,40305.6607890837,"index",0.2,8
2004,89499484650782.2,0,Inf,32.125253983101,43399.6714819848,"index",0.2,8
2005,93311143315344.7,0,Inf,32.1669606519699,31427.2303447422,"index",0.2,8
2006,51255959863941.2,0,Inf,31.567853017214,21228.0325972357,"index",0.2,8
2007,21635679724717.4,0,Inf,30.7053649069403,22789.8652458073,"index",0.2,8
2008,13512161866706,0,Inf,30.2346112748402,32792.2634245424,"index",0.2,8
2009,47002466943664.8,0,Inf,31.4812212044242,30157.7486675033,"index",0.2,8
2010,29310483574526.2,0,Inf,31.0089663691344,28826.4002610382,"index",0.2,8
2011,29826978260128.6,0,Inf,31.0264344106359,27609.1130307872,"index",0.2,8
2012,18864593368470.8,0,Inf,30.5683079143005,27784.6011835204,"index",0.2,8
2013,2152454759512114,0,Inf,35.3053853343613,30366.4103677809,"index",0.2,8
2014,6078028272831.02,0,Inf,29.4357014620792,24945.0657438445,"index",0.2,8
2015,7638835239053.38,0,Inf,29.6642662518632,33820.3191316497,"index",0.2,8
2016,2391745026072570,0,Inf,35.4107996308662,31211.5835888489,"index",0.2,8
2017,580977334695184,0,Inf,33.9957328611679,26760.7175260687,"index",0.2,8
2018,145049506490696,0,Inf,32.6080962241509,24752.9612961765,"index",0.2,8
2019,200965835312889,0,Inf,32.9341560359728,50464.9784088329,"index",0.2,8
2021,4979378355157.3,0,Inf,29.2363261708917,55340.5133403403,"index",0.2,8
2022,26998671860330.6,0,Inf,30.9268087903649,26748.3645811188,"index",0.2,8
2023,168687329298927,0,Inf,32.7590679947696,25868.8192482147,"index",0.2,8
2024,25217139670243.2,0,Inf,30.8585450248963,31467.9702365634,"index",0.2,8
2003,71317.767686008,7324.74375589241,694389.340736156,11.1749007715154,1.16118833729836,"index",0.2,9
2004,32803.9312535955,3516.5737749509,306007.487559577,10.3983036424827,1.13933787810158,"index",0.2,9
2005,59710.3776742979,7479.02625756909,476710.346938419,10.9972611146642,1.05991908424105,"index",0.2,9
2006,27123.0134282369,5004.89339637214,146987.717652802,10.2081378504921,0.862243628824798,"index",0.2,9
2007,32004.5640479032,3469.44876548829,295231.948684556,10.3736337981086,1.13363450171574,"index",0.2,9
2008,11008.0344115959,979.062837728766,123768.175991631,9.30638068622165,1.23460679849781,"index",0.2,9
2009,94511.7148752446,19314.2723025185,462479.978989151,11.4564790727324,0.810157475401665,"index",0.2,9
2010,68513.7832890514,8600.70361661296,545785.404290875,11.1347902199077,1.05879033568801,"index",0.2,9
2011,271862.93741092,43128.1987434555,1713715.36236276,12.513053311697,0.939364703063611,"index",0.2,9
2012,11611.2950916421,575.93885434084,234091.123891086,9.35973361813844,1.53254454797577,"index",0.2,9
2013,123060.794837568,19841.3009274955,763254.3491676,11.720433779217,0.931095083368956,"index",0.2,9
2014,156504.139009632,25290.8672082478,968473.928768977,11.9608377359585,0.929934999163113,"index",0.2,9
2015,30065.6227141778,3743.41510941963,241475.135075636,10.3111376955219,1.06297059912134,"index",0.2,9
2016,274346.147610834,50432.9726002804,1492392.86974901,12.5221459005108,0.864171717163835,"index",0.2,9
2017,9737.09030233095,896.052084651335,105809.616628077,9.18369761507881,1.2172157715245,"index",0.2,9
2018,45740.3681375831,5537.00517807598,377854.311143813,10.7307365160267,1.07732972681259,"index",0.2,9
2019,283687.34405463,72160.9350244721,1115264.22363398,12.5556280094904,0.698468904520649,"index",0.2,9
2021,50876.9549350492,6948.73662801763,372508.656181646,10.8371653482484,1.0157585660035,"index",0.2,9
2022,149759.806403389,20417.4514799212,1098472.04172551,11.9167879989982,1.01667313067124,"index",0.2,9
2023,33308.023389817,5444.18818869107,203781.424095725,10.4135535895837,0.924123949524076,"index",0.2,9
2024,27025.2868830627,2704.58802648037,270047.091816163,10.2045282579205,1.17442126342219,"index",0.2,9
2003,58160.4278502839,7466.30859726637,453053.248959809,10.9709604686158,1.04736846825052,"index",0.3,1
2004,83421.2019594665,12448.9177431364,559012.2033057,11.3316577761759,0.970563143674313,"index",0.3,1
2005,53081.2199669434,10027.9232775445,280977.01141058,10.8795784717341,0.850245043507515,"index",0.3,1
2006,60597.5464578158,12818.7535124802,286460.195457543,11.012009683743,0.792537618121446,"index",0.3,1
2007,57433.2470818639,11465.8426314785,287687.348970801,10.9583786320801,0.82208191385769,"index",0.3,1
2008,16543.9014037719,1698.62825994472,161130.413352851,9.71377281765379,1.16134609472547,"index",0.3,1
2009,41896.8086040168,5635.8051586142,311462.607701868,10.6429649360408,1.02352372304123,"index",0.3,1
2010,104286.460875267,12884.6137133038,844081.643725115,11.5548968231215,1.06691127823978,"index",0.3,1
2011,33141.0168263502,6128.05744136107,179229.226683046,10.4085269732603,0.861186175668253,"index",0.3,1
2012,45309.0179389177,12152.2684716171,168932.007335417,10.7212613631583,0.671435922656943,"index",0.3,1
2013,63425.0594313783,11754.5649057566,342227.738425589,11.057614321501,0.860024667827902,"index",0.3,1
2014,107985.350528869,29530.6301884079,394872.573136622,11.5897508536548,0.661526205968615,"index",0.3,1
2015,118105.62921498,25721.4200158373,542308.303494815,11.6793346658673,0.777695554864183,"index",0.3,1
2016,333955.590340663,90595.8519224621,1231031.37674816,12.7187633000666,0.665624268555153,"index",0.3,1
2017,90985.8384686586,19963.7058156372,414673.652191392,11.4184591521652,0.773885627180394,"index",0.3,1
2018,285014.555952499,70830.6667150401,1146866.19330595,12.5602955314641,0.710343766952885,"index",0.3,1
2019,80050.4524278551,11597.6559205016,552531.906260171,11.2904123702247,0.985657953211056,"index",0.3,1
2021,38687.8543333059,8085.52459964138,185114.775729145,10.5632809882427,0.798713825936738,"index",0.3,1
2022,23975.9971923358,4131.63419588534,139133.43101366,10.0848084918934,0.897149237943199,"index",0.3,1
2023,78425.085382415,20475.3903607992,300384.701285814,11.2698991217725,0.685175931081026,"index",0.3,1
2024,235803.773999011,65089.7728337593,854257.395769213,12.3707552720422,0.656763372015131,"index",0.3,1
2003,373426.482723475,74300.5101053711,1876801.89276581,12.8304764307764,0.823792348914131,"index",0.3,10
2004,68429.9446884873,8854.98688903023,528815.840017835,11.1335657956529,1.04329964335845,"index",0.3,10
2005,46876.665064718,12065.9321450284,182117.85887551,10.7552752840225,0.692428054491506,"index",0.3,10
2006,82406.396900859,19943.6689003608,340499.748772859,11.3194183451763,0.723866016298116,"index",0.3,10
2007,55069.6894089739,14035.4927948575,216071.550598637,10.9163547423092,0.697466970341971,"index",0.3,10
2008,17926.2346290185,1818.75047157944,176687.177815853,9.79402054058645,1.16742734480194,"index",0.3,10
2009,95027.608351936,23258.8758464087,388249.475543044,11.4619227425934,0.718115566763364,"index",0.3,10
2010,109282.028628136,30120.8601118049,396488.07294186,11.6016872382134,0.657519225201912,"index",0.3,10
2011,81145.9022411514,19851.5337848435,331695.14869213,11.3040040755637,0.718363977492141,"index",0.3,10
2012,20927.4521599877,4565.360789563,95930.699477203,9.94881707654367,0.776832770800453,"index",0.3,10
2013,144500.462961565,15895.3036891111,1313619.6831779,11.8810379904158,1.12617325048403,"index",0.3,10
2014,60566.5174367074,16710.426510767,219521.80765987,11.0114975018173,0.657006642177082,"index",0.3,10
2015,17740.5307650538,2445.23760761489,128709.958838236,9.78360717452839,1.01109490375541,"index",0.3,10
2016,662072.262625979,191327.363146387,2291045.42983381,13.4031299870071,0.633373273039678,"index",0.3,10
2017,163604.644582294,34134.297909112,784152.051410839,12.0052080926151,0.799581085877309,"index",0.3,10
2018,58138.3075405536,13358.4955490228,253027.205891253,10.9705800636196,0.750356763224376,"index",0.3,10
2019,193427.938612743,37847.9287689814,988544.648357045,12.17266031182,0.832325894458823,"index",0.3,10
2021,25952.2210455321,5370.12817450906,125419.311291901,10.1640124743547,0.803793044637324,"index",0.3,10
2022,10473.5677470374,1146.25388099212,95699.2365921906,9.25661000484877,1.12877359631001,"index",0.3,10
2023,144698.291856569,24445.9794522118,856484.220938608,11.8824061078268,0.90725394958984,"index",0.3,10
2024,111110.324360738,23324.3621528624,529296.539756962,11.6182788998496,0.796456074138867,"index",0.3,10
2003,1643349.81937395,246850.357560077,10940225.7121671,14.3122472893738,0.967216597932258,"index",0.3,2
2004,20345.4503439061,3326.92856379648,124420.269855146,9.92061259555115,0.923898503086697,"index",0.3,2
2005,60818.0019059643,9080.24526890412,407349.057904941,11.0156411081097,0.970316107788914,"index",0.3,2
2006,62734.0880042043,14681.5920224963,268061.242383583,11.0466602472155,0.740988362022901,"index",0.3,2
2007,41428.1490166154,10929.1440878412,157038.055052481,10.6317158567047,0.679873506673806,"index",0.3,2
2008,17923.1063395267,2489.11765604364,129056.872855331,9.7938460163461,1.00724424543533,"index",0.3,2
2009,21404.6892172648,5716.55504861627,80146.2973051562,9.97136529930825,0.67360608205569,"index",0.3,2
2010,95031.6400930492,26673.9357396048,338570.682142187,11.4619651687437,0.648237927170236,"index",0.3,2
2011,12689.933817868,2265.89266713342,71068.865104539,9.4485643453968,0.879016290700675,"index",0.3,2
2012,20792.821992136,4584.81764082162,94298.5043826473,9.94236310959798,0.771370040785398,"index",0.3,2
2013,789943.903437803,199322.520162541,3130661.65363397,13.5797172136154,0.702583174160481,"index",0.3,2
2014,65752.4503938289,16843.5500042582,256678.950203487,11.0936522176928,0.694874576779074,"index",0.3,2
2015,806595.534516702,91005.4047023515,7148985.91386049,13.6005776252254,1.11323650147001,"index",0.3,2
2016,2261532.63477427,846831.242755455,6039609.31047744,14.6315532983837,0.501180936735402,"index",0.3,2
2017,23348.2535472885,5031.47337488506,108346.184723858,10.0582774657511,0.783080372998424,"index",0.3,2
2018,57931.2093254456,13526.5044851382,248107.337530988,10.9670115395062,0.7421591499146,"index",0.3,2
2019,276037.172342748,38774.4988436245,1965119.41578605,12.5282908180317,1.00143307238388,"index",0.3,2
2021,40189.2085135444,3075.07528088082,525246.484529155,10.6013537936326,1.31138589911772,"index",0.3,2
2022,25264.7288821631,5314.00581702831,120117.769431829,10.1371645867032,0.795455109390155,"index",0.3,2
2023,25530.2616203213,6192.3733429993,105257.584176337,10.1476197577475,0.72274085700405,"index",0.3,2
2024,86047.043591083,26212.8099993336,282460.89263051,11.3626494441765,0.606463155455356,"index",0.3,2
2003,528847.658707669,79636.6690021926,3511948.07147048,13.1784556896076,0.96594925872411,"index",0.3,3
2004,15382.5145381295,1411.31737023897,167660.200678816,9.64098672372257,1.21875090065406,"index",0.3,3
2005,118914.477789819,19906.1284765631,710366.812144014,11.6861598396885,0.911943753476722,"index",0.3,3
2006,132885.73034151,36874.6948441304,478881.721002429,11.7972448675409,0.654075309270175,"index",0.3,3
2007,47056.3510378793,8110.47996679699,273017.155836044,10.7591011207685,0.897051582163132,"index",0.3,3
2008,11487.8735051144,1152.28189780505,114530.340119808,9.34904728018233,1.17326021500607,"index",0.3,3
2009,79965.1389105794,20822.0000201683,307099.386936634,11.2893460550657,0.686533357590328,"index",0.3,3
2010,45408.8811240368,7818.38478650556,263733.052445286,10.7234629843706,0.897582677580937,"index",0.3,3
2011,212991.485858746,34576.9218828999,1312013.0589401,12.2690074713985,0.927601601273931,"index",0.3,3
2012,60059.1053107641,13341.8369056121,270359.783008003,11.0030844448357,0.767577592058354,"index",0.3,3
2013,180014.708054707,40166.5464790531,806773.24680928,12.1007938379492,0.765322270594521,"index",0.3,3
2014,250548.699217072,51033.6243573031,1230064.52059648,12.4314085886644,0.811835628424211,"index",0.3,3
2015,7028.28501890454,408.202552049505,121010.488687408,8.85769800325196,1.45203407990428,"index",0.3,3
2016,77370.1308607607,21006.9934401566,284959.252568159,11.2563560789051,0.665188445789154,"index",0.3,3
2017,26286.9911322095,3060.97583648578,225746.931598842,10.1768294620379,1.09713261778218,"index",0.3,3
2018,246952.709630878,65505.2788666169,931003.452686811,12.4169521382952,0.677086995987476,"index",0.3,3
2019,200240.144722394,39711.8793207603,1009675.59944926,12.2072726488501,0.825457514766942,"index",0.3,3
2021,40507.8383049614,7049.42395710427,232768.659414681,10.6092507727626,0.892133530156207,"index",0.3,3
2022,38900.0315162516,7181.08839111715,210721.880799737,10.5687503397926,0.862028137281485,"index",0.3,3
2023,197492.226329311,39121.0657071529,996986.629977626,12.1934545021908,0.826055044470682,"index",0.3,3
2024,137066.013649804,26238.2751303379,716018.564655032,11.8282179402156,0.843507047435985,"index",0.3,3
2003,180997.256510047,16714.9187642127,1959926.1788998,12.10623715273,1.21542040197221,"index",0.3,4
2004,5575.75124618112,615.164965198942,50537.6666716321,8.62618233992822,1.12465937608135,"index",0.3,4
2005,8183.70890748922,709.58793102421,94383.0758026709,9.00990073851028,1.2475822694124,"index",0.3,4
2006,16315.3549442046,3160.92744621742,84212.8810244995,9.69986196448826,0.83738334901876,"index",0.3,4
2007,28982.0629689857,7507.15035188641,111887.991390393,10.2744323992964,0.689207140719881,"index",0.3,4
2008,6684.77582014958,807.4487162394,55342.4965164071,8.80758795421676,1.07844247502019,"index",0.3,4
2009,15658.0170014641,2243.07679626875,109302.319397166,9.65873833326776,0.991413401708931,"index",0.3,4
2010,24182.6940556744,4610.24444182338,126848.521628293,10.093392534657,0.845605525860844,"index",0.3,4
2011,10935.5380852785,1585.38043144288,75430.4713511195,9.29977313951599,0.985320892322509,"index",0.3,4
2012,8247.73328285575,1525.20993303049,44600.4860261859,9.0176936879838,0.861141511133007,"index",0.3,4
2013,53403.1437770838,9925.58754232913,287327.652203313,10.8856248954454,0.858563528052535,"index",0.3,4
2014,28193.5945441914,4141.01438398885,191952.67140236,10.2468500873021,0.978667998666475,"index",0.3,4
2015,21781.1460617594,4036.14621252972,117542.402772953,9.98880001501806,0.860094583578643,"index",0.3,4
2016,129691.324624965,26507.9176152098,634521.350455957,11.7729124800564,0.81007291322623,"index",0.3,4
2017,10005.1723937991,841.160069022756,119006.451109759,9.21085747763391,1.26332704250065,"index",0.3,4
2018,34834.3605272405,6784.27066650496,178859.708433021,10.4583595501044,0.834707927573261,"index",0.3,4
2019,57282.800414794,14119.2776357911,232399.936314254,10.9557556903625,0.714533200920483,"index",0.3,4
2021,7274.08982136984,779.818078956644,67852.213429253,8.8920739737481,1.13931344197541,"index",0.3,4
2022,3128.15771312185,294.302751948196,33249.3346167766,8.04819952019016,1.20593568698802,"index",0.3,4
2023,27799.2158223847,4409.62587551156,175252.146589391,10.232763091453,0.939414181392634,"index",0.3,4
2024,46049.2988482664,10988.0026183136,192986.659912391,10.7374678156884,0.731089214642421,"index",0.3,4
2003,390666.956924018,54585.7816224104,2795978.48919714,12.8756107034303,1.00414191331053,"index",0.3,5
2004,15759.6341273504,1811.66903958437,137092.406174213,9.66520714787275,1.10369544759562,"index",0.3,5
2005,34024.3374893701,5605.89667706202,206506.75677406,10.4348313560405,0.920046015889484,"index",0.3,5
2006,11372.1867849834,2318.49762738734,55780.3599817722,9.33892589762575,0.811367570872713,"index",0.3,5
2007,28151.8318009557,6431.42170790275,123227.129201537,10.2453677043088,0.753287722496439,"index",0.3,5
2008,20612.4043986604,2264.78308131179,187599.076750354,9.93364832882971,1.12676257459767,"index",0.3,5
2009,55691.5231180117,9998.1816039089,310210.98336436,10.9275832261471,0.876253198457551,"index",0.3,5
2010,32029.7541440474,4316.75693625402,237656.454991042,10.3744205667713,1.02254984911224,"index",0.3,5
2011,90442.715892322,24764.2499389433,330310.220505241,11.4124719557102,0.660887449210894,"index",0.3,5
2012,44332.4063287648,9232.45430713288,212875.38345901,10.6994712084397,0.800520327533492,"index",0.3,5
2013,193465.233278663,17110.9457381508,2187418.33796571,12.1728531023304,1.23746124015652,"index",0.3,5
2014,27792.9190255228,6597.38037822581,117083.797458256,10.2325365559222,0.733742369978154,"index",0.3,5
2015,7471.35489208855,666.908503779839,83701.3527450285,8.91883163946953,1.23276692723144,"index",0.3,5
2016,458456.987344764,156814.563637898,1340327.0995325,13.0356217545982,0.547358267871872,"index",0.3,5
2017,30545.7944506746,6349.63791947277,146944.687312239,10.3269822939345,0.801458208732144,"index",0.3,5
2018,148831.0395728,37452.8092779052,591429.021410894,11.9105669789069,0.703956802044227,"index",0.3,5
2019,85929.4320934848,14545.5950108766,507635.974629258,11.3612816813419,0.90626063386059,"index",0.3,5
2021,36515.0535045687,3894.37920420193,342377.838039724,10.5054798793296,1.14195481862354,"index",0.3,5
2022,27641.3743870957,4156.51387150337,183818.844740494,10.2270690012147,0.966669298971787,"index",0.3,5
2023,97355.2311045376,10287.618269702,921305.668128417,11.4861217443802,1.14666668405185,"index",0.3,5
2024,101831.714279116,20831.0179166299,497800.831170382,11.5310768697399,0.809646749317258,"index",0.3,5
2003,19741.6429097472,3857.38181246894,101035.490838933,9.8904855369684,0.833046731702302,"index",0.3,6
2004,59996.3732461611,10817.1411556958,332764.891470175,11.00203939348,0.874073252374489,"index",0.3,6
2005,87540.8053951394,15163.3169282766,505390.25501333,11.3798603110126,0.894519437518405,"index",0.3,6
2006,218204.174538686,51816.4171953562,918879.852433649,12.2931864839061,0.733546219695302,"index",0.3,6
2007,46186.2309153182,11158.6990613055,191166.363968017,10.7404370005135,0.724739002423098,"index",0.3,6
2008,35651.281507465,7615.0850892916,166907.3763748,10.4815403721098,0.787593009419297,"index",0.3,6
2009,184648.969676345,37642.0447227532,905775.503261289,12.1262118403916,0.811410279769599,"index",0.3,6
2010,307528.045696336,81769.8618712612,1156581.37026946,12.6363215675863,0.675858107656735,"index",0.3,6
2011,680320.726434769,155674.627228989,2973100.36359313,13.430319622479,0.752460886486004,"index",0.3,6
2012,235466.103264043,53549.8021357463,1035377.97666935,12.3693222468944,0.755603101715633,"index",0.3,6
2013,1656146.98427419,326547.593935049,8399458.10185962,14.3200043686082,0.828420008861547,"index",0.3,6
2014,84400.0718932555,18668.8065057444,381565.481081762,11.3433235323995,0.769766299577222,"index",0.3,6
2015,18920.4315403308,4758.50408469225,75230.098220142,9.84799765103132,0.704252237290001,"index",0.3,6
2016,2095100.96870537,709389.128817891,6187644.96206003,14.5551123052631,0.55253709612801,"index",0.3,6
2017,55880.4801397213,9655.18448901837,323414.644660327,10.9309704056697,0.895792023070914,"index",0.3,6
2018,188314.055633674,58906.0026180456,602013.071216937,12.1458663567542,0.592953793770217,"index",0.3,6
2019,110805.469803425,19498.9079581248,629668.705792407,11.6155314185337,0.88645387946006,"index",0.3,6
2021,23558.4929597159,5571.18979196805,99620.1190871518,10.0672416696634,0.735665432503146,"index",0.3,6
2022,21887.3890521323,4271.23562866949,112159.066173698,9.99366590757531,0.833692599306166,"index",0.3,6
2023,87400.9721627487,22361.3523444166,341613.057087799,11.3782616847253,0.695508840732883,"index",0.3,6
2024,26244.7096565908,6037.33973848775,114087.464809671,10.1752197108167,0.749759163509775,"index",0.3,6
2003,190573.870830981,7957.81024699879,4563868.59151366,12.1577951717752,1.62037978780802,"index",0.3,7
2004,13702.7370359258,2431.15089715905,77232.9691649943,9.52535087550634,0.882276840138033,"index",0.3,7
2005,16197.1966264394,2779.78073672672,94377.6518375564,9.69259345849533,0.899233935166324,"index",0.3,7
2006,20195.8834374855,3931.81758049798,103736.681438014,9.91323407239776,0.83490155874321,"index",0.3,7
2007,29474.5396826668,6011.87856469676,144505.328934387,10.2912821080713,0.811132025262738,"index",0.3,7
2008,8456.05555294038,1630.52145183855,43853.9924965636,9.04263809717613,0.839802648627844,"index",0.3,7
2009,40557.4387614881,6772.98733267341,242862.677589356,10.6104744893651,0.913168290100069,"index",0.3,7
2010,69806.2074642403,10669.5234743697,456712.674398837,11.1534782169487,0.958350025198273,"index",0.3,7
2011,315395.517804482,53093.2310550493,1873578.43315315,12.6615827422639,0.90908712233325,"index",0.3,7
2012,29504.7443253202,5654.37092723949,153956.991662646,10.2923063539842,0.842934985806351,"index",0.3,7
2013,440723.187002558,1787.07237058778,108690017.683954,12.996172263475,2.81017319410477,"index",0.3,7
2014,223854.784363061,34331.1015117381,1459637.53784886,12.3187528365167,0.956622611123338,"index",0.3,7
2015,376693.474769037,11112.9752565274,12768675.4139243,12.839187071441,1.79764447335938,"index",0.3,7
2016,587452.083313697,1860.92147844747,185445734.377527,13.2835499613571,2.93613706384479,"index",0.3,7
2017,10235.1848343948,1333.09998692793,78583.0092427183,9.23358655698409,1.03998045206354,"index",0.3,7
2018,888836.051871608,7974.25637543369,99072501.5489283,13.6976680788967,2.40499031473637,"index",0.3,7
2019,152082.776451887,9950.03849130066,2324530.79588952,11.9321802335178,1.39127481750137,"index",0.3,7
2021,11671.8987754745,1235.57235052914,110259.201710512,9.36493941774165,1.14576076500636,"index",0.3,7
2022,105238.57000503,2564.24772783664,4319066.56150076,11.5639851471203,1.89522090473396,"index",0.3,7
2023,18380.583244019,2073.38123488079,162944.389920524,9.81905012794261,1.11334399239801,"index",0.3,7
2024,147909.33295679,14750.9496319884,1483102.53383826,11.9043547498641,1.17619100479533,"index",0.3,7
2003,169956.578037534,11841.6372160055,2439294.32149689,12.0432982600977,1.35916838465048,"index",0.3,8
2004,8247.46660503446,536.662635918133,126747.607991727,9.01766135399293,1.39405199124793,"index",0.3,8
2005,17687.2788721908,2096.90247784459,149191.408378808,9.78060095238184,1.08797123056314,"index",0.3,8
2006,26527.7986172388,4460.88407731891,157754.401880743,10.1859484665778,0.909632131843293,"index",0.3,8
2007,17335.3135046515,2313.1288164014,129916.281433937,9.76050094302346,1.02764367400722,"index",0.3,8
2008,7067.35873456841,512.546595449912,97449.7927144295,8.8632421013338,1.33872382206998,"index",0.3,8
2009,29295.9277593916,3649.92875381932,235141.955136908,10.2852038010248,1.06264242127343,"index",0.3,8
2010,27958.7238417022,2457.81312846779,318042.991064939,10.2384845530208,1.24056223012823,"index",0.3,8
2011,17981.7833858008,2655.60772584943,121759.147853976,9.79711449030382,0.975877974943964,"index",0.3,8
2012,15305.2093507179,1128.80209091743,207520.375054335,9.6359485298693,1.33014499121407,"index",0.3,8
2013,144131.488446945,15075.5101076264,1377988.9246615,11.8784812761378,1.151885664705,"index",0.3,8
2014,15975.3533147228,1838.20990952571,138837.198193581,9.67880239572873,1.10321154418619,"index",0.3,8
2015,73917.6246344994,2445.73012550272,2234022.13295453,11.2107065715257,1.73911746401664,"index",0.3,8
2016,130197.760079531,15196.9226531526,1115453.24778043,11.7768098049184,1.09591890083363,"index",0.3,8
2017,37408.6365933737,1068.48277621428,1309713.2896548,10.5296568817001,1.8141465632588,"index",0.3,8
2018,97798.0133711191,12806.2069608543,746860.600377145,11.4906595426379,1.03725084107891,"index",0.3,8
2019,20592.0246081561,3632.23292541853,116741.268021529,9.93265912486997,0.885249050208673,"index",0.3,8
2021,7048.58698867494,576.012215870767,86252.6473710488,8.86058244857981,1.27780591875904,"index",0.3,8
2022,15764.9163626102,1809.08401430867,137380.346050469,9.66554226670725,1.10459496045001,"index",0.3,8
2023,33461.2295631695,6663.55180112796,168026.589616907,10.4181427211212,0.823349208964429,"index",0.3,8
2024,40516.2388567714,3623.84093621162,452990.525796934,10.6094581321583,1.23174118339685,"index",0.3,8
2003,217377.35700607,28950.9687662202,1632170.43686907,12.289390094639,1.02860622168193,"index",0.3,9
2004,23190.0221590126,3329.89327551546,161499.808924732,10.0514773857908,0.990213018215307,"index",0.3,9
2005,37137.9253878672,8720.22327374222,158164.012413286,10.5223939741076,0.739296162671818,"index",0.3,9
2006,23699.8164251608,5365.32266955225,104687.328829972,10.0732225813194,0.757927592721757,"index",0.3,9
2007,40990.8310605785,9244.06848032452,181765.013382712,10.6211036880081,0.759894732916342,"index",0.3,9
2008,20862.2688415382,3762.47167263706,115677.750980001,9.94569748781467,0.873927338034771,"index",0.3,9
2009,91056.5130326672,21881.59985475,378916.012572473,11.4192356150814,0.72747981746669,"index",0.3,9
2010,77651.5829602259,13117.1042048043,459687.46165944,11.2599872142058,0.907320188632792,"index",0.3,9
2011,204458.279153196,51766.2839739294,807536.966248902,12.2281192197305,0.700841904632947,"index",0.3,9
2012,25747.996709394,4137.03502436856,160249.872346234,10.156112105372,0.932862790970242,"index",0.3,9
2013,250453.515419091,48170.5464230439,1302185.00813546,12.4310286150981,0.841099930867853,"index",0.3,9
2014,138934.744272305,30734.5106702706,628051.748508307,11.8417596362124,0.769717311045561,"index",0.3,9
2015,22744.7296162081,3327.58476842911,155464.927662423,10.0320887323189,0.980674503422084,"index",0.3,9
2016,262209.855052128,75569.2534069684,909814.573874274,12.4769004356166,0.634754345974469,"index",0.3,9
2017,62152.2927625517,14619.1919636306,264235.363024989,11.0373429870477,0.73840771357665,"index",0.3,9
2018,242542.578045253,63920.5139414955,920313.347584788,12.3989325535154,0.680388488380413,"index",0.3,9
2019,304092.75622905,88113.8979875105,1049464.46023859,12.6250880530235,0.632002685202068,"index",0.3,9
2021,56114.4914141814,11433.2599568599,275410.176848375,10.9351493721318,0.811681978843663,"index",0.3,9
2022,115898.06768042,22319.7605957787,601814.792520472,11.6604663568888,0.84044333438769,"index",0.3,9
2023,26766.8645491467,6077.25779466806,117892.81646419,10.1949200041092,0.756448160883458,"index",0.3,9
2024,33824.3091378095,6116.13905152426,187059.823037375,10.4289350282276,0.872591914560714,"index",0.3,9
2003,86261.4612549523,15714.3175543253,473519.748606043,11.3651382101807,0.868796927755159,"index",0.4,1
2004,53330.3645621117,8280.35354706661,343479.027575495,10.8842611395381,0.950333888194587,"index",0.4,1
2005,32173.4674587868,7467.5536163787,138617.285057217,10.3788973999014,0.745204851412601,"index",0.4,1
2006,36071.2152150676,8694.58444691795,149648.620360799,10.4932504637949,0.725929068881016,"index",0.4,1
2007,77214.9215514511,23631.4488960389,252297.01896087,11.2543480016811,0.604100037941148,"index",0.4,1
2008,11670.1138012314,1289.37582756555,105625.957321407,9.36478647683815,1.12393542358644,"index",0.4,1
2009,73367.2694944759,17554.4130625984,306632.652079016,11.2032331954571,0.729693276455925,"index",0.4,1
2010,77875.2031953596,21102.8347409672,287380.693028192,11.2628628653366,0.6661858163121,"index",0.4,1
2011,58644.1129156315,15923.8336628892,215973.869890157,10.9792424724985,0.665150096839766,"index",0.4,1
2012,45333.4708869004,13391.3694079722,153466.275183924,10.7218009103153,0.622172251904519,"index",0.4,1
2013,34331.1085073617,7853.79795440016,150070.706960816,10.4438071756875,0.752592740325911,"index",0.4,1
2014,81061.8314723558,24443.292670545,268827.142489314,11.3029674939606,0.611672650391515,"index",0.4,1
2015,147320.611731532,41447.1108300741,523639.940306885,11.9003665229501,0.647049168939205,"index",0.4,1
2016,366386.473222338,128901.961820413,1041404.22585131,12.8114439930393,0.532987643017635,"index",0.4,1
2017,389377.370164406,116549.510679848,1300861.20063277,12.8723042556049,0.615436211601616,"index",0.4,1
2018,248589.618001376,78388.6343156155,788338.752391808,12.4235586953258,0.588849835539933,"index",0.4,1
2019,185418.105728393,43063.7462991655,798348.422663162,12.1303685849961,0.744876858727757,"index",0.4,1
2021,34135.5864657132,7725.59775960601,150828.233570577,10.4380957104786,0.758075782790826,"index",0.4,1
2022,37633.0236320856,7712.81174241841,183622.330609231,10.5356372319961,0.808687892579031,"index",0.4,1
2023,58040.8797400082,17661.9520403936,190734.50733473,10.968902864361,0.60701873663618,"index",0.4,1
2024,258649.912393093,91167.4066411399,733812.440714594,12.4632307367233,0.532039372194405,"index",0.4,1
2003,570697.301383285,75082.9944823483,4337805.27870041,13.2546142279054,1.03484802277516,"index",0.4,10
2004,40524.5743937229,4174.11748472445,393434.333317716,10.6096638442347,1.15971804998832,"index",0.4,10
2005,67539.2817528337,9069.06993417548,502979.314615174,11.1204646594861,1.0244268162896,"index",0.4,10
2006,74368.6151547347,15365.8013830092,359935.078046018,11.2167892925039,0.804550326099194,"index",0.4,10
2007,118020.266687505,24000.1585334914,580362.139256404,11.6786116402892,0.812665915283433,"index",0.4,10
2008,13012.7485215452,1030.36447708598,164341.480952324,9.47368481141867,1.29390996546078,"index",0.4,10
2009,74983.1306697402,14067.6944730299,399672.447806889,11.2250184428157,0.853782100347404,"index",0.4,10
2010,114471.679260873,14966.9719467475,875512.12091713,11.6480827286824,1.03801986288682,"index",0.4,10
2011,94595.7017270904,15285.825022034,585401.623552667,11.457367317719,0.929958980522869,"index",0.4,10
2012,23284.5983493768,4026.36532766405,134655.570513357,10.0555474059388,0.89538791304643,"index",0.4,10
2013,262973.664812677,13787.9346475345,5015627.80451505,12.4798091723541,1.50424191862276,"index",0.4,10
2014,156379.662023452,21638.2840957325,1130154.24820085,11.9600420604244,1.00911171806312,"index",0.4,10
2015,22681.7906382269,1879.87260719279,273669.409612071,10.0293177070279,1.27061437622067,"index",0.4,10
2016,632904.445493093,168159.833383887,2382067.28125423,13.3580747347442,0.676239231897894,"index",0.4,10
2017,196134.023609034,20190.8278786934,1905249.02932107,12.1865534984558,1.16000589884825,"index",0.4,10
2018,130375.604331118,23266.3696702024,730573.718446224,11.7781748276221,0.879307276106229,"index",0.4,10
2019,55532.0551551418,12446.3281529782,247768.587799592,10.9247157033679,0.763041966200859,"index",0.4,10
2021,38715.8236961379,9580.73194618353,156450.990685271,10.564003676486,0.712510237885393,"index",0.4,10
2022,7459.85689070086,647.773799267985,85908.7923787958,8.91729150946164,1.24683410946834,"index",0.4,10
2023,171491.734084398,17616.5723599016,1669417.53812534,12.052290346668,1.16109021148958,"index",0.4,10
2024,115312.313011938,17846.9664573084,745052.643202451,11.655399491639,0.951961709480515,"index",0.4,10
2003,96530.7974973588,22390.5267538043,416166.844484482,11.4776173814615,0.745536222794766,"index",0.4,2
2004,21246.0942633281,3839.78962167418,117557.61797424,9.96392835808659,0.872850477622141,"index",0.4,2
2005,35200.734694422,6537.30514253979,189541.668318957,10.468822233369,0.858965748775005,"index",0.4,2
2006,78132.9283998749,21684.8729528875,281521.340411038,11.266166865408,0.65398990900946,"index",0.4,2
2007,63526.0991868553,16220.5899445113,248792.756102173,11.0592061112556,0.696527805404094,"index",0.4,2
2008,19466.7211872349,2646.11637625734,143211.098794351,9.87646168085841,1.01818878863855,"index",0.4,2
2009,65970.0491200884,17174.2056222767,253406.036740459,11.0969561167988,0.686641317581066,"index",0.4,2
2010,74213.929482962,18981.3940539503,290163.478701704,11.2147071404175,0.695672284353703,"index",0.4,2
2011,119045.086547341,28625.1486788242,495079.79120289,11.6872575788864,0.727164710813676,"index",0.4,2
2012,31452.9104805496,7872.09890091146,125669.861386386,10.3562468009485,0.706730740763239,"index",0.4,2
2013,218926.281529078,65060.9522906985,736674.07341348,12.2964903381089,0.619098366421528,"index",0.4,2
2014,124692.849374234,46163.6236127473,336808.626972083,11.7336087873955,0.506979411861536,"index",0.4,2
2015,113295.751262958,28246.5748868051,454424.202073224,11.6377569464273,0.708701522632405,"index",0.4,2
2016,519946.281488166,205413.895981137,1316094.67968124,13.1614807803908,0.473834499133976,"index",0.4,2
2017,36799.3177511893,7683.95679741545,176235.996981202,10.5132345846153,0.799170135525953,"index",0.4,2
2018,150401.37790632,38911.0530464746,581340.588472434,11.9210628520671,0.689823503632262,"index",0.4,2
2019,130819.942037744,31744.3119862157,539115.708105124,11.7815771684463,0.722517526538915,"index",0.4,2
2021,25851.4757833742,2997.41810191402,222958.151801258,10.1601229685729,1.09931428392066,"index",0.4,2
2022,22535.6736367555,3776.79194995925,134467.715720438,10.0228548275892,0.911355822807843,"index",0.4,2
2023,56680.6899516049,11646.5560236966,275849.839802707,10.9451888664829,0.80737354561556,"index",0.4,2
2024,94162.0756005616,32626.0470156484,271761.285611868,11.4527727850277,0.54077858411908,"index",0.4,2
2003,423060.785804111,83657.2539425084,2139449.00233269,12.9552711493689,0.826947710119025,"index",0.4,3
2004,13211.5765740819,1313.09886308627,132926.591043254,9.48884873741113,1.17793162965314,"index",0.4,3
2005,73026.5998239813,15304.8752713858,348443.49838135,11.1985790349103,0.797286248841164,"index",0.4,3
2006,115700.97931754,38209.9882174882,350346.00217204,11.6587643774289,0.565271685647839,"index",0.4,3
2007,52074.0910102814,9721.61709617476,278936.202456901,10.8604228105814,0.856299183190922,"index",0.4,3
2008,14560.0509161466,1944.33016705625,109032.450492575,9.58603681873265,1.02724541113701,"index",0.4,3
2009,81440.9791921677,23737.1728605113,279419.673554007,11.3076338551915,0.629009661115267,"index",0.4,3
2010,56609.3396829438,15839.6734829008,202315.871144589,10.9439292626444,0.649836538318122,"index",0.4,3
2011,140778.557606601,33195.0795974562,597034.335272807,11.854943421383,0.737149505681747,"index",0.4,3
2012,68485.3727472039,17615.3375912553,266259.233240686,11.134375464911,0.692793449289021,"index",0.4,3
2013,149304.722541949,39580.4681800556,563204.560186611,11.9137446142524,0.677386715743451,"index",0.4,3
2014,315018.929876147,77813.6154913541,1275315.70861579,12.6603880108471,0.713439798234319,"index",0.4,3
2015,13582.3865977666,1889.97009664102,97610.658506747,9.51652912924793,1.00624953252153,"index",0.4,3
2016,122998.07794845,40504.4957312807,373502.420061721,11.7199240077971,0.566722533635316,"index",0.4,3
2017,38323.5333993918,7171.95012840083,204782.965012304,10.5538194355425,0.855059872382245,"index",0.4,3
2018,243292.606157704,78774.4160349897,751402.488146869,12.4020201384936,0.575355768711003,"index",0.4,3
2019,302325.421032843,70776.8929416785,1291391.2493729,12.6192592693023,0.740815354376024,"index",0.4,3
2021,37426.9692218129,8333.59601803718,168088.06451605,10.5301468257209,0.766389842221256,"index",0.4,3
2022,78286.0086337161,18061.7862774223,339318.550981821,11.2681241767875,0.748263977468096,"index",0.4,3
2023,154016.831874742,41028.7280695506,578160.367548346,11.9448171733111,0.674904946621646,"index",0.4,3
2024,141567.484625382,34449.5534084722,581759.434310372,11.8605318055213,0.721074725750528,"index",0.4,3
2003,165162.901639897,24461.1183986671,1115189.56874828,12.0146875485058,0.97442985269046,"index",0.4,4
2004,6661.42077256997,1001.99662652855,44286.1038993353,8.8040880699977,0.966516818696076,"index",0.4,4
2005,14182.8804820214,2712.0058282714,74171.7059271645,9.55979091641156,0.844070162174019,"index",0.4,4
2006,17638.8769140344,4864.3298185712,63961.5302401191,9.7778606605291,0.657244950034044,"index",0.4,4
2007,30751.4118414369,9702.26838965841,97466.828607795,10.3336911857233,0.588570097750207,"index",0.4,4
2008,8035.30081533378,1789.88446738051,36072.75238686,8.99159971559575,0.766184161572342,"index",0.4,4
2009,21682.345409424,4840.38259847768,97125.4013270412,9.98425363279373,0.765067418974498,"index",0.4,4
2010,51676.5273691343,15890.0662347965,168058.675242337,10.8527589413291,0.601699583654201,"index",0.4,4
2011,16498.7065168629,4184.16712194559,65056.5115580283,9.71103726389839,0.699999758500494,"index",0.4,4
2012,10387.6251090149,2509.34668209028,43000.3379666754,9.24837048328034,0.724805548601942,"index",0.4,4
2013,57596.0736160425,14176.3326893406,234003.234029554,10.9612096779724,0.715258314932779,"index",0.4,4
2014,23834.2963925443,6255.78816231914,90807.691978664,10.0788808472764,0.682470921760498,"index",0.4,4
2015,23677.6108568804,5297.06773734027,105837.660322494,10.0722851910397,0.763981641254321,"index",0.4,4
2016,110953.771613801,29297.4067482,420198.945972714,11.6168689215982,0.679407707437989,"index",0.4,4
2017,18131.1239617005,3570.21780878237,92077.759319303,9.80538529640539,0.829098608671998,"index",0.4,4
2018,76212.5219756338,19099.3791696363,304111.900931337,11.2412810585629,0.706069070748104,"index",0.4,4
2019,58662.2789722923,15090.5398391606,228041.078112582,10.9795521923102,0.692731538573276,"index",0.4,4
2021,11486.4116181049,2355.39293324352,56015.1344594754,9.34892001728786,0.808411372157431,"index",0.4,4
2022,7865.91392069666,1539.69506400273,40184.9712026483,8.97029400972016,0.832134854095143,"index",0.4,4
2023,28167.0628555957,8211.75529574525,96615.5713775535,10.2459085904574,0.628882275827474,"index",0.4,4
2024,67117.4798647981,21993.5708712264,204821.496689973,11.1141997937258,0.569242264664194,"index",0.4,4
2003,140905.495111749,28920.6569096454,686511.32699774,11.8558446972097,0.807940002452915,"index",0.4,5
2004,10764.4019978762,1345.93915462423,86090.3332619312,9.28399985766339,1.06081161157491,"index",0.4,5
2005,23752.791751305,6264.18740864019,90066.7683094328,10.075455349978,0.680038615455678,"index",0.4,5
2006,11715.6853210829,3513.39060833488,39066.900849857,9.3686838486831,0.614474052944784,"index",0.4,5
2007,22714.8948557164,7063.41910074971,73047.6899284494,10.0307761493347,0.595976075785974,"index",0.4,5
2008,12484.7198186754,2375.34061634738,65619.3170268395,9.43226076102637,0.846630167962452,"index",0.4,5
2009,52015.9675445783,15562.5686985405,173856.959735212,10.8593060185928,0.615665471687001,"index",0.4,5
2010,34847.3059063737,8090.08656421202,150101.574228416,10.4587311077879,0.745083281714241,"index",0.4,5
2011,53589.3358277128,18840.5426429817,152427.505347101,10.8891053688258,0.533346034238254,"index",0.4,5
2012,44296.9603032199,14527.3822194568,135070.49394467,10.6986713374989,0.568827167129842,"index",0.4,5
2013,50758.7297552098,13061.0477044783,197262.019453388,10.8348388969922,0.692588887189659,"index",0.4,5
2014,30422.9231331375,9991.49029234975,92634.2542386759,10.3229516536733,0.568103609824532,"index",0.4,5
2015,9063.78837320594,1353.2251477656,60708.4931948759,9.11204245437767,0.970322132815291,"index",0.4,5
2016,233399.691968911,99370.635890575,548204.363622766,12.3605076790776,0.435669099221822,"index",0.4,5
2017,58695.3323807411,21516.6312274702,160115.30833355,10.9801154861425,0.512016564340398,"index",0.4,5
2018,87373.2818954986,26494.5355034712,288138.298865064,11.3779448157719,0.608812734259252,"index",0.4,5
2019,127446.221895854,34782.2717014184,466977.534272581,11.7554497655505,0.662556390680542,"index",0.4,5
2021,31432.1499535801,3705.43056760675,266630.296446887,10.3555865319567,1.09085258977401,"index",0.4,5
2022,15115.8653121151,2883.6784456896,79235.3892562262,9.62350015414357,0.845259489954546,"index",0.4,5
2023,52872.237303209,17480.6430241126,159918.229185894,10.8756336653988,0.564696208358726,"index",0.4,5
2024,78018.5760261006,27796.6692250877,218979.409218093,11.2647022314983,0.526555977143122,"index",0.4,5
2003,63738.4191663771,13302.2167777143,305406.696170744,11.0625427863832,0.799431430069712,"index",0.4,6
2004,84925.640466993,9307.08486200886,774932.700804045,11.3495313345605,1.12808202077808,"index",0.4,6
2005,28119.2069057739,5038.65408283522,156924.802538698,10.244208141607,0.877217069713142,"index",0.4,6
2006,483010.615839998,59824.3261092474,3899738.95548941,13.087793911358,1.06564522587487,"index",0.4,6
2007,228857.104760872,41945.3640599311,1248661.8145618,12.340853091092,0.865694425904412,"index",0.4,6
2008,131250.380689508,30422.042306471,566255.948815001,11.7848620809412,0.74590114509664,"index",0.4,6
2009,262478.590763893,46679.9082588391,1475902.87083209,12.477924798693,0.881065004885886,"index",0.4,6
2010,319130.037022268,38905.319295837,2617739.22880339,12.6733539382728,1.07372772754545,"index",0.4,6
2011,592489.720660324,124263.116884462,2825006.1473554,13.2920888027444,0.79691887615855,"index",0.4,6
2012,130540.838222003,6200.72303916515,2748213.44802355,11.7794413933575,1.55463071461422,"index",0.4,6
2013,826688.988020954,123655.508268508,5526762.96013542,13.6251838307468,0.969369348884648,"index",0.4,6
2014,59576.0583822039,9377.25703210146,378501.593825285,10.9950090673518,0.943367587354884,"index",0.4,6
2015,111357.554993884,19229.0000693557,644885.589967724,11.6205015194533,0.896101507246864,"index",0.4,6
2016,999643.300017682,221270.893920663,4516123.69600015,13.8151537943494,0.769407403418318,"index",0.4,6
2017,132724.469967126,18773.4182292114,938336.573179009,11.7960306039772,0.997892509810553,"index",0.4,6
2018,338533.147886688,48780.6428310673,2349388.72402642,12.7323772923501,0.988430633307244,"index",0.4,6
2019,575052.267568158,87103.2926411373,3796470.8383378,13.2622162157669,0.962959659223308,"index",0.4,6
2021,141247.87977441,19922.8140701373,1001412.92643347,11.8582716384494,0.999330020427237,"index",0.4,6
2022,64170.0310470432,9769.47758406191,421495.709381259,11.0692915745693,0.960361168493984,"index",0.4,6
2023,280976.903304215,44462.3568148287,1775614.83119798,12.5460277502908,0.940644608237534,"index",0.4,6
2024,82851.3538832593,11655.0174023257,588960.668468785,11.3248033641003,1.00068742843292,"index",0.4,6
2003,19796.1055696626,3395.83045795373,115402.049830653,9.89324050893605,0.899474123350616,"index",0.4,7
2004,59271.3064147684,7406.40748973209,474330.877552141,10.9898805962931,1.0611316489335,"index",0.4,7
2005,17845.8727959199,3250.10569744706,97989.1749669288,9.78952754455841,0.868936756443372,"index",0.4,7
2006,18479.9873370209,4631.3697036063,73738.4302770151,9.8244436599693,0.706051608724402,"index",0.4,7
2007,39956.3493558092,10079.2535411217,158395.64381727,10.5955428711269,0.702721272721248,"index",0.4,7
2008,16912.3299645624,3484.35053774518,82089.0153650648,9.73579821859627,0.806015459751672,"index",0.4,7
2009,57280.9622227669,13898.9013025141,236069.640452268,10.9557236000753,0.722543137647228,"index",0.4,7
2010,102129.475660939,30185.45457292,345544.897247821,11.5339966565233,0.621889593613559,"index",0.4,7
2011,194141.980974742,59052.2420200615,638267.193377563,12.1763450310606,0.607239342855331,"index",0.4,7
2012,24788.7990730904,6804.42175852655,90306.6537161727,10.1181471798498,0.659613774336072,"index",0.4,7
2013,231385.1310511,60106.7390117178,890733.381178727,12.3518388351996,0.687748143137491,"index",0.4,7
2014,80974.6685809744,23240.6176983941,282130.924267633,11.301891651175,0.636866223718174,"index",0.4,7
2015,95371.684184431,23036.994966083,394832.66622085,11.4655370018952,0.72485021848214,"index",0.4,7
2016,55770.4410254064,18043.0471368606,172384.523998396,10.928999277285,0.575767512468548,"index",0.4,7
2017,14973.5112792712,3768.81726729978,59489.7614102418,9.61403800430363,0.703850431010885,"index",0.4,7
2018,228887.885659499,70220.1196130122,746077.683866092,12.3409875803789,0.602866908052634,"index",0.4,7
2019,162411.815718074,35893.3575785794,734888.003360914,11.9978904609478,0.770209524850687,"index",0.4,7
2021,22299.9402662054,4696.837648678,105877.054536109,10.0123392787991,0.794756725405964,"index",0.4,7
2022,65743.3887209077,16372.504217664,263990.963327726,11.0935143932111,0.709276175214278,"index",0.4,7
2023,25335.473553746,5479.82016411361,117136.365969847,10.1399608094166,0.781204786852221,"index",0.4,7
2024,125464.812598897,32791.7943419446,480041.410248211,11.7397806205428,0.684628411825372,"index",0.4,7
2003,148712.226876908,28038.164800314,788757.98684375,11.9097683541985,0.851263838366008,"index",0.4,8
2004,21429.9021032198,3289.5562106832,139605.671628941,9.97254252024532,0.956157659393961,"index",0.4,8
2005,21670.2477874868,4597.00146445423,102153.467385686,9.98369552905141,0.791104340134965,"index",0.4,8
2006,15690.0747084424,4344.36721587516,56666.1223887609,9.66078360724808,0.6551897000634,"index",0.4,8
2007,22056.199251462,6277.42047777483,77496.1510293211,10.0013489865521,0.641151864692621,"index",0.4,8
2008,10194.5869674434,2190.60247555591,47443.3881073713,9.22961216894054,0.784545171798738,"index",0.4,8
2009,46545.3177093155,13943.9023198357,155370.179091059,10.74818169138,0.615003193368815,"index",0.4,8
2010,60711.009790133,18760.137569352,196471.198364722,11.0138803409977,0.599189982370462,"index",0.4,8
2011,20415.7344592894,5290.86802345265,78777.6621273996,9.92406117955961,0.688953262003866,"index",0.4,8
2012,21373.8125453746,6029.24910121713,75770.6067630526,9.96992173882904,0.645697570978728,"index",0.4,8
2013,62645.7426817366,9981.2474713152,393186.231222583,11.0452510040126,0.937153774192375,"index",0.4,8
2014,13961.9658105091,4009.39086238596,48619.9764464519,9.54409218377424,0.636592095311898,"index",0.4,8
2015,42693.4599803877,11173.6789894569,163127.249925188,10.6618010254344,0.683933396097061,"index",0.4,8
2016,105169.10313327,31890.7476539731,346825.99398006,11.5633248396967,0.60881406219786,"index",0.4,8
2017,26643.0245614163,6600.37943262523,107546.962265758,10.1902826527975,0.711951978531471,"index",0.4,8
2018,86432.5011546395,27924.0524449685,267531.987721677,11.367119054829,0.576477615160462,"index",0.4,8
2019,57546.6241895545,11487.0694852011,288290.582718264,10.9603507536903,0.822144425736404,"index",0.4,8
2021,7751.5736901241,1056.94581283969,56849.5507938945,8.95565115852436,1.01660665947805,"index",0.4,8
2022,17620.2619971303,3624.02784440739,85670.8740046344,9.77680476868327,0.806883917607122,"index",0.4,8
2023,36835.4829537264,9804.09686154346,138396.511539632,10.5142168703036,0.675349780070882,"index",0.4,8
2024,38231.6454669259,11114.2308032426,131512.35933325,10.5514188670126,0.630336708348159,"index",0.4,8
2003,170991.697861084,42094.4384395854,694584.886299867,12.0493702837862,0.715165884409814,"index",0.4,9
2004,36648.6972715659,6806.34156507129,197334.647234798,10.5091331615689,0.858956151832808,"index",0.4,9
2005,46300.4675750111,13434.4881538979,159569.406225771,10.7429073388357,0.63130084339937,"index",0.4,9
2006,48198.932735682,13064.1941960769,177824.753826488,10.7830921573803,0.666064105340443,"index",0.4,9
2007,58586.8886948582,17139.2455752807,200266.89692189,10.9782662081225,0.627123784967093,"index",0.4,9
2008,27797.7917897518,6319.78852765504,122269.47547454,10.2327118645005,0.755764315271912,"index",0.4,9
2009,137740.179417561,39810.9589771242,476561.16590619,11.8331244316792,0.633290681316339,"index",0.4,9
2010,77180.1268781816,17735.1918809128,335872.993364289,11.2538972790159,0.750315365043021,"index",0.4,9
2011,184755.981787417,55197.5698211421,618410.790852566,12.126791216026,0.616397555893252,"index",0.4,9
2012,44654.0858385787,10486.4493863703,190148.954008287,10.7067010902609,0.739228849934018,"index",0.4,9
2013,216380.827423481,53598.247390077,873548.385560427,12.2847952241712,0.712014907723281,"index",0.4,9
2014,112304.289567882,29891.5265691713,421934.069715739,11.6289673373958,0.675337414848592,"index",0.4,9
2015,52759.7469373007,14065.2113832144,197906.083388834,10.8735038103319,0.67452467031311,"index",0.4,9
2016,460070.591765796,160278.614697083,1320606.30676003,13.0391352170519,0.538002893764672,"index",0.4,9
2017,86342.276286245,24756.8197816332,301128.688581441,11.366074632976,0.63736801597185,"index",0.4,9
2018,228444.129199033,68684.2745060212,759805.945987383,12.3390469482547,0.613159938987029,"index",0.4,9
2019,251147.101639376,79352.4831165753,794869.475844842,12.4337941087547,0.58783686800532,"index",0.4,9
2021,52307.1429550295,13288.4081414859,205896.535912085,10.8648882173053,0.699115321633228,"index",0.4,9
2022,66187.8895776121,14723.2453008947,297545.591152513,11.100252788296,0.766886515955435,"index",0.4,9
2023,42794.0996375457,13113.0571484741,139657.361594073,10.6641555131306,0.60347627853591,"index",0.4,9
2024,126482.15466672,37755.7325128552,423716.72814689,11.7478565073701,0.61682965560219,"index",0.4,9
2003,69414.9026843125,18274.8372962523,263664.657395374,11.1478568595276,0.680918878384537,"index",0.5,1
2004,47281.9371818831,11221.0037744756,199231.871640291,10.7638836237847,0.733860926572777,"index",0.5,1
2005,25744.0934221598,6952.77925898852,95322.7941577582,10.1559604981162,0.667901939239437,"index",0.5,1
2006,24172.3059652311,6622.87852758137,88224.5345801514,10.0929628752381,0.660561881815139,"index",0.5,1
2007,66063.4745687454,24138.2283846105,180807.911937639,11.098371294727,0.513692700434523,"index",0.5,1
2008,9628.25715953873,1241.98188882109,74641.4555353979,9.17245750809537,1.04491401073297,"index",0.5,1
2009,54937.5107526693,16227.3301358143,185990.551892362,10.913951650153,0.622205058150959,"index",0.5,1
2010,62843.4915528795,21287.0384705361,185526.250446871,11.0484026534116,0.552331072401394,"index",0.5,1
2011,72241.3166304211,22457.1015452354,232390.089076478,11.1877674137058,0.596136078310903,"index",0.5,1
2012,33847.5936218732,11857.7890960325,96616.6276624707,10.4296231863562,0.535154194830324,"index",0.5,1
2013,39557.3623437536,10391.7835209328,150579.052425695,10.5855071086845,0.682020890390876,"index",0.5,1
2014,62230.0995141812,19317.1074409469,200474.387657859,11.0385940766971,0.596872038335732,"index",0.5,1
2015,90755.355294974,31130.3683916522,264581.9802417,11.4159227619009,0.545920064348008,"index",0.5,1
2016,237666.07443461,91538.205520533,617066.531028809,12.3786219188652,0.486799867550312,"index",0.5,1
2017,241776.693530151,86990.0351747179,671984.663725734,12.3957698251316,0.521550896006094,"index",0.5,1
2018,112681.774968127,37707.0122732061,336732.656461091,11.632322974157,0.558541700107948,"index",0.5,1
2019,90739.4634963823,24833.6234778094,331552.511576438,11.4157476406634,0.66113145526293,"index",0.5,1
2021,40425.5849028655,11868.1237384737,137698.927880319,10.6072181531808,0.625321054500967,"index",0.5,1
2022,28227.3785818731,6604.28671842088,120646.624772055,10.2480476576327,0.741122515066877,"index",0.5,1
2023,45291.4327764808,15566.0049682385,131781.654132326,10.7208731716533,0.54492252581479,"index",0.5,1
2024,232049.807844555,94171.7647656207,571796.795512034,12.3547073165912,0.460126637614649,"index",0.5,1
2003,404377.212874211,98998.2665912494,1651755.48948823,12.9101034165542,0.717995742712755,"index",0.5,10
2004,60344.5742100499,11768.5935382959,309422.500211483,11.0078263170995,0.834013600428908,"index",0.5,10
2005,30684.5825739823,8997.80210590875,104641.510966466,10.3315156111453,0.625919662188908,"index",0.5,10
2006,55295.7581234175,16591.5591158393,184287.736016593,10.9204514779393,0.614196041055416,"index",0.5,10
2007,60116.9607513569,19618.855346079,184213.039253714,11.0040472895511,0.571337487905356,"index",0.5,10
2008,26693.242887474,5363.91547860429,132837.517423947,10.1921657369839,0.818747825226518,"index",0.5,10
2009,111622.940132161,34519.8651137414,360942.336324142,11.6228818645453,0.598782240946305,"index",0.5,10
2010,120329.526932921,41411.8699985775,349638.764257639,11.6979893160102,0.544227593345555,"index",0.5,10
2011,142709.899364206,40858.5478437873,498454.214633535,11.8685691729173,0.63812287105386,"index",0.5,10
2012,41736.3748366864,12206.4128117131,142705.724554626,10.6391283257978,0.62726233878274,"index",0.5,10
2013,192315.416916525,56515.2779833388,654428.694390928,12.1668920995361,0.624820569066493,"index",0.5,10
2014,92668.377426607,32492.5741612932,264288.945906596,11.4367825652725,0.534711718517932,"index",0.5,10
2015,16350.7051921865,3475.31360293758,76927.0318672295,9.70202630641587,0.790109573060646,"index",0.5,10
2016,501402.330684501,189760.405997154,1324851.17690789,13.1251641130491,0.495747159842968,"index",0.5,10
2017,106015.188135828,32631.2110323781,344431.596618432,11.5713376471303,0.601191222618162,"index",0.5,10
2018,153734.398646962,50667.7052937738,466456.201051741,11.9429817083052,0.566305149936865,"index",0.5,10
2019,136085.298941248,39001.0485976707,474838.735208641,11.8210371662091,0.637610366413058,"index",0.5,10
2021,37238.6859185642,9774.76794364823,141867.278787174,10.5251034439415,0.682432845552412,"index",0.5,10
2022,11362.130186689,2576.19493376678,50111.8920339265,9.33804119113002,0.757142705390566,"index",0.5,10
2023,151777.208733671,44018.7341802087,523329.930312752,11.9301689925771,0.631541397308635,"index",0.5,10
2024,125740.410847742,32973.7615807126,479491.879670993,11.7419748293704,0.682924492162649,"index",0.5,10
2003,205519.307607095,56648.4632519243,745619.269695985,12.2332952627974,0.657499389752244,"index",0.5,2
2004,19540.0726396367,3879.30306064227,98423.4623574539,9.88022264307383,0.824919163254921,"index",0.5,2
2005,35217.969549413,8169.57877618475,151819.991356104,10.469311729889,0.745492831639705,"index",0.5,2
2006,53561.467477465,15821.579664857,181323.917024025,10.8885851981875,0.6221824069609,"index",0.5,2
2007,53176.228669201,15049.4319147044,187894.886099739,10.8813667459454,0.644027764269487,"index",0.5,2
2008,17747.3782495563,2568.72952635573,122616.81562857,9.78399307974386,0.986154024794391,"index",0.5,2
2009,57272.3047892734,15993.8730373018,205085.840573159,10.9555724488469,0.650834130725812,"index",0.5,2
2010,66713.4705006355,19675.7476210345,226201.67893804,11.1081621680445,0.622980884640879,"index",0.5,2
2011,108899.670583359,34903.0392502431,339773.799299771,11.5981822839703,0.580547961091354,"index",0.5,2
2012,36145.8706049906,10040.3208901322,130127.709670794,10.4953179916014,0.653559783650044,"index",0.5,2
2013,431161.405236209,154108.78880436,1206291.7294176,12.9742377890892,0.524919715055402,"index",0.5,2
2014,124103.766705655,43367.4913774206,355144.935096492,11.728873322913,0.536442474656008,"index",0.5,2
2015,95130.2951877986,23111.248011902,391574.3995243,11.4630027591895,0.721915333867683,"index",0.5,2
2016,547752.783148651,209232.153493467,1433972.29554616,13.2135793385012,0.491019043891709,"index",0.5,2
2017,126669.012665842,38161.7379564448,420448.32413167,11.7493327639091,0.612125582365479,"index",0.5,2
2018,156402.741360404,42850.5059597538,570864.146342272,11.9601896348196,0.660581986904027,"index",0.5,2
2019,105998.402977359,26239.2680619262,428200.26104515,11.5711793067294,0.712343170106517,"index",0.5,2
2021,37563.4039392469,6600.11390483384,213785.600649956,10.5337855559264,0.887232308077686,"index",0.5,2
2022,25976.9850131884,5958.38603084438,113252.774641019,10.1649662331896,0.751244064488553,"index",0.5,2
2023,45401.0392535056,11428.9057022634,180354.48178474,10.7232902748138,0.703782963653039,"index",0.5,2
2024,121414.57123506,44072.0565503897,334486.276839356,11.7069661770529,0.517042640965917,"index",0.5,2
2003,301965.350174732,75270.3885025827,1211406.96255367,12.6180675552537,0.708801527346072,"index",0.5,3
2004,9043.61673000438,1360.05531435354,60135.0567848707,9.10981445412795,0.966616641351585,"index",0.5,3
2005,57079.5461976728,13153.4364608109,247697.596277544,10.9522011212731,0.748872327025697,"index",0.5,3
2006,69552.3632425446,23284.6132053202,207756.563957763,11.1498351758188,0.558320020416659,"index",0.5,3
2007,45742.0781521971,9102.5363893326,229863.152882723,10.7307739005674,0.823722035471556,"index",0.5,3
2008,12763.2044474292,2255.22024078944,72232.1415977769,9.45432165761402,0.884362547660455,"index",0.5,3
2009,57952.6869285648,18152.6736154178,185014.835466866,10.9673822140185,0.592260412791171,"index",0.5,3
2010,48087.1133295682,14313.6557358694,161549.956981013,10.7807695060523,0.61827676858855,"index",0.5,3
2011,90081.0320208077,23534.9991586225,344788.29913027,11.408464900022,0.684819207150787,"index",0.5,3
2012,48299.6900226644,14160.313117671,164746.36096671,10.7851804218698,0.626022698230697,"index",0.5,3
2013,78597.7779705883,22392.0902367535,275883.610533786,11.2720987079234,0.640642204027618,"index",0.5,3
2014,103002.088572203,30311.2568554229,350016.177185931,11.5425045444062,0.624108462283571,"index",0.5,3
2015,21411.7822018933,3851.70571499057,119028.931851414,9.97169661968372,0.875233045705307,"index",0.5,3
2016,149144.383380578,53506.4175803881,415726.71279204,11.9126701317117,0.523026575658525,"index",0.5,3
2017,25873.0013380569,6580.78654443748,101722.217202886,10.1609552846106,0.698505555512829,"index",0.5,3
2018,150659.12952146,51720.965876243,438858.264218731,11.9227751435949,0.54549810313633,"index",0.5,3
2019,194730.735218866,55897.4094715318,678386.701591111,12.1793730382694,0.636797273947747,"index",0.5,3
2021,22283.8294788426,5635.64002496235,88112.2736801224,10.0116165589324,0.701416234919178,"index",0.5,3
2022,53317.2944149533,12972.1459528754,219141.373683102,10.8840160306,0.721164431085075,"index",0.5,3
2023,103610.751932892,32102.9192421317,334399.119130902,11.5483963865584,0.597814117348593,"index",0.5,3
2024,126288.075127164,39130.0230758998,407581.612931555,11.7463208868356,0.59780464903914,"index",0.5,3
2003,133565.586626257,20073.9536028347,888702.160211075,11.8023479217711,0.966940986495333,"index",0.5,4
2004,6393.36887321673,1065.50726356532,38362.1650895585,8.76301661865117,0.914205752871313,"index",0.5,4
2005,24497.8588210205,5206.01213900968,115279.233084696,10.1063409976533,0.790204102005702,"index",0.5,4
2006,18930.3240990771,5846.06554776709,61298.8628964268,9.84852036498006,0.599498876625706,"index",0.5,4
2007,27635.4071292432,9670.80713804351,78971.2498964724,10.226853096536,0.535717008882452,"index",0.5,4
2008,10257.6593392523,2573.38005298339,40887.6935989951,9.23577995812231,0.705525437987313,"index",0.5,4
2009,28867.2570427388,7942.52730795786,104918.560158632,10.2704632575003,0.658418452244414,"index",0.5,4
2010,45591.1986104636,14359.2562682396,144753.833479257,10.7274699639447,0.589459767476352,"index",0.5,4
2011,20494.285296411,6058.30268596104,69328.9443566418,9.92790136023529,0.621805510122127,"index",0.5,4
2012,11759.0693749577,3339.23134167659,41409.4437960209,9.37238008353879,0.642299639792451,"index",0.5,4
2013,68209.1098497465,21865.1867637051,212780.37625627,11.1303334104206,0.580460872704718,"index",0.5,4
2014,20125.6203078087,5687.99332654817,71209.7517561412,9.90974892456001,0.644724156309018,"index",0.5,4
2015,31148.6396965526,7628.71110476186,127182.395770634,10.3465258538095,0.717794653150891,"index",0.5,4
2016,168287.521199227,52494.2277373883,539501.02729503,12.0334292312578,0.594383746727587,"index",0.5,4
2017,16958.9508080718,3852.48942694404,74654.5884069408,9.7385510447007,0.756175232640398,"index",0.5,4
2018,58156.7956771882,16109.852057451,209946.861794668,10.9708980157307,0.654966995823333,"index",0.5,4
2019,56813.6609658198,15782.7333046414,204514.136432241,10.947532085753,0.65351215799584,"index",0.5,4
2021,9026.40193001579,2168.82962520204,37566.7737361356,9.10790910964321,0.727547119783469,"index",0.5,4
2022,8539.39169023721,2104.18223402211,34655.3683707826,9.05244505359421,0.714688066417533,"index",0.5,4
2023,31435.994023177,9111.33959572432,108460.639606602,10.3557088218593,0.631865588068312,"index",0.5,4
2024,56508.7687559451,19219.0883110494,166149.449684198,10.9421511043126,0.550261058779193,"index",0.5,4
2003,195928.495233876,50012.0343565703,767574.759525212,12.1855050514142,0.696689387970305,"index",0.5,5
2004,12370.498426198,2035.6141116232,75175.9532608766,9.42306975771933,0.920688821247665,"index",0.5,5
2005,23516.1001870322,6401.77632885011,86383.3629291866,10.0654405798904,0.663843727707758,"index",0.5,5
2006,13794.9838248167,4002.64262997753,47543.9843921374,9.53206031411114,0.631312740648745,"index",0.5,5
2007,25080.0401107028,7813.49320140254,80502.8424215628,10.1298275940559,0.595021228711862,"index",0.5,5
2008,14004.0387630569,3122.35350377981,62809.3844722559,9.54710105006965,0.765707297344154,"index",0.5,5
2009,51464.9800147287,16093.8405776132,164575.022049165,10.8486568556332,0.593105261039837,"index",0.5,5
2010,48284.8063459814,14226.9025998763,163874.216998519,10.7848722217475,0.623471773412619,"index",0.5,5
2011,64830.4950299067,23224.1579031502,180975.047764924,11.0795313739552,0.523776496524798,"index",0.5,5
2012,38504.1238738848,12784.1615451537,115969.08800464,10.558520628147,0.562540093801146,"index",0.5,5
2013,71086.0591637004,20933.3981997856,241395.484822759,11.1716465229194,0.623759094587166,"index",0.5,5
2014,64681.5407780373,23387.4876490794,178886.325038234,11.0772311349601,0.51902723749074,"index",0.5,5
2015,11382.1232929083,2070.51787490695,62570.2063358368,9.33979927137538,0.869528852945486,"index",0.5,5
2016,284473.184317489,121337.011548145,666944.006311064,12.5583942726316,0.434736100716195,"index",0.5,5
2017,99982.5554163364,38726.5639663312,258130.605035647,11.5127510039161,0.483922133493654,"index",0.5,5
2018,95665.7693491932,30343.9556320138,301606.670407779,11.4686158264045,0.585859339386278,"index",0.5,5
2019,107405.494346841,32948.356760032,350121.867985934,11.5843666175402,0.602903909911728,"index",0.5,5
2021,32664.5141487375,5514.73769759848,193476.198339897,10.3940445734075,0.907600965382362,"index",0.5,5
2022,26497.7638502476,6172.80829038652,113745.876436335,10.1848156254043,0.743333281190122,"index",0.5,5
2023,56433.3796364835,18158.9687294709,175380.352521168,10.9408160999457,0.578529119091815,"index",0.5,5
2024,103540.875078974,39369.0447793966,272313.257082892,11.5477217420232,0.493369586716415,"index",0.5,5
2003,6545.58759954003,1327.94905383691,32263.8258594778,8.78654645270072,0.813869795086658,"index",0.5,6
2004,17394.2695763602,3551.65752079334,85188.5668378037,9.7638960962681,0.810589596559866,"index",0.5,6
2005,20685.0415042557,4669.88459259484,91623.450975912,9.93716608538398,0.759338671155283,"index",0.5,6
2006,58741.1777655414,15253.3225054629,226214.712502614,10.9808962550375,0.687943063319975,"index",0.5,6
2007,23145.9299663864,6011.93723302044,89111.721104864,10.0495742326706,0.687804435575501,"index",0.5,6
2008,9162.17620275656,1974.3306545094,42518.446734657,9.12283900617144,0.783103315925594,"index",0.5,6
2009,52454.8269496315,12394.3907552312,221996.298539683,10.8677076391349,0.736089213738483,"index",0.5,6
2010,81738.9767071791,24055.9945230807,277737.8547674,11.3112862381652,0.624065927138757,"index",0.5,6
2011,164922.922805319,47068.3196744154,577874.261388471,12.0132335092282,0.639745466651899,"index",0.5,6
2012,120225.565280188,38527.7676159479,375162.835568956,11.6971249679871,0.580618052104992,"index",0.5,6
2013,467588.902145155,122313.679610024,1787530.07927163,13.0553447746482,0.684196555091181,"index",0.5,6
2014,58142.6169209376,13297.6001479272,254223.6091331,10.97065418378,0.752725732459343,"index",0.5,6
2015,7373.93057053271,2089.50709081817,26022.8128911234,8.90570616330804,0.643390744842657,"index",0.5,6
2016,826498.700151228,301695.718678352,2264202.17145987,13.6249536235272,0.514182605950105,"index",0.5,6
2017,35010.5252428026,9370.36097305563,130809.995612923,10.4634040164869,0.672510886962496,"index",0.5,6
2018,73053.4269762458,26510.1991739319,201311.320143587,11.1989463288265,0.517183746438734,"index",0.5,6
2019,133881.82450473,35614.0965687125,503293.48936685,11.8047127831434,0.675632809629747,"index",0.5,6
2021,13891.2306500292,4042.29731692355,47736.7877331624,9.53901303153779,0.629830236235429,"index",0.5,6
2022,13036.5681416401,2994.35481043714,56757.5052626496,9.47551362152081,0.750539075210523,"index",0.5,6
2023,24332.1490575096,6685.43485631119,88558.7086676875,10.0995537614086,0.659128042462957,"index",0.5,6
2024,67378.9682264408,20075.4508284527,226143.133623946,11.1180882040864,0.617784417400739,"index",0.5,6
2003,24241.2302617564,4412.44892799622,133177.120957715,10.0958101922681,0.869212433964772,"index",0.5,7
2004,65293.4366437342,8351.86385309574,510452.869411789,11.0866467993973,1.04920641743542,"index",0.5,7
2005,19188.7276088037,3703.2057360559,99429.3305553755,9.86207828189486,0.839364476189247,"index",0.5,7
2006,33596.2559125279,8560.45591314409,131851.436744975,10.4221699085676,0.697595053150773,"index",0.5,7
2007,62442.3659297246,19129.5907294577,203822.921151025,11.0419992651627,0.603586395700303,"index",0.5,7
2008,16053.4082204285,3230.51409488973,79774.2736672743,9.68367645619751,0.81801497516675,"index",0.5,7
2009,82276.9217416046,24015.5934384377,281879.016174522,11.3178459310788,0.628270374272737,"index",0.5,7
2010,107153.267481088,37777.3961655534,303933.671912072,11.582015494894,0.53192267072886,"index",0.5,7
2011,193778.178885503,65496.8484812111,573309.761964409,12.1744693760494,0.553434695193538,"index",0.5,7
2012,60149.4063081442,20194.3346199786,179156.736149302,11.0045868511653,0.55686200362867,"index",0.5,7
2013,211801.034550975,60615.8315672496,740065.376932002,12.263402596703,0.638323572090508,"index",0.5,7
2014,117915.312208084,39847.5033769512,348930.790509009,11.677721952631,0.553534110549213,"index",0.5,7
2015,90576.3488650826,21316.7268692854,384865.604557244,11.4139484078973,0.738126351693011,"index",0.5,7
2016,157582.285975322,63057.4234057099,393802.593129098,11.967703051455,0.467305514705141,"index",0.5,7
2017,21474.7687773641,5983.06547134669,77078.4970095693,9.97463397973345,0.652025064535663,"index",0.5,7
2018,205556.881751265,69675.3424096508,606435.938080884,12.2334780714604,0.551987849405803,"index",0.5,7
2019,213205.113637841,55406.6251906561,820414.893072939,12.2700099561543,0.687540951221239,"index",0.5,7
2021,27918.5580203584,6606.01492659914,117990.330115313,10.2370469087073,0.735376289858471,"index",0.5,7
2022,75330.2078896961,20606.3410907613,275383.203437752,11.2296365005358,0.661380710773252,"index",0.5,7
2023,32720.8393943181,8207.9229251415,130441.445470847,10.3957674442482,0.705580448417311,"index",0.5,7
2024,140572.503749738,44823.7786858138,440851.471915827,11.853478675576,0.583166136093603,"index",0.5,7
2003,322244.163927902,74813.7182968386,1387998.13121949,12.6830648102508,0.745068927251857,"index",0.5,8
2004,25373.2102678975,4712.73515658208,136608.525178797,10.1414491825423,0.858906319049053,"index",0.5,8
2005,23654.1118694662,6174.52668890847,90616.987588426,10.07129224221,0.68527010894855,"index",0.5,8
2006,24392.4708100614,8009.9014391646,74282.1415143096,10.1020297903046,0.56817169286034,"index",0.5,8
2007,28025.1137546734,9212.15798918919,85257.6564453288,10.2408563069749,0.567651704107488,"index",0.5,8
2008,11825.6143482531,2552.13339318139,54795.3939583403,9.37802316535125,0.78232981028834,"index",0.5,8
2009,55110.9800137465,18905.977981678,160648.664724934,10.9171042495852,0.545862480974348,"index",0.5,8
2010,63155.0793612897,20329.227598258,196198.504338284,11.0533485578186,0.578344119615708,"index",0.5,8
2011,33758.8771083933,10957.7980273298,104004.634943733,10.4269986871494,0.574088128977396,"index",0.5,8
2012,33337.6011972909,9990.51914912369,111245.03511783,10.4144412040249,0.614832403227104,"index",0.5,8
2013,90096.8305729985,16514.4005799028,491536.997666032,11.4086402662074,0.865654796679459,"index",0.5,8
2014,26036.711458263,7830.03764963829,86578.1716378029,10.1672628002624,0.613041980558694,"index",0.5,8
2015,31563.1208602447,8832.37662627152,112793.038679439,10.3597446566439,0.649790126608853,"index",0.5,8
2016,152963.306946715,57003.505510125,410462.006900947,11.9379533477346,0.50362420453503,"index",0.5,8
2017,31478.9935255495,9274.60317940292,106843.065327285,10.3570757301508,0.623501573050098,"index",0.5,8
2018,83367.5735613329,30634.4851914842,226873.481896678,11.3310147065231,0.510791572696284,"index",0.5,8
2019,155831.360425578,40796.8175721547,595228.116730866,11.956529678592,0.683772932816897,"index",0.5,8
2021,9347.16700618766,1600.53118085196,54587.8343932396,9.14282858238015,0.900392943511037,"index",0.5,8
2022,22890.3645832693,5651.60065574877,92711.5737064707,10.0384713404418,0.713674978496903,"index",0.5,8
2023,56862.9698258575,16546.1507532621,195416.890951445,10.9483996143345,0.629853840786275,"index",0.5,8
2024,67179.9158134784,24585.2380793911,183571.176904292,11.1151296100169,0.512880927516025,"index",0.5,8
2003,149491.651673537,45631.9242426873,489739.459621043,11.9149958286051,0.605436117383815,"index",0.5,9
2004,46309.0850675109,9386.79906709264,228462.476341702,10.7430934425858,0.814317930590435,"index",0.5,9
2005,35251.4089516065,10389.0320006538,119612.86027372,10.4702607777,0.62335577287508,"index",0.5,9
2006,64658.3162708605,22251.1500907652,187886.821397053,11.0768720112073,0.544256447511473,"index",0.5,9
2007,57696.9001833273,19199.7762594784,173383.910613096,10.9629587280605,0.561390327548732,"index",0.5,9
2008,31576.0977538452,8111.02002963424,122925.346715653,10.3601557131653,0.693470293524879,"index",0.5,9
2009,102076.020193468,30752.9455558839,338813.525345176,11.5334731106856,0.612119437431849,"index",0.5,9
2010,147684.526730381,47624.8864675846,457968.953908623,11.9028337015582,0.577420290342927,"index",0.5,9
2011,159915.207652408,52475.4114036897,487330.598359342,11.9823990015692,0.568530353468987,"index",0.5,9
2012,66788.1651755151,19666.7552542949,226812.148208218,11.1092811757974,0.623785052570265,"index",0.5,9
2013,220174.011766966,63534.8930429463,762991.690641433,12.3021734752656,0.634108052171775,"index",0.5,9
2014,80380.4347544546,24776.8540410148,260768.145972842,11.2945260767277,0.600450260543296,"index",0.5,9
2015,70981.0941122225,20816.452642808,242035.269304586,11.1701688404551,0.625863487629586,"index",0.5,9
2016,443266.206619542,176476.912852708,1113374.70015055,13.0019257864255,0.469896616599816,"index",0.5,9
2017,84288.5045621911,27073.5755240775,262416.465642382,11.3420007712538,0.57944294994666,"index",0.5,9
2018,261443.822298524,88115.4200086757,775719.757238086,12.4739747107218,0.554893811425376,"index",0.5,9
2019,279197.788718698,94363.786218068,826073.310001262,12.539675729777,0.553460716815417,"index",0.5,9
2021,42241.035634109,11184.5949564293,159532.383460733,10.6511474359325,0.677999588895551,"index",0.5,9
2022,48765.2680777871,13348.9515220675,178145.179924223,10.794773618731,0.661022603414714,"index",0.5,9
2023,36333.0293053251,12092.6332368051,109164.728033245,10.5004825047648,0.561301529349741,"index",0.5,9
2024,141739.292058576,49267.6397623799,407773.276945301,11.8617446777037,0.539153747620575,"index",0.5,9
2003,112989.169501867,31429.6106745512,406195.054622766,11.6350472479848,0.65283929471544,"index",0.6,1
2004,14866.3197401317,2809.71915446714,78658.204064435,9.60685351320218,0.850022609619367,"index",0.6,1
2005,46965.3403705082,12749.7782045567,173002.475864982,10.757165169725,0.665265293288931,"index",0.6,1
2006,48104.982496803,16688.7854528542,138661.339230169,10.7811410369413,0.540136860796041,"index",0.6,1
2007,38610.0952794887,12047.7631191761,123735.787527098,10.5612690569965,0.594212331328294,"index",0.6,1
2008,21670.7333272246,6234.4789249017,75326.3726762999,9.98371793462347,0.635658441899395,"index",0.6,1
2009,55688.5629936226,18771.1812799275,165211.55499206,10.9275300725809,0.554832649524309,"index",0.6,1
2010,74118.0164708995,26215.6495848024,209549.656506135,11.2134139189902,0.530265914762674,"index",0.6,1
2011,118325.9909486,43264.0971928782,323617.989104203,11.6811987295427,0.513336128404258,"index",0.6,1
2012,42087.0368454067,14148.2462424443,125197.048459103,10.6474950588446,0.556208742873219,"index",0.6,1
2013,190359.098814496,57158.3445368553,633968.439693036,12.1566675611121,0.61383112184407,"index",0.6,1
2014,37705.3264419398,12652.4502170229,112364.926769715,10.5375566483884,0.557127829162527,"index",0.6,1
2015,21712.9036160062,5521.45501059773,85385.1353552794,9.98566199948453,0.698617585257187,"index",0.6,1
2016,204995.181857805,70894.0733171089,592757.936152794,12.2307417547117,0.541744463777472,"index",0.6,1
2017,29961.9715086841,8921.25334744032,100627.086993866,10.3076842401619,0.618119783940801,"index",0.6,1
2018,80629.5043515065,27774.0084640695,234071.973456043,11.2976199204632,0.543767137489548,"index",0.6,1
2019,94620.2595156744,30281.3957099633,295659.869728786,11.4576268918962,0.581305626498344,"index",0.6,1
2021,23115.5061372375,5516.73736449227,96855.5486109934,10.048258932667,0.730991506271193,"index",0.6,1
2022,34927.1832920962,9446.96235687258,129132.316467019,10.4610206959034,0.667140917445883,"index",0.6,1
2023,49803.5169202517,14497.9443744583,171085.654183887,10.8158408814078,0.629643575117734,"index",0.6,1
2024,36286.668922436,11627.7584396688,113239.567911422,10.4992057054853,0.580651086969689,"index",0.6,1
2003,33223.9870836995,8457.23491145631,130519.410811513,10.4110273965464,0.698099480797001,"index",0.6,10
2004,14013.3923134355,2807.22636629707,69953.4481749988,9.54776874516993,0.820329629138317,"index",0.6,10
2005,44572.4477679036,10275.6518601392,193340.833950323,10.7048711840625,0.748655953327939,"index",0.6,10
2006,42969.3567542229,13098.9975399768,140954.726820641,10.6682425070089,0.606108853930012,"index",0.6,10
2007,36224.8012694576,10746.9076292624,122103.610850683,10.4974992811685,0.619973612257383,"index",0.6,10
2008,20817.1528559733,5636.66797495262,76881.20977759,9.94353258238421,0.666585818597855,"index",0.6,10
2009,53834.5231777996,17177.2243589526,168720.849493391,10.8936702351065,0.582832452011402,"index",0.6,10
2010,67630.9421631056,20556.2581689714,222508.605421851,11.1218208816135,0.607613294771703,"index",0.6,10
2011,130246.870966029,43262.7764240804,392121.098057845,11.7771869360336,0.562326179124923,"index",0.6,10
2012,66092.968107287,23360.3974769632,186995.124442494,11.0988176375376,0.530632294094568,"index",0.6,10
2013,40397.9791940414,8647.10802178198,188733.241084906,10.6065350427487,0.786522019601388,"index",0.6,10
2014,41970.7057560392,11736.2636842248,150093.776780747,10.6447271719127,0.650159081703917,"index",0.6,10
2015,57120.6854913204,16970.2743810418,192263.992775705,10.9529215978399,0.619247639610628,"index",0.6,10
2016,287307.558805412,105440.426275659,782865.133065006,12.5683085544208,0.511441623301612,"index",0.6,10
2017,133475.527748579,47060.6351166476,378569.402295622,11.8016734272739,0.531887972133768,"index",0.6,10
2018,157581.869084171,54298.9083449076,457321.265214528,11.9677004059057,0.543602337969051,"index",0.6,10
2019,87283.059108235,26430.8829161542,288236.016612045,11.3769116692538,0.609512861360686,"index",0.6,10
2021,21578.7032398056,4844.93412992117,96108.7232612538,9.97946214617275,0.762143197119185,"index",0.6,10
2022,59858.1027770682,17445.1302141536,205386.398615879,10.9997320865688,0.629050471556076,"index",0.6,10
2023,30559.8035939503,10018.971426142,93213.3206073465,10.3274408163603,0.568992648777598,"index",0.6,10
2024,119646.899027227,47260.552141641,302903.36862608,11.6923001759696,0.473921434046204,"index",0.6,10
2003,52776.5965369927,15102.2717744784,184433.784772404,10.8738231240257,0.638390640729889,"index",0.6,2
2004,36247.8029245752,5243.90015710678,250558.396898191,10.4981340494688,0.986402433651589,"index",0.6,2
2005,36601.7631862213,10719.8515835611,124972.725405513,10.507851692716,0.626541667444116,"index",0.6,2
2006,26165.6108017113,7437.52455629447,92052.0239556333,10.1722012627613,0.641801543879591,"index",0.6,2
2007,39259.9142457792,12737.6663223037,121006.535073622,10.5779592835637,0.574316955468883,"index",0.6,2
2008,21093.3975180208,5803.56098468951,76665.243981588,9.95671535665853,0.658424540360856,"index",0.6,2
2009,66403.3192442782,21231.0106872379,207686.806417937,11.1035023228338,0.581788324533261,"index",0.6,2
2010,57304.3129142662,20738.5756815043,158341.842227129,10.9561311688801,0.518570939274146,"index",0.6,2
2011,94645.002391518,35371.6877004109,253244.248721171,11.4578883543086,0.502162981269587,"index",0.6,2
2012,46308.6064993597,16545.0431113349,129615.076943702,10.7430831083151,0.525132752631972,"index",0.6,2
2013,43278.7124900763,12647.7083968491,148093.780788408,10.675416164697,0.627656860562032,"index",0.6,2
2014,45328.8689081494,13970.64414749,147073.12954223,10.7216993912333,0.600514009435119,"index",0.6,2
2015,29050.5607427376,8879.89509647932,95038.8569119569,10.2767930647698,0.604729500981621,"index",0.6,2
2016,122510.261831151,43479.5720838495,345191.167589991,11.7159500755086,0.528531944551416,"index",0.6,2
2017,137069.192446769,53235.0003594945,352925.01908772,11.8282411316692,0.482544464402228,"index",0.6,2
2018,119858.359435832,46558.2086001352,308560.547293209,11.6940659865819,0.482461610243137,"index",0.6,2
2019,92008.2775855509,29972.9105054415,282439.142595875,11.4296338257398,0.572247533643077,"index",0.6,2
2021,24852.9830019232,7314.40836213284,84445.7587699922,10.1207330646394,0.624058219536282,"index",0.6,2
2022,35204.2949600892,10675.5600878039,116091.556175383,10.4689233700545,0.608792342871767,"index",0.6,2
2023,60164.8610947946,19801.9344069992,182800.853500276,11.0048437581319,0.567004729507271,"index",0.6,2
2024,97435.1954300795,33826.5282177439,280655.976498287,11.4869427737445,0.539776317292312,"index",0.6,2
2003,49540.5784717144,13347.890548898,183869.421637917,10.8105473798366,0.669111141917004,"index",0.6,3
2004,33323.3422483706,7420.84056689649,149638.727391019,10.4140133988245,0.766323155414168,"index",0.6,3
2005,28948.2418312833,8051.1751969104,104084.27150412,10.2732647499405,0.652915774515831,"index",0.6,3
2006,12641.1562807909,3025.80301526908,52812.0407405863,9.44471314142767,0.729493683494056,"index",0.6,3
2007,51241.1752695248,18250.1245265088,143870.691906147,10.8442986923113,0.526729836923973,"index",0.6,3
2008,20722.7657651546,5910.42055376962,72656.9314401114,9.93898817033963,0.64007089552481,"index",0.6,3
2009,79191.5309625258,23264.1601923362,269569.093590346,11.2796246397935,0.624988715761934,"index",0.6,3
2010,87920.6830069399,30588.2622274721,252712.836150079,11.3841903575521,0.538692924393381,"index",0.6,3
2011,101117.040011177,35859.0170337226,285134.859413644,11.5240339369109,0.528929923979562,"index",0.6,3
2012,35575.4851397794,11929.3197859655,106092.817162939,10.4794120599636,0.557488592759119,"index",0.6,3
2013,41226.7699290727,11180.4931486078,152018.925837483,10.6268430798979,0.665786327994425,"index",0.6,3
2014,45275.4519071995,16356.6741650034,125322.943082587,10.7205202640867,0.519463098952252,"index",0.6,3
2015,64123.2130876949,22602.520045626,181917.168899299,11.068561716006,0.53202254671177,"index",0.6,3
2016,483799.932744173,184772.891470501,1266757.11496691,13.0894267381423,0.491102902646242,"index",0.6,3
2017,138293.726970259,55014.0152734109,347641.502338553,11.8371351584915,0.470310633693716,"index",0.6,3
2018,90812.6725790441,30246.0515442518,272661.755167709,11.4165541206995,0.560945610171863,"index",0.6,3
2019,76262.0795672987,22293.7054115173,260876.542170707,11.2419311024772,0.627496965820358,"index",0.6,3
2021,22817.1455030615,5903.57457910206,88187.6093766679,10.0352675280837,0.68978523659046,"index",0.6,3
2022,22614.2547368217,5744.7370496461,89021.3969555607,10.0263357269945,0.699143616344192,"index",0.6,3
2023,19584.6319545597,6112.40522674277,62750.7167092643,9.88250045371298,0.594105215229588,"index",0.6,3
2024,101319.940686194,39564.8110319655,259466.179994133,11.5260385187048,0.479775717427268,"index",0.6,3
2003,108312.804066455,33353.7929187126,351734.015778349,11.5927786537612,0.600955878515602,"index",0.6,4
2004,71053.345787229,14452.7262561089,349316.651965618,11.1711862230179,0.812539358677983,"index",0.6,4
2005,78696.3084189304,22205.1653288672,278903.978738507,11.2733515263032,0.64555845057136,"index",0.6,4
2006,76681.0386595687,23113.8501695677,254392.134879026,11.2474097424456,0.61185943243235,"index",0.6,4
2007,68498.206308374,19393.1857265067,241940.872099807,11.1345628386283,0.643831119573925,"index",0.6,4
2008,36694.9831928632,7728.92048389988,174218.611037526,10.5103953269565,0.794744628068909,"index",0.6,4
2009,152239.971709763,50232.6199142577,461393.592963106,11.9332133161434,0.565721325059471,"index",0.6,4
2010,89126.2545289818,26736.2123059614,297106.005722198,11.397809233679,0.614314881061727,"index",0.6,4
2011,331410.177124026,120183.257962407,913876.918994271,12.7111120929902,0.517529451789669,"index",0.6,4
2012,107994.957081279,37668.3281169944,309621.141632923,11.5898398113243,0.53738992260981,"index",0.6,4
2013,136921.649384202,43634.6819038492,429647.639265511,11.8271641389067,0.583457950394661,"index",0.6,4
2014,142919.675597479,49000.4937318227,416853.62977523,11.8700380423158,0.54615921392321,"index",0.6,4
2015,44545.2333531603,12427.9090336844,159663.046221963,10.7042604317348,0.651318335838501,"index",0.6,4
2016,640914.905978198,265938.708087501,1544611.2363977,13.3706519751064,0.448799488947544,"index",0.6,4
2017,295271.821644209,117437.64947766,742397.766345576,12.595651640369,0.470411098703424,"index",0.6,4
2018,187843.713955823,70905.7718496893,497635.946302326,12.1433655873377,0.497079781821818,"index",0.6,4
2019,142569.160954245,39732.5148472214,511570.07638088,11.8675825009813,0.651877976232642,"index",0.6,4
2021,42650.2608658394,11130.9363118411,163422.438235411,10.6607886693335,0.685372340586305,"index",0.6,4
2022,84294.8695292201,22461.4886232563,316347.021701455,11.3420762824608,0.674766877317077,"index",0.6,4
2023,69334.0759267583,20325.7232177122,236508.882519289,11.1466917804401,0.626057046797112,"index",0.6,4
2024,178027.975712301,60869.1940981405,520689.662575766,12.0896959838478,0.547567970959964,"index",0.6,4
2003,97549.1090840852,27648.6648415642,344169.555297789,11.488111213094,0.643266154420155,"index",0.6,5
2004,35299.0748354068,7651.29514668471,162851.472900709,10.4716120339492,0.780107100588841,"index",0.6,5
2005,26822.5712154406,5856.55196366382,122845.375755413,10.1969990215709,0.776382997996013,"index",0.6,5
2006,88485.5551226593,27694.0990900278,282720.641675775,11.3905945987214,0.592674134649137,"index",0.6,5
2007,59164.1160069307,18453.7387626876,189684.739114176,10.9880704885582,0.594423278103334,"index",0.6,5
2008,24203.8320768301,6145.8258038267,95320.8740212947,10.0942662498909,0.699368897301115,"index",0.6,5
2009,68176.1695112603,20271.1832481045,229290.51710204,11.1298503621139,0.618835223293526,"index",0.6,5
2010,111937.307666765,38534.8549769014,325159.154100743,11.6256942405817,0.544079286252508,"index",0.6,5
2011,117691.400865799,33406.9466412538,414622.323509489,11.6758212308156,0.642512872756045,"index",0.6,5
2012,43882.6346484725,13654.8945893185,141025.301300947,10.6892739547123,0.595633720624135,"index",0.6,5
2013,115413.740754602,37173.9538053253,358324.315587389,11.6562786966316,0.57802851331004,"index",0.6,5
2014,111145.466375245,35290.9683082511,350041.817721461,11.6185951302136,0.585323395923683,"index",0.6,5
2015,96137.1717487396,30126.2278313179,306787.688242825,11.4735313229659,0.592041437633757,"index",0.6,5
2016,161436.114213533,56383.7081532158,462218.960511532,11.9918647657582,0.536708450170506,"index",0.6,5
2017,146193.420780755,45176.798696468,473086.11712786,11.8926858237856,0.599167587868468,"index",0.6,5
2018,168063.194423833,57858.4999526097,488177.836326175,12.0320953449407,0.544060860619147,"index",0.6,5
2019,99038.4477968218,27195.9000827359,360665.177918872,11.5032634153079,0.659421253059789,"index",0.6,5
2021,37013.4232044586,10928.8029009752,125356.22700178,10.5190359151439,0.622398612295825,"index",0.6,5
2022,52591.7090969011,13909.3074009254,198851.588077567,10.8703137645703,0.678584036662745,"index",0.6,5
2023,41617.3955945132,12497.3527407164,138589.959970268,10.6362735221731,0.613787504027218,"index",0.6,5
2024,107049.542251018,36960.6116935213,310049.102844289,11.581047017979,0.542580858933723,"index",0.6,5
2003,321013.06355544,86424.9475346893,1192356.95146806,12.6792370977185,0.669504873732923,"index",0.6,6
2004,38780.5745836301,5731.65608926195,262390.649685709,10.5656747451807,0.975484739259351,"index",0.6,6
2005,50652.7143091183,14101.0625630692,181950.647719324,10.8327480977596,0.652431715703103,"index",0.6,6
2006,32337.9690651704,9802.52776884077,106681.079403215,10.3839973316901,0.608991682556439,"index",0.6,6
2007,51398.7390051098,17937.9168968411,147276.319012305,10.8473689181678,0.53710012663687,"index",0.6,6
2008,18013.9198013175,3832.69008575557,84666.7221579772,9.7989000603141,0.78959504594703,"index",0.6,6
2009,60259.8317842567,20142.3422906008,180279.297922635,11.0064210211812,0.55911311120398,"index",0.6,6
2010,62018.8622111691,21635.5222813472,177778.896203677,11.0351938469713,0.537306839480271,"index",0.6,6
2011,69697.7069050686,23838.9908408842,203774.160586266,11.1519226967106,0.547379908707259,"index",0.6,6
2012,52240.2782147393,18292.3805502277,149190.350619477,10.8636090896394,0.535402287575701,"index",0.6,6
2013,131203.096249494,43138.9351822871,399042.127319872,11.7845017546763,0.567520896634571,"index",0.6,6
2014,114713.637997672,42438.8236524412,310075.011749387,11.6501941975111,0.507343671061328,"index",0.6,6
2015,75888.7622136077,20939.6962041222,275032.845470783,11.2370238919949,0.656962028768795,"index",0.6,6
2016,249991.036106203,96244.5693236217,649340.722002839,12.4291803406264,0.487015333041376,"index",0.6,6
2017,142925.055027817,49810.990943497,410101.685747961,11.8700756811439,0.537808219497942,"index",0.6,6
2018,202283.263251931,72744.649614399,562495.232415698,12.2174242874146,0.521802266761918,"index",0.6,6
2019,109683.800574974,31983.2377205631,376151.289424831,11.6053569651218,0.62878183044969,"index",0.6,6
2021,33005.8929526864,8332.78614949534,130735.260699108,10.40444139883,0.702302827358918,"index",0.6,6
2022,58581.0372790186,16344.3072692223,209965.33362708,10.9781663272755,0.651303493788716,"index",0.6,6
2023,68286.3202855585,20641.7319507416,225902.630131497,11.1314647368536,0.610416629016365,"index",0.6,6
2024,188997.827415136,71640.8787438927,498600.511243542,12.1494907988177,0.494942603161713,"index",0.6,6
2003,214372.497642892,61157.6204449045,751428.316068182,12.2754704240314,0.639940673240619,"index",0.6,7
2004,16758.799303448,3688.06900292197,76152.9553462078,9.72667873086404,0.772371557938598,"index",0.6,7
2005,61193.0478624083,18157.1301100678,206232.432327765,11.0217888650283,0.619894175878616,"index",0.6,7
2006,72961.8607326127,24457.4564104778,217660.946920243,11.1976921278854,0.55766418282818,"index",0.6,7
2007,56865.7494744014,19329.1374296253,167297.349664923,10.9484484964209,0.550560906796539,"index",0.6,7
2008,24851.2522662781,5642.10829372203,109459.922966983,10.1206634232643,0.756468154197425,"index",0.6,7
2009,74448.5120081245,24802.4833389953,223468.789978366,11.2178630514534,0.560808258899963,"index",0.6,7
2010,53946.2769326532,16469.1255603645,176706.455010481,10.8957439587156,0.605368894115626,"index",0.6,7
2011,45943.9911178378,14220.9551254728,148432.387361589,10.7351783492183,0.598330627303404,"index",0.6,7
2012,75745.2351511052,25191.1541104813,227752.195192561,11.2351308190975,0.561685134659631,"index",0.6,7
2013,67595.0764672529,20873.0106629627,218899.632467548,11.1212904260539,0.599540699588082,"index",0.6,7
2014,41869.1404915358,13106.2874030145,133754.500538174,10.6423043307761,0.592590982008342,"index",0.6,7
2015,30452.2822415838,9200.54911709233,100791.972513718,10.3239162207919,0.61067335029443,"index",0.6,7
2016,677337.563642655,253798.429212176,1807679.3325534,13.4259250445283,0.500840529267543,"index",0.6,7
2017,216497.269616765,77605.9278659519,603962.46833714,12.2853332148752,0.523445394756635,"index",0.6,7
2018,77977.9615978,26981.407586942,225361.203834701,11.2641815221308,0.541478430525215,"index",0.6,7
2019,129417.774906673,41720.137569558,401459.856978411,11.7708010156546,0.577593169071574,"index",0.6,7
2021,34297.9168366845,9165.56174912202,128344.244633866,10.4428398976853,0.673293722146101,"index",0.6,7
2022,13454.010688561,2959.17148171799,61169.2849590537,9.50703253303752,0.772650896480864,"index",0.6,7
2023,64008.5818068189,22879.7877944158,179070.653178007,11.066772444084,0.524888866054485,"index",0.6,7
2024,107182.101606987,40422.4461831938,284198.607200245,11.5822845510576,0.497531613077618,"index",0.6,7
2003,53934.5085089175,15166.6912212458,191797.351555731,10.8955257841124,0.647291919069227,"index",0.6,8
2004,21981.5881789435,4180.81487745945,115573.215516849,9.99796048098622,0.846800778380588,"index",0.6,8
2005,45659.9633710302,11076.4003819849,188222.90483781,10.7289771178721,0.722668935143095,"index",0.6,8
2006,80177.8944997681,22708.4827439419,283087.815196765,11.2920031261831,0.643639022608661,"index",0.6,8
2007,68004.1977632472,21307.4557606836,217040.033562152,11.1273247140654,0.592109037235987,"index",0.6,8
2008,21360.8391373919,5249.52970281193,86919.3002963904,9.9693145777609,0.716044181257703,"index",0.6,8
2009,60913.6263446874,17111.4631974753,216841.180186605,11.0172121781721,0.647822259931137,"index",0.6,8
2010,68785.1666102536,20289.8808470659,233190.09023577,11.1387433990809,0.622902180042007,"index",0.6,8
2011,242818.780914761,75810.8570537163,777737.683708729,12.4000706865548,0.593926164697205,"index",0.6,8
2012,56748.8506533442,17955.3696291094,179357.602600092,10.9463906823341,0.587126191371955,"index",0.6,8
2013,95399.5302951583,32689.7000538909,278407.888892623,11.4658289338934,0.546445556211808,"index",0.6,8
2014,171599.517649426,56618.4923628569,520084.396963443,12.0529186551313,0.565738826251853,"index",0.6,8
2015,23505.7049087398,6035.05264636981,91551.50677751,10.0649984327443,0.693716102167047,"index",0.6,8
2016,459461.761904761,178691.029208625,1181397.36274146,13.0378110005682,0.481844313680009,"index",0.6,8
2017,128691.380848827,43757.413482395,378483.78564334,11.76517242047,0.550395874884613,"index",0.6,8
2018,149324.763995017,43052.5902849217,517922.034298057,11.9138788371205,0.634553068150694,"index",0.6,8
2019,127550.6388074,37985.3775929402,428300.743368139,11.7562687318475,0.618027768333512,"index",0.6,8
2021,44179.6874948632,12708.5028264703,153585.738131034,10.6960204034965,0.635722825014731,"index",0.6,8
2022,36112.3082905765,8892.17304084635,146656.931222913,10.4943890360882,0.715044925296556,"index",0.6,8
2023,36179.5313664275,11191.3040648525,116962.105784012,10.4962488060303,0.598662262345505,"index",0.6,8
2024,171650.429423004,57921.4869658729,508686.352241986,12.0532153006188,0.554281410120081,"index",0.6,8
2003,59078.5495141239,14750.494181908,236620.886707221,10.9866231851273,0.707967764207704,"index",0.6,9
2004,18192.5815846326,3293.98878943976,100476.973623764,9.80876918473132,0.871911265108219,"index",0.6,9
2005,37126.3557125005,8055.20379357878,171115.011340854,10.5220823929467,0.779610650731504,"index",0.6,9
2006,35557.650202622,10364.6980691856,121985.848453314,10.4789106076532,0.628965492618012,"index",0.6,9
2007,40844.0688546609,12397.6800115921,134560.495112347,10.6175168964702,0.608303146193193,"index",0.6,9
2008,15287.7877277491,3358.22030125486,69595.3310512073,9.63480960093028,0.773301536405619,"index",0.6,9
2009,46880.7960519128,13707.6866255261,160334.059167091,10.7553634047363,0.627384682781053,"index",0.6,9
2010,50122.9838992829,17604.0678834258,142712.101066886,10.8222349423393,0.533861676302609,"index",0.6,9
2011,71201.7353764149,23322.5927774481,217372.363741444,11.1732724703673,0.569446511425935,"index",0.6,9
2012,43718.8913718089,15008.2729526476,127352.525424509,10.6855355845081,0.545509374007695,"index",0.6,9
2013,67322.7726261821,20625.8790162078,219741.214932711,11.1172538332288,0.603558031319656,"index",0.6,9
2014,50640.5650091508,16849.0489017521,152202.467890003,10.8325082141245,0.561468850252981,"index",0.6,9
2015,19468.9470571405,4735.58684637556,80040.7450670751,9.87657601663372,0.721296458432871,"index",0.6,9
2016,99671.5710590335,32384.7324862919,306762.517849455,11.5096357704442,0.573578600499296,"index",0.6,9
2017,74401.4554933371,24291.7958967004,227878.441061615,11.2172307837123,0.571100712889722,"index",0.6,9
2018,102975.178252348,35239.1867336996,300911.806399956,11.5422432503283,0.547116812826246,"index",0.6,9
2019,60018.0891886539,12727.0791967125,283032.027551748,11.0024012822439,0.791297223710449,"index",0.6,9
2021,12096.7249940299,2799.11619668375,52277.485212851,9.40069003329893,0.746764247990348,"index",0.6,9
2022,14998.3835409196,3355.32114136334,67043.2126652186,9.6156977103387,0.763991051416018,"index",0.6,9
2023,46352.7683568318,13571.4957175675,158315.573983559,10.7440362964344,0.626699948059136,"index",0.6,9
2024,93180.1228873636,30881.1678928576,281159.551071004,11.4422897041869,0.563473558243947,"index",0.6,9
2003,121302.851638687,36710.9298230196,400817.464624682,11.706045603631,0.609815184367199,"index",0.7,1
2004,17322.6496132573,3334.85032629337,89981.3065845174,9.75977015039639,0.840621095959875,"index",0.7,1
2005,41993.5481548808,12653.9600525402,139360.174942411,10.6452712701055,0.612024397779358,"index",0.7,1
2006,45422.9629080237,15446.3246103812,133575.178004289,10.723773047086,0.550340052605126,"index",0.7,1
2007,46248.7003062433,16568.337335268,129098.18509451,10.7417886410591,0.523754459590595,"index",0.7,1
2008,22356.7397521583,6510.15688963574,76776.0010732555,10.0148831094896,0.629483135669177,"index",0.7,1
2009,66938.5553652487,25249.6278065613,177458.861125157,11.1115303934934,0.497439599361602,"index",0.7,1
2010,70454.232825396,26084.3923023266,190297.66403921,11.1627185982103,0.506961448112071,"index",0.7,1
2011,111910.979699041,40569.2973757406,308708.017819606,11.6254590101214,0.517709601241653,"index",0.7,1
2012,53318.9789618931,18376.4009233645,154704.587116632,10.8840476248575,0.543492161773204,"index",0.7,1
2013,112195.332865852,37068.8839865227,339578.41087031,11.6279966746445,0.565042772856236,"index",0.7,1
2014,44359.2687604792,15070.6929264335,130567.634452498,10.7000769571192,0.550810981503463,"index",0.7,1
2015,20934.8599793259,5466.76718429131,80169.5677864865,9.94917099007768,0.685078036292227,"index",0.7,1
2016,316952.32858505,123748.052728904,811800.883974805,12.6665066585383,0.479857651045501,"index",0.7,1
2017,121197.118718446,45746.7176269461,321088.426615358,11.7051735793847,0.497100081837773,"index",0.7,1
2018,91081.5914021269,33161.8436849824,250162.698164483,11.4195109926,0.515497117905316,"index",0.7,1
2019,114929.085154572,39187.6942085496,337062.3069623,11.6520705663083,0.548965451177769,"index",0.7,1
2021,19390.5734816624,5092.65714392354,73830.6800009852,9.87254232395521,0.682148921593976,"index",0.7,1
2022,39546.6045374128,11047.2509793315,141567.701626813,10.585235117106,0.650674314079975,"index",0.7,1
2023,45085.9688423449,13586.6605450675,149613.260720704,10.7163263649422,0.611992172455433,"index",0.7,1
2024,69810.9970102222,24649.1896820423,197717.465215978,11.1535468266304,0.531156454328261,"index",0.7,1
2003,51339.0895997859,15205.5262659797,173338.434647401,10.8462077215018,0.620824423413218,"index",0.7,10
2004,11476.7111174647,2391.07197071017,55086.1286013977,9.3480751408023,0.800309641144585,"index",0.7,10
2005,28718.4065411542,7014.56134849004,117576.400474499,10.2652935390726,0.719171418514314,"index",0.7,10
2006,32553.4716417937,10636.9866870114,99626.759637396,10.3906392976113,0.570697619832284,"index",0.7,10
2007,39372.2532888346,13260.2785118498,116903.602564219,10.5808166159509,0.5552593604299,"index",0.7,10
2008,17546.3277831887,5017.51602081925,61359.7679404782,9.77259996387647,0.638741170805986,"index",0.7,10
2009,50769.1974351233,17074.1214028221,150960.119551481,10.83504509996,0.555992804265402,"index",0.7,10
2010,48684.2758930196,16104.8069291597,147170.886906827,10.7931113799947,0.564417670570315,"index",0.7,10
2011,95419.5632373086,34864.4266472926,261151.377606429,11.4660389017939,0.513691381653992,"index",0.7,10
2012,42338.5170605691,15633.4881675838,114660.91301396,10.6534525195259,0.508316457627464,"index",0.7,10
2013,69176.0015312786,21589.844399301,221646.765921592,11.1444092827762,0.594108348699732,"index",0.7,10
2014,56517.9122840073,18163.7846921973,175859.517334783,10.942312898466,0.579157509432709,"index",0.7,10
2015,30039.5367541316,9501.81822680236,94968.5362173571,10.3102696847915,0.587271624529966,"index",0.7,10
2016,177230.486332171,71712.0129578875,438010.927178737,12.0852063471191,0.46163745709711,"index",0.7,10
2017,70137.4902335722,26413.6127688837,186239.859700659,11.1582127408123,0.498263211513176,"index",0.7,10
2018,181948.3884483,69634.4209088619,475414.538196015,12.1114783458881,0.490041692655872,"index",0.7,10
2019,76610.0482187501,24148.9615436522,243037.344586023,11.2464835249161,0.589034735397799,"index",0.7,10
2021,26278.720933911,7011.64574803782,98489.1705510973,10.1765148007106,0.674087425678766,"index",0.7,10
2022,32935.6664414013,10196.6676071251,106383.591751216,10.402311435921,0.598222826776755,"index",0.7,10
2023,28489.9253855067,10196.8998503122,79600.2569787801,10.2573058085172,0.524227383661758,"index",0.7,10
2024,89830.023487363,36008.8159424324,224096.041720473,11.4056745356878,0.466414417892624,"index",0.7,10
2003,44655.7059644146,14468.5672245674,137825.124231669,10.7067373712958,0.575012389219338,"index",0.7,2
2004,52933.6810712509,11224.1729719191,249637.50993173,10.8767951084616,0.791325804011666,"index",0.7,2
2005,37276.2510155103,12279.1320189504,113161.002555139,10.5261117008541,0.566569178263523,"index",0.7,2
2006,46797.7748572152,15964.6947180556,137179.681181736,10.7535909349894,0.548712099026921,"index",0.7,2
2007,41762.6136981009,14435.255166098,120823.351082352,10.639756809154,0.542014061834542,"index",0.7,2
2008,24211.1818639246,7424.40715853769,78953.2840442286,10.0945698659205,0.603093607193312,"index",0.7,2
2009,85000.7713090259,29968.7618047075,241088.743345893,11.3504156096551,0.531899959852287,"index",0.7,2
2010,60457.5764907656,21735.8559830671,168160.78271701,11.009697183024,0.521937477291384,"index",0.7,2
2011,133765.049835983,52762.4797905159,339125.238780745,11.8038401805663,0.474643708170662,"index",0.7,2
2012,55628.7816613212,20889.9207931738,148136.576474438,10.9264560020803,0.499720375923739,"index",0.7,2
2013,74257.5420773735,23981.7947727482,229932.021669994,11.215294628306,0.57666588104278,"index",0.7,2
2014,72034.305883897,25963.9708532249,199851.604113565,11.1848977551318,0.520638462549448,"index",0.7,2
2015,24939.968959996,8284.80730827602,75077.4313247118,10.1242269746461,0.562279874350457,"index",0.7,2
2016,162065.43390436,57602.9599245219,455969.708866079,11.9957554456535,0.527778173920919,"index",0.7,2
2017,108669.742396067,42261.3555450249,279430.528437408,11.5960686755385,0.481866154693955,"index",0.7,2
2018,156216.297853463,62041.8221387465,393340.022484629,11.9589968505956,0.471147873447846,"index",0.7,2
2019,99194.2818959968,36430.5825732278,270089.163166261,11.5048356494341,0.511066415445039,"index",0.7,2
2021,29803.0200331281,9748.78055998729,91110.8828052432,10.3023650107522,0.570146969111293,"index",0.7,2
2022,45345.8285036362,13173.549745208,156088.844878668,10.7220734668281,0.630678515264929,"index",0.7,2
2023,43740.4376946022,16690.2619789688,114631.267749195,10.686028300916,0.491563924245648,"index",0.7,2
2024,169297.783819289,62155.0207619699,461133.135420969,12.0394144777774,0.511247965483076,"index",0.7,2
2003,155021.562992742,49278.3655394368,487672.119999204,11.9513195023078,0.584744964960571,"index",0.8,8
2004,23719.1182564903,5031.40989088265,111816.882954586,10.0740366794228,0.791127373481047,"index",0.8,8
2005,38988.8098857532,12872.0938494761,118094.795927026,10.5710299579343,0.565425174672365,"index",0.8,8
2006,68577.6985152024,22484.1871597002,209164.809927898,11.1357226663287,0.568967147819714,"index",0.8,8
2007,75459.7054668461,28917.6886562167,196909.483909221,11.2313540903414,0.489368859230301,"index",0.8,8
2008,27582.0706360616,7544.52161455802,100837.489696457,10.2249212259788,0.661412286813517,"index",0.8,8
2009,107491.582487222,39126.2944154162,295311.387859276,11.5851678210396,0.515630806288254,"index",0.8,8
2010,105885.199826253,40271.7408534909,278400.568354711,11.5701107656967,0.493226146435798,"index",0.8,8
2011,152152.062172893,56806.1863164551,407530.438577565,11.932635708785,0.50268025522701,"index",0.8,8
2012,76093.8204317793,29061.5167160694,199241.820875171,11.2397223372908,0.491107090003467,"index",0.8,8
2013,94414.4184756364,35216.4205035608,253122.898029664,11.4554490785597,0.503162987660645,"index",0.8,8
2014,140883.045744688,56046.6373563185,354134.226681885,11.8556853623621,0.470287176996569,"index",0.8,8
2015,65453.4284439073,22014.1038483315,194609.388807185,11.0890941526079,0.555956920766943,"index",0.8,8
2016,423235.170517337,189873.468820489,943407.263140016,12.9556832622105,0.408971844795359,"index",0.8,8
2017,148420.320218091,56752.8044847711,388149.830719848,11.9078035290349,0.490490225464021,"index",0.8,8
2018,172194.781229518,64865.0797338785,457118.727122984,12.0563815640677,0.498130004702312,"index",0.8,8
2019,133636.466129277,48619.2344258189,367317.694127195,11.80287845291,0.51587884227192,"index",0.8,8
2021,50565.6105464153,17278.3735513087,147981.577220738,10.83102699075,0.547875412242307,"index",0.8,8
2022,40433.9913712783,11019.0608311257,148370.871462517,10.6074260807716,0.6633000585658,"index",0.8,8
2023,45802.2303347553,16824.9412412862,124686.575337936,10.732088066182,0.510963676843141,"index",0.8,8
2024,205077.015232566,81461.5000848388,516275.567389479,12.2311408716303,0.471057163750433,"index",0.8,8
2003,97669.5035079074,32940.0163422676,289597.060801714,11.4893446450653,0.554551590633741,"index",0.8,9
2004,27329.9420957828,6082.24257515448,122804.331745987,10.2157381602145,0.766651540801448,"index",0.8,9
2005,39036.3285474613,12601.6311371105,120923.627257888,10.5722479927507,0.576881239544239,"index",0.8,9
2006,55992.5809886209,21077.3702101714,148745.744583179,10.9329744785947,0.498488362167072,"index",0.8,9
2007,60731.445925367,24295.2414442959,151811.972424407,11.0142168976872,0.467447932767724,"index",0.8,9
2008,25357.2217791221,7494.33658003178,85796.6131476923,10.1408188512535,0.621907325468703,"index",0.8,9
2009,65203.2675012108,23298.6137773086,182477.212312739,11.0852648617083,0.52506868829121,"index",0.8,9
2010,94297.0248498558,38059.7320107688,233630.885604197,11.4542049182814,0.462913005464945,"index",0.8,9
2011,83222.0211895954,33981.5458370815,203813.706536086,11.3292672695479,0.456995327396317,"index",0.8,9
2012,57852.2901901545,23354.6466025151,143307.134430603,10.9656483202592,0.462813136439406,"index",0.8,9
2013,83888.1304909441,28511.5514745379,246819.905382918,11.3372394103488,0.550609511106455,"index",0.8,9
2014,56643.8293619264,21700.21608337,147856.749096701,10.9445383348733,0.489529830753753,"index",0.8,9
2015,59665.9561498591,20950.5366702884,169925.30450667,10.996516887981,0.533988050032549,"index",0.8,9
2016,325902.996893266,146588.284569324,724565.156731764,12.6943550605283,0.407646219956178,"index",0.8,9
2017,159849.809374201,65376.2473696792,390844.727022661,11.981989961958,0.456169443724809,"index",0.8,9
2018,201445.656604894,86057.5505435988,471549.007712206,12.2132749297263,0.433938272662805,"index",0.8,9
2019,63788.2667399298,18519.4923747112,219711.366346124,11.0633245455223,0.631004169987754,"index",0.8,9
2021,22021.3823019695,6850.91520996566,70784.8898471372,9.99976918314608,0.595741382357198,"index",0.8,9
2022,22086.3290498856,6794.98002879123,71789.163298924,10.0027141010692,0.601426721557064,"index",0.8,9
2023,60540.7377387481,22793.863684863,160796.825699447,11.0110717684735,0.498389324543017,"index",0.8,9
2024,140904.245355217,61566.4103489319,322481.14266528,11.8558358277041,0.422438432532153,"index",0.8,9
2003,122846.269590664,41611.9083112912,362665.558124552,11.7186890119259,0.552330225298249,"index",0.9,1
2004,13301.257752886,3578.97379252952,49434.1305817906,9.49561387762475,0.669799292134186,"index",0.9,1
2005,42826.7420198677,15076.7684114456,121652.716416597,10.6649180000035,0.532666766310252,"index",0.9,1
2006,45569.8419727815,18040.029764195,115111.256720088,10.7270014164613,0.472790816696337,"index",0.9,1
2007,37476.5887657802,15053.6998562618,93298.9709460149,10.5314717174232,0.46536193880519,"index",0.9,1
2008,20690.3585378167,7120.55233329231,60120.4676808362,9.93742309962843,0.544235777669609,"index",0.9,1
2009,61889.3413716802,24745.0416500804,154790.225435241,11.0331032527585,0.467724330361885,"index",0.9,1
2010,85582.7814220512,36244.1138265084,202085.572046119,11.3572393902846,0.438379035106488,"index",0.9,1
2011,90343.6537543072,37545.9105533205,217386.544989686,11.4113760528706,0.447996144438143,"index",0.9,1
2012,49818.6725619435,20728.3620244422,119734.50352264,10.8161451437792,0.447399525260602,"index",0.9,1
2013,96989.3607318287,39459.5831319951,238394.208669208,11.4823565682929,0.458847387086819,"index",0.9,1
2014,42067.3113592964,16001.9266385345,110590.351085502,10.647026265802,0.493152866351177,"index",0.9,1
2015,57635.155538657,18537.5848620534,179193.308010956,10.9618879997156,0.578751673178044,"index",0.9,1
2016,286497.194095836,127916.466442879,641673.777483843,12.5654840213572,0.411411282947414,"index",0.9,1
2017,103660.104482153,43365.3850007277,247787.890297078,11.5488725996744,0.444628465280444,"index",0.9,1
2018,99947.7232205636,40488.8929123733,246723.154386906,11.5124025604851,0.461038876840852,"index",0.9,1
2019,96938.4213347294,35512.1526788094,264615.260467634,11.4818312242939,0.512356852652418,"index",0.9,1
2021,26448.9800314789,8999.14394622938,77735.0100059993,10.182972874406,0.550055076624372,"index",0.9,1
2022,36734.8781879043,12683.9829430344,106390.183709703,10.5114819420806,0.542554179348929,"index",0.9,1
2023,45625.7947854485,17798.11443981,116962.566840653,10.7282285106881,0.480305106518379,"index",0.9,1
2024,101353.511696073,44102.7977921029,232922.509396116,11.5263698004765,0.42454417816833,"index",0.9,1
2003,59132.7618929022,17893.0609104344,195421.205269779,10.9875403965504,0.60989495110343,"index",0.9,10
2004,15346.9615881302,3678.54405232931,64027.8399924021,9.63867279128086,0.728789144915038,"index",0.9,10
2005,31505.6843528864,10571.5335419583,93894.4328752355,10.3579232641807,0.557154682467601,"index",0.9,10
2006,33578.5299056643,12468.908838433,90426.3304219722,10.4216421508068,0.505442256443374,"index",0.9,10
2007,43147.5284824012,16928.0657741235,109977.66897772,10.6723804175224,0.477382342088844,"index",0.9,10
2008,19592.3334073559,6535.35290659042,58735.8531102278,9.88289361601252,0.560169471242212,"index",0.9,10
2009,64168.706918327,25102.3122925445,164033.611708077,11.0692709396662,0.478863745958405,"index",0.9,10
2010,61963.3449081035,24739.7204781301,155193.997264224,11.0342982780334,0.468443776401387,"index",0.9,10
2011,94992.9036970441,39019.0298037854,231262.842725025,11.4615574698668,0.45396381111708,"index",0.9,10
2012,52316.2030848532,21092.801570941,129759.202257242,10.8650614124895,0.463464796380631,"index",0.9,10
2013,91136.6031627664,30372.3009723665,273468.92300338,11.4201147935809,0.56063707416581,"index",0.9,10
2014,86835.2115509744,37825.8532713635,199343.922554974,11.3717674814191,0.4239972729984,"index",0.9,10
2015,61252.6421403807,22047.0824980323,170176.084273844,11.0227622644624,0.521349735717595,"index",0.9,10
2016,386402.393971935,172978.139079514,863154.216259718,12.8646345768808,0.410065736629511,"index",0.9,10
2017,137139.012457646,56128.2609605035,335073.783082154,11.8287503798327,0.45580207686291,"index",0.9,10
2018,187108.663196818,81814.2077328942,427916.529578813,12.1394448136853,0.42206827474154,"index",0.9,10
2019,88574.1352773898,32531.9060316378,241159.47686888,11.3915951670825,0.511039266124671,"index",0.9,10
2021,20318.7831690973,6898.60437399671,59845.8654954878,9.91930101648877,0.551146153460225,"index",0.9,10
2022,39563.2231925135,13605.6354914237,115044.139641055,10.585655258467,0.544609955398413,"index",0.9,10
2023,30672.5184363727,12101.3580573226,77743.6204079872,10.3311223677369,0.474523722702974,"index",0.9,10
2024,106406.562995423,46422.457002477,243898.26346104,11.5750225362752,0.423213862379806,"index",0.9,10
2003,65299.246956356,22341.9942804341,190850.986691074,11.0867357831361,0.547210282161205,"index",0.9,2
2004,31803.5816723272,8564.68217128515,118097.529710973,10.3673341936311,0.669365305565497,"index",0.9,2
2005,43620.9005509854,15004.0541670474,126817.921589349,10.6832916849113,0.544507946044056,"index",0.9,2
2006,44021.0002262402,17504.2802251647,110707.120543736,10.6924220769086,0.470529749465878,"index",0.9,2
2007,50771.1021896173,20022.9226053042,128737.690713828,10.8350826171724,0.47472790215338,"index",0.9,2
2008,21696.2791931957,6969.93849139118,67536.9705787952,9.98489605907527,0.579364921539949,"index",0.9,2
2009,78186.3390008305,31729.8028773888,192661.253836817,11.2668502181888,0.460130162209095,"index",0.9,2
2010,94029.1809720262,39068.1908493201,226309.093972903,11.4513604489495,0.448118727827243,"index",0.9,2
2011,109290.346335083,46660.3036009663,255985.899795882,11.6017633476206,0.434249966894968,"index",0.9,2
2012,53048.7789494596,21627.4198095791,130120.604899073,10.8789671268019,0.457788974506964,"index",0.9,2
2013,156774.069736239,64442.2169780814,381397.631773325,11.9625610016429,0.453598519258388,"index",0.9,2
2014,91398.4692578737,38137.8888093229,219038.87298136,11.4229840095763,0.445937013415967,"index",0.9,2
2015,25260.3960735142,8995.94314276729,70930.5961214119,10.1369930756515,0.526777068872439,"index",0.9,2
2016,275885.061471072,120841.913358188,629852.383396911,12.527739614017,0.421181792797403,"index",0.9,2
2017,134693.353561749,57220.4273975216,317059.838922072,11.8107560186551,0.436788527472253,"index",0.9,2
2018,157086.023463015,68289.3189396025,361345.21694743,11.9645488544236,0.425028323046249,"index",0.9,2
2019,151431.714008123,59382.4625075445,386167.279683366,11.9278900697014,0.477629109161511,"index",0.9,2
2021,27881.4841523602,9523.60423300699,81626.3611463476,10.235718097043,0.548065910126863,"index",0.9,2
2022,39114.0288018574,13378.7185412186,114353.795873575,10.5742364745091,0.54736511898924,"index",0.9,2
2023,57806.4286519624,23060.310033816,144906.256186247,10.964855270828,0.468879550688728,"index",0.9,2
2024,105252.147106146,44528.3107120541,248785.868884422,11.5641141513949,0.438902804610837,"index",0.9,2
2003,39079.623575965,13249.4497966731,115266.445194019,10.5733564739702,0.55186992043186,"index",0.9,3
2004,29228.2144239062,8244.59865898226,103617.962953129,10.2828897691339,0.645714014239497,"index",0.9,3
2005,52603.777584355,18286.5387790404,151322.098160858,10.8705432133401,0.539103136264709,"index",0.9,3
2006,40335.225636579,16012.4810823073,101603.89378704,10.6049804514196,0.471364113797695,"index",0.9,3
2007,52324.7821981272,21844.4271226447,125335.529135633,10.8652253848235,0.44568383670129,"index",0.9,3
2008,22628.0452229885,7467.53093392291,68567.2995725547,10.0269453550022,0.565635731672321,"index",0.9,3
2009,77193.5120179819,30464.0171680657,195602.512459084,11.2540706912634,0.474380752633082,"index",0.9,3
2010,81094.2767920486,34489.7408595938,190673.561601902,11.3033676678482,0.436207237573366,"index",0.9,3
2011,73994.7840648005,30716.1638484409,178252.339576395,11.2117498840913,0.44858251798883,"index",0.9,3
2012,45930.0246071296,19006.7185071933,110990.603644345,10.7348743130726,0.450174859714598,"index",0.9,3
2013,100283.892600145,39209.3929997669,256491.068736954,11.5157603688318,0.479135719749622,"index",0.9,3
2014,58584.5071551698,25409.3693110034,135073.973564856,10.9782255575922,0.426207985799103,"index",0.9,3
2015,54566.0580024877,20684.7038212126,143944.758004096,10.9071673201235,0.494916012493897,"index",0.9,3
2016,321762.752395144,150660.70334633,687181.637476544,12.6815697591567,0.387141894105542,"index",0.9,3
2017,122543.91149325,51956.5370239265,289030.237660953,11.7162247059045,0.437794720244771,"index",0.9,3
2018,149186.523726265,65694.8104228711,338788.08262424,11.9129526391219,0.418465560202035,"index",0.9,3
2019,128223.146825124,47068.8594553282,349300.483844124,11.7615273596291,0.51131575082598,"index",0.9,3
2021,26201.9154329051,8596.73687069413,79860.5776446985,10.1735877952031,0.568607294519432,"index",0.9,3
2022,41485.1416728418,13810.168032622,124619.553907701,10.6330906101303,0.56119918785098,"index",0.9,3
2023,56583.0192439312,22762.2522105342,140655.592300194,10.9434642058202,0.46460311255191,"index",0.9,3
2024,105217.702463483,46934.4244580615,235877.291338394,11.5637868394969,0.411885199779541,"index",0.9,3
2003,89079.6436166364,30782.0351969909,257786.168331152,11.397286120652,0.542152612531001,"index",0.9,4
2004,32507.6953051488,8209.51302278254,128722.647874455,10.3892321189102,0.702147204850739,"index",0.9,4
2005,63403.3464658164,22117.3798066802,181756.80746099,11.0572719224048,0.537332795744083,"index",0.9,4
2006,58288.2747843429,21665.1188256129,156819.955832342,10.9731562334896,0.504956939237811,"index",0.9,4
2007,64469.8555863309,25240.5854044566,164669.805106363,11.0739530382887,0.478449877537973,"index",0.9,4
2008,24666.9953800072,7889.11075720765,77126.647071268,10.1132214096459,0.581634517875386,"index",0.9,4
2009,79802.9334854803,31687.7633683161,200976.891895618,11.2873155432319,0.471248287617656,"index",0.9,4
2010,115580.711071202,48045.4462728711,278047.178412155,11.6577243620522,0.447876455723034,"index",0.9,4
2011,152234.114548871,63830.1962852196,363076.208146412,11.9331748421901,0.443474061603154,"index",0.9,4
2012,55523.917879048,22568.6388382949,136601.302308411,10.9245691596767,0.459320991219384,"index",0.9,4
2013,163401.417864207,65012.5221794966,410690.471080566,12.0039651386299,0.470228007586331,"index",0.9,4
2014,74843.5590279867,29917.6819578887,187232.364320883,11.2231553344148,0.46784042320675,"index",0.9,4
2015,95074.7494450562,36013.6417372224,250993.999662567,11.4624186974531,0.495297680113291,"index",0.9,4
2016,349374.579950109,160300.55224427,761460.864647012,12.7638999206013,0.397504312879107,"index",0.9,4
2017,162021.777690426,70371.1685877885,373037.097049444,11.9954860353674,0.425491040033307,"index",0.9,4
2018,187715.15055101,80018.8266626052,440358.590797175,12.1426809361579,0.435040502596772,"index",0.9,4
2019,106223.470112123,38371.5495920493,294057.074124496,11.5733003625458,0.519514033237918,"index",0.9,4
2021,42071.0601292098,14554.3112340006,121611.670379888,10.6471153754401,0.541577728142204,"index",0.9,4
2022,55576.7255639944,18420.0450204963,167685.389529647,10.925519787635,0.563441493022337,"index",0.9,4
2023,43982.0329982335,17742.4204545375,109027.92161951,10.6915364885573,0.463183409826845,"index",0.9,4
2024,184489.901123228,81765.4472372681,416270.255548052,12.1253500045052,0.415181086481007,"index",0.9,4
2003,91809.9600686706,32076.9194834345,262776.753614509,11.4274760682032,0.536532326719172,"index",0.9,5
2004,29464.9131758029,8213.20223648798,105705.555940242,10.2909554505785,0.651775896531517,"index",0.9,5
2005,37006.2384447251,13034.2668890611,105066.260763554,10.5188417840281,0.532410140799637,"index",0.9,5
2006,52241.930421748,20743.8426405503,131567.682106094,10.8636407162107,0.471251503643888,"index",0.9,5
2007,54032.4803656628,22351.4109821265,130618.551857883,10.8973406329779,0.450363328459144,"index",0.9,5
2008,22100.632849703,7394.52626123203,66053.9911688665,10.003361522829,0.558615474779094,"index",0.9,5
2009,77393.4016642513,30658.4912364336,195369.647350621,11.256656806128,0.472453510231192,"index",0.9,5
2010,91419.4812318285,40453.1131881901,206597.73476066,11.4232138773108,0.415984681532664,"index",0.9,5
2011,121479.601049794,48711.7322474729,302951.522976947,11.7075016350729,0.466246550269215,"index",0.9,5
2012,42968.3379992378,17889.7723149382,103202.994309496,10.6682187978557,0.447066555963001,"index",0.9,5
2013,108846.91292375,42394.8533417904,279459.640006624,11.5976977054314,0.481088153897137,"index",0.9,5
2014,106982.049159675,44307.4140570966,258312.498843972,11.5804163345071,0.449757770665643,"index",0.9,5
2015,50727.2648110099,18711.6425992397,137521.619577689,10.8342188125097,0.508844862649619,"index",0.9,5
2016,262283.809373703,115008.546079738,598153.78077978,12.4771824383445,0.420630545523424,"index",0.9,5
2017,150335.475986059,61151.5419394881,369586.025521963,11.920624582394,0.458944262752347,"index",0.9,5
2018,136766.182778068,57492.9848801899,325343.844830172,11.8260280516965,0.44215599943327,"index",0.9,5
2019,108754.79326433,39982.1378333107,295822.227097448,11.5968510239734,0.510551700272411,"index",0.9,5
2021,32242.0275400665,11616.5487642133,89488.5702280965,10.381026083603,0.520846359223087,"index",0.9,5
2022,26985.2325821022,8677.95511697853,83914.098159532,10.2030450539558,0.578839136130285,"index",0.9,5
2023,59644.7785049294,21214.1612294743,167694.568002029,10.9961618881528,0.527426869128873,"index",0.9,5
2024,77764.3587634269,34872.221402003,173412.970288713,11.2614384916198,0.40918744173721,"index",0.9,5
2003,164116.832910757,58998.3138945248,456527.19657056,12.0083338489702,0.521983930633139,"index",0.9,6
2004,26716.4295994263,6572.54025605246,108598.438767083,10.1930339959463,0.715512287725902,"index",0.9,6
2005,47589.650248234,16499.5219634493,137263.056212556,10.770370584818,0.540460899086254,"index",0.9,6
2006,47927.2134611816,19243.0542088627,119368.670130116,10.7774387527875,0.46558676878739,"index",0.9,6
2007,58094.2685737516,23832.8876002112,141608.69206169,10.9698222903622,0.454600472069994,"index",0.9,6
2008,22435.1290009464,6965.73550733091,72258.7030126801,10.01838326838,0.596758306014329,"index",0.9,6
2009,88971.1949377869,35531.4108312008,222785.229842509,11.3960679439431,0.468322660410535,"index",0.9,6
2010,59412.1195684605,23307.9959467934,151441.589387382,10.9922535176779,0.477407631310206,"index",0.9,6
2011,108748.355345427,47137.6398740304,250886.654952166,11.5967918255761,0.426520447949973,"index",0.9,6
2012,62066.8986884793,25910.8028331878,148675.436172582,11.0359680934177,0.445698411692838,"index",0.9,6
2013,94840.2306083681,34938.6012165966,257442.170798062,11.4599489717281,0.509499883971285,"index",0.9,6
2014,77099.6193356926,32391.4923426513,183515.820723132,11.252853622259,0.442458404244452,"index",0.9,6
2015,50963.0802599677,17300.7137002701,150123.029291176,10.8388567330812,0.551210995516791,"index",0.9,6
2016,412575.562997041,195775.273879062,869459.108955076,12.930174651004,0.380339607420249,"index",0.9,6
2017,185805.286750112,79117.4577229025,436358.871706989,12.1324545589404,0.435602761994236,"index",0.9,6
2018,144244.271399053,61117.7002258144,340431.818516884,11.8792634705769,0.438123700952296,"index",0.9,6
2019,113342.584386216,44192.5632632478,290694.643775735,11.6381702315301,0.480548845291175,"index",0.9,6
2021,31823.7781069717,10689.5918701607,94741.9569711364,10.3679690285635,0.556613903385526,"index",0.9,6
2022,40014.7589430145,13526.6502787224,118372.316891066,10.5970036386174,0.553370640476148,"index",0.9,6
2023,69180.777317682,26625.1983966782,179753.77606485,11.14447831859,0.487184954223353,"index",0.9,6
2024,139615.691523596,63759.2140953381,305721.166676633,11.8466488664578,0.39989504155932,"index",0.9,6
2003,122605.330340968,43265.4476734257,347438.148369165,11.7167257790348,0.531446581172721,"index",0.9,7
2004,19195.398269668,5179.0166106858,71145.4205361934,9.86242585583481,0.668407885264391,"index",0.9,7
2005,42943.7180728393,14949.9611967834,123355.699566384,10.6676456553144,0.538367888570915,"index",0.9,7
2006,51486.8099087437,20152.4201552104,131542.09639152,10.8490809355711,0.478580869775696,"index",0.9,7
2007,54049.8580101417,21105.1392882939,138420.65247761,10.8976621960545,0.4797998052517,"index",0.9,7
2008,24531.0143478829,8130.18723227675,74016.8273796957,10.1076934877177,0.563456402439902,"index",0.9,7
2009,66601.822838827,26160.7550555961,169559.43343484,11.1064872261063,0.476779963989733,"index",0.9,7
2010,97201.2051051779,38440.8683923845,245782.019736334,11.4845383885731,0.473305602658231,"index",0.9,7
2011,68781.6636282175,28055.9525548372,168624.367403615,11.1386924713677,0.457526963612811,"index",0.9,7
2012,43236.6512078761,17494.3784387162,106857.640825604,10.6744438221276,0.461645700141677,"index",0.9,7
2013,150121.043090648,62026.3767236036,363334.580690546,11.9191972016038,0.45096859125614,"index",0.9,7
2014,74942.279646572,31413.2843327277,178788.859488139,11.2244734915083,0.443624142084821,"index",0.9,7
2015,45653.9736478554,16738.9495896091,124517.091032577,10.72884592819,0.511923863172787,"index",0.9,7
2016,385798.724064557,176745.248098229,842119.701046333,12.8630710722025,0.398275876413048,"index",0.9,7
2017,124095.921156528,51520.615103746,298905.547161596,11.7288101032595,0.448514773924977,"index",0.9,7
2018,169185.661843801,72676.0383027178,393854.547413527,12.0387519816877,0.431122702303044,"index",0.9,7
2019,109889.469681144,41663.7861380036,289836.730315498,11.6072303185229,0.494826809897665,"index",0.9,7
2021,30483.7297528264,9987.55439798566,93041.5738041706,10.324948369533,0.569323386382722,"index",0.9,7
2022,36823.9752483209,12634.3103074549,107327.200305413,10.5139044133352,0.545792162160568,"index",0.9,7
2023,72424.0418678566,28898.2382908153,181507.321923639,11.1902935932488,0.468762531887672,"index",0.9,7
2024,86884.1848076923,38010.8418453229,198597.589614451,11.3723313016838,0.421795807714222,"index",0.9,7
2003,157991.752117004,55688.3094198152,448234.000943096,11.9702981088554,0.5320366077832,"index",0.9,8
2004,15930.2998740553,3747.53476548418,67717.7050936683,9.6759782272125,0.73834250614454,"index",0.9,8
2005,31971.6453438449,10786.4659927741,94765.6170869462,10.3726047059734,0.55437611920245,"index",0.9,8
2006,53086.378595365,19590.8412127474,143851.076212935,10.8796756506944,0.508610468158863,"index",0.9,8
2007,55385.336228913,22764.8793538892,134748.593282823,10.9220701486903,0.453628692965784,"index",0.9,8
2008,25036.0881019187,8078.09419743434,77593.2654568587,10.1280735870478,0.577134242736181,"index",0.9,8
2009,77647.4483543655,30816.6292502858,195645.2208636,11.2599339671788,0.471500619645188,"index",0.9,8
2010,90913.8493195375,37078.3867071382,222914.984499699,11.417667626311,0.457599284012188,"index",0.9,8
2011,117506.642081767,47393.2338634447,291345.616404177,11.6742501393242,0.463281669708907,"index",0.9,8
2012,45746.9994562629,18865.2706594718,110933.365178123,10.7308814828974,0.451948867638983,"index",0.9,8
2013,51749.1278806989,19502.5313718233,137314.084277387,10.8541628584387,0.497898592050578,"index",0.9,8
2014,100886.532373639,43000.7450204935,236695.722586355,11.5217517224444,0.435099322532163,"index",0.9,8
2015,64684.8670212458,22163.9159679755,188781.261741016,11.0772825585602,0.546470102717742,"index",0.9,8
2016,368060.59137141,171905.436126346,788041.39050673,12.8160028540635,0.388427055510178,"index",0.9,8
2017,97504.7818705646,38316.8448084368,248120.181480419,11.4876567006096,0.476545394337108,"index",0.9,8
2018,142040.889652882,59824.6563612474,337245.80399682,11.8638702504342,0.441180087267332,"index",0.9,8
2019,133134.875125704,52034.2812469222,340638.797154236,11.7991179920427,0.479325112274465,"index",0.9,8
2021,35032.4843415182,12693.7397517055,96683.4820269439,10.4640310340741,0.517951770595226,"index",0.9,8
2022,40592.5257145786,12960.2753428357,127138.745150163,10.6113392329421,0.58250816172026,"index",0.9,8
2023,75346.2040474343,28708.1180727816,197750.700689087,11.2298488251803,0.492311905403426,"index",0.9,8
2024,133375.760315505,56744.4993370532,313494.58797891,11.8009256891727,0.436034382901594,"index",0.9,8
2003,82451.5744225186,28121.7767559899,241743.691507832,11.3199664232878,0.54881972478311,"index",0.9,9
2004,32305.3714138684,8736.42988826389,119458.066456867,10.3829887930278,0.6672224070175,"index",0.9,9
2005,49390.2333375956,16647.6699521075,146530.72509005,10.807507977913,0.554848172564182,"index",0.9,9
2006,58856.7539125469,22840.0807033335,151668.355559554,10.9828618709725,0.482962789752522,"index",0.9,9
2007,58564.2462644495,23396.2491686155,146594.905696418,10.9778796573528,0.468145674120644,"index",0.9,9
2008,24045.8277005997,7658.96831610492,75493.4354005765,10.0877167761012,0.583727158276041,"index",0.9,9
2009,66162.2926689865,25050.8642908302,174742.432851667,11.0998659824978,0.495520520587501,"index",0.9,9
2010,87235.5031456575,35615.2101134819,213673.680004356,11.3763666732014,0.457068907538224,"index",0.9,9
2011,106809.256740741,44589.2614481849,255851.228636438,11.5787998753547,0.445697751556814,"index",0.9,9
2012,58584.3494518447,23639.8331966963,145184.01936844,10.9782228656938,0.463036289102516,"index",0.9,9
2013,168316.02017023,65841.5890940938,430279.448533034,12.033598563826,0.478882061341852,"index",0.9,9
2014,78644.140675064,31485.569473897,196436.048826966,11.2726884069835,0.467051336807974,"index",0.9,9
2015,79258.2360142203,28193.5094756901,222812.558383426,11.2804666108094,0.527366599061904,"index",0.9,9
2016,446280.676779069,206065.07225509,966522.081043572,13.0087033531958,0.394270546125889,"index",0.9,9
2017,168583.459946829,69573.4350540478,408494.750123606,12.0351862174056,0.451563462992479,"index",0.9,9
2018,188682.76846021,80416.0152199362,442712.648922487,12.147822410071,0.435137475581107,"index",0.9,9
2019,98683.2873153297,32978.5696541172,295294.529068337,11.4996708829718,0.559223366625004,"index",0.9,9
2021,32550.7021931266,10733.7196578644,98712.1191011645,10.3905542201575,0.566035291323218,"index",0.9,9
2022,25171.3124450808,7939.43670710874,79803.5167457883,10.1334602299992,0.588716237168265,"index",0.9,9
2023,68310.1616845004,25480.3980961524,183132.075556826,11.131813814646,0.503146531769302,"index",0.9,9
2024,148143.229387874,65023.7419058515,337513.895236061,11.9059348508968,0.4201235916146,"index",0.9,9
2003,105829.533608367,39268.2309013818,285215.04347603,11.5695849050892,0.50583266630054,"index",1,1
2004,31376.9495257501,9208.65238431862,106911.730452329,10.3538288107826,0.625485989962091,"index",1,1
2005,36068.8421800443,12990.242857733,100149.118877673,10.4931846741322,0.521045731938036,"index",1,1
2006,41736.3622080778,17528.8286862517,99374.8048738757,10.6391280232173,0.442623370657312,"index",1,1
2007,46011.6169105903,19351.1785331357,109402.581713656,10.7366491851226,0.441916580736246,"index",1,1
2008,21430.7586324544,7489.80063124877,61320.3792963903,9.97258248832888,0.536379769452449,"index",1,1
2009,71296.3916973298,30103.0996183328,168858.872790742,11.1746009977912,0.439915009563374,"index",1,1
2010,76079.3551194878,32868.4514249452,176097.991370665,11.2395322208359,0.428203617014111,"index",1,1
2011,93286.02686891,40962.328376469,212445.999871093,11.4434256100129,0.419914607247053,"index",1,1
2012,44119.6004782968,18993.0639743898,102486.841985539,10.6946594179841,0.430023350996032,"index",1,1
2013,123681.577107037,50109.5139342282,305274.015145353,11.7254656152522,0.46097757634715,"index",1,1
2014,81635.6884834522,35125.3189879409,189731.675787919,11.3100218042045,0.430285618896413,"index",1,1
2015,46100.0041079501,17722.901545935,119913.230530836,10.7385683180943,0.487741290530344,"index",1,1
2016,344332.159025843,163474.294348695,725279.997150482,12.7493620490479,0.380084031683227,"index",1,1
2017,121562.912528231,52344.8073371926,282311.511954817,11.7081872063376,0.429895239336767,"index",1,1
2018,142194.851323067,64280.2721284313,314550.251162457,11.8649535884037,0.405081696061008,"index",1,1
2019,107803.554052424,42778.8447555995,271667.136705758,11.58806590586,0.4715734244043,"index",1,1
2021,28779.6498796096,10409.5121533624,79568.4019567974,10.2674238149612,0.518860818740304,"index",1,1
2022,35344.7772739218,12632.3435318536,98893.2320747158,10.4729059170976,0.524953608475696,"index",1,1
2023,57471.4023850345,22407.5152250428,147404.210548572,10.9590427532405,0.480565499150405,"index",1,1
2024,102036.693443034,47292.9829282595,220148.659782811,11.5330877672132,0.392339125755436,"index",1,1
2003,571891.575565174,94644.9270306317,3455652.45241897,13.2567046991867,0.917780711949391,"index",0.2,10
2004,146146.916489097,13377.8926231141,1596583.39328927,11.8923676720554,1.21992489231809,"index",0.2,10
2005,42647.2688727143,10332.1109653007,176032.714748205,10.6607185150597,0.723332995973925,"index",0.2,10
2006,78162.9623210775,20460.4564370739,298597.868410012,11.2665511867287,0.683840034455567,"index",0.2,10
2007,58704.3186843221,11059.9411981757,311592.708355347,10.9802685752448,0.851639943371209,"index",0.2,10
2008,11055.5477787409,917.306691315039,133243.480991949,9.31068764237975,1.27004669215816,"index",0.2,10
2009,93489.3581358497,20287.8953824386,430811.57113117,11.4456028920703,0.779515952089224,"index",0.2,10
2010,80114.2949257561,20979.6361108643,305930.008391677,11.2912095806263,0.683636053503101,"index",0.2,10
2011,72737.0085554637,15605.9506841409,339016.348358329,11.1946055925298,0.785319541612369,"index",0.2,10
2012,23144.2910054197,5074.09230242479,105567.296418233,10.0495034202643,0.774300191731448,"index",0.2,10
2013,59352.394626815,16277.0834833632,216421.249638348,10.9912477467692,0.66008063448095,"index",0.2,10
2014,54399.1973469103,12589.9919864458,235049.607273301,10.9041046780828,0.746670448584575,"index",0.2,10
2015,20120.2767233591,2367.40110741017,170999.977214426,9.90948337776517,1.09182379949335,"index",0.2,10
2016,135884.745467749,36543.030409141,505285.518034549,11.8195623456252,0.670071794925778,"index",0.2,10
2017,99283.9719206629,10813.0111208009,911615.365065199,11.5057394263371,1.13126262646433,"index",0.2,10
2018,40747.7831589867,5183.20484746767,320338.840781685,10.6151567161828,1.0520488601246,"index",0.2,10
2019,195095.184357503,48896.0496862802,778429.57056238,12.1812428433619,0.706028766645185,"index",0.2,10
2021,5896.99530195487,687.567726519046,50576.1865341342,8.68219822931626,1.09646805261645,"index",0.2,10
2022,16076.1430002844,1298.19751512555,199077.852756941,9.68509165079479,1.28388052848835,"index",0.2,10
2023,158685.232640477,38898.8154627463,647346.26899573,11.97467785014,0.71733908526701,"index",0.2,10
2024,139805.259728733,31645.1423832269,617646.475124676,11.8480057313125,0.75800668095998,"index",0.2,10
2003,636971.132040711,98778.088289626,4107512.4056216,13.36447961491,0.950960603826076,"index",0.2,3
2004,13884.3537619049,358.19123285402,538190.948588316,9.53851785648313,1.86608063799469,"index",0.2,3
2005,119722.645146442,17536.0090066041,817375.935166479,11.6929330561633,0.980079923897128,"index",0.2,3
2006,95272.5071261436,22506.6441824612,403296.490605846,11.4644965603632,0.736202670123356,"index",0.2,3
2007,49348.1374431998,5223.86703528909,466175.469754883,10.8066553023703,1.14576701516676,"index",0.2,3
2008,11039.9710763158,1105.49990230821,110249.635582427,9.30927769992872,1.17411585424623,"index",0.2,3
2009,43067.7234359113,10090.103378262,183826.540959745,10.670529119347,0.740431340516068,"index",0.2,3
2010,24226.6487289092,2637.91951639395,222497.504183257,10.095208493428,1.13137929443333,"index",0.2,3
2011,94040.5013273894,12571.7196566164,703453.15767938,11.4514808336414,1.02669015904038,"index",0.2,3
2012,61702.6462953029,12375.6235373239,307638.362492282,11.0300820986869,0.819707983584182,"index",0.2,3
2013,22110.9968479446,2126.01681835632,229958.755447568,10.0038303586762,1.1948305721328,"index",0.2,3
2014,250664.036225587,45862.0405984566,1370031.90954868,12.4318688204279,0.866585193474926,"index",0.2,3
2015,4926.84746887539,321.152048741991,75583.5937421188,8.50245460384989,1.3931582122487,"index",0.2,3
2016,28406.9333102345,6041.56267114496,133567.075939838,10.2543885249963,0.789795404074649,"index",0.2,3
2017,16087.9832871836,1545.48279431816,167470.778193222,9.68582789261453,1.19529556784938,"index",0.2,3
2018,105551.460599229,23743.3701014273,469230.390927564,11.5669538911649,0.761185045268547,"index",0.2,3
2019,74535.2717824764,12576.7600329362,441727.974863062,11.2190277390718,0.907884943333551,"index",0.2,3
2021,33481.2738913155,5994.61190805255,187000.546253786,10.418741573202,0.877631046969143,"index",0.2,3
2022,7119.23864314841,940.284809123441,53902.3478485697,8.8705560665463,1.03286247334787,"index",0.2,3
2023,111191.334017665,17120.9782310117,722126.539372241,11.619007726266,0.954582815448937,"index",0.2,3
2024,85333.9029085182,16601.437479278,438629.184652815,11.3543271094805,0.835261543916565,"index",0.2,3
2003,53567.204471101,17412.9418884709,164788.087689455,10.8886923029156,0.573338753342058,"index",0.8,2
2004,44981.2358280661,8694.37441216724,232715.027062625,10.7140007001929,0.838571135466801,"index",0.8,2
2005,53921.5664184629,18152.602848361,160171.813888565,10.8952857959517,0.55547783913638,"index",0.8,2
2006,40195.4317910931,15040.741502383,107419.752983351,10.6015086311125,0.501535099908713,"index",0.8,2
2007,46575.2923264039,17536.916557428,123696.651471559,10.7488254719161,0.498357124952146,"index",0.8,2
2008,24605.4944481006,7822.71600348295,77393.8817114096,10.11072504853,0.584672968129098,"index",0.8,2
2009,74946.1225884036,29422.0478151125,190908.577347595,11.2245247688824,0.477062424769344,"index",0.8,2
2010,76527.4284158699,29994.6938955371,195249.443796374,11.2454044969379,0.477880578150311,"index",0.8,2
2011,127901.45489242,53475.4901179305,305911.776171128,11.7590153627362,0.444924840629922,"index",0.8,2
2012,46995.0588607881,18594.8562801913,118771.316328034,10.7577977445441,0.47304821643518,"index",0.8,2
2013,116850.872782397,43891.8248621364,311085.868789812,11.6686538091937,0.499585939851266,"index",0.8,2
2014,93833.3869416904,36093.7536282464,243939.840550654,11.4492760092082,0.487458400808988,"index",0.8,2
2015,22316.7691418523,7828.87916813438,63615.5156101885,10.0130936543086,0.534458301103953,"index",0.8,2
2016,292677.149787677,114344.805868535,749136.905320591,12.5868254026277,0.479524947765221,"index",0.8,2
2017,166804.671043335,69652.860573532,399463.827512178,12.0245787723716,0.445569270765121,"index",0.8,2
2018,179716.599391515,75913.438092707,425459.008422295,12.099136441302,0.439695550743592,"index",0.8,2
2019,150031.777668409,54072.3674515599,416285.348158793,11.9186024017638,0.520684993938042,"index",0.8,2
2021,30894.3280788094,10465.1795338149,91203.3572245066,10.338327888717,0.552315811351044,"index",0.8,2
2022,32556.4393451141,10740.272473723,98686.671630099,10.3907304574141,0.565813825370074,"index",0.8,2
2023,73770.6989828461,28488.0535026692,191031.515294921,11.2087168989974,0.485456265252473,"index",0.8,2
2024,111346.785268004,45684.662339563,271384.44183667,11.6204048017524,0.454542483653348,"index",0.8,2
2003,41213.396363907,13075.5522129871,129902.27962697,10.6265186369501,0.585734801099099,"index",0.8,3
2004,24527.5254287641,6668.29480931311,90217.8924090846,10.1075512527821,0.664518229726502,"index",0.8,3
2005,31075.7504383216,9596.84073497621,100627.10135277,10.3441830653495,0.59949766497264,"index",0.8,3
2006,31029.4205245328,10776.4677451022,89345.1324554744,10.3426910825833,0.539586935059648,"index",0.8,3
2007,43333.4101975757,16991.3317674136,110514.258979548,10.6766792145582,0.477672357747575,"index",0.8,3
2008,20429.7850789886,6387.07790455376,65346.9590649728,9.92474916788304,0.593233868685744,"index",0.8,3
2009,76886.514514129,27127.9016767931,217913.504131744,11.2500857761902,0.53152390810568,"index",0.8,3
2010,79844.4023808236,32912.8184619917,193697.437334726,11.2878350495056,0.452160129838449,"index",0.8,3
2011,87587.3938969424,35440.674963428,216461.779511101,11.3803923612831,0.46162935576303,"index",0.8,3
2012,39761.1455572783,15034.9147880811,105151.82282778,10.5906454721582,0.496190262674722,"index",0.8,3
2013,111739.864586603,43408.1473836234,287637.185422544,11.623928811151,0.482420283436866,"index",0.8,3
2014,42700.4635970303,16589.448160548,109908.995992853,10.6619650562311,0.482377709200798,"index",0.8,3
2015,49575.592159395,18601.7956305161,132123.768413129,10.8112538980347,0.500131896019487,"index",0.8,3
2016,410585.25327198,179744.121746565,937890.199503217,12.9253388678513,0.421461466487166,"index",0.8,3
2017,109657.742798322,45799.6745499489,262552.532824416,11.6051193651088,0.445460787960837,"index",0.8,3
2018,136433.226256487,53011.6035529196,351131.148262138,11.823590588983,0.482317273637354,"index",0.8,3
2019,143528.788955701,50565.4691707949,407402.790815762,11.8742909139607,0.53228871924614,"index",0.8,3
2021,21418.1489165677,6682.41102746479,68648.4415769779,9.97199392180656,0.594276117994265,"index",0.8,3
2022,43680.9801104081,13890.0158190303,137366.871878701,10.6846680485921,0.584573228387256,"index",0.8,3
2023,32957.4478627789,12555.7486660617,86509.6457819183,10.4029725496777,0.492375705149203,"index",0.8,3
2024,93217.2131152929,39271.202659635,221267.703367624,11.4426876736988,0.441049380503829,"index",0.8,3
2003,92171.436744569,31008.8042288789,273972.955837041,11.4314055648511,0.555815883820315,"index",0.8,4
2004,40125.8579038271,8557.79486860432,188142.447586,10.5997762409845,0.788370820092424,"index",0.8,4
2005,67467.0795417706,22428.0715714485,202951.324075949,11.1193950473989,0.561911549233837,"index",0.8,4
2006,66201.5473295834,22948.1785755917,190980.075146032,11.1004591152106,0.540553436760249,"index",0.8,4
2007,74669.6126654805,26766.8054372985,208300.952038287,11.220828496732,0.523433445264274,"index",0.8,4
2008,28409.1204216354,8314.05413671476,97073.9557211846,10.2544655142012,0.626931358223779,"index",0.8,4
2009,94811.0406934219,35707.2109075483,251745.605688555,11.4596411444726,0.498240385332728,"index",0.8,4
2010,104845.346555453,39883.4787377823,275616.547057107,11.5602416534229,0.4931336548224,"index",0.8,4
2011,232816.043535381,94132.3986619933,575819.918518167,12.3580039079948,0.462021929220115,"index",0.8,4
2012,70065.151121548,27054.7421769966,181451.568437395,11.1571808184784,0.48550036916026,"index",0.8,4
2013,163140.220905556,59267.1111370403,449064.095862101,12.0023653609394,0.516619466510879,"index",0.8,4
2014,95357.9480998481,37560.1238970065,242095.534369045,11.4653929646584,0.475363190368981,"index",0.8,4
2015,99362.8814595446,36714.4222607617,268912.912256152,11.5065338969435,0.507973090738864,"index",0.8,4
2016,532949.095559414,243950.635039758,1164312.35528986,13.18618119307,0.398711420637349,"index",0.8,4
2017,169959.050944836,72524.8406693165,398292.209007089,12.0433128102218,0.434512269031079,"index",0.8,4
2018,157116.039509903,64823.8673820839,380808.039819297,11.9647399164854,0.451697472578669,"index",0.8,4
2019,127919.892103194,42915.1673479497,381298.729724624,11.7591595040365,0.557244377440416,"index",0.8,4
2021,36540.595373413,11837.6948662124,112793.506280899,10.5061791235435,0.575079406205657,"index",0.8,4
2022,72501.8591637216,22357.6265812161,235110.804946194,11.1913674841515,0.600237921481038,"index",0.8,4
2023,50343.9858988869,18431.8925083921,137507.145022322,10.8266344451115,0.512660804663547,"index",0.8,4
2024,157976.450463069,63102.7930803188,395490.558859181,11.9702012531983,0.468213165415189,"index",0.8,4
2003,60011.8772428659,19941.6972094871,180597.738115263,11.0022977756617,0.562117277989028,"index",0.8,5
2004,32269.4861974154,7284.21683045587,142955.620855676,10.3818773629303,0.759407910665207,"index",0.8,5
2005,34144.4034225357,10476.6582213277,111279.786020653,10.438353969359,0.602791144972192,"index",0.8,5
2006,70499.2425571764,27131.6054341927,183186.476494751,11.1633572448728,0.48720418992222,"index",0.8,5
2007,80173.8211459773,30937.2704257301,207770.159057123,11.2919523209419,0.485843326587614,"index",0.8,5
2008,31300.4389857976,9896.71408516263,98994.2189168071,10.3513874015352,0.587474739423295,"index",0.8,5
2009,100240.03342702,37272.9082054881,269580.904340878,11.5153229230398,0.504754633594965,"index",0.8,5
2010,145926.319861993,59897.9001595027,355513.144396704,11.890857114828,0.454324872360253,"index",0.8,5
2011,112263.734707335,39970.938973705,315307.732418542,11.6286061563139,0.526896525175271,"index",0.8,5
2012,57902.6210799514,22470.8664454713,149202.681439288,10.9665179316203,0.482938979771792,"index",0.8,5
2013,141237.255034988,53704.1951259101,371441.414642749,11.8581964150969,0.493350910400987,"index",0.8,5
2014,137406.423063029,53311.9057870922,354152.132065545,11.8306984048614,0.483061655215832,"index",0.8,5
2015,103602.309939767,36491.7169856864,294133.559927191,11.5483149052748,0.532394641731684,"index",0.8,5
2016,353010.930755352,144388.788815155,863063.664813293,12.7742543007486,0.456125441670261,"index",0.8,5
2017,232396.934324482,89039.7881938675,606564.056125386,12.356202112498,0.489480170499987,"index",0.8,5
2018,187907.354518339,75244.5382478251,469258.961571225,12.1437043252334,0.466950277607019,"index",0.8,5
2019,155861.945870327,52037.79558881,466832.729857387,11.9567259320516,0.559704346056196,"index",0.8,5
2021,32893.8727627876,10873.5492938574,99508.158384466,10.4010416811958,0.564782435358394,"index",0.8,5
2022,36560.2938228841,11080.0556749378,120636.134296601,10.5067180622668,0.609101027662188,"index",0.8,5
2023,37715.1915378552,13325.370966844,106746.422015296,10.5378182508339,0.530822591884658,"index",0.8,5
2024,104338.47123082,44451.8206234379,244905.977440315,11.5553954246655,0.43533158383775,"index",0.8,5
2003,98439.1418719616,31583.309066684,306816.003099247,11.4971937871972,0.580015617748657,"index",0.7,4
2004,71514.5504279057,14690.8401025481,348130.596154156,11.1776562104665,0.807502977952964,"index",0.7,4
2005,65822.081553535,20449.5559409033,211865.061156376,11.094710646937,0.596436571949271,"index",0.7,4
2006,68672.5511879378,21409.192648066,220275.437947725,11.1371048523436,0.594668672368058,"index",0.7,4
2007,51269.3774722493,14545.2622021958,180715.138018974,10.8448489225595,0.642781364742276,"index",0.7,4
2008,28723.7442375465,7463.6256945644,110543.255622379,10.2654793850528,0.687605896085705,"index",0.7,4
2009,117748.399480203,41873.1241774373,331111.801483882,11.6763054192615,0.527512727302887,"index",0.7,4
2010,132480.880399943,45605.4772789159,384848.152431422,11.794193615128,0.544096993355404,"index",0.7,4
2011,257429.636168225,97394.1552153819,680431.155557048,12.4585017041451,0.495917390338575,"index",0.7,4
2012,85976.5358066727,29990.4688840558,246477.130380777,11.3618296985509,0.537354155768901,"index",0.7,4
2013,99385.6114000593,31926.517426007,309382.311310832,11.5067626276402,0.579383307990756,"index",0.7,4
2014,101254.300124221,36785.5591758432,278708.099682187,11.5253904544296,0.516606340205037,"index",0.7,4
2015,37004.6021311436,11204.6828718026,122211.453420987,10.5187975658144,0.609557365230292,"index",0.7,4
2016,486807.242183707,200972.219218005,1179174.37526747,13.0956235171083,0.451386637429843,"index",0.7,4
2017,212162.356940036,85828.1826302678,524453.207826366,12.2651070951753,0.461745420776922,"index",0.7,4
2018,219051.811446499,83786.5008525297,572690.058777453,12.297063562765,0.490333692113752,"index",0.7,4
2019,119060.895883826,33987.2711912319,417082.526246363,11.6873903713206,0.639628597482357,"index",0.7,4
2021,42822.382915409,12918.5064820089,141948.024805167,10.6648162101845,0.611439825604111,"index",0.7,4
2022,83271.9984932878,24194.5547406474,286602.742120997,11.3298676191014,0.630616048428294,"index",0.7,4
2023,55646.362847032,19429.9182700229,159368.539541464,10.9267719969224,0.536847957023736,"index",0.7,4
2024,171262.87681271,64139.2426526451,457301.517154039,12.0509549463645,0.501102718548479,"index",0.7,4
2003,40997.6517949273,12583.3074184534,133574.377292349,10.6212700707518,0.602635392038957,"index",0.7,8
2004,31154.3947727467,6517.69060352878,148917.212046035,10.3467105984615,0.798195895709273,"index",0.7,8
2005,34383.3960951443,10581.3705161161,111726.352010355,10.4453290551852,0.601275752550942,"index",0.7,8
2006,61764.4141392704,19707.8668762133,193569.546513006,11.0310826546069,0.5828216716153,"index",0.7,8
2007,70191.9555898527,25866.0125393446,190478.165972956,11.1589889907105,0.509348064469022,"index",0.7,8
2008,30312.1180869783,8393.36674875192,109470.315121825,10.319302848408,0.655168083918311,"index",0.7,8
2009,102918.789996525,35775.3133151392,296077.835602529,11.5416955095886,0.53913345122759,"index",0.7,8
2010,103029.022317222,37816.0988196764,280700.013247256,11.5427659975922,0.511374606807716,"index",0.7,8
2011,172128.078292507,59201.1818742808,500464.254237174,12.0559941199234,0.544549462937417,"index",0.7,8
2012,59375.6214932885,21912.7797977424,160886.225310286,10.9916390085375,0.508587769156914,"index",0.7,8
2013,110055.489717867,41079.7829872625,294846.027321886,11.608739969562,0.502799335086085,"index",0.7,8
2014,147033.997548648,54665.9744346853,395474.454790265,11.8984191148619,0.504816602441888,"index",0.7,8
2015,39500.6934164105,12406.7591751439,125762.478206495,10.584073505581,0.590866371455353,"index",0.7,8
2016,483856.538825411,209321.927408234,1118454.97059424,13.0895437343759,0.427515542423661,"index",0.7,8
2017,135943.465648467,50585.7506845195,365332.640169192,11.8199943845323,0.504381296665896,"index",0.7,8
2018,136001.347835646,46159.5553995708,400705.042607158,11.8204200752253,0.551316664152047,"index",0.7,8
2019,130762.577492433,42691.42845056,400521.891467424,11.7811385722715,0.571125357862641,"index",0.7,8
2021,41053.7012621333,13079.7246685623,128856.411738653,10.6226362755452,0.58359118309414,"index",0.7,8
2022,33044.2979498856,8939.44767882745,122146.878222351,10.4056043024038,0.667040428981838,"index",0.7,8
2023,37750.5035571231,13214.2499041342,107845.736924538,10.5387540938497,0.535572611356915,"index",0.7,8
2024,182842.548022407,73621.9099953238,454095.762653393,12.1163806681526,0.46413236404248,"index",0.7,8
2003,88907.983661217,27402.5841754875,288462.924083422,11.3953572224328,0.600503188228774,"index",0.7,9
2004,29618.7217264366,6013.14376060256,145891.851522968,10.2961619311322,0.813514413864833,"index",0.7,9
2005,41416.8155849441,10713.7797690902,160107.137739208,10.6314422508966,0.689888304461556,"index",0.7,9
2006,56087.1616382315,19457.1516799879,161676.783548365,10.9346622175178,0.540159027806778,"index",0.7,9
2007,56333.9278443714,19596.5036734447,161942.736278782,10.9390522586318,0.538757763745963,"index",0.7,9
2008,20521.9372011705,5220.15031237456,80677.7355606859,9.92924970034392,0.69846601019509,"index",0.7,9
2009,65653.5023169493,21213.1491960669,203193.892931317,11.092146226624,0.576423710869384,"index",0.7,9
2010,85775.6569460891,33439.7344545393,220021.583440966,11.3594905266433,0.480616178592687,"index",0.7,9
2011,86059.7588705825,30913.5712113512,239580.281625414,11.362797204513,0.522380333691802,"index",0.7,9
2012,57939.0513550338,22113.5776687599,151804.186649708,10.9671468983041,0.491437512573904,"index",0.7,9
2013,67116.8069424429,21943.8866423727,205281.126701176,11.1141897676383,0.570391042703348,"index",0.7,9
2014,56676.2698512408,20515.3323979104,156575.555391822,10.9451108809693,0.518470278823074,"index",0.7,9
2015,45573.5453210964,15194.4560776548,136691.173578001,10.7270826806852,0.560416814175616,"index",0.7,9
2016,334998.530866868,138487.337464728,810355.789470957,12.7218814253256,0.450695654670617,"index",0.7,9
2017,137051.637194186,50749.0651679007,370118.172531134,11.8281130476223,0.506878993216785,"index",0.7,9
2018,125422.553949798,46602.2898220764,337554.594406177,11.7394437470678,0.505131113713202,"index",0.7,9
2019,62947.4112919741,16124.3131207944,245739.248467641,11.0500549153858,0.69489612183297,"index",0.7,9
2021,15237.3563055424,4211.3542649461,55131.2030703796,9.63150534342791,0.656117051378428,"index",0.7,9
2022,18420.6847960907,4903.44611794421,69200.6438319323,9.82122948588757,0.675285857313935,"index",0.7,9
2023,76245.3614104354,26323.3712476669,220843.868435855,11.2417118586577,0.542611702506875,"index",0.7,9
2024,161278.653418392,67224.1313970702,386926.591803958,11.99088891449,0.446488487120698,"index",0.7,9
2003,123702.447625508,41339.211369935,370164.186529947,11.7256343449715,0.559228433402892,"index",0.8,1
2004,16262.7043412509,3935.91419266608,67195.4568988695,9.69662968792251,0.72385576562761,"index",0.8,1
2005,39667.5400391708,13038.041961579,120686.352858512,10.5882885009774,0.567695040249972,"index",0.8,1
2006,49280.7740971654,18958.623909165,128099.734835808,10.8052893062246,0.487394217044359,"index",0.8,1
2007,40246.8761926122,15084.1021777129,107385.313635488,10.6027876697135,0.500718913809449,"index",0.8,1
2008,20220.9107766104,6199.87401855877,65950.5711586523,9.91447253491367,0.603168370949253,"index",0.8,1
2009,63069.4592910156,24084.040387907,165161.519047209,11.0519919264644,0.491175990229875,"index",0.8,1
2010,94452.35739995,37992.2345506275,234817.665344734,11.4558508318553,0.464658419820149,"index",0.8,1
2011,115590.579053096,46136.052712056,289603.925355725,11.6578097358189,0.46861052816925,"index",0.8,1
2012,55620.3298874493,20998.2522756188,147327.551654416,10.9263040588644,0.497003811435516,"index",0.8,1
2013,131506.51525392,46819.4076227306,369375.958226204,11.7868116750298,0.526927328480638,"index",0.8,1
2014,43261.1978240331,15970.6067776405,117185.981924641,10.675011388075,0.508430849038654,"index",0.8,1
2015,53439.7712530684,16558.9214988579,172463.475461082,10.8863105277573,0.597781509283391,"index",0.8,1
2016,236538.269760136,102969.912682692,543366.033858193,12.3738652909907,0.424330846325886,"index",0.8,1
2017,119133.936431838,47750.0722750457,297232.949261155,11.6880036554091,0.466471732694804,"index",0.8,1
2018,116315.50428617,46093.56162386,293518.141378399,11.6640616424861,0.472270455806241,"index",0.8,1
2019,109928.404140553,40178.8174668951,300761.81427802,11.6075845614163,0.513524412850498,"index",0.8,1
2021,25476.6386606552,8145.19880020162,79686.0989359184,10.1455171802874,0.581813370504311,"index",0.8,1
2022,39972.8598847617,11862.6125055738,134694.573106559,10.5959559999279,0.619811936596809,"index",0.8,1
2023,62429.994394651,22228.1117425997,175341.218599629,11.0418011182696,0.526891343370714,"index",0.8,1
2024,92905.6471862668,37081.7731661569,232768.245477988,11.4393397107506,0.46861007622785,"index",0.8,1
2003,172555.659308187,52398.2182564884,568253.206884491,12.0584751260653,0.608096510177835,"index",0.8,6
2004,31510.9337094607,6635.73684903542,149635.069296993,10.3580898664754,0.794843621259157,"index",0.8,6
2005,38778.3791129092,11591.2911389936,129732.112548341,10.5656181309378,0.616138260301214,"index",0.8,6
2006,34890.8134509928,11720.628958921,103865.489432237,10.4599788486408,0.556578146393253,"index",0.8,6
2007,66902.7571030947,24549.2060973004,182326.829236563,11.1109954575705,0.51151994167968,"index",0.8,6
2008,18060.2273805482,4982.1237308009,65468.4288590863,9.80146741717678,0.657081403665206,"index",0.8,6
2009,94482.2255034967,35792.0646462534,249409.779075934,11.4561670058806,0.495256812698653,"index",0.8,6
2010,63269.7817197217,22315.3272101784,179386.358136634,11.0551631121543,0.531710827433381,"index",0.8,6
2011,124319.883804423,48422.3166182563,319179.968835241,11.7306132309519,0.481078818181671,"index",0.8,6
2012,53939.346841708,19683.6187489204,147810.886545933,10.8956154876421,0.514332642014253,"index",0.8,6
2013,105868.41819325,37040.8199259335,302588.387437228,11.5699522641967,0.535814151553783,"index",0.8,6
2014,112319.506024771,46244.3150001332,272804.807112229,11.6291028213224,0.452768016072102,"index",0.8,6
2015,80873.0711231764,23655.1198223908,276492.094819299,11.300636181419,0.627206080136244,"index",0.8,6
2016,508823.312697028,223621.420718757,1157765.48915496,13.1398561089384,0.419470102751829,"index",0.8,6
2017,143425.615084034,57538.042807377,357518.366258995,11.8735718180022,0.466013765125284,"index",0.8,6
2018,147494.406993513,56752.4243452927,383324.595298497,11.901545535355,0.48730073037905,"index",0.8,6
2019,138891.41916243,48644.2135931372,396569.805368906,11.8414477497458,0.535295350825335,"index",0.8,6
2021,28764.2992447056,7656.45761587552,108063.670243979,10.2668902876137,0.675311176388427,"index",0.8,6
2022,44018.9804150722,13797.1729789268,140439.685705327,10.6923761929556,0.591927815279755,"index",0.8,6
2023,75157.0563841429,25762.7639832966,219253.769820331,11.2273352881003,0.546259943853506,"index",0.8,6
2024,167713.336354289,71353.1898936577,394204.70525575,12.0300114697196,0.436035634769539,"index",0.8,6
2003,156347.094412488,53621.122671777,455872.848482778,11.9598337788469,0.545997496974832,"index",0.8,7
2004,26060.704768268,6143.83215616132,110543.438648097,10.1681838943756,0.737248209483543,"index",0.8,7
2005,67198.8160457594,22504.6027446698,200655.880451893,11.1154109079894,0.558140753052996,"index",0.8,7
2006,71188.2635985748,26596.8406544224,190540.257770711,11.1730832467143,0.502323276934937,"index",0.8,7
2007,66135.7970444045,25318.5526546134,172756.464809281,11.0994654381665,0.489893045615136,"index",0.8,7
2008,27114.0778147821,7927.65264721054,92735.296116277,10.2078083485468,0.627407491472258,"index",0.8,7
2009,85255.3567844363,31532.7656316864,230505.498481797,11.3534062293527,0.507470430177221,"index",0.8,7
2010,118103.513067481,45971.3080470397,303416.204398798,11.6793167482924,0.481408848824318,"index",0.8,7
2011,77914.0654752137,29229.449804583,207687.850420094,11.2633617736502,0.500228446249892,"index",0.8,7
2012,65550.5052678913,25586.463751174,167935.232576978,11.0905761972917,0.479987119052738,"index",0.8,7
2013,91711.6675238005,33878.5138272857,248270.33449212,11.426404885961,0.508105563058833,"index",0.8,7
2014,92357.1466873932,36084.5318908661,236385.013114048,11.4334183696109,0.479497992822262,"index",0.8,7
2015,28617.1892932978,9428.08999774472,86862.0816352342,10.2617628405064,0.566497159876439,"index",0.8,7
2016,612786.404526308,267814.930637526,1402114.42535483,13.3257717113372,0.422314008951364,"index",0.8,7
2017,211124.491887253,87392.3490823007,510039.511956293,12.2602032474157,0.45002879423569,"index",0.8,7
2018,220359.611575383,90205.0332297549,538310.964200567,12.303016088903,0.455710202167518,"index",0.8,7
2019,153132.326721796,57313.6693267226,409143.399169831,11.9390577071155,0.501419048222041,"index",0.8,7
2021,36988.4298687092,10894.0597896666,125586.234201702,10.5183604364725,0.623678547092872,"index",0.8,7
2022,41302.986395287,13216.9684802055,129071.707156159,10.6286900861481,0.581354209145056,"index",0.8,7
2023,84428.0913231893,32313.7096326817,220590.662152498,11.3436554607894,0.490013389212274,"index",0.8,7
2024,120598.231873291,50845.3596192303,286042.495124047,11.7002199020839,0.440658995697309,"index",0.8,7
2003,87070.6216020038,10562.7059104559,717741.57213396,11.3744748109037,1.07623918683498,"index",0.2,1
2004,382317.755990874,33040.4217652982,4423880.1666695,12.8540073637822,1.2492680428053,"index",0.2,1
2005,211998.68993246,22251.9388705552,2019754.08949872,12.2643353740712,1.15009814864155,"index",0.2,1
2006,117073.25725678,15858.5160398557,864276.804353304,11.6705551482419,1.01996426435006,"index",0.2,1
2007,126501.250673869,24566.5003746861,651397.886470732,11.7480074738508,0.836172739040244,"index",0.2,1
2008,33016.3921591837,3116.24305866737,349806.523652609,10.4047594492145,1.20429561995064,"index",0.2,1
2009,92606.0776448721,14281.0357773268,600508.657108996,11.4361100517945,0.953804406535433,"index",0.2,1
2010,61473.7629200161,5829.50654335885,648257.875591806,11.02636574358,1.20189867126759,"index",0.2,1
2011,100345.495925644,13521.2986009166,744693.157791869,11.5163744695664,1.02264791089449,"index",0.2,1
2012,28606.56086623,5346.04105258558,153073.146379513,10.2613913714167,0.855770722755937,"index",0.2,1
2013,66784.9323152277,10062.4584889328,443254.219558283,11.109232769938,0.96566364916512,"index",0.2,1
2014,216741.115084774,54074.3045131809,868743.692426786,12.2864589022675,0.708352053406284,"index",0.2,1
2015,66911.4983597969,12736.7147341943,351515.183168333,11.1111261051862,0.846383960397631,"index",0.2,1
2016,1022984.1380834,266244.50256638,3930584.61933626,13.8382345395187,0.686780064318389,"index",0.2,1
2017,103551.166987161,14697.8293425137,729552.911149053,11.5478211365542,0.996123425667656,"index",0.2,1
2018,484206.149671297,105247.208432104,2227665.69177701,13.0902660240897,0.778687163716093,"index",0.2,1
2019,353619.922184673,30065.6270100828,4159136.58890129,12.7759779491785,1.25759459368373,"index",0.2,1
2021,56701.0050240276,8626.74993035052,372678.470651365,10.9455472148502,0.960693215746317,"index",0.2,1
2022,51955.6587218363,8213.75438518173,328642.706688411,10.8581459169059,0.941129806139704,"index",0.2,1
2023,81770.5510577597,17839.1458195385,374817.442938682,11.3116724462523,0.776811172728052,"index",0.2,1
2024,331798.133898206,79220.563432365,1389664.46195907,12.7122820325461,0.730774065464566,"index",0.2,1
2003,2841801.18133864,295194.494996418,27357671.2680758,14.8599486278869,1.15540842719609,"index",0.2,2
2004,28200.0317137837,3793.66915736207,209623.389829645,10.2470783815278,1.02348280488665,"index",0.2,2
2005,8842.15807437194,778.392500632965,100442.590786273,9.08728625189794,1.2398469434012,"index",0.2,2
2006,48487.9466346637,6690.18300758659,351422.519560362,10.789070523042,1.01056653618284,"index",0.2,2
2007,51063.7090030707,9524.1744796351,273777.258357218,10.8408293282488,0.856771253992519,"index",0.2,2
2008,12680.5337006673,688.246674000564,233631.256071464,9.44782331706345,1.48659670717452,"index",0.2,2
2009,15644.5612836989,1543.40413297257,158579.527248007,9.65787861376023,1.1817221643731,"index",0.2,2
2010,95966.5876285011,16195.9540383527,568634.976318781,11.4717553643316,0.907791489566862,"index",0.2,2
2011,15955.6489370583,1546.42171856688,164626.977199066,9.67756821084406,1.1907714921598,"index",0.2,2
2012,29094.4142740724,3554.96514045678,238113.42966997,10.2783014853904,1.07257121332926,"index",0.2,2
2013,1847894.10078252,205961.110816793,16579404.6952112,14.4295572247704,1.11946678335418,"index",0.2,2
2014,114599.95637486,23813.5769095691,551498.418359923,11.6492027025896,0.801643070784793,"index",0.2,2
2015,1285047.69092998,103078.458231459,16020297.5121769,14.066306389187,1.28729951236023,"index",0.2,2
2016,4254488.86575544,1081713.09960576,16733342.2470653,15.2634851872171,0.698700921175929,"index",0.2,2
2017,9485.842500718,964.658343472686,93277.7999146343,9.15755570295982,1.16623658932281,"index",0.2,2
2018,72630.9251546539,10314.0402399003,511463.12852391,11.1931460764325,0.995877840481768,"index",0.2,2
2019,60256.0661902756,6097.68210141925,595438.307923892,11.0063585299407,1.16874317764706,"index",0.2,2
2021,40820.4793725791,1143.76748029183,1456862.13755789,10.6169391798661,1.82393978066738,"index",0.2,2
2022,32195.112885952,3383.39300562937,306356.752530552,10.3795699462855,1.14947806759627,"index",0.2,2
2023,8463.84784565404,973.193553965894,73609.9412726826,9.04355917728882,1.10357955911832,"index",0.2,2
2024,141468.054585862,29856.3221312347,670317.341176169,11.8598292079331,0.793727500667274,"index",0.2,2
2003,39331.277106546,11712.2098257965,132080.05848945,10.579775336461,0.618066553529408,"index",0.7,3
2004,30395.8618354807,7178.7449711258,128700.548694481,10.3220617542958,0.736330827516929,"index",0.7,3
2005,31982.1180847324,9825.22665219535,104105.066823799,10.3729322157373,0.602166019197125,"index",0.7,3
2006,18899.7032591427,5670.45603449126,62992.9552598493,9.84690150035002,0.614234081337707,"index",0.7,3
2007,50637.926197867,19019.8153671863,134817.269259326,10.8324561041206,0.499610953614778,"index",0.7,3
2008,20485.9560770214,6346.29507114276,66129.0393347687,9.92749486094563,0.597903023698871,"index",0.7,3
2009,67442.4051541406,20778.7295532051,218900.679241655,11.119029255654,0.600696818980269,"index",0.7,3
2010,97405.3930198113,37712.2691054626,251584.187703243,11.486636857911,0.48413955789023,"index",0.7,3
2011,84897.9617814907,32981.8127622589,218534.498591878,11.3492053647261,0.482403662556512,"index",0.7,3
2012,40465.2465656106,14667.1789808864,111639.476258488,10.6081987752168,0.517780545502096,"index",0.7,3
2013,107755.571298068,35129.6743485363,330525.783717004,11.5876207124118,0.571857057544065,"index",0.7,3
2014,43587.2909812691,16488.026868339,115226.154727707,10.68252089559,0.495994391284612,"index",0.7,3
2015,42617.9543359523,15266.1955431988,118974.634291939,10.660030906752,0.5238028318417,"index",0.7,3
2016,499933.278975595,206521.148148824,1210206.73024335,13.1222299264513,0.451065343517725,"index",0.7,3
2017,113072.954563532,45610.7047633257,280317.81398842,11.6357885049809,0.463218095132521,"index",0.7,3
2018,109745.752525715,40279.041231952,299017.301034496,11.6059216288283,0.511404848644398,"index",0.7,3
2019,97989.2100533631,31088.9593320887,308851.936287602,11.4926126500948,0.585727405917251,"index",0.7,3
2021,22222.9511994487,6727.06605946749,73413.8115557876,10.0088808716311,0.609698189880498,"index",0.7,3
2022,27896.995570485,7842.50245713821,99233.9328056325,10.2362742763652,0.647440990242312,"index",0.7,3
2023,26542.0221636797,9131.28521846592,77150.0313135129,10.1864844980387,0.544409373869845,"index",0.7,3
2024,103118.096098511,42184.5955761129,252066.935756116,11.5436301744724,0.456038877184008,"index",0.7,3
2003,76764.8695898801,23076.8576097433,255357.349895997,11.2485023872689,0.613234139753502,"index",0.7,5
2004,36804.7734517007,8216.57712549169,164860.784258743,10.5133828291064,0.765051729366863,"index",0.7,5
2005,44082.1747088863,11922.4502054181,162989.829572253,10.6938107781109,0.667171598449527,"index",0.7,5
2006,82235.1180570186,27968.2935002178,241795.754960849,11.3173377167798,0.550270797189569,"index",0.7,5
2007,71012.5746446351,24574.2019604235,205206.491172378,11.1706122480127,0.541417998253906,"index",0.7,5
2008,26020.5012476103,7503.41785206703,90234.4103081469,10.1666400158168,0.634463753567988,"index",0.7,5
2009,89526.9426963304,30913.6293010273,259273.131294412,11.402294894674,0.54253162798841,"index",0.7,5
2010,134598.455200812,51758.727776319,350022.980099869,11.8100512191641,0.487612464878314,"index",0.7,5
2011,124043.824852906,39965.5648807093,385003.202883926,11.7283902083799,0.577876294140267,"index",0.7,5
2012,67573.6280461846,24225.8771781287,188484.205287993,11.1209730682554,0.523375138839201,"index",0.7,5
2013,112199.086455906,37360.1802341687,336953.272779629,11.6280301299334,0.561066132858166,"index",0.7,5
2014,146248.744191862,47671.0989336193,448672.165235374,11.8930641783349,0.571940906212862,"index",0.7,5
2015,81115.3675465351,27286.9407391402,241130.10377787,11.3036277110126,0.555859298480994,"index",0.7,5
2016,224038.545888774,84042.8416989113,597234.327508543,12.3195733958937,0.500259920893062,"index",0.7,5
2017,262367.58547135,96687.2729230922,711952.543752279,12.4775017974434,0.509328103256096,"index",0.7,5
2018,161778.224404793,60565.4165868304,432130.997630399,11.9939816911427,0.501285928273419,"index",0.7,5
2019,206087.741064985,63226.0275818838,671751.154415998,12.2360572845903,0.602861057512519,"index",0.7,5
2021,33587.706779372,10305.3405753306,109470.816461676,10.4219154093431,0.602816111092635,"index",0.7,5
2022,52019.1283915206,14755.271413342,183391.38893553,10.8593667836051,0.642874619976162,"index",0.7,5
2023,40477.5765376097,13407.6986023568,122201.001898272,10.6085034340271,0.563744588785586,"index",0.7,5
2024,118217.811830386,46330.7128884925,301645.499554479,11.6802840649056,0.477929036866247,"index",0.7,5
2003,169213.044474366,49617.6275148946,577074.234589076,12.0389138181848,0.625936182930152,"index",0.7,6
2004,25741.6485673383,4571.91444594517,144935.448551982,10.1558655260043,0.88173978068311,"index",0.7,6
2005,36597.9355046309,10881.9882652145,123084.940964575,10.5077471108212,0.618829157938421,"index",0.7,6
2006,29007.3031008693,9461.42723413023,88931.9985625881,10.2753029083289,0.571604578494473,"index",0.7,6
2007,48874.5815140093,17581.2004428343,135868.123791463,10.7970127348778,0.521656157694408,"index",0.7,6
2008,15627.7996633903,3487.17061900808,70036.1837725431,9.65680663701104,0.765300114357098,"index",0.7,6
2009,66633.6446023316,23661.2789248463,187650.152263216,11.1069649031801,0.528259560364844,"index",0.7,6
2010,53003.0578809585,18968.6503797574,148103.533382124,10.8781048867371,0.524275945590188,"index",0.7,6
2011,83795.1977030792,31060.324623283,226064.448561322,11.3361309781823,0.506358503458406,"index",0.7,6
2012,50552.3120869455,18463.317953216,138411.539237497,10.8307639620168,0.513898592327026,"index",0.7,6
2013,112550.469075009,39891.8494421453,317548.779165437,11.6311570140295,0.529208554255566,"index",0.7,6
2014,101769.333288974,40554.5574240608,255384.298484232,11.5304640930097,0.469427324585039,"index",0.7,6
2015,62984.7725081543,18276.300131486,217061.524453167,11.0506482699382,0.631280908723108,"index",0.7,6
2016,210101.640984399,82747.8432307342,533460.424113406,12.2553466972947,0.475413566484834,"index",0.7,6
2017,184322.71110288,72071.8428527524,471402.707125565,12.124443365056,0.479103011358485,"index",0.7,6
2018,151206.648032133,55325.3316366682,413254.647243002,11.9264027102275,0.5129770541297,"index",0.7,6
2019,128715.00282496,43530.4922990116,380596.475648072,11.7653559588567,0.553142314607223,"index",0.7,6
2021,25838.6286901329,6770.37609747525,98611.1735853976,10.159625887221,0.683336010192368,"index",0.7,6
2022,46452.484279494,13491.4626391068,159940.649391258,10.7461852256858,0.630814070137093,"index",0.7,6
2023,56741.5281059145,18147.1207163836,177416.630556029,10.9462616397223,0.581640509632637,"index",0.7,6
2024,162146.890063756,66443.4481937341,395699.119658681,11.9962579321729,0.455187685827768,"index",0.7,6
2003,155352.730363353,49861.4062048829,484031.09074339,11.9534534902274,0.579832557866125,"index",0.7,7
2004,21012.7143811039,5113.15740427486,86352.5471155462,9.95288298021587,0.721090087188482,"index",0.7,7
2005,50864.0132087521,15604.2942626823,165797.170711352,10.8369109428382,0.602873074991586,"index",0.7,7
2006,61693.1311977509,21781.8678016262,174734.438370742,11.02992787789,0.531180539867886,"index",0.7,7
2007,49037.1609143414,17706.3687572132,135806.67970441,10.8003336756704,0.519730981319198,"index",0.7,7
2008,20178.92170586,5470.67986617585,74431.129433985,9.91239385867719,0.665948808908098,"index",0.7,7
2009,64649.7948471851,22371.6837870044,186825.274913416,11.0767402109109,0.541432851705094,"index",0.7,7
2010,89267.4634309852,31471.1801349439,253205.631095934,11.3993923491958,0.531930621046143,"index",0.7,7
2011,63515.356487851,22017.5898119752,183226.254291676,11.0590369900979,0.540540565370367,"index",0.7,7
2012,54387.5853394763,19306.1199252573,153216.153764227,10.9038911961286,0.528435106510207,"index",0.7,7
2013,104677.268991139,36071.2275144629,303769.275360808,11.5586372671859,0.543574509949808,"index",0.7,7
2014,73561.9022340739,26669.6387896143,202903.140270604,11.2058825380097,0.517663320665537,"index",0.7,7
2015,25764.3186049081,8073.37414903301,82220.9030476705,10.156745813873,0.592061404689475,"index",0.7,7
2016,571217.230176202,233815.930373365,1395495.69410922,13.2555248544269,0.455740717185873,"index",0.7,7
2017,176436.529828546,71875.2915770661,433109.186410204,12.0807164863115,0.458186302696988,"index",0.7,7
2018,105367.854656191,38573.3406002126,287825.337968966,11.5652128842856,0.512711577048813,"index",0.7,7
2019,106063.591099208,37709.5119783625,298319.568901208,11.5717941092468,0.527625236317331,"index",0.7,7
2021,31823.2207434236,9194.8126212098,110140.077911823,10.3679515143505,0.63345896437279,"index",0.7,7
2022,21840.5379743395,6398.58081254242,74549.2028597244,9.99152306208017,0.626384757600781,"index",0.7,7
2023,58198.0282698795,21692.4782349326,156137.554124516,10.9716067546212,0.503522466781938,"index",0.7,7
2024,98133.2566982498,38081.0624956622,252885.172815269,11.4940815962403,0.482972755376709,"index",0.7,7
2003,59307.3815199617,18387.0157876273,191296.159386622,10.9904890548101,0.597505379315239,"index",0.8,10
2004,15668.8433372383,3799.8061496707,64611.8885691556,9.65942951879278,0.72283174527645,"index",0.8,10
2005,31891.2704425834,8503.85724727933,119599.036162958,10.3700875974854,0.674406506736327,"index",0.8,10
2006,33802.0543040947,11614.5222438746,98375.0214762004,10.4282768578518,0.545043355185969,"index",0.8,10
2007,43356.9586486196,15759.38777346,119282.924583141,10.6772224917858,0.516351822774795,"index",0.8,10
2008,20868.5906246364,6100.38817612666,71388.5841499309,9.94600046662831,0.627507848492212,"index",0.8,10
2009,57953.1242274025,20948.207022774,160327.067804202,10.9673897597806,0.519183734883837,"index",0.8,10
2010,58793.0510000404,20984.9707655631,164718.973617336,10.9817789466315,0.525630660615237,"index",0.8,10
2011,111364.037997206,42570.7422219488,291325.645542749,11.6205597356616,0.490640261376148,"index",0.8,10
2012,45761.5797903433,17527.2664270009,119477.968434481,10.7312001488481,0.48964528303235,"index",0.8,10
2013,80159.5107714245,25238.9486747844,254588.542887039,11.2917738131492,0.589618054012983,"index",0.8,10
2014,53651.7562419852,20344.0434647787,141491.584641613,10.8902694826952,0.494767274681227,"index",0.8,10
2015,54124.8856301036,18179.9237837787,161139.46787201,10.8990493522329,0.55663072659859,"index",0.8,10
2016,274059.334967762,117085.824646185,641482.598853772,12.5210999129037,0.433904618023246,"index",0.8,10
2017,143148.238834903,55841.8376011744,366954.583906878,11.8716360075159,0.480293194015782,"index",0.8,10
2018,139097.521390986,57168.1407453934,338442.359762679,11.8429305588526,0.453670844793604,"index",0.8,10
2019,95311.7261893706,32422.1627881286,280188.746462151,11.464908127082,0.550168590332773,"index",0.8,10
2021,27297.1674682594,8552.23101569045,87127.5986842645,10.2145382200486,0.592149021003977,"index",0.8,10
2022,36692.494068374,11673.3482632141,115334.443092077,10.5103274918276,0.584329051307666,"index",0.8,10
2023,28720.8407701839,10173.555944862,81081.4526422155,10.2653782974615,0.529515454003108,"index",0.8,10
2024,95746.6872523487,39969.1297261579,229362.715240693,11.4694613085577,0.445721777112291,"index",0.8,10
