Year,est,lwr,upr,log_est,se,type,effort,replicate
2003,13532.4594265408,1947.13111018867,94049.8855843506,9.51284648044316,0.989168246476515,index,0.2,1
2004,933.814105944797,242.224223437694,3600.00652323603,6.83927738838205,0.688488951182024,index,0.2,1
2005,5227.01651002365,874.89698479627,31228.4784047142,8.56159593731204,0.912001344742168,index,0.2,1
2006,5072.53493476059,905.631755518261,28411.7805140809,8.53159595876558,0.879079003389603,index,0.2,1
2007,3031.92703297372,574.328171518128,16005.7994525638,8.01695368083077,0.848869026994886,index,0.2,1
2008,737.16298433065,152.971890386506,3552.34719329327,6.60280901337206,0.802338636947865,index,0.2,1
2009,1765.81323791343,314.761093833103,9906.23190820287,7.47636662127562,0.879889995981644,index,0.2,1
2010,427.057581113774,66.0539620304081,2761.04826994011,6.05691885452068,0.95228629441834,index,0.2,1
2011,2423.63213531011,524.182271643403,11206.0118112958,7.79302257631207,0.781230225609099,index,0.2,1
2012,8225.91256924454,2652.8727974223,25506.5518643048,9.01504452014703,0.577381075763888,index,0.2,1
2013,6348.36177099176,1500.86387951097,26852.3333298694,8.7559520697817,0.735807361855141,index,0.2,1
2014,2069.91632415633,520.725485693565,8228.04665168665,7.63526346232949,0.70411521292351,index,0.2,1
2015,8025.64257087611,2909.52955105401,22137.9221435044,8.9903970159299,0.517688255060639,index,0.2,1
2016,22830.2424399213,6232.9720183526,83623.0241898864,10.0358413588245,0.662375850546455,index,0.2,1
2017,3151.96096858381,530.845086779273,18715.1735881221,8.05578006783759,0.908848245098292,index,0.2,1
2018,2402.64751341531,570.271062905573,10122.7564385055,7.7843265389243,0.73379651540568,index,0.2,1
2019,1204.47876136457,33.3969164812743,43440.2106371637,7.09380218915938,1.8292880086773,index,0.2,1
2021,5025.89802695708,1920.20169369675,13154.686333362,8.52235942879248,0.490914082134674,index,0.2,1
2022,5436.10011077206,1506.63779156785,19613.9938741242,8.60081719135827,0.654696403808396,index,0.2,1
2023,13415.5871606876,3509.39837552629,51284.5677826519,9.50417253086854,0.68418228225681,index,0.2,1
2024,7837.70899608675,2261.57310283946,27162.3686319105,8.96670185075301,0.634137130695634,index,0.2,1
2025,7693.20448578959,1608.38964609241,36797.9210783681,8.94809268386605,0.798537094867511,index,0.2,1
2003,9819.02353812315,1421.23675831637,67837.5525246265,9.19207696036808,0.986137626772825,index,0.2,1
2004,527.193480853548,94.2971686130058,2947.41581685356,6.2675676175078,0.878136775577446,index,0.2,1
2005,3349.19734638079,487.772460366712,22996.63014302,8.11647599801562,0.982991006894688,index,0.2,1
2006,3745.12302989951,637.285533338228,22008.8889129697,8.22820974718728,0.90358392246917,index,0.2,1
2007,2037.83175039959,361.652088381502,11482.7437096284,7.61964165414292,0.882138141266505,index,0.2,1
2008,447.910631919014,75.7877866704002,2647.18027798595,6.10459373019211,0.906474093534515,index,0.2,1
2009,1148.36002856016,148.949342064853,8853.55206618179,7.04609014144137,1.04210276084514,index,0.2,1
2010,270.537097606944,32.4804884761399,2253.36269912795,5.60040923345588,1.08153501579924,index,0.2,1
2011,1562.88020699068,275.388118101299,8869.64389837889,7.35428568448405,0.885783747540077,index,0.2,1
2012,6072.35904883579,1846.17136535779,19972.9803581,8.7115024492172,0.607477084893619,index,0.2,1
2013,3722.20685151688,642.034109061822,21579.575991258,8.22207201102519,0.896664731203809,index,0.2,1
2014,1453.54964615955,323.606966966459,6528.92795744273,7.28176387570014,0.766460084488484,index,0.2,1
2015,6342.36869011787,2080.71536285722,19332.6013348361,8.75500758808496,0.568653586932627,index,0.2,1
2016,13824.0110273421,2409.49407621692,79312.6170221273,9.53416228873898,0.891337914856089,index,0.2,1
2017,1963.50246726345,256.392797447094,15036.8574208688,7.58248513058129,1.03867954363817,index,0.2,1
2018,1592.48650787069,325.003028214406,7803.04507217446,7.37305191511573,0.810840111237839,index,0.2,1
2019,780.881438333636,21.2620339102898,28679.0917231538,6.66042333080441,1.83855434206216,index,0.2,1
2021,2313.99785125412,598.83699721687594,8941.64201693342,7.74673197916811,0.689677235701437,index,0.2,1
2022,3835.68914752452,862.337536913613,17061.1977406143,8.25210439714222,0.761471966194414,index,0.2,1
2023,9369.72574338801,2153.7663301326,40761.9709148779,9.14523910515501,0.750149363331734,index,0.2,1
2024,5209.87767733722,1232.81135969489,22017.0143626307,8.55831165603364,0.735349817083661,index,0.2,1
2025,4529.80842266667,586.492804879266,34986.2166685675,8.41843492678074,1.04301637314919,index,0.2,1
2003,3361.52759644167,326.608201536279,34597.6240905381,8.1201507914371,1.1895062958999,index,0.2,1
2004,377.507519601268,96.0971473119137,1482.99852120412,5.93359048796425,0.698089795425064,index,0.2,1
2005,1738.30595504797,249.565867270092,12107.8560398046,7.46066632891003,0.990295468077446,index,0.2,1
2006,1214.86726449166,156.917880903547,9405.57227662688,7.10239010247475,1.04423729297031,index,0.2,1
2007,923.70845617244,131.0084459051,6512.84202411302,6.82839649823073,0.996515609447882,index,0.2,1
2008,265.676316975201,51.8032366976592,1362.53851884697,5.58227871433766,0.834110267029804,index,0.2,1
2009,564.427530206304,129.775264131151,2454.84714662443,6.33581199661738,0.750017750938624,index,0.2,1
2010,144.958795466722,24.9364148183991,842.665336464431,4.97644953284184,0.898037091026356,index,0.2,1
2011,791.11590814783,175.829811798288,3559.48956393445,6.67344449072143,0.767324274216325,index,0.2,1
2012,1893.1956848195,448.502230870871,7991.46504591435,7.54602151872435,0.734762411210714,index,0.2,1
2013,2389.41718562848,602.560285777996,9475.09257037265,7.77880475980242,0.702878752327655,index,0.2,1
2014,564.678656775916,126.180657441258,2527.02745321084,6.33625682027816,0.764576371211393,index,0.2,1
2015,1447.06870996306,406.909869338704,5146.12205095259,7.27729520992919,0.647309598683533,index,0.2,1
2016,8223.77642712699,3081.48475179366,21947.3741299559,9.01478480190798,0.500834702865592,index,0.2,1
2017,1106.86386174328,203.22385753291601,6028.56191839983,7.00928594569101,0.864800496912027,index,0.2,1
2018,747.10699063358,157.40494268001,3546.06943054051,6.61620840196325,0.794599633832228,index,0.2,1
2019,395.389253836979,9.07891956053753,17219.3024739727,5.97987073241316,1.92550249278985,index,0.2,1
2021,2550.80110236954,904.337220140518,7194.86726736585,7.84416274660722,0.529071162952166,index,0.2,1
2022,1397.49880276751,421.527475658918,4633.156832028,7.24243934833301,0.61151857740204,index,0.2,1
2023,3664.62839296535,783.717888713324,17135.6319052201,8.20648221571906,0.786970121959616,index,0.2,1
2024,2407.31433543742,719.494044830274,8054.49656080135,7.78626702146165,0.616194369647433,index,0.2,1
2025,2955.04070522109,824.887811543921,10586.0038750841,7.99126770477784,0.651042735357665,index,0.2,1
2003,351.908291976035,29.9983909440424,4128.20294903466,5.86337060749419,1.25626127923307,index,0.2,1
2004,29.1131054899792,4.69131734544472,180.668423996865,3.37118843327599,0.931381913528654,index,0.2,1
2005,139.513208594876,20.0867116776407,968.995606886891,4.93815928204698,0.988845107085915,index,0.2,1
2006,112.544640369417,12.3432386118696,1026.17282823174,4.72334994622258,1.12769496344082,index,0.2,1
2007,70.3868264016956,9.7017567079958,510.660644254177,4.25400612067802,1.0110895727066,index,0.2,1
2008,23.5760354364338,3.20083203265553,173.651550980901,3.16023074850662,1.01880441581761,index,0.2,1
2009,53.0256791469698,8.89594920468954,316.06774997267,3.97077630842096,0.910823002317804,index,0.2,1
2010,11.5616880401072,1.25398511770335,106.598258982194,2.44769687681446,1.1333730211658,index,0.2,1
2011,69.6360201716005,9.7715985026147,496.252000534201,4.24328196466845,1.00195815541419,index,0.2,1
2012,260.35783558926,50.4778131470535,1342.89103125857,5.56205697552345,0.837016951507661,index,0.2,1
2013,236.737733846393,40.8400590638798,1372.29856937924,5.46695292014908,0.896592740728243,index,0.2,1
2014,51.6880212208568,8.62422780828898,309.784434863831,3.94522605681252,0.913614046738238,index,0.2,1
2015,236.205170795183,48.3464326836892,1154.02273990744,5.46470079512052,0.809355870596797,index,0.2,1
2016,782.454985452257,136.14920717189,4496.80036319374,6.66243639418101,0.892202618041665,index,0.2,1
2017,81.5946395770792,9.24178711295485,720.389371270079,4.40176356835492,1.11125934358477,index,0.2,1
2018,63.0540149110376,8.76761089738106,453.465470004941,4.14399173859193,1.00661410235744,index,0.2,1
2019,28.2080691939515,0.52387089547357,1518.87645319838,3.33960807864285,2.03377108854405,index,0.2,1
2021,161.099073333454,31.7386276387463,817.707423405235,5.0820195380463,0.828834138938863,index,0.2,1
2022,202.912160480035,51.4762041018125,799.852001309971,5.3127731784022,0.699836091177345,index,0.2,1
2023,381.233024334216,71.7175047283741,2026.54316255808,5.94341080059381,0.852401348949377,index,0.2,1
2024,220.516983312115,37.1789056157236,1307.93898109013,5.39597471374452,0.908298918084205,index,0.2,1
2025,208.355357901821,27.1950417027382,1596.3187569602,5.33924507340929,1.03890195081446,index,0.2,1
2003,13485.9689439495,1940.75200659476,93711.7971483028,9.50940508645556,0.989086683497275,index,0.2,1
2004,929.847986239375,241.039364596153,3587.03765653396,6.83502111713038,0.688819217625364,index,0.2,1
2005,5207.26865720245,870.750776118648,31140.5371226316,8.55781074722319,0.912493780887081,index,0.2,1
2006,5057.23766943416,902.735514361586,28331.2802457218,8.528575698084,0.879172320395223,index,0.2,1
2007,3022.09401076284,572.201237798543,15961.2590930888,8.01370525113864,0.849104636832609,index,0.2,1
2008,734.017547477336,152.214046195894,3539.6323366324,6.59853293497363,0.80269087516995,index,0.2,1
2009,1758.75016653407,313.052354457164,9880.78225333027,7.47235870311747,0.880622436709497,index,0.2,1
2010,425.54720611313,65.7806913250697,2752.94194972492,6.0533758845463,0.952593797086689,index,0.2,1
2011,2414.35303412975,521.877171543502,11169.4875561838,7.78918663542617,0.781521696761037,index,0.2,1
2012,8194.31579538194,2641.12678463502,25423.5471561147,9.011195997196,0.57768157409182,index,0.2,1
2013,6314.13968023032,1491.48999931879,26730.5579787114,8.7505467911777,0.736246126839149,index,0.2,1
2014,2062.45978367275,518.541560031335,8203.2775907304,7.6316546191934,0.704418270577732,index,0.2,1
2015,7989.56330434395,2893.01501053156,22064.5663993258,8.98589138199057,0.518293650531942,index,0.2,1
2016,22720.88698157,6197.94413177123,83291.9262022691,10.0310399117548,0.662801458397704,index,0.2,1
2017,3141.3726501183,528.837653273714,18660.2108715654,8.0524151330994,0.909064480785945,index,0.2,1
2018,2394.32657220855,568.128278376617,10090.678377716,7.78085728960007,0.733947187556434,index,0.2,1
2019,1200.87229019726,33.3067372429733,43297.3739470037,7.09080348020379,1.82913758229784,index,0.2,1
2021,4999.64212829945,1909.63409720013,13089.639239117,8.51712161451456,0.491057331443037,index,0.2,1
2022,5403.51843680778,1494.36553632465,19538.7345245751,8.59480558274957,0.655802141039758,index,0.2,1
2023,13361.4116931293,3492.69545137675,51114.4830457294,9.50012610716181,0.684551892283799,index,0.2,1
2024,7805.31660541697,2251.58811022232,27057.7762576576,8.96256039656205,0.634281718124734,index,0.2,1
2025,7665.28391427897,1602.04014052729,36676.0956858204,8.94445683096944,0.798700210562027,index,0.2,1
2003,46.4904825913763,2.4962468452215,865.845850027415,3.83924761619016,1.49209847595055,index,0.2,1
2004,3.96611970542194,0.353141939506868,44.5432948001076,1.37778821255233,1.23403972704476,index,0.2,1
2005,19.747852821199,1.5008765200619,259.833294634828,2.98304476752294,1.31481777404989,index,0.2,1
2006,15.2972653264251,1.00469730426162,232.912266684169,2.7276740755881,1.38930500290405,index,0.2,1
2007,9.83302221087271,0.740432172442353,130.583636689617,2.28574633460486,1.31954852305776,index,0.2,1
2008,3.14543685331382,0.25011815773673,39.5563964156445,1.14595278458047,1.29174548429389,index,0.2,1
2009,7.0630713793685604,0.621274129361001,80.2978507432226,1.95487999647349,1.24025894248857,index,0.2,1
2010,1.51037500064472,0.101304686082748,22.518530294928,0.412357964792194,1.37858684927271,index,0.2,1
2011,9.2791011803618,0.762723037075888,112.887266451905,2.22776468654285,1.27483209481591,index,0.2,1
2012,31.596773862599,3.57533966566245,279.233922335387,3.4530550224253,1.1117524896407,index,0.2,1
2013,34.2220907614361,3.00883285129635,389.237805476426,3.53287136424337,1.24049173194106,index,0.2,1
2014,7.45654048357876,0.663284708158629,83.8252341707112,2.00909156450641,1.23453417536971,index,0.2,1
2015,36.07926653215,3.97841771003615,327.193766057835,3.58571836605625,1.12493607203592,index,0.2,1
2016,109.355458351325,10.4655448591716,1142.66542565611,4.69460366221285,1.19722365374052,index,0.2,1
2017,10.5883184655101,0.726804884703395,154.253899893387,2.3597513618791,1.36678459637856,index,0.2,1
2018,8.32094120675862,0.672496496220508,102.956763277516,2.11877537424721,1.28345917154099,index,0.2,1
2019,3.60647116730471,0.0494289586456962,263.137938507484,1.28272977828239,2.1887895039189,index,0.2,1
2021,26.2558986576325,2.81493003674247,244.898525122006,3.2678906745609,1.13928280551278,index,0.2,1
2022,32.581673964276,3.60294007617977,294.638671715008,3.48374998197295,1.12348992091707,index,0.2,1
2023,54.1754675582715,4.93639661491621,594.55945583642006,3.99222817790242,1.2222635527699801,index,0.2,1
2024,32.3923906697823,2.95699856898275,354.841894179463,3.47792353934441,1.22132284128587,index,0.2,1
2025,27.9205715106167,2.14248952707998,363.856300638223,3.32936374726263,1.30991961291812,index,0.2,1
2003,7739.51342919428,1802.48287514914,33231.9762625885,8.95409410016254,0.743469646969691,index,0.2,2
2004,5251.21818227757,1601.1330076556,17222.3620811231,8.56621536338931,0.606005306909256,index,0.2,2
2005,5769.44729097901,1517.93078539532,21928.8800014134,8.66033156478902,0.681251397639879,index,0.2,2
2006,9408.4032228136,1620.13953224839,54636.0664875613,9.14935852878773,0.897511886508289,index,0.2,2
2007,1635.66671613712,252.3153693985,10603.419096731,7.39980577766662,0.953653241315783,index,0.2,2
2008,1395.02631766893,205.58504713298,9466.14772877976,7.24066855979001,0.976961195159708,index,0.2,2
2009,1454.10413264516,254.20815327657,8317.66723971014,7.28214527357933,0.889808106085622,index,0.2,2
2010,10121.9953457904,3229.01228719658,31729.4518161014,9.22246609196266,0.582936485037511,index,0.2,2
2011,4929.07953229009,1350.32029616627,17992.6385648057,8.5029075421585,0.660629711903239,index,0.2,2
2012,12697.2927780585,3728.26143832215,43243.0092574977,9.44914408264134,0.625239438405811,index,0.2,2
2013,6530.12934182282,1400.69378816465,30443.9054283311,8.78418202939787,0.785452735720456,index,0.2,2
2014,4047.66394206091,1200.71812245885,13644.820613109,8.30589518925551,0.620021646659627,index,0.2,2
2015,4751.64035883735,1153.98189491571,19565.3729050758,8.4662451761156,0.722090522741895,index,0.2,2
2016,10405.5883810639,2101.2095847358,51530.4471970355,9.25009828514477,0.816254710362698,index,0.2,2
2017,27538.5298510756,7874.27172333251,96309.9386209177,10.2233413885439,0.638779803393769,index,0.2,2
2018,1252.70364719098,239.634333913337,6548.58760036074,7.13305941230993,0.843865128431192,index,0.2,2
2019,13799.5524512317,3431.07389148094,55500.8880243329,9.53239143954923,0.710096140272865,index,0.2,2
2021,2331.10016631454,553.136723214954,9824.02317063294,7.75409560950442,0.733937159458311,index,0.2,2
2022,3853.06953479609,877.927976089932,16910.4359859845,8.25662539138677,0.754636740558155,index,0.2,2
2023,14412.73389655,3762.38121699377,55211.5499180435,9.57586739317416,0.685247313442228,index,0.2,2
2024,17332.3661797418,4071.60367118779,73781.9644663553,9.76033091001614,0.739063930871674,index,0.2,2
2025,83051.6823806467,20129.6277023604,342658.197570489,11.3272183722793,0.723110403896404,index,0.2,2
2003,6157.33759998995,1315.73589823771,28814.9060696986,8.72539975530502,0.787386074929122,index,0.2,2
2004,4250.91458551551,1220.19319362975,14809.3555247545,8.35488943535888,0.636810147828893,index,0.2,2
2005,4542.83251794675,1060.22463568596,19465.0516423456,8.4213059991205,0.742396250893031,index,0.2,2
2006,7417.66563452049,1134.41259971227,48502.4262596358,8.91161968215098,0.958053022558912,index,0.2,2
2007,1299.00504658989,177.84611484635,9488.05720340777,7.16935390164372,1.01452642206035,index,0.2,2
2008,1083.85099786347,142.421954036189,8248.25774593117,6.98827571670617,1.03546880147664,index,0.2,2
2009,1157.16633104612,182.488260559703,7337.64415091595,7.05372947748869,0.942386516693489,index,0.2,2
2010,8073.52113869944,2403.44338726763,27120.1493333816,8.99634499060021,0.618219144530064,index,0.2,2
2011,3839.71076709393,956.203817294298,15418.6570982904,8.25315232167571,0.709289172814786,index,0.2,2
2012,10238.8557327153,2759.00539369986,37997.0865423986,9.23394514749756,0.669052915603713,index,0.2,2
2013,5173.88156028115,996.191349255768,26871.3941551649,8.55137847115833,0.840545605579536,index,0.2,2
2014,3018.46810776963,819.695895672576,11115.2803932811,8.01250473259167,0.66509962955281,index,0.2,2
2015,3713.81805634939,813.861143474963,16946.9259790151,8.21981575211531,0.774517286057143,index,0.2,2
2016,8202.79044920968,1462.51330618191,46006.9463089564,9.01222967404799,0.879770245953765,index,0.2,2
2017,21696.8974931485,5634.73233286319,83545.2924857902,9.98492455664102,0.687879799196712,index,0.2,2
2018,999.195907092306,173.204875837532,5764.22837938188,6.90695086261834,0.894136692930405,index,0.2,2
2019,11229.5708519575,2713.71255779044,46468.9088596062,9.32630583257287,0.724621941984423,index,0.2,2
2021,1806.93812300275,393.531974190299,8296.72198066898,7.49938904706334,0.777680987327324,index,0.2,2
2022,3091.07169304946,635.200787263331,15042.0534784549,8.03627313599108,0.807327072918553,index,0.2,2
2023,11237.371497566,2617.44430012409,48244.9686391879,9.3270002435702,0.743404772916592,index,0.2,2
2024,13358.2062989194,2669.65832514635,66840.6416820052,9.49988617901416,0.821535710155575,index,0.2,2
2025,67310.1392123679,15218.4677642409,297707.687197927,11.1170661612297,0.758585983788426,index,0.2,2
2003,1491.65836219309,372.02906885883,5980.83551999233,7.30764377478049,0.708519030155818,index,0.2,2
2004,939.508634434976,273.174229750148,3231.18500227928,6.84535700926895,0.630239750924084,index,0.2,2
2005,1151.75904497388,362.738605743714,3657.0380893408,7.04904565702928,0.58948184029921,index,0.2,2
2006,1884.48634596652,413.704272221725,8584.12403880356,7.54141056723999,0.773615831171707,index,0.2,2
2007,322.290035422263,62.190701503182,1670.19931311064,5.7754518712546,0.839426841095144,index,0.2,2
2008,296.052306956261,53.2214295381392,1646.83604357744,5.69053615140228,0.875564570997277,index,0.2,2
2009,281.632288383776,58.5038631236381,1355.7522807111,5.64060227816463,0.801805289383621,index,0.2,2
2010,1921.80728563311,606.876768035823,6085.82077555237,7.56102131688245,0.58812078874363,index,0.2,2
2011,1020.69012418538,296.857678288864,3509.45387572496,6.92823426983152,0.630104151557217,index,0.2,2
2012,2312.77926283469,715.062305200885,7480.39419739159,7.74620522440229,0.598906691461033,index,0.2,2
2013,1279.59037240694,329.03565379159,4976.21307079879,7.15429528413876,0.692935778295192,index,0.2,2
2014,962.474530897251,289.798511596365,3196.55617802526,6.86950760440638,0.612420289336613,index,0.2,2
2015,966.357586071682,267.828663539389,3486.73279333655,6.87353393763265,0.654699008167504,index,0.2,2
2016,2068.27659307748,546.257378684099,7831.04857233617,7.63447097575506,0.679288360423836,index,0.2,2
2017,5443.08827310189,1699.22422356148,17435.7271618236,8.60210187603224,0.593977643674394,index,0.2,2
2018,239.755349516612,53.3459905232226,1077.54354278621,5.47961902640977,0.766759092281371,index,0.2,2
2019,2417.53194431547,518.500348929884,11271.8549058798,7.79050244102111,0.78550511771409,index,0.2,2
2021,493.691927443948,124.690340634652,1954.69607335074,6.20191169399471,0.702093669063347,index,0.2,2
2022,718.12287757689,195.828919913848,2633.42343677424,6.57664069309215,0.662970994801705,index,0.2,2
2023,2968.67118958872,904.026700737407,9748.61541667455,7.99586972076573,0.606649323137854,index,0.2,2
2024,3753.51477633742,1227.44893640481,11478.1745768175,8.23044795368772,0.570293486702437,index,0.2,2
2025,14908.9310751486,3697.98954363655,60107.3159295491,9.6097157133812,0.711324871277106,index,0.2,2
2003,90.5174670112543,15.4602697964981,529.965643677796,4.50554283773191,0.901684601045579,index,0.2,2
2004,60.7949623270776,11.3813521793273,324.744141655164,4.1075069290768,0.854878303874242,index,0.2,2
2005,74.8557280583802,16.8620456928056,332.307249383207,4.31556263510365,0.760471808438484,index,0.2,2
2006,106.251242326597,15.1633587325264,744.513580077013,4.66580650022179,0.993347126593281,index,0.2,2
2007,14.3716341249689,1.84530796320627,111.929212651906,2.66525641143828,1.04726936124274,index,0.2,2
2008,15.1230128491949,1.81861072314999,125.758368586311,2.71621761341414,1.08070595146297,index,0.2,2
2009,15.3055132152688,2.18273140518366,107.323665305973,2.72821310435845,0.993710133979248,index,0.2,2
2010,126.66692145788,25.2866867800017,634.504201013224,4.84156097555987,0.822098235102519,index,0.2,2
2011,68.6786410107781,13.7264086722403,343.626351488885,4.22943824857052,0.821503172324479,index,0.2,2
2012,145.657782508465,27.9787963803012,758.295293225011,4.98125991492313,0.841756775516756,index,0.2,2
2013,76.6574091347231,12.287497240681,478.238835797504,4.33934626254751,0.934080430088602,index,0.2,2
2014,66.721303394036,12.8701437954985,345.896083006941,4.20052429314199,0.839614458048906,index,0.2,2
2015,71.4647164162835,14.5322709373554,351.438926130374,4.26920385120493,0.812684368383692,index,0.2,2
2016,134.52133877676,21.9870170255465,823.030726053759,4.90172283907322,0.924134682781276,index,0.2,2
2017,398.544084825251,87.4834995622184,1815.62681355964,5.98781811902562,0.773671318369892,index,0.2,2
2018,13.7523905820611,2.11101831691432,89.5910022220992,2.62121266951413,0.956161561425627,index,0.2,2
2019,152.449654958783,19.4666969327598,1193.87985426232,5.02683441012428,1.05008524158026,index,0.2,2
2021,30.4701158678385,5.10264496486405,181.950335050254,3.41674639567626,0.911745003437356,index,0.2,2
2022,43.8749641697237,7.58644869641823,253.74355748341,3.78134386514122,0.895414553281378,index,0.2,2
2023,206.691209395288,45.2801912520868,943.486651888158,5.33122593745869,0.774685806363847,index,0.2,2
2024,220.645104485094,40.4469693959239,1203.6566116161,5.39655554868082,0.865609696704765,index,0.2,2
2025,832.612093130106,132.613696368463,5227.53619430335,6.72456785919312,0.93732717050073,index,0.2,2
2003,7710.6066245805,1794.48146253808,33131.2726044742,8.95035214369318,0.743830384033977,index,0.2,2
2004,5231.76599510983,1594.61531969303,17164.8767508747,8.5625041664315,0.60619295484428,index,0.2,2
2005,5745.61777249793,1510.06311124076,21861.4197922624,8.65619271670324,0.681791095542799,index,0.2,2
2006,9374.25185222512,1613.1602290344,54474.8105038191,9.14572204522491,0.89785916979745,index,0.2,2
2007,1631.09169531002,251.472187341759,10579.5402133026,7.39700482134115,0.953932031289658,index,0.2,2
2008,1390.21564044444,204.746407610889,9439.47954686139,7.23721415110262,0.97728427097543,index,0.2,2
2009,1449.23321103555,253.163434753905,8296.13052931612,7.27878987556454,0.890197280148887,index,0.2,2
2010,10081.4252009091,3214.6460184166,31616.2754776923,9.21844992060996,0.583162446938851,index,0.2,2
2011,4907.09233870161,1342.98760148558,17929.8417899821,8.49843685366333,0.661126887717246,index,0.2,2
2012,12650.7438692104,3712.48790956046,43108.9135757784,9.44547129631693,0.625528723775526,index,0.2,2
2013,6505.65048552985,1394.41364600483,30352.1758849224,8.78042638372269,0.785829288406405,index,0.2,2
2014,4026.332396113,1193.44047790861,13583.7126895493,8.30061116516448,0.620427519129533,index,0.2,2
2015,4728.35396505996,1146.87890848042,19494.0643284835,8.46133242199006,0.722734138987774,index,0.2,2
2016,10362.4948211442,2090.64079106353,51362.8641406233,9.24594829967447,0.816710110868704,index,0.2,2
2017,27410.8182288687,7827.05407871131,95994.3483742722,10.2186930403241,0.639476830787652,index,0.2,2
2018,1248.33840409693,238.5507280167,6532.56766013378,7.12956866930187,0.844396477974909,index,0.2,2
2019,13750.7954661357,3419.95435552797,55288.5671254251,9.52885195350395,0.709946448429126,index,0.2,2
2021,2321.35536523639,550.523557100574,9788.30181235516,7.74990650323024,0.734215917814837,index,0.2,2
2022,3839.00932875084,874.113424422758,16860.5036994697,8.25296962499286,0.754993200488514,index,0.2,2
2023,14344.6316989662,3740.46999635634,55011.3912902461,9.57113105356277,0.685810818044274,index,0.2,2
2024,17261.6653700151,4051.35908764807,73546.9468146685,9.75624344723746,0.739521632880104,index,0.2,2
2025,82790.797779749,20058.3433547726,341718.958329448,11.3240721962713,0.7233151904096,index,0.2,2
2003,28.9068046137823,3.55339413491494,235.156394493062,3.36407702116759,1.06949607066225,index,0.2,2
2004,19.4521871677339,2.57077769823663,147.187983569368,2.96795951452557,1.03254502176562,index,0.2,2
2005,23.8295184810791,3.38779726825636,167.615092072009,3.17092508448934,0.995296425370121,index,0.2,2
2006,34.1513705884855,3.47421270057494,335.706594152702,3.53080271957412,1.16605960376774,index,0.2,2
2007,4.57502082710314,0.420048508554522,49.8295200248537,1.52061125108939,1.21838786209397,index,0.2,2
2008,4.81067722449611,0.435919076542807,53.0892466139022,1.5708378693205,1.22509216770292,index,0.2,2
2009,4.87092160961471,0.515207806966305,46.0510827013987,1.58328316141113,1.14617826152148,index,0.2,2
2010,40.5701448812997,5.67951542286806,289.802304094893,3.70303244835567,1.00316462325133,index,0.2,2
2011,21.9871935884753,3.09102939057927,156.399898160299,3.09046017425198,1.00101635447677,index,0.2,2
2012,46.5489088481278,6.26874795051702,345.651305819784,3.84050356302144,1.02294069332113,index,0.2,2
2013,24.4788562929702,2.90482216265912,206.28264721836,3.1978097364943,1.08748812863404,index,0.2,2
2014,21.3315459479134,3.14852948858299,144.522976258587,3.06018700748995,0.976166658042576,index,0.2,2
2015,23.2863937773943,3.24474225955231,167.11840010081,3.14786923195,1.00554567708517,index,0.2,2
2016,43.0935599197047,5.08386283515468,365.284227125824,3.76337356412855,1.09048033929909,index,0.2,2
2017,127.711622206844,20.3396278518644,801.895618026688,4.84977477069705,0.937366038919161,index,0.2,2
2018,4.3652430940529,0.544095069298201,35.0220914421353,1.47367387939099,1.06242011765089,index,0.2,2
2019,48.7569850960234,4.65464000768708,510.72555379747,3.88684847120067,1.19848319486321,index,0.2,2
2021,9.74480107815443,1.17065101315051,81.1182384724857,2.27673392004255,1.08123104363016,index,0.2,2
2022,14.0602060452449,1.70275987864607,116.099396347024,2.64334854098672,1.07711068414163,index,0.2,2
2023,68.1021975838201,9.502129923108,488.091549292212,4.22100948258811,1.00486209043325,index,0.2,2
2024,70.7008097267926,9.20661814601848,542.936007201063,4.25845702583259,1.04008770200763,index,0.2,2
2025,260.884600897687,30.7868408981259,2210.70993320683,5.56407816739457,1.09032146974803,index,0.2,2
2003,2635.79802280752,888.928915555449,7815.50818683282,7.87694127007957,0.554563250315454,index,0.2,3
2004,2764.12642509098,466.219663069021,16387.9722352146,7.92447992374419,0.90808965610887,index,0.2,3
2005,5071.5598535721,1338.64032032001,19214.0629248457,8.53140371269299,0.679601274169148,index,0.2,3
2006,7255.82326486465,1440.16059377383,36556.3198149963,8.88955963439589,0.825040530002159,index,0.2,3
2007,1342.98824729164,294.476159159838,6124.83345853642,7.20265244539905,0.774225654741957,index,0.2,3
2008,5484.08619827462,1273.52459167438,23615.7209893879,8.60960575869774,0.744943358998277,index,0.2,3
2009,1749.96141377873,505.230300798685,6061.32479559001,7.46734901740518,0.633855856892706,index,0.2,3
2010,5915.31635743872,1552.40598009357,22539.8304678477,8.68530025891105,0.682532443358849,index,0.2,3
2011,4919.40650453574,1077.2303676287,22465.5385552685,8.50094317305067,0.774909454065213,index,0.2,3
2012,9478.30241620204,2862.01140092712,31389.8877774838,9.15676050919324,0.610970698940335,index,0.2,3
2013,6751.93087528778,1960.94868805115,23248.2220582589,8.81758379855866,0.630827989020644,index,0.2,3
2014,1635.87262874706,555.47377686806,4817.65182970907,7.39993165884273,0.551086788203865,index,0.2,3
2015,5475.05901029693,2062.45887659232,14534.2394490608,8.60795833276304,0.498123517103301,index,0.2,3
2016,9979.36917587934,2516.25290314758,39577.8218572213,9.20827515847802,0.70294609423061,index,0.2,3
2017,7611.10652949826,2197.77564084019,26357.9873791054,8.93736384495018,0.633768170857017,index,0.2,3
2018,13417.8154096577,3513.86040885751,51236.460592976,9.50433861110897,0.68361871851018,index,0.2,3
2019,25576.7067141857,2950.9220446284,221682.550894308,10.1494373222857,1.10183879975398,index,0.2,3
2021,7005.98262760126,2554.47269388625,19214.8433200032,8.85451972410852,0.514763859320502,index,0.2,3
2022,6494.99149911462,1528.6209599537,27596.7134291085,8.77878662026853,0.738108127038002,index,0.2,3
2023,13633.4163868725,3747.56928296248,49597.4932932824,9.52027914529086,0.658898039907716,index,0.2,3
2024,9473.47636011142,3207.94874543077,27976.3679121808,9.15625121069921,0.552491896530775,index,0.2,3
2025,9286.96454657672,2832.0147530732,30454.5413811069,9.13636703423633,0.605941425141285,index,0.2,3
2003,1692.93695464237,491.397577940032,5832.41688819136,7.43422014259886,0.631117010913429,index,0.2,3
2004,1746.28404589603,233.326854524595,13069.6827639681,7.46524540695722,1.0269602621106,index,0.2,3
2005,3401.04767932139,855.489664150476,13521.0579411311,8.13183880411545,0.704178649909056,index,0.2,3
2006,4791.6544391379,844.067969058181,27201.5443136989,8.4746310251621,0.885933627069528,index,0.2,3
2007,806.315502622668,129.623440348366,5015.64136873983,6.6924751083729,0.932589317120829,index,0.2,3
2008,3559.00566500365,748.883147100149,16913.8821891984,8.1772364772492,0.795245999457069,index,0.2,3
2009,1111.43307743349,290.471516225651,4252.68371117548,7.01340552235497,0.684655438729174,index,0.2,3
2010,3641.82787613572,761.196948709285,17423.7564954619,8.2002409983623,0.798662059008515,index,0.2,3
2011,3148.95639108252,543.375027309383,18248.7708388806,8.054826372508,0.896458632301119,index,0.2,3
2012,6535.63668682034,1945.53550653895,21955.1618351597,8.78502504852306,0.618242230584187,index,0.2,3
2013,3439.48628572936,815.927967622052,14498.9096821844,8.14307740367199,0.734070288498162,index,0.2,3
2014,1088.10052199334,353.791680969033,3346.49685012182,6.99218881468605,0.573214893472812,index,0.2,3
2015,4004.70462101796,1416.83561328026,11319.3506369255,8.29522510422779,0.530134170755505,index,0.2,3
2016,6382.67971323061,1278.0630334528,31875.2669120135,8.76134330590382,0.820546889084539,index,0.2,3
2017,4402.73703200432,912.471786787281,21243.4988715997,8.38998167924001,0.802986445294279,index,0.2,3
2018,7457.20222199046,1363.05937773148,40797.8301519117,8.91693558558705,0.867081540398096,index,0.2,3
2019,16744.7694481778,1739.31683714471,161205.421510734,9.72584121673566,1.15542609038578,index,0.2,3
2021,3899.10447668717,1226.32618001044,12397.2039151871,8.26850218438845,0.590176176802839,index,0.2,3
2022,4048.61786851647,784.852100145532,20884.5802186572,8.30613083482277,0.837074331564418,index,0.2,3
2023,8355.50227213302,1979.60799130642,35266.7894483223,9.03067555557602,0.734718314742658,index,0.2,3
2024,3741.1271325678,842.55425577522,16611.4314017172,8.22714221734939,0.760577322036831,index,0.2,3
2025,5742.78567169452,1432.12696212246,23028.3963246827,8.65569968024703,0.708576120230309,index,0.2,3
2003,889.506608378052,289.891481776441,2729.37307953878,6.79066693639595,0.57203106437693,index,0.2,3
2004,974.131207089368,185.083333611505,5127.05055668179,6.88154600410736,0.84733180895041,index,0.2,3
2005,1606.21813742613,310.968323458962,8296.46144115108,7.38163771182492,0.837743280802254,index,0.2,3
2006,2351.70005290976,423.309671696454,13064.8872648994,7.7628937723613,0.874908819904523,index,0.2,3
2007,517.701405226351,127.843409241506,2096.4298946928,6.24939863826838,0.713580708423019,index,0.2,3
2008,1847.04579818784,364.956540995333,9347.90255107932,7.52134277587874,0.827344026697454,index,0.2,3
2009,614.396982982607,149.988759266611,2516.74628514752,6.42064127131133,0.719442259841614,index,0.2,3
2010,2163.3418847451,581.918278177038,8042.44906166816,7.67940947390901,0.669950806187013,index,0.2,3
2011,1711.49124837354,391.602614599499,7480.03763012402,7.44512034453241,0.752499927969241,index,0.2,3
2012,2817.44073141391,538.370908090877,14744.4301980935,7.94358420981474,0.844421877139258,index,0.2,3
2013,3158.46788976276,893.912097320125,11159.8438376317,8.05784234399383,0.644009231167597,index,0.2,3
2014,526.463722703898,132.79349736255,2087.18089987901,6.26618242645349,0.702761462515701,index,0.2,3
2015,1393.08120268079,376.13167160718,5159.56348203864,7.23927326546257,0.668039822801985,index,0.2,3
2016,3442.64115321461,940.07721818187,12607.2389380188,8.14399423287466,0.662273503095572,index,0.2,3
2017,3079.37194245336,974.913690442049,9726.53441318416,8.0324809403863,0.586812821563278,index,0.2,3
2018,5768.88721325567,1647.04134179721,20205.9649838239,8.66023448358141,0.639551880714587,index,0.2,3
2019,8511.64039185448,908.530331689458,79741.9960933258,9.04918996349144,1.14153204206857,index,0.2,3
2021,2975.28786366727,948.501658512286,9332.97036672613,7.99809607419526,0.583282420124011,index,0.2,3
2022,2284.27757054512,541.93536388781,9628.31431014664,7.73380509165163,0.734022851180376,index,0.2,3
2023,4972.63365845163,1236.92689388916,19990.7412663807,8.51170488989461,0.7098699923809,index,0.2,3
2024,5598.91913834601,1777.10499377456,17639.8668776201,8.63032884708458,0.585514807863605,index,0.2,3
2025,3357.84185069078,1034.14687632463,10902.8051550301,8.11905374024813,0.600889433592421,index,0.2,3
2003,53.3544597871055,9.43550463895987,301.700702622692,3.97695756913873,0.883933541415963,index,0.2,3
2004,43.7111721055832,4.84224481559317,394.582810165053,3.77760372401748,1.12258455935601,index,0.2,3
2005,64.2940368245764,8.25651089300605,500.662231875887,4.16346688704524,1.04719516021207,index,0.2,3
2006,112.468772817006,16.2334604620424,779.206928093992,4.72267560815347,0.987569695511835,index,0.2,3
2007,18.9713394426222,3.2389087139392,111.121291779003,2.94292938992143,0.901900722401759,index,0.2,3
2008,78.0347350831524,9.81014407611764,620.726855003302,4.35715404914224,1.05804856893898,index,0.2,3
2009,24.131353362641,3.34564331825562,174.053884326278,3.18351196437336,1.00810677263539,index,0.2,3
2010,110.146596557938,18.2743469872306,663.896375710422,4.70181217452258,0.916503525711257,index,0.2,3
2011,58.9588650796753,7.7498744857235,448.542460640746,4.07683999870795,1.03530644790932,index,0.2,3
2012,125.224997967774,17.0487557784737,919.791468643632,4.83011210301508,1.0173834277296,index,0.2,3
2013,153.97669979567,22.5939233516916,1049.34515847116,5.03680129093851,0.979161002036782,index,0.2,3
2014,21.3083840498251,3.25504746148855,139.490202888533,3.05910061263107,0.958636878429829,index,0.2,3
2015,77.2731865981664,13.1145136160471,455.308183120771,4.34734702087989,0.904928615178619,index,0.2,3
2016,154.048309434132,22.4868380746941,1055.3231877548899,5.03726625084505,0.981822167364272,index,0.2,3
2017,128.997555040588,20.4816797341141,812.451391803253,4.85979345100832,0.938926761128671,index,0.2,3
2018,191.725974411524,32.3319501723432,1136.92026209702,5.25606713597742,0.908185680590365,index,0.2,3
2019,320.296874153461,21.6469341326254,4739.24330179663,5.76924829744623,1.37471121142057,index,0.2,3
2021,131.590287246819,21.9346702339168,789.435332878871,4.87969321105213,0.914111036970316,index,0.2,3
2022,162.096060053032,30.8879729006588,850.659017644881,5.08818912278944,0.845843216633891,index,0.2,3
2023,305.280456287811,74.475737535014,1251.36265951685,5.72123088291227,0.719787451385739,index,0.2,3
2024,133.430089197608,20.6725378073925,861.219307912692,4.8935776642515,0.95143152398428,index,0.2,3
2025,186.337024191401,37.8208261976013,918.052038395422,5.22755699211587,0.813635911772875,index,0.2,3
2003,2614.50458442473,880.754548193529,7761.11146516148,7.86882990708801,0.555138224202997,index,0.2,3
2004,2746.95053795283,462.783470400752,16305.1140340536,7.91824668009146,0.908683739071011,index,0.2,3
2005,5046.45357049246,1331.80935247948,19121.8762593338,8.52644101229823,0.679679479173476,index,0.2,3
2006,7211.3190518749,1429.07067113635,36389.4687073683,8.8834071611016,0.825845547266764,index,0.2,3
2007,1335.57400656546,292.368562353812,6101.05926797521,7.19711644588959,0.775065894917727,index,0.2,3
2008,5453.53714037216,1265.86718708627,23494.6190602157,8.60401969371916,0.745170327390353,index,0.2,3
2009,1740.55772892825,502.439820995654,6029.65983414376,7.46196087471538,0.633932567622186,index,0.2,3
2010,5870.6094539753,1537.83030754606,22410.8311508692,8.67771373264142,0.683474764038769,index,0.2,3
2011,4896.62967825691,1071.26255719251,22381.9847384787,8.49630242667759,0.775376102225129,index,0.2,3
2012,9429.22962732684,2847.13852794311,31227.9752081789,9.15156967847562,0.610980581435572,index,0.2,3
2013,6689.63559628705,1942.67665224333,23035.8584684866,8.80831468172648,0.630875196027592,index,0.2,3
2014,1627.22874498912,552.619270062819,4791.49666318709,7.39463369044623,0.551012373417773,index,0.2,3
2015,5444.28535941819,2049.7398263104,14460.4903970318,8.60232177963094,0.498403867240915,index,0.2,3
2016,9918.87124406029,2498.24328353781,39381.2753964148,9.20219440792379,0.703508503997275,index,0.2,3
2017,7559.84640998767,2180.72931826717,26207.4147689345,8.93060615282801,0.634293034533506,index,0.2,3
2018,13345.1856780302,3489.17847926894,51041.8087923142,9.49891097541963,0.684445934350576,index,0.2,3
2019,25450.3233660759,2936.08342942969,220606.455847081,10.1444837278341,1.10188347312513,index,0.2,3
2021,6952.94238248168,2534.58649807024,19073.4890329911,8.84692021335128,0.514873964890691,index,0.2,3
2022,6431.28887666551,1509.14242154618,27407.2718549286,8.76893024452666,0.739622472779078,index,0.2,3
2023,13503.7225182161,3700.41011875406,49278.4626560187,9.51072066850674,0.660482408514423,index,0.2,3
2024,9421.18636561914,3190.13532446573,27822.8800687611,9.15071630078902,0.552508971077551,index,0.2,3
2025,9212.89389850074,2801.91728298933,30292.6194503778,9.12835929254427,0.607307122056991,index,0.2,3
2003,21.2934383827947,3.02504107294103,149.885739475615,3.05839896811024,0.995668448135195,index,0.2,3
2004,17.1758871381535,1.61665923396712,182.48193112327,2.84350648965093,1.20570821176639,index,0.2,3
2005,25.1062830796376,2.64209992834165,238.569875163855,3.22311813671035,1.14876810293179,index,0.2,3
2006,44.5042129897516,5.1724312691186896,382.91953450638,3.7955838586179,1.0981023288153,index,0.2,3
2007,7.41424072618446,0.922172423929475,59.6102899190751,2.0034025733388,1.0635020091802,index,0.2,3
2008,30.5490579024638,3.20598229696425,291.094850901635,3.41933384725222,1.15018200982623,index,0.2,3
2009,9.40368485048166,1.07271723263928,82.4348542901743,2.24110161783232,1.1076258215614,index,0.2,3
2010,44.7069034634235,6.02802121364692,331.56937350568103,3.80012792959253,1.02231936170997,index,0.2,3
2011,22.7768262788313,2.47584124140064,209.538401195132,3.12574362780519,1.13224702674386,index,0.2,3
2012,49.072788875194,5.45406065419675,441.531321463463,3.89330468311475,1.12091053459871,index,0.2,3
2013,62.2952790007246,7.43226264445732,522.142713655604,4.13188564444253,1.08474202620633,index,0.2,3
2014,8.64388375793605,1.04471800598853,71.5185590680164,2.15685199083743,1.07813460310164,index,0.2,3
2015,30.7736508787401,4.23555903865052,223.587389472042,3.42665883288831,1.01182650535163,index,0.2,3
2016,60.4979318190458,7.25913411544667,504.192331506016,4.10260917964332,1.0818304022367,index,0.2,3
2017,51.2601195105907,6.60563221875908,397.781736133905,3.93691305239225,1.0454224755932,index,0.2,3
2018,72.6297316274291,11.6412635288635,453.136199794229,4.28537436454625,0.934108173408165,index,0.2,3
2019,126.383348109835,7.27416481217639,2195.81918912732,4.83931973339694,1.45665468952464,index,0.2,3
2021,53.0402451195814,7.18921444798694,391.317802897508,3.97105096727683,1.01964580648798,index,0.2,3
2022,63.7026224491068,8.79067601797249,461.628218193554,4.1542257304765,1.01049515692109,index,0.2,3
2023,129.693868656407,20.4909326880114,820.875253614313,4.86517681693132,0.941442981141742,index,0.2,3
2024,52.2899944922693,6.57342321436007,415.954280568521,3.95680504286956,1.05806551815753,index,0.2,3
2025,74.070648075974,13.2388290091747,414.421917723432,4.30501934149379,0.878518815597603,index,0.2,3
2003,2630.17745803899,886.903372818268,7799.98551453692,7.87480659743504,0.554638027384654,index,0.2,3
2004,2759.65745138857,465.381058406308,16364.4589985772,7.92286183919295,0.90818265171868,index,0.2,3
2005,5065.06439350206,1336.91559457755,19189.601358812,8.53012213002784,0.679605184525556,index,0.2,3
2006,7244.20842051806,1437.49249798448,36507.0118372689,8.88795759005795,0.825169262777548,index,0.2,3
2007,1341.0715926378,293.970986531127,6117.85890098264,7.20122426935684,0.774373000793849,index,0.2,3
2008,5476.16452503204,1271.57176920147,23583.7084713288,8.60816023070354,0.744988792873887,index,0.2,3
2009,1747.53300921933,504.52182155621,6053.00204635634,7.46596036332546,0.633863316080673,index,0.2,3
2010,5903.48166386136,1548.77284983948,22502.3932716533,8.68329756836476,0.682706107027859,index,0.2,3
2011,4913.56981067743,1075.77226117685,22442.6387960487,8.49975600563427,0.774994822597242,index,0.2,3
2012,9465.52936359841,2858.20064691067,31347.0806292012,9.15541199061603,0.610962465983465,index,0.2,3
2013,6735.27432416794,1956.21765269422,23189.6078431344,8.81511381914607,0.630800213733738,index,0.2,3
2014,1633.62831931567,554.735697763501,4810.83423408583,7.39855878278639,0.551064719165352,index,0.2,3
2015,5466.95224882621,2059.23901762801,14513.8891770674,8.60647656441863,0.498164653791255,index,0.2,3
2016,9963.63632381856,2511.80236832767,39523.0333584773,9.20669737670137,0.703044310051687,index,0.2,3
2017,7597.63056751161,2193.46298982766,26316.3730175007,8.93559171023217,0.633866169084955,index,0.2,3
2018,13397.4788439537,3507.93847818681,51167.4992279123,9.50282182226373,0.683705423707023,index,0.2,3
2019,25544.2430706765,2947.17708263113,221401.135988499,10.1481672501134,1.10183870576051,index,0.2,3
2021,6991.85054490748,2549.26322342438,19176.5109201455,8.85250054195067,0.514775212961014,index,0.2,3
2022,6478.30332820268,1523.62703850248,27545.070382481,8.77621392299483,0.738465070535524,index,0.2,3
2023,13598.3292842814,3735.98266783471,49495.5613460911,9.51770221743385,0.659163161934119,index,0.2,3
2024,9459.90416581959,3203.42673941369,27935.6433301389,9.15481753153156,0.552480131357331,index,0.2,3
2025,9266.67139554842,2824.80030224788,30399.0334059162,9.13417952132147,0.606126734511456,index,0.2,3
2003,5.62056476853239,0.356652577312023,88.5756905371523,1.72643215147798,1.40687549213467,index,0.2,3
2004,4.4689737024059,0.208599050754662,95.742170832238,1.4971587854869,1.56354917571854,index,0.2,3
2005,6.49546007004374,0.338450540307079,124.659282515113,1.87110348210872,1.50741585918202,index,0.2,3
2006,11.6148443465824,0.630396503234549,213.999615326457,2.45228396506348,1.48660397609326,index,0.2,3
2007,1.91665465383703,0.11226878738327,32.7211609539713,0.650581298558219,1.44770042531729,index,0.2,3
2008,7.92167324258096,0.419554172265576,149.570451470807,2.06960245151504,1.49909136126266,index,0.2,3
2009,2.42840455940336,0.135587748703532,43.493226788693,0.887234481806296,1.47215497882476,index,0.2,3
2010,11.8346935773675,0.740435191419768,189.158988785531,2.47103535140707,1.41408339255233,index,0.2,3
2011,5.83669385830976,0.314510111046126,108.317647029906,1.76416451638118,1.49028430786948,index,0.2,3
2012,12.7730526036274,0.693977904263431,235.095198006623,2.54733768639768,1.48607467616325,index,0.2,3
2013,16.6565511198459,0.931749987112824,297.763025538356,2.81280359969251,1.47119762245178,index,0.2,3
2014,2.24430943139032,0.130824885951869,38.5012743346144,0.808397870930548,1.450176376625,index,0.2,3
2015,8.10676147072053,0.514664449643219,127.694037520403,2.09269846294049,1.40662717756536,index,0.2,3
2016,15.7328520607776,0.905267990515677,273.424705788299,2.75575101409818,1.45679986653896,index,0.2,3
2017,13.4759619866522,0.823113857310469,220.627498678106,2.600907504722,1.4263365400618,index,0.2,3
2018,20.3365657039317,1.20589639158266,342.961391639576,3.01242053191678,1.4414537054665,index,0.2,3
2019,32.4636435092139,1.04264499699632,1010.78329913767,3.48012080191221,1.75429756779537,index,0.2,3
2021,14.1320826937841,0.893826103424228,223.43916842308099,2.6484475810071,1.40854201439295,index,0.2,3
2022,16.6881709119396,1.17882186545318,236.248628013906,2.81470013981309,1.35215985604821,index,0.2,3
2023,35.0871025910286,2.36622221180475,520.282821322341,3.55783361539739,1.37581045200492,index,0.2,3
2024,13.5721942918249,0.801636431191794,229.785537093404,2.60802316245649,1.44345676061548,index,0.2,3
2025,20.2931510282959,1.36154322126716,302.459717932394,3.01028344135101,1.37842566736089,index,0.2,3
2003,17825.6668114612,6311.64399620374,50344.1571584753,9.78839465336043,0.529725648901336,index,0.4,1
2004,7133.41306056421,2091.83480470951,24325.8128118269,8.87254508899398,0.62590345631223,index,0.4,1
2005,4423.11942801325,1237.8054857312,15805.3795204433,8.39460047908942,0.649759469051224,index,0.4,1
2006,13330.7124466638,3775.17277417961,47072.7844699118,9.49782585860602,0.643697761758456,index,0.4,1
2007,4798.47722541789,1323.04910477787,17403.2721837032,8.47605390185863,0.657338416603907,index,0.4,1
2008,3582.59326545926,1063.96924816375,12063.2946185853,8.18384219298781,0.619440170932807,index,0.4,1
2009,7189.74571435323,2957.95368836958,17475.7446813014,8.8804110835185,0.453150212848671,index,0.4,1
2010,4865.45926843124,1380.11964060467,17152.6389425135,8.4899163927197,0.642864324127714,index,0.4,1
2011,7201.74386025226,1916.1765024038,27066.9818587263,8.88207847849059,0.675518231147904,index,0.4,1
2012,19432.6943005676,7165.5270369552,52700.8838054396,9.87471219979709,0.509027366300083,index,0.4,1
2013,9440.04956066821,3148.03057420511,28308.0273864157,9.15271650919655,0.560308350615308,index,0.4,1
2014,3413.43971076719,1258.69351925155,9256.8766588794,8.13547577470359,0.509012517603415,index,0.4,1
2015,8793.9596756973,2936.95937916395,26331.2211011254,9.08182036429669,0.559546130729007,index,0.4,1
2016,21022.260640641,6255.95358544225,70642.3787208777,9.95333718577666,0.618403364728292,index,0.4,1
2017,5148.01508058959,1365.12265716528,19413.6835476823,8.54636649811918,0.677240472926104,index,0.4,1
2018,5164.8292600354,1414.34125488334,18860.6965915861,8.549627323899,0.660832636053275,index,0.4,1
2019,3647.99252503386,410.704378903986,32402.502009393,8.20193230213342,1.1143360982167,index,0.4,1
2021,6673.00525660608,3407.98661082674,13066.0722120297,8.80582560064585,0.342837239231248,index,0.4,1
2022,8878.95563591705,2514.57028705194,31351.620430149,9.09143922050189,0.643676119835155,index,0.4,1
2023,12057.2742665519,3348.02871118903,43421.9283284537,9.39742343035398,0.653734677404343,index,0.4,1
2024,29592.7545967646,8836.48263544614,99104.0395543219,10.295284833213,0.616664723542256,index,0.4,1
2025,6691.59631898292,2295.89642590568,19503.2584183592,8.80860773736177,0.545790177802232,index,0.4,1
2003,15030.2113190604,4881.64885072984,46276.8337509233,9.61781754246591,0.573775452156096,index,0.4,1
2004,5244.38587232367,1155.2141687277,23808.2114315818,8.5649134257622,0.771887853276554,index,0.4,1
2005,2941.55190791133,620.419575099284,13946.574180146,7.98669258089752,0.79404346711693,index,0.4,1
2006,10814.2798447076,2703.73151244373,43254.5347130071,9.28862274760856,0.707275551512837,index,0.4,1
2007,3342.08985457845,641.648093159802,17407.6175323324,8.11435159526262,0.842011177945215,index,0.4,1
2008,2121.15555292409,417.599423851266,10774.2027951245,7.6597162913022,0.829195662379797,index,0.4,1
2009,6260.89241587912,2489.47317510554,15745.8108949299,8.7420780123808,0.470545187995748,index,0.4,1
2010,3289.11417603783,616.611089247387,17544.7251138759,8.09837356010091,0.854166236475948,index,0.4,1
2011,5138.20465221542,943.142732653231,27992.7376143555,8.54445900798119,0.86493496308589,index,0.4,1
2012,16160.8831285523,5340.39414694024,48905.4059136002,9.69034897962596,0.564956422077818,index,0.4,1
2013,7841.72852841494,2279.03601175232,26981.8932198775,8.96721456460642,0.630474204461895,index,0.4,1
2014,2546.12249411465,820.01634361754,7905.62262020008,7.84232689033809,0.578073182963817,index,0.4,1
2015,7735.6654999478,2348.84557211909,25476.5666323033,8.95359679679133,0.608132376748954,index,0.4,1
2016,14681.1325593273,2606.98083695636,82676.3473551943,9.59431844901055,0.881837829342028,index,0.4,1
2017,3774.71461551567,706.186089552561,20176.6512246304,8.23608006028652,0.855220446809828,index,0.4,1
2018,3731.41707833732,721.656281480477,19293.7742936893,8.22454335425226,0.838277849034617,index,0.4,1
2019,2564.72305642739,212.742856952264,30919.0374257606,7.84960578157192,1.27018741627989,index,0.4,1
2021,2552.20750481053,862.846766141999,7549.15403662677,7.84471395182158,0.553314675457782,index,0.4,1
2022,6728.98598937471,1440.0987451032,31441.7692530912,8.81417974106023,0.786602605973226,index,0.4,1
2023,8223.38248645389,1787.91430501765,37822.8527668999,9.01473689811192,0.778550975122946,index,0.4,1
2024,18806.3677764805,3597.3797663595,98315.8554044358,9.84195080298317,0.843887846546885,index,0.4,1
2025,4039.50737749365,843.684554068445,19340.9014946857,8.30387802725642,0.799044965101268,index,0.4,1
2003,2644.63870944937,868.562086821607,8052.52037780295,7.88028974118166,0.568097515781632,index,0.4,1
2004,1847.49121813697,572.600289246345,5960.91875116881,7.52158389943459,0.597662003416883,index,0.4,1
2005,1443.74647437484,360.247435956256,5786.03391509743,7.27499673227567,0.708281185660783,index,0.4,1
2006,2438.87251793908,570.601474369307,10424.2618113334,7.79929112868223,0.741136121618134,index,0.4,1
2007,1420.67231497019,467.073408852812,4321.183326364,7.25888549979451,0.567560970940894,index,0.4,1
2008,1428.3057606753,427.604760173269,4770.89484493019,7.26424423809948,0.615340351261296,index,0.4,1
2009,898.036984850911,289.599759210357,2784.77588641335,6.80021125325688,0.57741439798303,index,0.4,1
2010,1537.89829325294,495.466550519735,4773.54355790379,7.3381720186546,0.577904585296872,index,0.4,1
2011,2005.27369554683,717.376630169471,5605.31584796973,7.60353583693165,0.524466192340694,index,0.4,1
2012,3099.34032559903,1039.24629254695,9243.15104395753,8.03894456963463,0.557506958065885,index,0.4,1
2013,1547.67437192512,511.195454271532,4685.67539382207,7.34450867796861,0.565192358611054,index,0.4,1
2014,835.03041682231,259.76516332985,2684.25445537145,6.7274681515195,0.595771226320387,index,0.4,1
2015,1008.95696076222,307.383832990505,3311.80120556951,6.91667236410412,0.606427024425941,index,0.4,1
2016,6157.94469985885,3041.65303362338,12466.9982102946,8.72549834823283,0.359874949805385,index,0.4,1
2017,1336.25981383406,516.173324344679,3459.28432534708,7.19762980662215,0.485308508295247,index,0.4,1
2018,1396.185368218,523.550264440318,3723.2978661751,7.24149905976359,0.500451041792774,index,0.4,1
2019,1057.66422842175,154.660165955483,7232.97827318362,6.96381819760681,0.980930252064494,index,0.4,1
2021,4057.83254936338,1892.57985471382,8700.29603118795,8.30840425520794,0.389143923789067,index,0.4,1
2022,2056.21709891467,700.516791518492,6035.5851694919,7.62862321385785,0.54940033903694,index,0.4,1
2023,3730.19778359906,902.083604069123,15424.707246648,8.22421653632566,0.724252763988069,index,0.4,1
2024,10584.1469028061,3227.25466334328,34711.9075952094,9.26711258540426,0.60599352304294,index,0.4,1
2025,2590.98036490041,1075.6361178263,6241.12480051878,7.85979160233981,0.448540945755755,index,0.4,1
2003,150.816782951424,28.6682479801525,793.410955408376,5.0160657421626,0.847094940058224,index,0.4,1
2004,41.5359701035672,7.95951910592834,216.751387801739,3.72655980130977,0.842970192380494,index,0.4,1
2005,37.821045727082,8.70721394963304,164.281193521185,3.63286571295599,0.749357566187578,index,0.4,1
2006,77.5600840171041,14.3292720391537,419.809646735937,4.35105291362688,0.861622196212641,index,0.4,1
2007,35.7150558692501,8.0185607233771,159.076579918502,3.57557233291343,0.762163692725276,index,0.4,1
2008,33.1319518598711,7.32680576119759,149.82330224425,3.5004981297551,0.769890924953501,index,0.4,1
2009,30.8163136232091,8.06779770653537,117.70810571449,3.42804421284875,0.683769537195586,index,0.4,1
2010,38.4467991404792,7.92573906146826,186.500760709439,3.64927544516466,0.805708617728738,index,0.4,1
2011,58.2655124899974,11.9350316248606,284.445827412016,4.06501036583306,0.808959995588876,index,0.4,1
2012,172.470846416223,41.456131071513,717.534224605166,5.15022821590548,0.727356442074311,index,0.4,1
2013,50.646660328142,11.5028857211211,222.994843605574,3.9248732922551,0.756276833546291,index,0.4,1
2014,32.2867998302342,7.30414645558166,142.718584521399,3.47465847271208,0.758287545037643,index,0.4,1
2015,49.3372149872754,11.1455094922036,218.398341000324,3.89867866417523,0.759014959075085,index,0.4,1
2016,183.183381454861,39.4546417445601,850.499453486068,5.21048773554276,0.783349105301888,index,0.4,1
2017,37.0406512398689,6.91304741488631,198.466719802784,3.61201599169331,0.856447082290315,index,0.4,1
2018,37.2268134800625,7.10836117596672,194.958529480024,3.61702929410776,0.844789794897175,index,0.4,1
2019,25.6052401847069,2.16330930877805,303.067306305294,3.24279702525353,1.26081800895369,index,0.4,1
2021,62.9652024321718,14.4760806392585,273.873627546154,4.14258223144783,0.750056922887,index,0.4,1
2022,93.7525476276884,26.699300330492,329.204888438363,4.54065883917664,0.640839060753978,index,0.4,1
2023,103.693996498973,24.7543094264726,434.3665874367,4.64144422058925,0.730852525755064,index,0.4,1
2024,202.239917478036,43.9557259031236,930.504123891996,5.30945470291863,0.778724413868117,index,0.4,1
2025,61.1085765888769,12.7558478804789,292.74871946642,4.11265222603003,0.799332240103325,index,0.4,1
2003,17788.7671616293,6296.40557188079,50257.283067002,9.78632247874362,0.529901713258205,index,0.4,1
2004,7123.1975714451,2087.81822832583,24302.8549868197,8.87111200070517,0.626152888814275,index,0.4,1
2005,4413.81372750499,1234.27011355708,15784.0260467512,8.39249438554221,0.650144248776874,index,0.4,1
2006,13311.5067727065,3768.02306658958,47026.3078087236,9.49638411104544,0.643929359731439,index,0.4,1
2007,4789.51490527654,1319.61543872569,17383.4378976485,8.47418441289171,0.657710439693926,index,0.4,1
2008,3575.30159849052,1061.29917693621,12044.465686924,8.18180481478386,0.619682682498663,index,0.4,1
2009,7181.78072060301,2953.83430832086,17461.3634128128,8.87930264251862,0.453295712892776,index,0.4,1
2010,4856.093877524,1376.421877557,17132.5726013459,8.48798966482677,0.643250134292056,index,0.4,1
2011,7188.16657019401,1910.97229245039,27038.455159703,8.8801914210064,0.675943020535415,index,0.4,1
2012,19393.1478112227,7146.47791637598,52626.5086702528,9.87267507705255,0.509346176620598,index,0.4,1
2013,9427.70428958511,3142.58359626682,28282.9733717973,9.15140789843739,0.560524257158488,index,0.4,1
2014,3405.23167804366,1255.0609906097,9239.07512695375,8.13306825681042,0.509258749754135,index,0.4,1
2015,8781.57551669824,2931.07981087688,26309.7812175928,9.08041111434634,0.559849544556826,index,0.4,1
2016,20977.3434301843,6237.24181095299,70551.8481927611,9.95119825001404,0.618840403911403,index,0.4,1
2017,5139.18463796709,1361.90226004131,19392.8885486363,8.54464971512032,0.677569589821693,index,0.4,1
2018,5155.94472092687,1411.08154028455,18839.2840571728,8.54790564269184,0.661131486969083,index,0.4,1
2019,3641.94618366275,409.894013844185,32359.0283261313,8.20027348358935,1.11449744860504,index,0.4,1
2021,6656.80778241969,3399.14847345837,13036.5267060542,8.80339533667875,0.342922171900336,index,0.4,1
2022,8854.80960189319,2504.19585661374,31310.5114676634,9.08871604822328,0.644396076421276,index,0.4,1
2023,12031.5691369139,3338.50451089789,43360.3295798471,9.39528923578396,0.654099264794786,index,0.4,1
2024,29540.0405416137,8813.95112090236,99003.7252567431,10.2935019285155,0.617057679778278,index,0.4,1
2025,6676.9086285118,2289.44173493319,19472.4801916815,8.806410379252,0.546105492110347,index,0.4,1
2003,36.899649831858,5.17380842857111,263.168645788028,3.60820206134991,1.00236178805139,index,0.4,1
2004,10.2154891191143,1.43447959405633,72.7484854961591,2.32390510956225,1.00160155688326,index,0.4,1
2005,9.30570050825847,1.36250438006521,63.5565383982528,2.23062717025452,0.980274496435983,index,0.4,1
2006,19.2056739572165,2.58564272040203,142.656179541136,2.95520575398174,1.02309616817344,index,0.4,1
2007,8.9623201413537,1.33292930710633,60.2606468984379,2.19302913781405,0.97228834100207,index,0.4,1
2008,7.29166696874179,1.01738912215099,52.2596576132345,1.98673218500301,1.00486158878441,index,0.4,1
2009,7.96499375022376,1.41968867495133,44.6866461361879,2.07505615870681,0.879923594375454,index,0.4,1
2010,9.36539090724051,1.42858769937047,61.3966835106266,2.23702107632128,0.959372089344455,index,0.4,1
2011,13.5772900582479,2.15832426548024,85.4101528088876,2.60839854833248,0.938316441144855,index,0.4,1
2012,39.5464893449287,6.80311742007006,229.883555279346,3.67747692529098,0.898024651431243,index,0.4,1
2013,12.3452710831038,1.82680088416986,83.4276572975139,2.5132730814952,0.974868319131756,index,0.4,1
2014,8.20803272353757,1.26409071633207,53.2966505648835,2.10511327520623,0.95448703525326,index,0.4,1
2015,12.3841589990572,2.05332574672134,74.692188688921,2.51641815583611,0.916831827481707,index,0.4,1
2016,44.917210456665,7.0382547385384,286.655693798789,3.80482102768961,0.945660639343894,index,0.4,1
2017,8.83044262250462,1.23182140315165,63.3019662670585,2.17820514048351,1.00497318644208,index,0.4,1
2018,8.88453910852573,1.25784492148524,62.7541868020725,2.18431258727588,0.997422771987489,index,0.4,1
2019,6.04634137111298,0.413016577228579,88.5151976740142,1.79945335707113,1.36927052052927,index,0.4,1
2021,16.1974741863908,2.64757749539621,99.0936697698189,2.7848553156621,0.92410384105199,index,0.4,1
2022,24.1460340238556,4.15537458160042,140.307678076194,3.1841201439979,0.897831583449815,index,0.4,1
2023,25.7051296380419,3.74114949758368,176.617825653668,3.24669056879535,0.983333197701145,index,0.4,1
2024,52.7140551509479,8.40440536890572,330.632744196034,3.96488212114539,0.936816246918385,index,0.4,1
2025,14.6876904711149,2.6227759822167,82.2518784821836,2.68700976006641,0.87898373725052,index,0.4,1
2003,17816.890669649,6308.12420213699,50322.6605821564,9.7879022003711,0.529759001211159,index,0.4,1
2004,7130.98039660326,2090.92643924705,24319.7849825131,8.87220400698558,0.625951036627741,index,0.4,1
2005,4420.91527032292,1237.01320969827,15799.7438298509,8.39410202836842,0.64983182714631,index,0.4,1
2006,13326.1687164018,3773.56284590349,47060.7698638939,9.49748495373585,0.643741455232172,index,0.4,1
2007,4796.35614052869,1322.28802099953,17397.898083806,8.47561177121543,0.65740642025696,index,0.4,1
2008,3580.86799222141,1063.36330953109,12058.546183402,8.18336050593483,0.619485060958782,index,0.4,1
2009,7187.79233260515,2957.00816517687,17471.8349530047,8.88013935664096,0.453174692236203,index,0.4,1
2010,4863.22966384256,1379.29434621782,17147.1758933341,8.48945803607098,0.642935656961295,index,0.4,1
2011,7198.32572087525,1914.96837549095,27058.354512267,8.88160373919549,0.675597797850241,index,0.4,1
2012,19422.0912532567,7160.75618272991,52678.4628639628,9.87416642159124,0.509088719471626,index,0.4,1
2013,9437.10582424892,3146.80053777712,28301.433557331,9.15240462571801,0.560348619173309,index,0.4,1
2014,3411.48665603244,1257.86206969718,9252.39856154435,8.13490344478145,0.509057647963081,index,0.4,1
2015,8790.98493725714,2935.64043473651,26325.2322228005,9.08148203642202,0.559602691973739,index,0.4,1
2016,21011.5622823667,6251.78778244711,70617.5201252537,9.95282815006392,0.618483509190366,index,0.4,1
2017,5145.9256771786,1364.4076342846,19408.0936002169,8.54596054990385,0.677300661901986,index,0.4,1
2018,5162.72836326362,1413.61207840638,18855.0766932428,8.54922047130569,0.660888167396906,index,0.4,1
2019,3646.56494467537,410.519796241725,32391.7044134589,8.20154089240565,1.11436575222718,index,0.4,1
2021,6669.09766202327,3405.89606151795,13058.7847727161,8.80523984670311,0.342851454177769,index,0.4,1
2022,8873.51553273308,2512.28693316711,31341.6739426306,9.09082633643605,0.643826927605689,index,0.4,1
2023,12051.2197428622,3345.90424454993,43405.8737715874,9.3969211572701,0.653802265821017,index,0.4,1
2024,29580.1724443209,8831.4735501442,99075.9465980029,10.2948595660085,0.616737050219838,index,0.4,1
2025,6688.06437434888,2294.49615614782,19494.5652689745,8.80807978006942,0.545832081569138,index,0.4,1
2003,8.77614181214413,0.368305019392433,209.121953412202,2.17203688192899,1.61782600803961,index,0.4,1
2004,2.43266396095565,0.102359063208618,57.8146552090968,0.888986937104768,1.61648651799538,index,0.4,1
2005,2.20415769032675,0.0949560932294453,51.1637637838286,0.790345436066465,1.60446116950189,index,0.4,1
2006,4.54373026198662,0.185576284195004,111.250663215127,1.51374831829832,1.63168180101281,index,0.4,1
2007,2.12108488919863,0.0917204123017468,49.0512525432801,0.751927697977597,1.60254884708781,index,0.4,1
2008,1.72527323784785,0.0720782409528604,41.2963427781304,0.545385436691941,1.6201259471161,index,0.4,1
2009,1.9533817480807,0.0885318101060866,43.0997654872582,0.669562100320494,1.57857770859477,index,0.4,1
2010,2.22960458868319,0.0980752074396578,50.6869855456153,0.801824255258113,1.59382771911875,index,0.4,1
2011,3.41813937700643,0.149235328607781,78.2902876258534,1.22909636121909,1.59764527218115,index,0.4,1
2012,10.6030473109091,0.485483035482293,231.572689590876,2.36114144196418,1.57337196015521,index,0.4,1
2013,2.94373641929176,0.127740179202392,67.8375759324315,1.07967966536788,1.60076237017465,index,0.4,1
2014,1.95305473475798,0.0866461250822888,44.0230049911404,0.669394677491572,1.58947699298256,index,0.4,1
2015,2.974738440163,0.137658636069852,64.2826998728446,1.09015611585953,1.56795453902406,index,0.4,1
2016,10.69835827433,0.478589791263551,239.150253213189,2.37009029739031,1.58523409412007,index,0.4,1
2017,2.08940341099684,0.0868193041237174,50.2838240636468,0.736878575944512,1.62288944355006,index,0.4,1
2018,2.10089677177639,0.0885607301045809,49.8388759944534,0.742364287755466,1.6155557240682,index,0.4,1
2019,1.42758035848908,0.0366188241547988,55.6540447975239,0.355980954125859,1.86900056972667,index,0.4,1
2021,3.9075945828106,0.180963245193754,84.3778824106643,1.36292198847432,1.56757131573519,index,0.4,1
2022,5.44010318396966,0.342835774462883,86.3233211254062,1.69379802832945,1.41038396024663,index,0.4,1
2023,6.05452368968819,0.257746671847133,142.222038586541,1.80080570994527,1.61053152167167,index,0.4,1
2024,12.5821524437076,0.5686181374414,278.412786530244,2.53227933708999,1.58004205351308,index,0.4,1
2025,3.53194463404037,0.153881036837303,81.0667328107224,1.26184860709234,1.59871512689469,index,0.4,1
2003,4058.1744800935,955.983946104043,17227.046728136,8.3084885160345,0.737639776703127,index,0.4,2
2004,12045.8261193138,3000.05956040853,48366.348725751,9.39647349877541,0.709240623204075,index,0.4,2
2005,13044.5121570249,3810.09117277538,44660.1642056829,9.47612279993977,0.627927049655376,index,0.4,2
2006,11231.022276348,2543.09475358536,49599.3557432313,9.32643507443075,0.757819052220344,index,0.4,2
2007,3389.52069709646,841.715812674282,13649.322470898,8.12844380309119,0.71072803962021,index,0.4,2
2008,4300.60713724643,1216.97602766271,15197.6878167899,8.36651148642309,0.644086881943421,index,0.4,2
2009,5623.61447932576,1682.66558597999,18794.6078386478,8.63472988194562,0.615621214551286,index,0.4,2
2010,12853.5521404382,3958.21060876128,41739.5179178366,9.46137548328582,0.600943770867573,index,0.4,2
2011,7000.84202685939,2312.74724071486,21192.0214289787,8.85378571035458,0.565109532887254,index,0.4,2
2012,13696.7433897195,4640.46016220395,40427.1931934282,9.52491337477941,0.552226760351226,index,0.4,2
2013,8709.91287464817,1814.70981595667,41804.2497025725,9.07221706688586,0.800288284048719,index,0.4,2
2014,4831.71174121661,1794.28316582172,13011.0111909337,8.48295608162998,0.505415007010377,index,0.4,2
2015,9128.54419569581,3194.97366528066,26081.6920146513,9.11916150804875,0.535636058637128,index,0.4,2
2016,8963.52931655186,2251.29774131815,35688.2416457462,9.10091932534853,0.704940107777171,index,0.4,2
2017,15187.6345138969,4413.57850853854,52262.4083114114,9.62823685692578,0.63051962898272,index,0.4,2
2018,5482.37418438915,1240.08106839459,24237.4691975322,8.60929353144489,0.758361637749213,index,0.4,2
2019,11655.0846811127,2475.83948193897,54866.6421691937,9.3634978170902,0.790403817210571,index,0.4,2
2021,3321.97666173078,1218.48979882243,9056.7265739515,8.10831526478155,0.511717445614689,index,0.4,2
2022,15510.5968874093,4009.11748404163,60007.8737431212,9.6492787394668,0.690294481353534,index,0.4,2
2023,33825.7669211769,8794.03177471385,130108.980399154,10.4289781259875,0.687333835546417,index,0.4,2
2024,18541.4220788908,4691.22025743044,73282.4966303936,9.8277625394626,0.701193766764786,index,0.4,2
2025,61757.0295468673,15503.8944823796,245998.236300385,11.0309630868267,0.705174467211328,index,0.4,2
2003,3432.11346666317,720.08004240072,16358.4631630375,8.14093152144338,0.796733592009171,index,0.4,2
2004,10198.8870693579,2142.37696797811,48552.2851525435,9.23003388247207,0.796118025877634,index,0.4,2
2005,11075.9190776088,2847.91714409989,43075.6855647605,9.31252857816167,0.692964467422743,index,0.4,2
2006,9546.61030701767,1842.56425079096,49462.4642342503,9.16394142879453,0.839315388847178,index,0.4,2
2007,2687.09452688436,513.794600123979,14053.2364385877,7.89621578733589,0.844093169797868,index,0.4,2
2008,3301.10986207602,792.133353358854,13756.9340759205,8.10201401275228,0.728219636134412,index,0.4,2
2009,4957.63659176663,1375.11280649699,17873.5595071902,8.50868441256439,0.654294351761325,index,0.4,2
2010,10977.121268202,3024.54902819105,39839.7216291388,9.30356850110758,0.657691280816386,index,0.4,2
2011,5205.71772119357,1380.04539786452,19636.6706737928,8.55751286226224,0.677380399905855,index,0.4,2
2012,11821.333455872,3631.62248077359,38479.7498679299,9.37766109812267,0.602167343702051,index,0.4,2
2013,7017.68793774306,1199.35469331305,41062.0346642443,8.85618908917319,0.901368682050823,index,0.4,2
2014,3495.46281474534,1102.93685994212,11077.9326841145,8.15922106785951,0.588525760307781,index,0.4,2
2015,8003.24408364549,2561.69259878705,25003.7478707378,8.98760224892052,0.581224332441273,index,0.4,2
2016,6859.21204296474,1194.58821635404,39384.9438712433,8.83334785158114,0.891746506166095,index,0.4,2
2017,13062.420183769,3315.4681532981,51463.8697064853,9.47749469835502,0.699574376777875,index,0.4,2
2018,4256.36408375121,696.676971265425,26004.3549028766,8.35617057335681,0.923409174944653,index,0.4,2
2019,10254.8702749062,2002.6570299845,52511.4199688844,9.23550802049046,0.833320377585734,index,0.4,2
2021,2677.2207400017,871.777738587261,8221.71818967342,7.89253449809686,0.572459495413429,index,0.4,2
2022,12879.284610858,2689.14509485412,61683.5337018072,9.46337545548055,0.799196747673159,index,0.4,2
2023,27647.7574926158,5852.39199019294,130613.003307267,10.2272999003202,0.792205453110825,index,0.4,2
2024,14242.9097550051,2665.36993081748,76109.6896696063,9.56401450081994,0.85507508110324,index,0.4,2
2025,55609.8256304843,12708.1945808829,243343.197727306,10.9261151845983,0.753132654112666,index,0.4,2
2003,606.382763910356,157.467106916173,2335.09120456063,6.40751141029352,0.687918160461541,index,0.4,2
2004,1796.48260383755,679.923446683781,4746.63693630782,7.49358592314323,0.495726307922295,index,0.4,2
2005,1912.46023600939,692.024501191601,5285.22349717274,7.55614577385546,0.518644434559286,index,0.4,2
2006,1645.32947935304,538.282965530561,5029.1561668868,7.40569593454385,0.570067390639617,index,0.4,2
2007,683.385158749624,260.540302339807,1792.48765356136,6.5270586226611,0.491999378337236,index,0.4,2
2008,981.648917505945,309.722303495741,3111.28577556199,6.88923372661502,0.58856062400852,index,0.4,2
2009,649.967230427256,215.325427134492,1961.94850859584,6.47692194689152,0.563669259873685,index,0.4,2
2010,1825.06149918504,657.479453994115,5066.08907027133,7.5093689636324,0.520905208871211,index,0.4,2
2011,1747.00865172669,634.253946897314,4812.01456315421,7.46566026245533,0.51695380581027806,index,0.4,2
2012,1811.88058358572,738.748239080136,4443.88368798372,7.50212058133283,0.457744837833727,index,0.4,2
2013,1648.10823294238,461.495198391775,5885.7833341671,7.407383383642,0.649456696217533,index,0.4,2
2014,1305.58877849383,489.613448729029,3481.44452108865,7.17440938926928,0.50041388381394,index,0.4,2
2015,1079.50136971711,425.309646481004,2739.94069230022,6.98425451879807,0.475231709639022,index,0.4,2
2016,2059.56001566739,887.916964608719,4777.2343892597,7.6302476543437,0.429278002393838,index,0.4,2
2017,2046.24996992863,842.157184462508,4971.92093908844,7.6237641139895,0.452966199526274,index,0.4,2
2018,1201.98772639565,388.8540043994,3715.46770268522,7.09173190405771,0.575790141969255,index,0.4,2
2019,1360.87132911383,328.527786901752,5637.18153605644,7.21588045675219,0.725145485527073,index,0.4,2
2021,625.244654555269,223.683405030771,1747.69727774915,6.43814302042933,0.524454197541757,index,0.4,2
2022,2540.58226151657,1031.54048548242,6257.20300693199,7.84014857055939,0.459875792000918,index,0.4,2
2023,6018.01777209469,2291.09506642828,15807.5229770835,8.70251321034194,0.492727438240253,index,0.4,2
2024,4204.16109465306,1485.17021446924,11900.9729239089,8.34383005063781,0.530900257167554,index,0.4,2
2025,5982.54314811097,2102.92138172875,17019.5723102054,8.69660103214448,0.533437476022002,index,0.4,2
2003,19.6782495199695,3.50795251956518,110.387327653505,2.97951394051205,0.87985361700409,index,0.4,2
2004,50.4564461183497,9.52523618701655,267.274522637462,3.92111051105267,0.850610422926421,index,0.4,2
2005,56.1328434067625,13.8586941606611,227.358802525,4.027721085194,0.713690824579953,index,0.4,2
2006,39.0824899773087,8.15410677813029,187.321685181154,3.66567454001971,0.799582468293245,index,0.4,2
2007,19.0410114624753,4.53435293666314,79.9585128415096,2.94659515098141,0.732111799510461,index,0.4,2
2008,17.8483576644549,3.41626877955801,93.2490655373787,2.88191149639913,0.843567817607479,index,0.4,2
2009,16.0106571318785,2.97004139003992,86.3089459474252,2.77325457125552,0.859545734404394,index,0.4,2
2010,51.3693730510942,10.3389895022215,255.229245285093,3.93904213983188,0.817933398383994,index,0.4,2
2011,48.1156539391277,10.3646491885024,223.366571495547,3.87360756988565,0.783283102372817,index,0.4,2
2012,63.5293502618101,13.6442674134087,295.800296373658,4.15150200796044,0.784801433285554,index,0.4,2
2013,44.1167039627231,7.30575329991536,266.404228097477,3.78683848540071,0.917453758620127,index,0.4,2
2014,30.660147977428,6.74899703338602,139.286573893507,3.42296369983215,0.772243676706975,index,0.4,2
2015,45.7987423332125,10.6583715318929,196.795992054472,3.82425663076958,0.743845805108734,index,0.4,2
2016,44.7572579197491,9.1610479775467,218.66626410043,3.80125361972061,0.809348055404093,index,0.4,2
2017,78.9643601992719,19.2616192989817,323.719936776552,4.36899661395616,0.719851051599571,index,0.4,2
2018,24.0223742422967,4.33655291636142,133.072160161982,3.17898565615909,0.873437418260585,index,0.4,2
2019,39.3430770926672,5.30354727957774,291.857059723015,3.67232002781428,1.02243926363421,index,0.4,2
2021,19.5112671738153,4.89417860085677,77.7841549675691,2.97099210249077,0.705597477914846,index,0.4,2
2022,90.7300150347244,23.6563595521401,347.9798153244,4.50788822888994,0.685857626907586,index,0.4,2
2023,159.991656466375,38.8637312167168,658.643144584227,5.07512166678896,0.721982761780959,index,0.4,2
2024,94.3512292326841,20.8039770705629,427.90637710877,4.54702430016301,0.771381585755219,index,0.4,2
2025,164.660768272116,33.2870138027711,814.526913366626,5.10388740766843,0.815688489811888,index,0.4,2
2003,4053.26058575123,954.334634030699,17215.0530748483,8.30727691909672,0.737902610015983,index,0.4,2
2004,12033.1525456157,2995.38542013378,48339.9429044396,9.39542083162995,0.709499078794866,index,0.4,2
2005,13031.7897917483,3804.88064135331,44634.1321014244,9.47514701999129,0.628127419071804,index,0.4,2
2006,11220.5234263951,2539.5010800543,49576.7247161751,9.32549982918241,0.758063375326728,index,0.4,2
2007,3385.0065846426,839.974810791356,13641.2061776932,8.12711113058602,0.711104508728256,index,0.4,2
2008,4295.69106136795,1215.31577393643,15183.6766134838,8.36536772051343,0.64419984868155,index,0.4,2
2009,5619.61400242787,1681.06519809548,18785.7446409938,8.63401825768695,0.615743630620842,index,0.4,2
2010,12840.6431285396,3952.79074782097,41712.8369482765,9.46037066388209,0.601130197448183,index,0.4,2
2011,6988.90289181266,2307.38134150593,21168.9167943554,8.8520788689483,0.56542382186659,index,0.4,2
2012,13683.901707594,4634.33790896471,40404.7287058799,9.5239753630546,0.552421753542827,index,0.4,2
2013,8698.86737662268,1811.37151774984,41775.1371789654,9.07094810957257,0.800580286178706,index,0.4,2
2014,4823.75519901871,1790.49298769404,12995.64666267,8.4813079906473,0.505653024968442,index,0.4,2
2015,9116.27813346581,3188.93251360214,26060.92372674,9.11781690037247,0.535915661775479,index,0.4,2
2016,8952.26699252368,2247.02803937527,35666.2591214086,9.09966207444912,0.705267206266219,index,0.4,2
2017,15166.0675420944,4403.15180755973,52237.4914025151,9.62681581277163,0.63100135469592,index,0.4,2
2018,5476.47706084681,1238.06127225434,24224.8115421382,8.60821730110293,0.758644224014355,index,0.4,2
2019,11645.2551244373,2473.19219450676,54832.7652070242,9.36265409057458,0.790519173386074,index,0.4,2
2021,3316.96845770465,1216.05109473233,9047.54725937669,8.10680652961774,0.51196984087211,index,0.4,2
2022,15487.1422706486,3999.53331669311,59969.8906645503,9.64776542773027,0.690743542197917,index,0.4,2
2023,33781.0245539833,8776.03035101703,130031.184291037,10.4276545200967,0.687703993730635,index,0.4,2
2024,18517.4206547263,4682.12877792272,73234.8220153429,9.82646722499782,0.701522621474064,index,0.4,2
2025,61718.90140949,15488.8479453949,245933.254986009,11.0303455067317,0.705354772372468,index,0.4,2
2003,4.91389434226863,0.525962115288881,45.9089293792909,1.592066772498,1.1401193507269,index,0.4,2
2004,12.6735736980728,1.43000137618433,112.321199794271,2.53951901439376,1.11320596958202,index,0.4,2
2005,12.7223652765793,1.52022209146215,106.470350049338,2.54336149004214,1.08395106737224,index,0.4,2
2006,10.4988499529113,1.17493545216083,93.8143879572517,2.35126572287065,1.11739426254234,index,0.4,2
2007,4.51411245386106,0.544092372192813,37.4517495328574,1.50720859032719,1.07953250760349,index,0.4,2
2008,4.9160758784839,0.507294180880962,47.6406056955781,1.59251062658953,1.15878396222811,index,0.4,2
2009,4.00047689788925,0.442864445187925,36.1370518325411,1.38641357848553,1.12293141323622,index,0.4,2
2010,12.9090118985389,1.52449488491372,109.31003432396,2.55792566424844,1.08994989138244,index,0.4,2
2011,11.9391350467356,1.4948939944396,95.3532131337683,2.4798216636935,1.0601043603267,index,0.4,2
2012,12.8416821255588,1.99991126465075,82.4580583792531,2.55269629634465,0.948789620172536,index,0.4,2
2013,11.0454980254858,1.12783434640648,108.174597643474,2.40202292643822,1.16416610619753,index,0.4,2
2014,7.95654219789463,1.11650818868737,56.7004921130984,2.07399450822906,1.00195125890091,index,0.4,2
2015,12.2660622300011,1.60151557158087,93.9461877861996,2.50683628056457,1.0387363663215,index,0.4,2
2016,11.2623240281796,1.3550210686452,93.6073581811765,2.42146299823344,1.08045148375722,index,0.4,2
2017,21.566971802456,3.90910585073484,118.987382406259,3.07116306122966,0.871370295338131,index,0.4,2
2018,5.89712354234591,0.757901943812793,45.8846508543595,1.77446469683214,1.04678758204114,index,0.4,2
2019,9.82955667534419,0.846893007317931,114.08782880354,2.28539383399093,1.2508264260033,index,0.4,2
2021,5.00820402613023,0.645150208708751,38.8779345162859,1.61107737300992,1.04560568293858,index,0.4,2
2022,23.454616760628902,2.98806194143988,184.105637088261,3.15506735230048,1.05126541682928,index,0.4,2
2023,44.7423671935672,5.51838388835058,362.765523853824,3.80092086466604,1.06779299905571,index,0.4,2
2024,24.0014241645189,2.88579257885133,199.622234164332,3.17811316877567,1.08079209578122,index,0.4,2
2025,38.1281373773581,5.47927990898613,265.318597336578,3.64095252340692,0.98980330753686,index,0.4,2
2003,7307.76780940814,2565.49394087094,20816.0578769842,8.89669314488151,0.534084730399319,index,0.4,3
2004,5880.31109490944,1520.8383551632,22736.1826163336,8.67936494679065,0.689986115161042,index,0.4,3
2005,10783.5644237697,3201.06129792671,36327.0961905376,9.28577844136544,0.619675035633934,index,0.4,3
2006,5753.46959155598,1058.13456233731,31283.7454887019,8.65755835904158,0.863942185924445,index,0.4,3
2007,4735.01214549122,1248.41366451616,17959.0632938472,8.46273957066255,0.680170975190316,index,0.4,3
2008,6617.56355861667,2032.07909548775,21550.4148187795,8.79748253868175,0.602392602674914,index,0.4,3
2009,2890.63621278517,898.942498024551,9295.11924625547,7.96923189971084,0.595935863439794,index,0.4,3
2010,10021.7252606774,4435.90178739778,22641.3888345839,9.21251054152162,0.415836382518541,index,0.4,3
2011,7548.7733748751,3082.69455277476,18485.12023805,8.92914036213993,0.45693748502623,index,0.4,3
2012,9086.97992804884,3288.00182591558,25113.4909846861,9.11459789082847,0.51866390777787,index,0.4,3
2013,6436.40631833369,2687.43039624746,15415.2183262242,8.76972563824098,0.445612711305061,index,0.4,3
2014,3250.63356947683,1137.85904465894,9286.40384115142,8.08660520077899,0.535571808656977,index,0.4,3
2015,7410.82013888005,2848.04575830497,19283.4876232874,8.91069639217636,0.487921237582032,index,0.4,3
2016,27437.0179698116,7485.19461920044,100570.525333405,10.2196484013648,0.662749986155848,index,0.4,3
2017,17940.9996477762,5321.98299194097,60481.1155633013,9.79484385578704,0.620033127977016,index,0.4,3
2018,12893.7942322641,3812.08180515314,43611.3226844274,9.46450140733344,0.621731160622223,index,0.4,3
2019,19027.2685134557,2891.6516789565,125200.745898203,9.85362841417374,0.961265255877727,index,0.4,3
2021,5988.73844894434,2757.99007426604,13004.0309225583,8.69763605940304,0.395608595903125,index,0.4,3
2022,8866.14680181399,2515.60384724208,31248.3856301528,9.08999557300843,0.642729882244347,index,0.4,3
2023,30322.4452784538,9755.34539111866,94250.9619907356,10.3196434855299,0.578619217226427,index,0.4,3
2024,16707.6757363426,6786.10275206914,41135.0135282964,9.72362351774036,0.459697952536417,index,0.4,3
2025,36742.4269236227,12572.7484505198,107375.56243575,10.5116874133001,0.547153158161526,index,0.4,3
2003,5478.02816166226,1602.93438162845,18721.1609432686,8.6085004906755,0.627006048747263,index,0.4,3
2004,4363.85020866326,860.853795813403,22121.2809146724,8.38111002204289,0.828171003271082,index,0.4,3
2005,8380.60214713629,2265.04793769929,31007.9496242035,9.03367504616152,0.667524431183991,index,0.4,3
2006,4684.51541029602,764.642624450642,28699.2693417623,8.45201775502102,0.924817599825849,index,0.4,3
2007,3566.09517436628,742.816480633355,17120.0224068742,8.17922648745736,0.800411376650069,index,0.4,3
2008,4993.45888424582,1358.7159010285,18351.6153816842,8.51588411179444,0.664088105587595,index,0.4,3
2009,2120.74850789098,546.96612043037,8222.76566267574,7.65952437511149,0.691409394434203,index,0.4,3
2010,8188.88925192707,3399.53369408805,19725.6192215255,9.01053354517423,0.448549054833613,index,0.4,3
2011,6059.46999015959,2279.29628316824,16108.9968130899,8.70937761486877,0.498864058731407,index,0.4,3
2012,7149.89281398694,2351.07491529868,21743.6573028162,8.87485264452491,0.567472024983525,index,0.4,3
2013,4041.31489188362,1348.16799771565,12114.3849157032,8.30432538628991,0.560124310373556,index,0.4,3
2014,2317.31271927811,676.19133487269,7941.44787427529,7.7481634826441,0.628423489723395,index,0.4,3
2015,6316.52940609588,2226.82943377242,17917.197937555,8.7509251917007,0.531944018223782,index,0.4,3
2016,20036.4938315557,3848.63886822822,104312.485220726,9.90531058138657,0.841768405107764,index,0.4,3
2017,14315.9230224685,3536.9457378597,57944.2454520835,9.56912769484355,0.713333948007804,index,0.4,3
2018,8814.41792830073,1786.50019768266,43489.4793269708,9.08414406069496,0.814367144074059,index,0.4,3
2019,15179.4542177258,2044.85329600441,112680.861164104,9.62769809626675,1.02278245114219,index,0.4,3
2021,3949.32817828455,1510.47920567356,10325.9899250564,8.28130076198273,0.490375606567574,index,0.4,3
2022,7109.68306187102,1694.03743719239,29838.533748127,8.86921294541428,0.731821085429606,index,0.4,3
2023,24104.6851822003,6665.30429319662,87173.1915264636,10.0901615064848,0.655874612829934,index,0.4,3
2024,9461.25539750742,2951.49491944206,30328.8184937093,9.15496035910887,0.594344230284795,index,0.4,3
2025,31694.537283957,9849.47140361329,101989.604566558,10.3638996195884,0.596300014025171,index,0.4,3
2003,1777.18925650953,708.139572862092,4460.14002675708,7.48278832586541,0.469471440316114,index,0.4,3
2004,1477.55729631237,482.381113126927,4525.83134885605,7.29814552775839,0.571138573889323,index,0.4,3
2005,2349.36519487451,569.259829735329,9695.95346549215,7.76190044080593,0.723259957490112,index,0.4,3
2006,1045.45943589848,192.385979500869,5681.21146325126,6.95221171935796,0.863642428509193,index,0.4,3
2007,1139.08372220596,351.077730451941,3695.79615467007,7.03797946575544,0.600506857172746,index,0.4,3
2008,1575.92511027457,424.774093555076,5846.73121754756,7.36259775042746,0.668910386997185,index,0.4,3
2009,752.290993934544,244.854401076398,2311.33987000888,6.62312320911946,0.572693919584498,index,0.4,3
2010,1780.30894493162,578.006288983396,5483.50424521865,7.48454219279387,0.573968426185427,index,0.4,3
2011,1452.82601241159,443.020268739089,4764.34955977789,7.28126591270573,0.605955211276281,index,0.4,3
2012,1892.5225908194,556.639768768622,6434.39789558146,7.54566592226514,0.624372506801129,index,0.4,3
2013,2342.25601243783,934.328264100562,5871.772736194,7.75886985177766,0.468907603431882,index,0.4,3
2014,912.700617497173,324.272317271892,2568.89772209959,6.81640791608355,0.527981267031832,index,0.4,3
2015,1055.39923773979,377.053996191879,2954.1327297189,6.96167439872362,0.525155565957942,index,0.4,3
2016,7245.89200599752,2992.0512235682,17547.4773122252,8.88818996739661,0.451271306640777,index,0.4,3
2017,3522.4834324626,1226.25352947468,10118.5352243503,8.16692154041546,0.538378592462165,index,0.4,3
2018,4019.67747106563,1447.21393299441,11164.7674217458,8.29895694731618,0.52121436607335,index,0.4,3
2019,3765.4893320856,611.063564303883,23203.6579143823,8.23363310047023,0.927788534800997,index,0.4,3
2021,1996.43701134915,844.261447017257,4721.00290066099,7.59911937646846,0.439118864062318,index,0.4,3
2022,1677.50283288008,555.793224981701,5063.06235455343,7.42506155759558,0.56361506575856,index,0.4,3
2023,6021.4401924134,1918.51374614395,18898.8700569316,8.70308174431099,0.583569738333942,index,0.4,3
2024,7150.26914694259,2523.60940645588,20259.2163204528,8.87490527790861,0.53136681400172,index,0.4,3
2025,4899.81837416663,1813.86846858498,13235.9211903331,8.49695341691513,0.507017631832267,index,0.4,3
2003,52.550391236344,12.2788202711041,224.903008442236,3.96177254232558,0.741797657925349,index,0.4,3
2004,38.9035899338033,8.3995995021936,180.185889737037,3.66108653258231,0.782107486806552,index,0.4,3
2005,53.5970817588671,11.5992317022236,247.658400729766,3.98149462179733,0.780910144532372,index,0.4,3
2006,23.4947453614906,3.99544606351176,138.158055653017,3.15677679450884,0.90390516359009,index,0.4,3
2007,29.8332489189994,8.19427684099931,108.615166210864,3.39562350707795,0.659291473158589,index,0.4,3
2008,48.1795640962814,11.9371855511336,194.457092634138,3.87493494974607,0.711888890080746,index,0.4,3
2009,17.5967109596394,4.08391232384513,75.8204907556768,2.86771200728715,0.745246640725563,index,0.4,3
2010,52.5270638187028,13.7103284961844,201.241891044547,3.96132853808105,0.685308043950968,index,0.4,3
2011,36.4773723039239,8.65967630560803,153.654552807866,3.59669213146933,0.733694495940613,index,0.4,3
2012,44.5645232425033,10.054552943429,197.522131814874,3.79693809950018,0.759663213267829,index,0.4,3
2013,52.8354140122324,12.7697118559923,218.609550890847,3.96718168580878,0.724556977248464,index,0.4,3
2014,20.6202327015581,4.80523863067851,88.4855111985076,3.02627276376074,0.743159604497046,index,0.4,3
2015,38.8914950443862,9.87297086214017,153.200936973052,3.66077559032888,0.69948978337616,index,0.4,3
2016,154.632132258481,32.5144660438528,735.398708210522,5.04104895581528,0.795608423812718,index,0.4,3
2017,102.59319284514,25.0569075627754,420.058348852143,4.63077158399705,0.719208135755768,index,0.4,3
2018,59.6988328978113,13.5838749542867,262.366273346481,4.08931247075707,0.755334821596452,index,0.4,3
2019,82.3249636443712,9.80357052672583,691.319516758812,4.41067438665129,1.08569736212159,index,0.4,3
2021,42.973259310648,11.5241101294433,160.246734458221,3.76057804575161,0.67151064122976,index,0.4,3
2022,78.9609070628777,24.5271630692515,254.200815095844,4.36895288268434,0.596527125907461,index,0.4,3
2023,196.319903839993,61.2877241901619,628.861736228917,5.2797454911499,0.593973121625746,index,0.4,3
2024,96.1511918926136,23.576829865121,392.12446097544,4.56592186813699,0.717185333422574,index,0.4,3
2025,148.07126549915,37.5711092747223,583.562745145533,4.99769368151171,0.699736478646895,index,0.4,3
2003,7288.0519766412,2557.00492393206,20772.6239074051,8.89399157072572,0.534397406294475,index,0.4,3
2004,5865.59963714517,1515.60783820279,22700.6341852093,8.67685999578388,0.690465822660185,index,0.4,3
2005,10763.6041520814,3193.92407020288,36273.615714147,9.28392573600162,0.619868624999062,index,0.4,3
2006,5744.75018236526,1055.98669478408,31252.4341649341,8.65604170497973,0.864205084271829,index,0.4,3
2007,4723.86202866653,1244.1969299627,17935.161169821,8.46038197042726,0.680694347626704,index,0.4,3
2008,6600.71987439546,2025.76889075024,21507.6374502441,8.79493399394471,0.602679129133501,index,0.4,3
2009,2883.86488710605,896.363399993817,9278.24215841539,7.96688664817633,0.596205209021155,index,0.4,3
2010,10000.8801497835,4425.20092303963,22601.8220437397,9.21042838308145,0.416006328057581,index,0.4,3
2011,7534.89741807526,3076.02060832414,18457.1842422892,8.92730049691023,0.457104555827907,index,0.4,3
2012,9071.31024716495,3281.07667287104,25079.7764894396,9.11287199212079,0.518859070219437,index,0.4,3
2013,6416.19505696828,2678.12143190207,15371.8044740883,8.7665805507314,0.445778436823229,index,0.4,3
2014,3242.74835615803,1134.57606673866,9268.14623508865,8.08417650729228,0.535806864265734,index,0.4,3
2015,7395.88370604917,2840.62613192045,19255.9996469593,8.90867886848523,0.488222793985766,index,0.4,3
2016,27379.3540315236,7464.57808965188,100424.835560728,10.2175445058513,0.663083774085865,index,0.4,3
2017,17903.5132777091,5306.22299309931,60407.5230351154,9.79275224506763,0.620479097704452,index,0.4,3
2018,12872.4198469561,3803.35124588619,43566.6290079133,9.46284230521271,0.622054512712646,index,0.4,3
2019,18994.8761560082,2885.74416750407,125030.251900034,9.8519245457799,0.961439328114017,index,0.4,3
2021,5971.00012904965,2748.80669252912,12970.2982163171,8.69466971815973,0.395796840035013,index,0.4,3
2022,8839.35829294297,2504.66176712493,31195.5314911478,9.08696956170077,0.643410078118347,index,0.4,3
2023,30238.5018830462,9717.60635037768,94093.850189296,10.3168712881617,0.579182418777901,index,0.4,3
2024,16671.5440775471,6769.09544343316,41060.1954503733,9.72145859758291,0.459873681457702,index,0.4,3
2025,36688.0389719861,12547.4190489056,107274.029691977,10.5102060673514,0.547426282257182,index,0.4,3
2003,19.715832766937,3.02548246206108,128.480024778931,2.9814220067082,0.956319325833044,index,0.4,3
2004,14.7114577642745,2.13815312529464,101.221463977332,2.68862662992585,0.984040632526678,index,0.4,3
2005,19.9602716882856,2.69825489693444,147.655600040908,2.99374388242823,1.02100786985657,index,0.4,3
2006,8.71940919072125,0.97417190145726,78.0438201117317,2.16555148226787,1.11824451891234,index,0.4,3
2007,11.1501168246896,1.71168281542775,72.6332613049915,2.41144997540188,0.956126235477359,index,0.4,3
2008,16.8436842212124,2.40187412249007,118.120136058501,2.8239757628675,0.993756243093103,index,0.4,3
2009,6.77132567911745,0.965151261633617,47.5063891799386,1.91269688446323,0.993981186363664,index,0.4,3
2010,20.845110893846,3.35338946692887,129.575956643856,3.03711943124406,0.932235403380968,index,0.4,3
2011,13.8759567998342,2.12399016676785,90.651162196228,2.63015761580158,0.95759981143482,index,0.4,3
2012,15.6696808838806,2.56067851631201,95.8882176886024,2.75172769137949,0.92422893321536,index,0.4,3
2013,20.2112613654095,3.16045358980268,129.252043851844,3.00623994240258,0.946713510382915,index,0.4,3
2014,7.88521331880517,1.17752287920771,52.8028713335044,2.06498927379733,0.970209815972148,index,0.4,3
2015,14.936432830881,2.45279931035183,90.956086284702,2.70380338485549,0.921738078422793,index,0.4,3
2016,57.6639382880576,8.17544294390086,406.721666545244,4.05463199178652,0.996700505284692,index,0.4,3
2017,37.4863700671172,6.41563851911317,219.03165781901,3.62397740203012,0.900648627992299,index,0.4,3
2018,21.3743853080741,3.8270169212856,119.378711067872,3.06219325689232,0.877622059626056,index,0.4,3
2019,32.3923574475787,2.78477889161365,376.785684555268,3.47792251372636,1.25193832919997,index,0.4,3
2021,17.7383198946945,2.8959863531047,108.649680738029,2.87572726522024,0.924711636198211,index,0.4,3
2022,26.7885088710131,4.3840013427963,163.691603040116,3.28797302209752,0.923492054157228,index,0.4,3
2023,83.9433954075661,14.1874595909434,496.670569342036,4.43014270749914,0.907049453204221,index,0.4,3
2024,36.1316587955127,5.76871354622528,226.306395152797,3.58716945596593,0.936099015272626,index,0.4,3
2025,54.387951636646,9.87846966483664,299.444082291369,3.99614265206465,0.870314484337436,index,0.4,3
2003,7303.92855020814,2563.94655661271,20806.7411268603,8.89616763994439,0.534124440108795,index,0.4,3
2004,5877.4213158146,1519.90584596173,22727.7771286771,8.67887339296853,0.690048253519511,index,0.4,3
2005,10779.7563934636,3199.7735557533,36316.0535824422,9.2854252461987,0.619700123738184,index,0.4,3
2006,5751.82104391951,1057.76221725599,31276.8264753295,8.65727178694184,0.863975542680985,index,0.4,3
2007,4732.84057235205,1247.67284926615,17953.2478377457,8.46228084506933,0.680239780440979,index,0.4,3
2008,6614.27098899754,2030.9205330442,21541.2567868022,8.79698486473106,0.602429656993162,index,0.4,3
2009,2889.3213938948,898.472135164272,9291.52701624061,7.96877694173276,0.595970771820303,index,0.4,3
2010,10017.5773786554,4433.86989784581,22633.0178488331,9.2120965668284,0.415858926720097,index,0.4,3
2011,7546.09037072674,3081.46362320208,18479.3613834722,8.92878487643011,0.45695988194763,index,0.4,3
2012,9083.77933690751,3286.70547356875,25105.7016532826,9.11424561152877,0.518685370402157,index,0.4,3
2013,6432.38987450635,2685.65295571554,15406.1750270441,8.76910142383933,0.445631790616875,index,0.4,3
2014,3249.09320925574,1137.25441749124,9282.53741649072,8.08613122385585,0.535601164782189,index,0.4,3
2015,7407.83822695625,2846.67230521755,19277.2687942248,8.91029393847367,0.487962007031464,index,0.4,3
2016,27425.8663041977,7481.53555066845,100537.936021506,10.2192418727648,0.662792043929922,index,0.4,3
2017,17933.4236246787,5319.16675163038,60462.0418797002,9.79442149230248,0.620087694189165,index,0.4,3
2018,12889.4399761711,3810.55944000595,43599.2839148724,9.46416364861013,0.621762627391993,index,0.4,3
2019,19021.1227703307,2890.59790195595,125165.492993396,9.85330536539448,0.961286398146881,index,0.4,3
2021,5985.11318109158,2756.18316752894,12996.8066754402,8.69703052860551,0.395634023599086,index,0.4,3
2022,8861.04389973498,2513.6394373667,31236.8185451795,9.08941985829922,0.642834721078476,index,0.4,3
2023,30305.4456403555,9748.43252454628,94212.0728792024,10.3190826994532,0.578694774008815,index,0.4,3
2024,16700.627085711,6782.94409191487,41119.4521547718,9.72320154774244,0.459720197065232,index,0.4,3
2025,36731.2710793661,12568.1039159075,107350.025440051,10.5113837442418,0.547186736341537,index,0.4,3
2003,3.83925920000155,0.140453232669356,104.94533251147,1.34527943132256,1.68786782134769,index,0.4,3
2004,2.88977909483655,0.101956265335407,81.9059347601886,1.06118006143,1.70635349255301,index,0.4,3
2005,3.80803030608475,0.130460998076668,111.152720168046,1.33711207542811,1.72135460867729,index,0.4,3
2006,1.64854763647884,0.0499589286642147,54.3988708806451,0.499894679975255,1.78393518726889,index,0.4,3
2007,2.17157313917413,0.0797591372513852,59.1246352617825,0.775451853831997,1.6858451737329,index,0.4,3
2008,3.29256961913489,0.115911021012746,93.5287654455041,1.19166829917557,1.70748073333239,index,0.4,3
2009,1.31481889036519,0.0462371518230504,37.3887371150601,0.273698930186607,1.70802658040146,index,0.4,3
2010,4.14788202200768,0.156300647350324,110.075841400275,1.42259784782386,1.67277142515443,index,0.4,3
2011,2.6830041483586,0.0985744922497879,73.0261053931517,0.986937117606509,1.68568396858375,index,0.4,3
2012,3.20059114132509,0.113695614255648,90.0983184003491,1.16333552440898,1.70287107449643,index,0.4,3
2013,4.01644382733838,0.147962102167767,109.026708743794,1.39039689105861,1.68431462085052,index,0.4,3
2014,1.5403602210947,0.0555534120741734,42.7104208750122,0.432016298874662,1.69514678146482,index,0.4,3
2015,2.98191192380131,0.113930540594362,78.0457871517241,1.09256467995776,1.66570968396538,index,0.4,3
2016,11.1516656139702,0.388541765193623,320.067640357359,2.41158886916854,1.71275773783821,index,0.4,3
2017,7.57602309747855,0.280337420134771,204.739438445055,2.02498840464874,1.68204607843431,index,0.4,3
2018,4.35425609308454,0.15366595868248,123.38156275288,1.47115377897069,1.70621906182222,index,0.4,3
2019,6.14574312505776,0.156252121680368,241.725732444504,1.8157596673675,1.87352630356251,index,0.4,3
2021,3.62526785276792,0.138258580906415,95.0578757437741,1.28792817599561,1.66664172108695,index,0.4,3
2022,5.10290207900858,0.230867810326476,112.790126917767,1.62980941299092,1.57947769414957,index,0.4,3
2023,16.9996380982761,0.652029222107074,443.212797332118,2.83319205549292,1.66373360943944,index,0.4,3
2024,7.04865063159595,0.263640065439203,188.45191698587,1.95283619873128,1.67656483447364,index,0.4,3
2025,11.155844256677,0.417987590977495,297.74295640737,2.41196350916914,1.67567724133187,index,0.4,3
2003,8204.71886742722,3411.5507138519,19732.2031357141,9.01246473936951,0.447734001536882,index,0.6,1
2004,5381.02236011871,1607.11259038318,18017.0336623359,8.5906336648643,0.616561961672189,index,0.6,1
2005,13985.6920639864,5496.0247591249,35589.2833604696,9.54579009057444,0.47654434424018,index,0.6,1
2006,2558.8445186912,807.680409425104,8106.77737682969,7.84731107569382,0.588349907142209,index,0.6,1
2007,5044.63563343977,2160.18590752525,11780.6289660154,8.52608070687715,0.432727921683168,index,0.6,1
2008,3757.67160582134,1600.43327572517,8822.67078007231,8.23155479079621,0.435480003016167,index,0.6,1
2009,1850.20990126421,608.631016579983,5624.55179818503,7.52305437177907,0.567276838026775,index,0.6,1
2010,7431.97389516622,3448.33023312779,16017.6758733262,8.91354676799642,0.391793610284178,index,0.6,1
2011,8854.51231986197,3691.89265352557,21236.3673000397,9.08868247471521,0.446328586566806,index,0.6,1
2012,6435.16562173536,2448.67808630153,16911.7193520983,8.76953285734243,0.49298316889995,index,0.6,1
2013,9990.74059746522,4169.34143432435,23940.2071665581,9.20941400277522,0.445875861376217,index,0.6,1
2014,4521.22584194423,1833.5079169777,11148.8382049419,8.41653844002709,0.460494244631697,index,0.6,1
2015,5789.1235742204,2804.25456065323,11951.1089427586,8.66373619023577,0.369824735093627,index,0.6,1
2016,7023.99772908461,2500.30198779974,19732.2340816926,8.8570878120069,0.527010200939102,index,0.6,1
2017,16283.3519577645,6699.16598950376,39579.1881251884,9.69789851257481,0.453151282946097,index,0.6,1
2018,15687.416784176,6689.03405787605,36790.8196058113,9.66061419126571,0.43490056004056,index,0.6,1
2019,22181.1905131001,7412.21967906602,66377.5810595562,10.006999934536,0.559252475003544,index,0.6,1
2021,3959.21732604471,1734.70314993737,9036.35981488737,8.28380163977599,0.421033275957917,index,0.6,1
2022,17036.0658991897,7413.82885469608,39146.7819138688,9.743087899267,0.424490249033434,index,0.6,1
2023,46174.6744447431,19047.0283981144,111938.750523892,10.7401867545768,0.451804412108987,index,0.6,1
2024,19822.2143725374,8179.08452213497,48039.6285877073,9.89455852578747,0.451652696705527,index,0.6,1
2025,33181.0329904547,15095.3079596779,72935.3089883658,10.4097336961849,0.401841288425923,index,0.6,1
2003,5772.57391553078,1985.95570138203,16779.1303638229,8.66087334591597,0.54440684391307,index,0.6,1
2004,4092.21768307398,1013.69685700465,16519.9738461718,8.31684232288875,0.711994277461652,index,0.6,1
2005,10977.8195467585,3977.49883788152,30298.5687521606,9.30363211125916,0.5179807645591,index,0.6,1
2006,1930.39140569707,492.50017203072,7566.31406609268,7.56547806221692,0.696943037259148,index,0.6,1
2007,3857.00371368589,1476.07443506628,10078.4061385893,8.25764592105088,0.490062314653053,index,0.6,1
2008,2957.49755214917,1165.17627604779,7506.83990978341,7.99209876817652,0.47524909184963,index,0.6,1
2009,1296.76054325135,333.151774934004,5047.5129747295,7.1676245437181,0.693393545856615,index,0.6,1
2010,6230.79495503482,2760.57090497669,14063.3249816908,8.73725920477035,0.415347641202393,index,0.6,1
2011,6717.43103068642,2403.40821629515,18774.9543943838,8.81246107332662,0.524406561727299,index,0.6,1
2012,4574.46053786039,1452.36382671355,14408.0214802604,8.4282440555353,0.585366022654293,index,0.6,1
2013,7104.3858537578,2561.33804982823,19705.4419905481,8.86846759819669,0.520510851017352,index,0.6,1
2014,3168.97484273966,1054.26209449598,9525.52653305616,8.06116342111086,0.561524122432021,index,0.6,1
2015,4734.60108751394,2133.17112697021,10508.5087522851,8.46265275445002,0.40678697016003,index,0.6,1
2016,5119.0961939163,1439.86717975404,18199.6966185761,8.54073317782552,0.647168537685699,index,0.6,1
2017,12568.9759699435,4454.81595179881,35462.5552755388,9.43898683207191,0.529216768231251,index,0.6,1
2018,11323.6560509289,4098.68153170066,31284.4960917308,9.33464927230962,0.518493532016028,index,0.6,1
2019,18650.6852697806,6002.43812597073,57951.1281469741,9.8336381680849,0.578437745299622,index,0.6,1
2021,3142.79017489683,1244.29425972568,7937.93751455993,8.05286627507075,0.472734445053153,index,0.6,1
2022,13734.2424667427,5405.87260337426,34893.4260895343,9.52764744351311,0.475726232773981,index,0.6,1
2023,29894.5217637654,9513.21187029036,93941.1887035966,10.305430523989,0.584191188411283,index,0.6,1
2024,13046.3199035122,4189.0362313149,40631.4134388264,9.47626137325057,0.579620550247732,index,0.6,1
2025,27067.3418576313,11600.0539505535,63158.4127419444,10.2060831826495,0.432313124802102,index,0.6,1
2003,2383.40071490266,970.183906865724,5855.17748500925,7.77628361860743,0.458578819541316,index,0.6,1
2004,1259.65074412175,428.975871945807,3698.85604514121,7.13858977431709,0.549596374228321,index,0.6,1
2005,2927.18238449412,969.943973231273,8833.90891491178,7.98179559581798,0.56355999102876,index,0.6,1
2006,615.145726727664,237.229448223792,1595.09819689137,6.42185919376607,0.486147394810696,index,0.6,1
2007,1157.76902356218,436.51809943744,3070.72974441975,7.05425017671987,0.497672582289353,index,0.6,1
2008,782.792798943029,271.975358133835,2253.01501680725,6.6628680363777,0.539375507723918,index,0.6,1
2009,543.178205928271,206.286929557554,1430.25330799322,6.29743745380533,0.493973052492314,index,0.6,1
2010,1171.81930052325,384.238600140342,3573.71818598457,7.06631277780902,0.568913037405439,index,0.6,1
2011,2090.35475663054,872.842363429093,5006.15367865664,7.64508907056926,0.445586810131544,index,0.6,1
2012,1824.69699308964,694.59130217347,4793.49382316171,7.50916922104813,0.49278742390181,index,0.6,1
2013,2815.8739568333,1068.72344224239,7419.26847242648,7.94302795662893,0.494298769616375,index,0.6,1
2014,1323.13087907336,574.659478401858,3046.45688265008,7.18775608520348,0.42550701843807,index,0.6,1
2015,1014.63639926705,418.257308104442,2461.37246802282,6.92228559997405,0.452145444608603,index,0.6,1
2016,1870.10956773986,764.299594563633,4575.83625613316,7.53375230050642,0.45653514849421,index,0.6,1
2017,3611.152232147,1501.24793976996,8686.38690404363,8.19178217828056,0.447829747971802,index,0.6,1
2018,4305.33679362445,1646.85121741222,11255.3731087274,8.36761064693173,0.490310160761353,index,0.6,1
2019,3448.52670464029,868.432139020377,13694.0307690964,8.1457023766837,0.703590954107194,index,0.6,1
2021,795.885656738056,337.210396020933,1878.45329229424,6.67945552821212,0.438145026594138,index,0.6,1
2022,3173.30181173604,1401.83466530537,7183.33241258068,8.06252790579151,0.416839686513407,index,0.6,1
2023,15997.5560571478,6954.1052153425,36801.5426682011,9.68019124312673,0.42506077002160497,index,0.6,1
2024,6655.44795819378,2559.57043482536,17305.6333678304,8.80319104008813,0.48755809960198,index,0.6,1
2025,5955.57052997745,2190.35735830321,16193.1660160752,8.6920822840814,0.510347284524287,index,0.6,1
2003,48.7442369937797,17.3715865421969,136.77510884422,3.88658697494364,0.526413275414531,index,0.6,1
2004,29.1539329229966,7.54929689937301,112.58688275317,3.372589823867,0.689367458540564,index,0.6,1
2005,80.6901327338594,26.3956053750731,246.665966856607,4.39061629684431,0.570122090215954,index,0.6,1
2006,13.307386266465,3.94914059562174,44.8417889809317,2.58831923945414,0.619818152029365,index,0.6,1
2007,29.8628961916964,11.6876071448562,76.3024080038934,3.39661677976179,0.478624977353766,index,0.6,1
2008,17.3812547291363,5.31110996594097,56.8822746839132,2.85539231108274,0.604904719622999,index,0.6,1
2009,10.2711520845879,2.91934161740063,36.1371086261113,2.32933919725814,0.641838875518453,index,0.6,1
2010,29.3596396081341,9.45747173807825,91.143644072329,3.37962092874366,0.577977885546095,index,0.6,1
2011,46.7265325450005,16.1947830957253,134.819270549867,3.84431215205469,0.540633910197204,index,0.6,1
2012,36.0080907853323,10.5167955780277,123.286850294365,3.58374365724196,0.627955466983325,index,0.6,1
2013,70.4807868741365,22.1411498854901,224.357874098168,4.25534014606811,0.590777326652772,index,0.6,1
2014,29.1201201312081,8.98201137029915,94.408853595979,3.37142934870487,0.600115878362824,index,0.6,1
2015,39.8860874393962,14.2641933198237,111.531015848769,3.6860275773614,0.524639815841057,index,0.6,1
2016,34.7919674284536,10.0018981108909,121.025127842934,3.54938653911571,0.636038040942348,index,0.6,1
2017,103.223755674022,37.0126700521941,287.87827844964,4.63689901719741,0.523294681645834,index,0.6,1
2018,58.4239396226823,16.8014751174308,203.15815707715,4.06772573088379,0.6358581349201,index,0.6,1
2019,81.9785386791971,18.4606101020077,364.044349934336,4.40645748958427,0.760635513136388,index,0.6,1
2021,20.5414944098224,6.43470782612282,65.5745379573836,3.02244695793086,0.592225434209631,index,0.6,1
2022,128.521620710967,46.9089563426423,352.124802554141,4.85609714474212,0.514238286355127,index,0.6,1
2023,282.596623829864,88.6489929862204,900.865865588018,5.6440205233633,0.591508751939213,index,0.6,1
2024,120.446510831504,38.0568453796908,381.202430909464,4.79120576086633,0.587829570835736,index,0.6,1
2025,158.120602845844,48.1120883245185,519.664099294394,5.06335805100561,0.607064516662413,index,0.6,1
2003,8188.87259794093,3403.4992498108,19702.5559588519,9.0105315114426,0.447953200108233,index,0.6,1
2004,5371.85303249222,1603.57587059879,17995.2851198244,8.58892819920713,0.616815857387118,index,0.6,1
2005,13963.1253182767,5485.38932478495,35543.3055176161,9.54417522792711,0.476708697302872,index,0.6,1
2006,2554.80716592286,806.031188965108,8097.75073769923,7.84573202656954,0.588587136255882,index,0.6,1
2007,5034.98339336894,2155.13901913277,11763.0730762335,8.52416550690868,0.432944178110619,index,0.6,1
2008,3752.04632185408,1597.66452963223,8811.5191520083,8.23005665595984,0.435599067024057,index,0.6,1
2009,1846.82141154728,607.212810037754,5617.05759458107,7.52122128442921,0.567531837546108,index,0.6,1
2010,7422.10393565775,3443.02415389301,15999.7793711145,8.91221784524895,0.39190126585556,index,0.6,1
2011,8839.44602851273,3683.96846462562,21209.6837530693,9.08697948721023,0.446555986164117,index,0.6,1
2012,6423.84495775039,2443.38301125611,16888.7906034842,8.76777212048952,0.493189308619895,index,0.6,1
2013,9966.49481675695,4157.49821218648,23892.0172331725,9.20698422809616,0.44608750668224,index,0.6,1
2014,4511.9676670023,1828.7934191051,11131.8490188116,8.41448862715096,0.460762003647683,index,0.6,1
2015,5776.57718916404,2796.97000578724,11930.3546170772,8.66156660445199,0.370044878751314,index,0.6,1
2016,7013.04003906117,2495.37074806333,19709.5884960766,8.85552655778358,0.527220894041907,index,0.6,1
2017,16248.2877797938,6679.09278768058,39527.3526162043,9.69574281480905,0.453582501893513,index,0.6,1
2018,15669.3171062344,6679.79285666515,36756.7533670962,9.65945975470896,0.435016921160631,index,0.6,1
2019,22153.3710438545,7402.27630445614,66300.1255858616,10.0057449554895,0.559297070525513,index,0.6,1
2021,3952.65915069784,1731.23902516049,9024.46983607421,8.28214383410419,0.421207333378548,index,0.6,1
2022,16996.0918963536,7392.29805846978,39076.7711832622,9.74073870816017,0.424775547130389,index,0.6,1
2023,46079.4648199311,18999.5776579511,111756.014597655,10.7381226811515,0.452023944708761,index,0.6,1
2024,19782.3934186808,8158.9854944635,47964.6752205923,9.89254759981211,0.451882020908604,index,0.6,1
2025,33129.8601235329,15068.6611842682,72839.0942223018,10.4081902732365,0.401955256103212,index,0.6,1
2003,15.846269486293,3.5612325109934,70.5104920437152,2.7629341089801,0.761660635019507,index,0.6,1
2004,9.16932762649031,1.78026749821318,47.226930338449,2.21586396040565,0.836291044338835,index,0.6,1
2005,22.5667457096765,4.78969539650806,106.323674005758,3.11647739388844,0.790836254266472,index,0.6,1
2006,4.03735276833672,0.811827558333022,20.0784233162354,1.39558922183724,0.818411237373858,index,0.6,1
2007,9.65224007082321,2.19222858329365,42.4981861356953,2.26719002010403,0.756274802724652,index,0.6,1
2008,5.62528396726001,1.17946294238877,26.8290071481382,1.7272714298847,0.797061701594119,index,0.6,1
2009,3.38848971693679,0.693490213881124,16.5566324253201,1.22038431089466,0.809403883916865,index,0.6,1
2010,9.86995950846781,2.17864949080169,44.7139850214948,2.28949575095144,0.770825677241422,index,0.6,1
2011,15.0662913492463,3.45008459733098,65.7934982800072,2.71245988741155,0.752085827765522,index,0.6,1
2012,11.320663984964,2.48669442533629,51.5372664026173,2.42662972697039,0.773318005043317,index,0.6,1
2013,24.2457807082721,5.21605456314184,112.70163588924,3.18824261083377,0.78394365287261,index,0.6,1
2014,9.25817494193132,2.16698125253897,39.5544738354231,2.22550693872902,0.740917628594259,index,0.6,1
2015,12.5463850563616,2.94898625232272,53.3782678228867,2.52943258076755,0.738774346965835,index,0.6,1
2016,10.9576900234362,2.32499286998738,51.6435866103821,2.39404149502094,0.790996434060616,index,0.6,1
2017,35.0641779706748,9.59452499657987,128.145643186862,3.55718003869896,0.661230219531713,index,0.6,1
2018,18.099677941543,4.29544162113569,76.2665100546662,2.89589414482856,0.73386030757365,index,0.6,1
2019,27.8194692456472,4.62441461994834,167.355856408515,3.32573610815541,0.915520044253474,index,0.6,1
2021,6.55817534686851,1.47132932744368,29.2318402671956,1.88071241592236,0.762537542104814,index,0.6,1
2022,39.974002836121,9.26766255311002,172.418977664005,3.68822931372149,0.74577804961575,index,0.6,1
2023,95.209624812061,21.2461818503192,426.658903736967,4.55608103765399,0.765271121250498,index,0.6,1
2024,39.8209538566254,8.96367236164792,176.903874001032,3.68439325255873,0.760837066146996,index,0.6,1
2025,51.17286692185,11.3137373973327,231.458643332021,3.93520944864346,0.77000994626126,index,0.6,1
2003,8203.54114300601,3410.99346810584,19729.7614065394,9.01232118674144,0.447744104583883,index,0.6,1
2004,5380.34159673625,1606.86980226031,18015.1967862302,8.59050714495733,0.616574493798289,index,0.6,1
2005,13984.0139652685,5495.27675350005,35585.5865596345,9.54567009655532,0.476552566143631,index,0.6,1
2006,2558.54533960987,807.567577851601,8106.01420162802,7.84719414925673,0.588361530627941,index,0.6,1
2007,5043.91616019038,2159.83131070905,11779.2024334889,8.52593807525562,0.432738908067299,index,0.6,1
2008,3757.25468302656,1600.23743201026,8821.7926107321,8.23144383221081,0.435485828677751,index,0.6,1
2009,1849.95899903059,608.53341846759,5623.92827449386,7.52291875514061,0.567289467342489,index,0.6,1
2010,7431.23923774845,3447.95243793105,16016.2640299612,8.91344791219561,0.391799074201305,index,0.6,1
2011,8853.3801803581,3691.33930384127,21234.119696445,9.08855460636437,0.44633982415589,index,0.6,1
2012,6434.3034014207,2448.30263708568,16909.780528936,8.76939886264313,0.492993038654368,index,0.6,1
2013,9988.91972824628,4168.4951499001,23936.3400338222,9.20923173048487,0.445886436199997,index,0.6,1
2014,4520.5316743047,1833.18300269936,11147.3904069049,8.41638489296732,0.460506325332481,index,0.6,1
2015,5788.18261926391,2803.73693388959,11949.4299301006,8.6635736386123,0.369835986136997,index,0.6,1
2016,7023.18482527551,2499.96147996377,19730.3540415731,8.85697207295292,0.52702063832679,index,0.6,1
2017,16280.8744815402,6697.88272046832,39574.7260658415,9.69774635319625,0.453171393268382,index,0.6,1
2018,15686.0471232971,6688.39661098177,36787.9012961494,9.66052687793086,0.434904635884624,index,0.6,1
2019,22179.1293583473,7411.49697372713,66371.7169200873,10.006907006678,0.559254811155429,index,0.6,1
2021,3958.72887359043,1734.45942207367,9035.39978805739,8.28367826120215,0.421042017185544,index,0.6,1
2022,17033.0517829085,7412.30584279831,39140.971674978,9.74291095800793,0.424504794385105,index,0.6,1
2023,46167.5560493794,19043.671192042,111923.96728963,10.7400325803634,0.451815687880655,index,0.6,1
2024,19819.2404389065,8177.67436052573,48033.4963533491,9.89440848418831,0.451664117300927,index,0.6,1
2025,33177.2115306315,15093.3952002278,72927.7508702387,10.4096185195447,0.401847178112277,index,0.6,1
2003,1.1777244212133,0.0408033411758682,33.9931675287051,0.163584120012176,1.71563123398965,index,0.6,1
2004,0.68076338245902,0.0222675044945135,20.8123358866384,-0.384540489216761,1.74497409063476,index,0.6,1
2005,1.67809871797506,0.0572050759949111,49.2266684082379,0.517661437050585,1.72389600373568,index,0.6,1
2006,0.299179081321804,0.00993969848482655,9.00511447476975,-1.20671295069431,1.73702459251914,index,0.6,1
2007,0.719473249388568,0.0253423058075679,20.4259928246609,-0.329235932791936,1.70719676843879,index,0.6,1
2008,0.416922794775049,0.01410823754558,12.3207889179252,-0.874854218749023,1.7276553227812,index,0.6,1
2009,0.250902233618142,0.00841898482623504,7.47737787083349,-1.38269192322554,1.73195738722883,index,0.6,1
2010,0.734657417770284,0.0255028605484192,21.1631758115996,-0.308350986698586,1.7146303169596,index,0.6,1
2011,1.13213950387416,0.0398604690654699,32.1556641525517,0.12410920882593,1.70741882588921,index,0.6,1
2012,0.862220314653921,0.0294476971907927,25.2455689891551,-0.148244455529456,1.72293732788456,index,0.6,1
2013,1.82086921894455,0.0623011927573594,53.2183183942023,0.599313979904223,1.72201566687731,index,0.6,1
2014,0.694167639530422,0.0242498193610507,19.8710227320374,-0.365041792125829,1.71141120193418,index,0.6,1
2015,0.940954956492052,0.0336666117097188,26.298940855143,-0.0608600082448418,1.69920911874899,index,0.6,1
2016,0.812903809093956,0.0277327025582219,23.8279194554572,-0.20714249243181,1.72350129828408,index,0.6,1
2017,2.4774762243048,0.0998597835352395,61.4650685661619,0.907240390528048,1.63841206137061,index,0.6,1
2018,1.36966087887831,0.0462805537304593,40.5347553543862,0.314563175533049,1.72839736556013,index,0.6,1
2019,2.0611547528676,0.0624243057746539,68.0561659845268,0.723266385391088,1.78425061725844,index,0.6,1
2021,0.488452454277085,0.0170898877843161,13.9606417022975,-0.716513142272848,1.71062082375493,index,0.6,1
2022,3.01411628123908,0.107171618295728,84.7696162594262,1.1033066798314,1.70239378185186,index,0.6,1
2023,7.11839536378591,0.249097475107109,203.420578764922,1.9626823297694,1.7105382287843,index,0.6,1
2024,2.97393363088538,0.104105468615618,84.9550110913599,1.08988553134153,1.71035607296558,index,0.6,1
2025,3.82145982315801,0.13292600543315,109.862288665217,1.34063250227592,1.71360044596499,index,0.6,1
2003,12877.8526130925,6361.86334737663,26067.6910001406,9.46326426317261,0.359796239198071,index,0.6,2
2004,2149.24147128999,674.505681113918,6848.33209156112,7.67287025482055,0.591281352945912,index,0.6,2
2005,5497.50060351686,2296.46503632056,13160.4498251327,8.61204883220915,0.445376833560505,index,0.6,2
2006,3890.80382391526,1509.350848244,10029.7120538977,8.26637105380432,0.483139550381592,index,0.6,2
2007,5644.04670453463,2496.48835027137,12760.0287818309,8.63835658801547,0.416189394776847,index,0.6,2
2008,3380.97346430864,1381.32943065968,8275.34787331657,8.12591895420286,0.456700883940136,index,0.6,2
2009,1981.71801539728,868.648602402802,4521.05291102403,7.59171943201204,0.420814242052083,index,0.6,2
2010,4237.76390541749,1907.18428469045,9416.31234182178,8.35179102831408,0.407358399320118,index,0.6,2
2011,5507.78224538938,2376.07596938968,12767.1276732867,8.61391732482402,0.42894240804178,index,0.6,2
2012,6570.06562919622,2733.61490252051,15790.7254354462,8.79027910065193,0.447405643763249,index,0.6,2
2013,10542.8396866442,5392.52346464723,20612.1437184235,9.26320220579352,0.342064181525473,index,0.6,2
2014,3967.32718390079,1517.34828545282,10373.1523836804,8.28584789351888,0.490380619134758,index,0.6,2
2015,4623.74923404315,2326.17216664092,9190.65978258469,8.43896117748959,0.350507373725602,index,0.6,2
2016,13034.2048774957,5272.81803514936,32220.0568379222,9.47533232546571,0.461749349712286,index,0.6,2
2017,9613.5566820958,3743.65982776826,24687.1981781968,9.17092953568861,0.481187699175075,index,0.6,2
2018,15867.6051999757,7001.45834200405,35961.2072918839,9.67203490106101,0.417436833841712,index,0.6,2
2019,23569.6819754189,5183.24768897244,107177.959024474,10.0677165030695,0.772733279407661,index,0.6,2
2021,6099.11001238406,3272.80830177559,11366.123375751,8.71589813990785,0.317605038464353,index,0.6,2
2022,14937.0093884906,6860.0345756235,32523.7791460517,9.61159726384933,0.397012143642199,index,0.6,2
2023,20523.3774347021,9382.38303370373,44893.6074997319,9.92931987807528,0.399359794235856,index,0.6,2
2024,17481.5701715717,8338.80299177104,36648.5808532909,9.7689024719243,0.377674038338323,index,0.6,2
2025,9652.52086891655,4794.69294020301,19432.143056261,9.17497439015797,0.357001173443443,index,0.6,2
2003,9985.05145226792,4469.88581879756,22305.1005207238,9.20884439879286,0.410071951191121,index,0.6,2
2004,1561.21561921098,390.001945346653,6249.69756882068,7.35322003987528,0.707700918811114,index,0.6,2
2005,4204.10326389335,1638.41621455704,10787.5423207144,8.34381629494288,0.480789938488371,index,0.6,2
2006,3137.83401108855,1109.15925440717,8876.99601479373,8.05128803549129,0.530586513243924,index,0.6,2
2007,4237.22712288387,1660.53085053514,10812.2614434514,8.35166435383559,0.477953544818626,index,0.6,2
2008,2452.84736634437,873.808539980183,6885.33005493283,7.80500481906301,0.526613518081968,index,0.6,2
2009,1429.05742241844,532.919084884452,3832.11105493064,7.26477036076034,0.503274941082014,index,0.6,2
2010,3365.81855662574,1386.50563051048,8170.70937674824,8.12142646855207,0.452500428348547,index,0.6,2
2011,3831.11597579844,1355.66546794295,10826.7489045725,8.25091141722558,0.530042231598736,index,0.6,2
2012,4456.35650728735,1577.61891297367,12588.0294390042,8.40208678453053,0.529813211109034,index,0.6,2
2013,7767.78143531494,3579.32968642821,16857.4659818596,8.95773987302987,0.395318003650015,index,0.6,2
2014,2879.70316143623,888.021424460851,9338.38989641566,7.96544249887227,0.600238901737839,index,0.6,2
2015,3765.00031209555,1759.10222023946,8058.21696259921,8.23350322312789,0.388244056207641,index,0.6,2
2016,8275.98773563925,2262.25254999085,30276.0065407942,9.02111355694544,0.661745454382353,index,0.6,2
2017,7018.67176506494,2172.85218205949,22671.470131497,8.8563292718622,0.598242277915011,index,0.6,2
2018,11874.3105865222,4556.46768326198,30944.8594188758,9.38213257134572,0.488697551300759,index,0.6,2
2019,19079.4698562501,4010.85850894901,90760.1624897375,9.85636815930442,0.795732769690148,index,0.6,2
2021,3193.61692543378,1254.47810658459,8130.2248424129,8.06890938590075,0.476761042306253,index,0.6,2
2022,12134.2596090855,4990.97355097469,29501.3096657121,9.40378810345101,0.453274570526255,index,0.6,2
2023,12299.7270493303,4505.95114818563,33574.106889495,9.41733235000292,0.512345164754936,index,0.6,2
2024,10026.2834586284,3569.83339079605,28159.9584596717,9.21296526977851,0.526892878381649,index,0.6,2
2025,6802.26084835903,2907.43474846154,15914.6315058669,8.82501031360559,0.433673209639951,index,0.6,2
2003,2793.70183140837,1357.39509565171,5749.81444077437,7.93512281665919,0.368272096393236,index,0.6,2
2004,570.127373098314,203.971018474707,1593.58532396744,6.34585979744077,0.524439167299594,index,0.6,2
2005,1248.36360217843,400.26585725164,3893.44145899549,7.1295888543952,0.580347340006081,index,0.6,2
2006,730.371608197396,269.676170609914,1978.08610547379,6.59355345694446,0.508341782672533,index,0.6,2
2007,1363.86548473187,554.181088765368,3356.53651514342,7.21807821530854,0.459491457011064,index,0.6,2
2008,894.333201816657,325.339760479669,2458.45105034931,6.79607841470196,0.515932113832522,index,0.6,2
2009,535.082252874682,236.372850740595,1211.27708382913,6.28242047876965,0.416849519103542,index,0.6,2
2010,841.444921873093,309.390000453743,2288.46942534548,6.73512055916921,0.510477717243024,index,0.6,2
2011,1634.81708481629,731.873053309833,3651.76295085674,7.39928620234281,0.410047906084345,index,0.6,2
2012,2049.36781082887,797.35004653689,5267.33326511091,7.6252866396105,0.481637856357655,index,0.6,2
2013,2672.81864871267,1195.84217872277,5973.99862290891,7.89088886823785,0.410355958766682,index,0.6,2
2014,1048.04203529729,469.698790099125,2338.5031660786,6.9546789740931,0.409490869881055,index,0.6,2
2015,815.301385828766,326.92845680602,2033.21655211161,6.70355784344513,0.466241466791809,index,0.6,2
2016,4642.03876187564,2385.38410964067,9033.56561304585,8.44290893705278,0.339696800394966,index,0.6,2
2017,2516.48971463965,1144.96076140604,5530.94979089974,7.83062023903924,0.401790338681803,index,0.6,2
2018,3900.69373834313,1640.47549554352,9275.00086510474,8.26890969792512,0.441930713857747,index,0.6,2
2019,4356.74178326456,828.862926118245,22900.2870896114,8.37947975956079,0.846660948699335,index,0.6,2
2021,2862.21243311193,1468.67743299547,5577.98453779727,7.95935018276781,0.34043105826495,index,0.6,2
2022,2656.31249675693,1336.12500085081,5280.94008863987,7.88469416058679,0.35060095633194,index,0.6,2
2023,8042.26457964738,3403.23367003239,19004.8717896104,8.99246598664836,0.438775740470611,index,0.6,2
2024,7294.3576378382,3310.088597267,16074.3894869219,8.89485640195139,0.403133003271995,index,0.6,2
2025,2756.58044063377,1467.06801578166,5179.53881070473,7.92174621976748,0.321804422843991,index,0.6,2
2003,99.099329416256,34.582838445643,283.975449446918,4.59612267457497,0.537134928266151,index,0.6,2
2004,17.8984789806897,4.46531907267165,71.7430366360177,2.88471573609046,0.708367640641264,index,0.6,2
2005,45.0337374450747,13.6826916000218,148.21919309127,3.80741192987158,0.607807231173577,index,0.6,2
2006,22.5982046293028,5.84728795938527,87.3360190253965,3.11787046194133,0.689753748304341,index,0.6,2
2007,42.9540969188818,15.4548019346778,119.383894398331,3.7601320319808,0.521546457055553,index,0.6,2
2008,33.7928961476121,11.0654540400795,103.200449426393,3.52025060725193,0.569613834488366,index,0.6,2
2009,17.5783401041657,6.0164026406512,51.3592688644045,2.86666746824096,0.547039621131043,index,0.6,2
2010,30.5004269186499,10.026474874717,92.7819651317042,3.41774068084819,0.567618388694599,index,0.6,2
2011,41.8491847746455,13.581822630275,128.948397720826,3.73407231704792,0.574163606318214,index,0.6,2
2012,64.3413110800004,19.2973823646362,214.526728717355,4.16420189897349,0.614415596681992,index,0.6,2
2013,102.239602616554,34.585770481962,302.232282164787,4.62731910385088,0.553008510703821,index,0.6,2
2014,39.5819871672594,11.8540503378629,132.168639701554,3.67837414526226,0.615166679045416,index,0.6,2
2015,43.4475361188394,15.0679050203709,125.278755888481,3.77155414397787,0.540309498501484,index,0.6,2
2016,116.178379980853,32.9502684015827,409.629925027471,4.75512676842217,0.642933937420922,index,0.6,2
2017,78.3952023912124,24.4959849066145,250.890412505913,4.3617627314943,0.593507593972083,index,0.6,2
2018,92.6008751104711,25.7222654915484,333.365740045041,4.52829859204453,0.653553648833832,index,0.6,2
2019,133.470335904285,21.6983944096554,820.997638354093,4.89387925018541,0.926874675781959,index,0.6,2
2021,43.2806538383495,12.7356126814517,147.084796273933,3.76770574159485,0.624145919987661,index,0.6,2
2022,146.437282648235,51.8001435169138,413.97332697345,4.9865972320039,0.530216024550767,index,0.6,2
2023,181.385805724414,58.1788760071697,565.511277911941,5.20062628613222,0.580165738478672,index,0.6,2
2024,160.929075105122,49.7179930194684,520.901300341083,5.08096374062643,0.599295114462317,index,0.6,2
2025,93.6795799237447,28.1140388694272,312.152364000345,4.53988023511784,0.614098620759537,index,0.6,2
2003,12846.016947376,6344.50829076898,26009.9197367856,9.46078907708948,0.359927121647677,index,0.6,2
2004,2144.1422876312,672.541289127149,6835.78276000718,7.67049488548823,0.591557492163515,index,0.6,2
2005,5484.77030281662,2290.52250468233,13133.5558647267,8.60973049449728,0.445515970129788,index,0.6,2
2006,3884.43457929037,1506.5130312901,10015.7328130547,8.26473271277366,0.483263831207476,index,0.6,2
2007,5630.46159710956,2489.50811490314,12734.2817670466,8.63594670660224,0.416388406782404,index,0.6,2
2008,3372.42203679159,1377.16633849973,8258.42897570921,8.12338647048085,0.456948795163343,index,0.6,2
2009,1976.47392720988,865.926610708028,4511.29360921974,7.58906969125579,0.421063620523079,index,0.6,2
2010,4228.41461275291,1902.17505437419,9399.4977466596,8.34958240574723,0.407573371846627,index,0.6,2
2011,5496.01923724908,2370.16508081552,12744.3559525477,8.61177933412333,0.429122399544876,index,0.6,2
2012,6550.81715579225,2724.33393425692,15751.8154690999,8.78734507745734,0.447643852108261,index,0.6,2
2013,10511.0579817007,5374.9599822112305,20555.0069694144,9.26018312309591,0.342188285390945,index,0.6,2
2014,3955.6098848539,1511.81044109486,10349.743020575,8.28289007434455,0.49073702511757,index,0.6,2
2015,4611.89377448389,2319.23145227989,9170.95366493689,8.43639384870477,0.350722112711143,index,0.6,2
2016,13000.6301406213,5256.84300742895,32151.6894863281,9.47275310762441,0.461981535335304,index,0.6,2
2017,9590.23938559949,3731.88090640748,24645.1303725128,9.16850112956797,0.481556542375846,index,0.6,2
2018,15841.45193179,6988.40789240946,35909.6954801087,9.67038532352816,0.417547102918822,index,0.6,2
2019,23528.3614619739,5173.46512988591,107004.450438328,10.0659618431715,0.772801885257402,index,0.6,2
2021,6086.27218307733,3265.53567278709,11343.5322097968,8.71379105227603,0.317664999847774,index,0.6,2
2022,14887.5386901431,6832.43622106687,32439.2063210361,9.60827981249431,0.397376296462511,index,0.6,2
2023,20470.8245434114,9355.67037080765,44791.5158270969,9.9267559584211,0.399506352853642,index,0.6,2
2024,17431.9142120574,8312.03365977831,36558.0368817508,9.76605795532147,0.377863256086403,index,0.6,2
2025,9624.90990626323,4779.79158994712,19381.3661036023,9.17210979872394,0.357127773846671,index,0.6,2
2003,31.835665716529,6.91368570736897,146.594689795391,3.46058722471663,0.779138980981323,index,0.6,2
2004,5.09918365878142,0.9541827244768,27.2502040950708,1.6290804600126,0.855107830560098,index,0.6,2
2005,12.7303007002442,2.55063720819858,63.5372821339396,2.54398503367636,0.820240490557496,index,0.6,2
2006,6.3692446248882,1.22468216293441,33.1247390706383,1.85148087933246,0.841239706869929,index,0.6,2
2007,13.5851074250646,2.93280987744231,62.9277557914856,2.6089741504705,0.782163956349634,index,0.6,2
2008,8.55142751705443,1.79886245816376,40.6517531385263,2.14609823007122,0.795394070977019,index,0.6,2
2009,5.24408818740522,1.19144175401904,23.0816662455524,1.65710138258027,0.756104327676987,index,0.6,2
2010,9.34929266457998,2.05696503124449,42.4942923191481,2.23530068959187,0.772498418792116,index,0.6,2
2011,11.7630081403075,2.52095453871397,54.8872890740536,2.46495970400455,0.78589305780521,index,0.6,2
2012,19.2484734039704,4.12759371392608,89.7626447906716,2.95743175389924,0.785594615372029,index,0.6,2
2013,31.7817049434222,6.85027164115857,147.450615394854,3.45889080798365,0.782974846965019,index,0.6,2
2014,11.7172990468922,2.51155866930623,54.6652955521946,2.46106630083982,0.785811764291609,index,0.6,2
2015,11.8554595592626,2.6943841059915,52.1647678401772,2.47278848378185,0.755941868995948,index,0.6,2
2016,33.5747368744258,7.01060873427388,160.79387666807,3.51377390542925,0.799172526905215,index,0.6,2
2017,23.3172964963072,5.51857369101318,98.5211662176572,3.14919542407172,0.735256360753167,index,0.6,2
2018,26.1532681857766,5.61744982744008,121.762268966958,3.26397416112536,0.784757464777437,index,0.6,2
2019,41.3205134450637,5.25629476751896,324.826690069667,3.72135907024064,1.05202581516542,index,0.6,2
2021,12.8378293067278,2.77035923184884,59.4904297659226,2.55239622686162,0.782371125479009,index,0.6,2
2022,49.4706983475173,11.4733011684147,213.308267521858,3.90138054172614,0.745604436914142,index,0.6,2
2023,52.5528912907267,11.4269548440189,241.692246159572,3.96182011561393,0.778506698686575,index,0.6,2
2024,49.6559595142852,11.0894767180621,222.347219618422,3.9051184137873,0.764872115196561,index,0.6,2
2025,27.6109626533109,6.02018519818539,126.634851511266,3.31821289144475,0.777103498223961,index,0.6,2
2003,12870.4581669568,6357.91129349713,26053.9485029951,9.46268989956466,0.359820239404804,index,0.6,2
2004,2148.06806725439,674.061629914064,6845.3628226046,7.6723241437926,0.591338722119901,index,0.6,2
2005,5494.57229273581,2295.11370878986,13154.1738278486,8.6115160280915,0.445405307136512,index,0.6,2
2006,3889.33993137577,1508.7089232889,10026.4304587118,8.26599473876367,0.483164588660801,index,0.6,2
2007,5640.91762269857,2494.90189331186,12753.9891293408,8.63780203031808,0.416230783146199,index,0.6,2
2008,3379.00558889316,1380.38856040426,8271.35134068878,8.12533674072096,0.456751472860145,index,0.6,2
2009,1980.49115662738,868.033384260393,4518.65710766563,7.59110015182978,0.420859762366055,index,0.6,2
2010,4235.6062797205,1906.05040126792,9412.32222656531,8.35128175615991,0.407401990606154,index,0.6,2
2011,5505.01022164082,2374.70824302067,12761.6256141938,8.61341390594721,0.428979332630837,index,0.6,2
2012,6565.56175181374,2731.48818813889,15781.3609826555,8.78959335075536,0.447452858399229,index,0.6,2
2013,10535.4728322089,5388.48938651548,20598.7578032492,9.26250320726329,0.34208937009647,index,0.6,2
2014,3964.62575981528,1516.09457198234,10367.5969203153,8.28516674369131,0.490454826947334,index,0.6,2
2015,4621.00844487122,2324.5898140797,9186.01592342647,8.43836823836724,0.35055203329326,index,0.6,2
2016,13026.4718368026,5269.19554265851,32203.9611438292,9.4747388611436,0.461797199770714,index,0.6,2
2017,9608.42077505781,3741.12472401908,24677.5386016486,9.17039515704087,0.481260671591373,index,0.6,2
2018,15861.471831081,6998.48301295384,35948.6889062248,9.67164829233835,0.41745644648343,index,0.6,2
2019,23560.1915097331,5181.01674610667,107137.778389237,10.067313766329,0.772747448040317,index,0.6,2
2021,6096.14694901077,3271.13602160287,11360.8872815149,8.71541220288479,0.317617873092446,index,0.6,2
2022,14925.8504134937,6853.85249920772,32504.4944564742,9.61084991576611,0.39709083437137,index,0.6,2
2023,20511.4210082318,9376.41337982212,44869.8638524526,9.92873713234423,0.39938720227973,index,0.6,2
2024,17470.1082963776,8332.68652910066,36627.4049577266,9.76824660210017,0.377713780598834,index,0.6,2
2025,9646.15143453752,4791.27745762419,19420.3400493883,9.17431429971132,0.357027964680724,index,0.6,2
2003,7.39444613574621,0.75863497154877,72.0739693067749,2.00072919623088,1.16173754459989,index,0.6,2
2004,1.17340403559757,0.110299854618348,12.4830357711789,0.159908956738046,1.2063801407418,index,0.6,2
2005,2.9283107810488,0.287401577443352,29.8363151193795,1.07442573153508,1.18435877726779,index,0.6,2
2006,1.46389253948111,0.139476460267003,15.3644662550662,0.381099010851283,1.19949063603238,index,0.6,2
2007,3.12908183605863,0.324501938878869,30.1728648234885,1.1407396184063,1.15624746381273,index,0.6,2
2008,1.96787541548482,0.19972073153864,19.3897429727786,0.676954491486378,1.16726110278937,index,0.6,2
2009,1.22685876989739,0.126461973133552,11.9022533333761,0.204457057145919,1.15934307911538,index,0.6,2
2010,2.15762569698669,0.225979648971756,20.6007428964505,0.76900840275887306,1.15120418187194,index,0.6,2
2011,2.77202374856458,0.283854371924906,27.0706264289593,1.0195776485942,1.16271095480167,index,0.6,2
2012,4.50387738248498,0.460562569943294,44.0437690777982,1.50493866632937,1.16341179884204,index,0.6,2
2013,7.36685443528585,0.762972279922242,71.130427276102,1.99699080848359,1.15692145626364,index,0.6,2
2014,2.70142408551428,0.279314741833583,26.1271282779076,0.993779073042546,1.15777387595206,index,0.6,2
2015,2.74078917192673,0.29432893026322,25.5222117589081,1.00824589788184,1.13844093162342,index,0.6,2
2016,7.73304069308599,0.783138825437507,76.3592819287388,2.04550214787686,1.16836200319871,index,0.6,2
2017,5.1359070379851,0.610449332648531,43.2100416727164,1.63625646614307,1.08666101266298,index,0.6,2
2018,6.13336889475504,0.611352560670343,61.5327659017255,1.81374417398791,1.17646326974689,index,0.6,2
2019,9.49046568579556,0.666391435553083,135.159208429065,2.25028768262922,1.35521149551926,index,0.6,2
2021,2.96306337328662,0.307238985600282,28.5762711296513,1.08622365657959,1.15632381715476,index,0.6,2
2022,11.1589749969538,1.24890110238164,99.7058315868062,2.41224410658396,1.1173572970165,index,0.6,2
2023,11.9564264702807,1.22537430763381,116.663237550064,2.48126891376552,1.1622777648766,index,0.6,2
2024,11.4618751940492,1.21688072712257,107.960114771979,2.43902632739894,1.14427384458998,index,0.6,2
2025,6.36943437902607,0.664896986705923,61.0165110082877,1.85151067114021,1.15289558711216,index,0.6,2
2003,7674.97596722615,3441.62512193972,17115.5352516429,8.94572044114446,0.409202102431236,index,0.6,3
2004,4283.52032799891,1407.96038358066,13032.0047455573,8.3625304570445,0.567680358496445,index,0.6,3
2005,7712.85904543484,2848.4899251038,20884.1162225905,8.95064422083311,0.508223593233782,index,0.6,3
2006,5495.69945647224,1982.93388601581,15231.3260310225,8.61172114835897,0.520105659502496,index,0.6,3
2007,4922.48061780364,2043.43126386688,11857.9057985046,8.50156787303547,0.448570593135896,index,0.6,3
2008,2606.59425459765,956.867547909321,7100.59989279242,7.86579976491927,0.511302653716191,index,0.6,3
2009,3294.42790913673,1473.14653692472,7367.39691297504,8.099987807928,0.410636073317362,index,0.6,3
2010,6976.65319854248,2411.95301865545,20180.1981532238,8.85032459631749,0.541914303123662,index,0.6,3
2011,8077.94811109856,2848.17980396256,22910.5078249682,8.99689317261901,0.531875981849121,index,0.6,3
2012,10469.9099812437,3501.07545258767,31310.097854168,9.25626070604765,0.558905797372458,index,0.6,3
2013,8746.80020971695,3429.0049673138,22311.5786176996,9.07644322215259,0.477772973614963,index,0.6,3
2014,4477.74108169082,1821.04686428163,11010.2411903447,8.40687397540908,0.459042700602903,index,0.6,3
2015,5609.0261299135,2557.64861567738,12300.8195626279,8.63213238806648,0.400664904241348,index,0.6,3
2016,7408.11960818248,3007.6834995347,18246.67925918,8.91033192200864,0.459909707093926,index,0.6,3
2017,9232.18343557489,3646.78973988007,23372.1209797268,9.13045085808849,0.47391091324468,index,0.6,3
2018,9573.72294526019,3800.84380645918,24114.6902371627,9.1667774312906,0.471334709812007,index,0.6,3
2019,12279.9324580537,4003.04648983702,37670.4945988526,9.41572170152752,0.571903737872246,index,0.6,3
2021,5250.77502122634,2618.85613516957,10527.7407007121,8.56613096778118,0.354923897314482,index,0.6,3
2022,14617.0402634583,7007.46598980209,30490.0325416487,9.58994326844925,0.375114973857159,index,0.6,3
2023,18752.2700817749,7416.65273914311,47413.2530654871,9.83907009509805,0.473267356624186,index,0.6,3
2024,22130.7031488336,7938.29244612174,61696.8983173542,10.0047212060981,0.523105393892807,index,0.6,3
2025,10899.6168101438,4603.78996458436,25805.1838858583,9.2964829125666,0.439726326997245,index,0.6,3
2003,6173.60949465046,2534.50921823642,15037.8045257056,8.72803895308611,0.454234702831385,index,0.6,3
2004,3378.11720739418,938.791790852017,12155.704787891,8.12507379404058,0.653318165283289,index,0.6,3
2005,6176.81506679861,2027.46681688925,18818.0857272765,8.72855805624798,0.568385769175015,index,0.6,3
2006,4506.99306248229,1433.77037560092,14167.5311548755,8.41338548341329,0.584359004910575,index,0.6,3
2007,3919.55058547115,1427.26458365091,10763.8604418877,8.27373227964861,0.515426443964081,index,0.6,3
2008,1898.20638710845,562.838197090873,6401.81762126845,7.54866471251448,0.620252478833404,index,0.6,3
2009,2850.12576441796,1198.95652394534,6775.23889379109,7.95511840015504,0.441799702891267,index,0.6,3
2010,5498.40286026176,1621.30618947628,18646.9614499531,8.61221294000618,0.623085707946398,index,0.6,3
2011,6016.73776298732,1613.70807954667,22433.5081216966,8.70230049158609,0.671446280230805,index,0.6,3
2012,8205.3041691933,2279.02757979332,29541.9928683298,9.01253607403674,0.653599736148499,index,0.6,3
2013,7200.67164147466,2572.9219526645,20152.0578712627,8.88192958419165,0.525077049217363,index,0.6,3
2014,3519.66751575435,1246.30696487388,9939.81400297315,8.16612180837931,0.529694314441873,index,0.6,3
2015,4585.66683893195,1917.49209134749,10966.5851830987,8.43069081335891,0.444863993146723,index,0.6,3
2016,5188.41065705903,1548.74042930029,17381.6119454218,8.55418269748087,0.616840642849299,index,0.6,3
2017,7372.94950365938,2513.84263154793,21624.4182119062,8.90557310914745,0.548992393371739,index,0.6,3
2018,7809.79165340328,2725.89076487761,22375.3814552823,8.96313356557691,0.537042024243425,index,0.6,3
2019,10661.3084946505,3349.31907462415,33936.3005690527,9.27437643827795,0.59075784277595,index,0.6,3
2021,3109.46837432899,1206.47778744436,8014.066791427,8.04220704983102,0.483042843206013,index,0.6,3
2022,11996.9243619229,5176.72764244166,27802.5432448317,9.39240559274578,0.428822770727011,index,0.6,3
2023,11642.2683181718,3252.38746092521,41674.7430067104,9.36239757499538,0.65065122423575406,index,0.6,3
2024,17000.7901112071,4942.20381598335,58481.3729192207,9.74101509908816,0.630342435644661,index,0.6,3
2025,8445.72549910448,3049.88812014509,23387.8346995988,9.0414157342677,0.519680746836638,index,0.6,3
2003,1457.4686714735,596.808023947714,3559.29351330709,7.28445642329277,0.455549661414074,index,0.6,3
2004,880.085934777469,349.050325527822,2219.02458168999,6.78001955586071,0.471847162564516,index,0.6,3
2005,1480.06718695487,562.214754957665,3896.37386529537,7.29984276231889,0.493865635691672,index,0.6,3
2006,959.310295973592,415.144029657042,2216.7637692422,6.8662145845648,0.427349212402637,index,0.6,3
2007,972.5224256441,438.03107177814,2159.20725564356,6.87989313501501,0.406947930325938,index,0.6,3
2008,694.084951086416,275.62924269323,1747.83312038054,6.54259436092107,0.471201373663936,index,0.6,3
2009,428.781346419237,188.355098932621,976.100164417964,6.06094710698955,0.419710825364053,index,0.6,3
2010,1434.50515505098,570.063231974651,3609.78383527695,7.26857522903712,0.470839233961159,index,0.6,3
2011,2005.76527803701,972.901477870726,4135.15082676591,7.60378095172404,0.369138482346645,index,0.6,3
2012,2179.47688002938,926.493617385106,5126.98563859417,7.68684016369806,0.43645343164306,index,0.6,3
2013,1488.42730249012,569.962281647623,3886.95165650925,7.30547533982084,0.489756526804258,index,0.6,3
2014,923.933871304699,415.436291684413,2054.83684413534,6.82864050122853,0.407819344780523,index,0.6,3
2015,973.493796686679,417.305115365487,2270.97664824318,6.88089145261597,0.432188455262732,index,0.6,3
2016,2157.98957895338,1178.42173800241,3951.82715380448,7.67693231677648,0.308679654076035,index,0.6,3
2017,1792.12763989555,838.81711737584,3828.86973947928,7.49115881861859,0.387336766800841,index,0.6,3
2018,1721.60003451659,679.775513974581,4360.12568548967,7.4510093900166,0.474114208316044,index,0.6,3
2019,1563.19350592122,418.534916959989,5838.39923011223,7.35448612693062,0.672321439209792,index,0.6,3
2021,2114.18973046273,956.279361354664,4674.15526992257,7.65642691191227,0.404791531281363,index,0.6,3
2022,2498.93820977604,1338.00671169884,4667.16057675818,7.82362120454929,0.318722666632529,index,0.6,3
2023,6982.02166289915,3073.22544474324,15862.3659011342,8.85109379033836,0.418686707660045,index,0.6,3
2024,4954.36927735158,2283.47098852107,10749.3263806529,8.50802514852106,0.395197680628972,index,0.6,3
2025,2388.96602237275,1157.21751771475,4931.794212139,7.77861592469338,0.36982425157052,index,0.6,3
2003,43.8978011021991,15.5076463910157,124.262373091293,3.78186423003847,0.5308929247739,index,0.6,3
2004,25.3171858272669,6.41777064721393,99.8726712819843,3.23148344683623,0.700223397714564,index,0.6,3
2005,55.9767916813442,18.7812551563407,166.836624115548,4.02493717057183,0.557192822369847,index,0.6,3
2006,29.3960980163538,8.2895774908807,104.243018361032,3.3808619450043,0.645860308280668,index,0.6,3
2007,30.4076066883887,11.0696679491995,83.5275772280599,3.41469279712516,0.515562558486102,index,0.6,3
2008,14.3029164027861,4.25132533659502,48.1199158916725,2.66046346072284,0.619007640989748,index,0.6,3
2009,15.5207982995345,5.28316683078605,45.5967391472646,2.74218095025792,0.549834212402607,index,0.6,3
2010,43.7451832297505,12.961982148163,147.634909069493,3.77838150913673,0.620603692705926,index,0.6,3
2011,55.4450700742218,18.655141610425,164.788660398989,4.01539280225544,0.555760724781682,index,0.6,3
2012,85.128932020979,26.5681453599895,272.767819087065,4.44416695454509,0.594120100383206,index,0.6,3
2013,57.7012657521993,18.8407101704452,176.71499849452,4.05527911005333,0.571061078480107,index,0.6,3
2014,34.1396946317699,10.900171392409,106.926644324343,3.53046077273842,0.582501652355943,index,0.6,3
2015,49.8654942948626,17.4784942809577,142.264401114918,3.90932926646614,0.53488637941901,index,0.6,3
2016,61.7193721700539,18.9904162125808,200.589647874177,4.12259785521467,0.601369934584003,index,0.6,3
2017,67.1062920199558,22.2764590824649,202.153062656729,4.20627781037064,0.562636530424217,index,0.6,3
2018,42.3312573403142,12.0768137158,148.378155876292,3.74552575738285,0.639929291971672,index,0.6,3
2019,55.4304574819969,11.4033813428696,269.440749570712,4.01512921672612,0.806759363311896,index,0.6,3
2021,27.1169164346075,8.4003312366979,87.5354954705973,3.30015775581896,0.597912322395012,index,0.6,3
2022,121.177691759391,46.0245757379739,319.047655403337,4.79725799530267,0.493928711925232,index,0.6,3
2023,127.980100703962,35.1677393881157,465.736679729014,4.85187478858366,0.659065998693111,index,0.6,3
2024,175.543760274936,55.8271317326612,551.982715483766,5.16788835812023,0.584515013629729,index,0.6,3
2025,64.9252886665337,18.8539280230614,223.576387014777,4.1732372036927,0.630887066331136,index,0.6,3
2003,7663.24306504625,3435.48084384535,17093.7626909449,8.94419054977393,0.409333221217498,index,0.6,3
2004,4277.24659664589,1405.39023510156,13017.6217192777,8.361064763017,0.567864757306634,index,0.6,3
2005,7700.02651226949,2842.30889716334,20859.9453595018,8.94897905098773,0.508482332345706,index,0.6,3
2006,5488.40916686825,1979.57929359887,15216.6853231732,8.6103937232716,0.520292264645537,index,0.6,3
2007,4914.31255489755,2039.083375852,11843.7863665741,8.49990715604367,0.448810030533068,index,0.6,3
2008,2602.85267527939,955.148618451628,7092.97162591474,7.86436330534419,0.511487131122544,index,0.6,3
2009,3290.39808959967,1470.88419314802,7360.68797154556,8.09876383631784,0.41079573491262,index,0.6,3
2010,6965.685539975,2406.76889126966,20160.130545904,8.84875130778456,0.542209396832583,index,0.6,3
2011,8063.61461100009,2841.04580081634,22886.6006229293,8.99511719787448,0.53224942040125,index,0.6,3
2012,10448.8695544384,3490.89099420975,31275.3606877908,9.25424907493268,0.559365785170937,index,0.6,3
2013,8731.66521165225,3421.76813737439,22281.4563428838,9.07471137653769,0.477967293397313,index,0.6,3
2014,4469.16998095811,1816.35646929179,10996.4539760661,8.40495798377917,0.459380966854565,index,0.6,3
2015,5596.75003753794,2550.55941722663,12281.0747991674,8.62994135781509,0.400963165964807,index,0.6,3
2016,7392.5287668232,2999.72206788261,18218.1816620376,8.90822514307154,0.460187141634548,index,0.6,3
2017,9214.60666873159,3637.03757312357,23345.6417076579,9.12854518538736,0.47430484283659,index,0.6,3
2018,9563.2147509817,3795.53627135188,24095.4294294808,9.16567922054221,0.471487352834448,index,0.6,3
2019,12266.1746121639,3998.27432887363,37630.9945842265,9.41460072154555,0.571940403576142,index,0.6,3
2021,5243.8728737032,2614.95906715992,10515.7296956949,8.5648156023516009,0.355012584188938,index,0.6,3
2022,14586.0239897496,6989.14412702112,30440.3646516628,9.58781908825348,0.375366950011182,index,0.6,3
2023,18720.4033390723,7402.06538855014,47345.3668376999,9.83736929569009,0.473404080992706,index,0.6,3
2024,22084.7764995642,7915.48351740643,61618.1376618563,10.0026438039687,0.523513571100927,index,0.6,3
2025,10883.3222205866,4595.54725263127,25774.232326584,9.29498682495661,0.439877317461853,index,0.6,3
2003,11.7329021798954,2.58186941353336,53.318340905012,2.46239704722915,0.772403648091798,index,0.6,3
2004,6.27373135302085,1.17556099085142,33.4816359135648,1.83637128976037,0.854416627187409,index,0.6,3
2005,12.8325331653464,2.72441235803361,60.4438263371305,2.55198359992951,0.790693530963775,index,0.6,3
2006,7.29028960398567,1.48844073440019,35.7073824181512,1.98654327142981,0.810634378455093,index,0.6,3
2007,8.16806290608278,1.82333957036392,36.5906892616878,2.10023178236096,0.765096729202412,index,0.6,3
2008,3.74157931826047,0.759078063023917,18.4426562652403,1.31950779990209,0.81387131065969,index,0.6,3
2009,4.02981953706794,0.966705835531865,16.7987457036502,1.39372159507206,0.728371867704458,index,0.6,3
2010,10.9676585674779,2.35364553704654,51.1077528707723,2.39495081189562,0.785211057718248,index,0.6,3
2011,14.3335000984743,3.25955647922979,63.0298098474766,2.66259946173505,0.755630377195704,index,0.6,3
2012,21.0404268052287,4.82790373269214,91.6960206038175,3.04644567308338,0.751051203508945,index,0.6,3
2013,15.1349980647015,3.1009217368187,73.8709925177033,2.71700981460459,0.808846706039348,index,0.6,3
2014,8.57110073271426,2.14002692199417,34.328431579673,2.14839616458532,0.707960843262744,index,0.6,3
2015,12.2760923755563,2.85487302271997,52.787792246399,2.50765366161972,0.744210764284868,index,0.6,3
2016,15.5908413592792,3.43593693126799,70.7447019990865,2.74668364949539,0.771643771389926,index,0.6,3
2017,17.5767668433044,4.40991940296324,70.0563217677608,2.86657796426848,0.7054831424738,index,0.6,3
2018,10.5081942784861,2.1860658374747,50.5118121794385,2.35215536027877,0.801061583569312,index,0.6,3
2019,13.757845889773,2.1566275377467,87.7658845646141,2.62160927154182,0.94545798275784,index,0.6,3
2021,6.90214752314072,1.53318867559168,31.0722621355213,1.93183259841736,0.767607436623071,index,0.6,3
2022,31.0162737087508,7.35303741668666,130.831543518737,3.43451202508952,0.734400506648843,index,0.6,3
2023,31.866742702637,6.40200718295312,158.620454719272,3.46156291745241,0.818867778479207,index,0.6,3
2024,45.9266492694083,10.3214214492156,204.357231558987,3.82704554269171,0.761658921577803,index,0.6,3
2025,16.294589557186,3.43801870880716,77.2286806226472,2.7908331237051,0.793860390936634,index,0.6,3
2003,7674.09902609185,3441.19166567253,17113.7796391107,8.94560617482735,0.409208065216596,index,0.6,3
2004,4283.0472016616,1407.77576190327,13030.834759408,8.36241999825546,0.567690908102929,index,0.6,3
2005,7711.8866687440805,2848.04842509704,20882.0873505781,8.95051814073947,0.508238351834679,index,0.6,3
2006,5495.14972154605,1982.69413154327,15230.1204617494,8.6116211133357,0.520116313395262,index,0.6,3
2007,4921.86312456912,2043.11971124546,11856.7387332513,8.50144242165923,0.448584381999164,index,0.6,3
2008,2606.3128615642,956.744583435593,7099.97929432988,7.86569180480126,0.511313141382803,index,0.6,3
2009,3294.1195594939,1472.98616493982,7366.81981849005,8.09989420622155,0.41064386314692,index,0.6,3
2010,6975.82290914456,2411.58534025489,20178.4711689294,8.85020557953617,0.541931362088111,index,0.6,3
2011,8076.82378271124,2847.66351333991,22908.2832685026,8.99675397803347,0.531897457866939,index,0.6,3
2012,10468.2103009475,3500.32130504154,31306.6765462445,9.25609835333623,0.558932876967563,index,0.6,3
2013,8745.6432240331,3428.47733702133,22309.1092293839,9.07631093809634,0.477783994478186,index,0.6,3
2014,4477.07595235386,1820.71483836459,11008.9777162191,8.40672542310798,0.459059941363859,index,0.6,3
2015,5608.08667765681,2557.13431343215,12299.1725616083,8.63196488466788,0.400682047838822,index,0.6,3
2016,7406.93630350012,3007.10977780986,18244.3307553825,8.91017217847586,0.459925537328655,index,0.6,3
2017,9230.97305460501,3646.15717192737,23370.0467415125,9.13031974497441,0.473932526285272,index,0.6,3
2018,9572.93013422076,3800.4639095525,24113.106593206,9.16669461670816,0.471343455426111,index,0.6,3
2019,12278.8944110894,4002.6916548524,37667.4650359102,9.41563716597779,0.571905834652685,index,0.6,3
2021,5250.25161597439,2618.56956081392,10526.7938814937,8.56603128128948,0.354928870260852,index,0.6,3
2022,14614.6422615058,7006.1176922777,30485.8950153252,9.58977919975728,0.375129442763672,index,0.6,3
2023,18749.8631686045,7415.58450784268,47407.9107951082,9.8389417336975,0.473275356990598,index,0.6,3
2024,22127.1958100556,7936.66732532062,61689.9731773451,10.0045627106038,0.523128988537467,index,0.6,3
2025,10898.3828237024,4603.19084926407,25802.6990540616,9.29636969241214,0.439734961623092,index,0.6,3
2003,0.876941134290542,0.0323920261432351,23.7412056167838,-0.131315410538265,1.68295316069247,index,0.6,3
2004,0.473126337314255,0.0166253507636983,13.4642892196404,-0.748392828238529,1.7084159669606,index,0.6,3
2005,0.972376690755803,0.0362276001919054,26.0993392804547,-0.0280120076668371,1.67856248007639,index,0.6,3
2006,0.549734926189771,0.0201375429551603,15.0072176007665,-0.598319069314234,1.68719953741911,index,0.6,3
2007,0.617493234514551,0.0236094474647965,16.1502252536738,-0.482087166791765,1.66534752153879,index,0.6,3
2008,0.281393033445819,0.0102580016564202,7.71905112944508,-1.26800289137512,1.68967101604225,index,0.6,3
2009,0.308349642832659,0.0116684538517605,8.14842338521852,-1.17652093586326,1.67061508301347,index,0.6,3
2010,0.830289397921386,0.0311615395394991,22.1227992739841,-0.185980966769076,1.67482143078441,index,0.6,3
2011,1.12432838731856,0.0430117018991408,29.3900093861574,0.117185868337299,1.66506576508598,index,0.6,3
2012,1.6996802961325,0.0648102870893458,44.5749160943924,0.530440172277937,1.66673017202881,index,0.6,3
2013,1.15698568385741,0.0423938380584072,31.5757179335058,0.145818074632313,1.68705667901592,index,0.6,3
2014,0.665129336959487,0.025469564146619,17.3696350804218,-0.407773765568933,1.66457004451313,index,0.6,3
2015,0.939452256686772,0.0365529368235561,24.1449967988647,-0.0624582792093774,1.65642608311352,index,0.6,3
2016,1.18330468236518,0.0449183124904529,31.1723636457839,0.168311102440331,1.66902088255641,index,0.6,3
2017,1.2103809698789,0.0523555846864283,27.9821551228854,0.190935161193022,1.60239262228411,index,0.6,3
2018,0.792811039437119,0.0293109816615846,21.444158763101,-0.232170371445345,1.68249145750053,index,0.6,3
2019,1.03804696434462,0.0332266330516722,32.4300538820576,0.0373410287535262,1.75602438626445,index,0.6,3
2021,0.523405251947656,0.0199304369004856,13.7454617344447,-0.647399254645918,1.66743266426312,index,0.6,3
2022,2.39800195255951,0.094274868809591,60.9962489164895,0.87463587084999,1.65114079839568,index,0.6,3
2023,2.40691317039578,0.0876133252731643,66.1227158284693,0.878345084363715,1.6904225221051,index,0.6,3
2024,3.50733877805016,0.134507176026088,91.4555317229209,1.25485756702007,1.66380368249216,index,0.6,3
2025,1.23398644138577,0.0459224286095827,33.1585803196426,0.210249937891038,1.67913880274353,index,0.6,3
2003,11723.3348054494,5897.74457467572,23303.2436756924,9.36933656237137,0.350522400646748,index,0.8,1
2004,10782.6478818568,3989.93757242369,29139.6778104187,9.28569344341583,0.507235126515204,index,0.8,1
2005,12197.4272470642,5162.53446086439,28818.641807674,9.40898032709456,0.438680211167938,index,0.8,1
2006,5951.06026623874,2288.39155960438,15475.9871158274,8.69132467867116,0.487621309453377,index,0.8,1
2007,5968.22104436722,2653.50534285787,13423.6256694568,8.69420417946298,0.41356237669533,index,0.8,1
2008,5662.41505813827,2355.77885853674,13610.3370545343,8.64160576890849,0.447446533997456,index,0.8,1
2009,4631.9698498939,2324.25164117835,9230.99044449795,8.44073751014138,0.351835097039576,index,0.8,1
2010,13301.2494296352,6396.43001100399,27659.6845560732,9.4956132518754,0.373536429606578,index,0.8,1
2011,10665.2084807248,4835.8978118163,23521.3142137515,9.27474217883673,0.403538077377181,index,0.8,1
2012,10875.9018302781,4828.79694200431,24495.7992730897,9.29430477944076,0.414268910324245,index,0.8,1
2013,9149.65068884218,4232.0795438831,19781.3171656546,9.12147098145802,0.393385908294572,index,0.8,1
2014,7169.08398128461,3164.38995327768,16241.9189447482,8.87753316828902,0.417261544864796,index,0.8,1
2015,5903.83164920036,2790.37490866613,12491.234792088,8.68335685117192,0.382367030940117,index,0.8,1
2016,10850.7991263645,3979.18731423928,29588.916626113,9.29199400845591,0.511826304637499,index,0.8,1
2017,20081.2562563091,8342.29797083179,48338.8215383231,9.9075421344139,0.448196062719689,index,0.8,1
2018,29883.0142256578,11929.7653582981,74854.3254951544,10.3050455118583,0.468505376838155,index,0.8,1
2019,19021.3157724837,7035.30065122305,51427.8595405355,9.85331551207069,0.507468410026181,index,0.8,1
2021,6520.09173107739,2879.1377916432,14765.3913282842,8.78264372400538,0.417047241708058,index,0.8,1
2022,21315.0324686944,9714.7819379152,46766.9384701597,9.9671678524772709,0.400907334539189,index,0.8,1
2023,44758.0886145669,19781.0397425134,101273.06362587,10.709027458533,0.416613925477284,index,0.8,1
2024,31017.8812360545,13610.3075821876,70689.7291309663,10.3423191312403,0.420281414672805,index,0.8,1
2025,26431.6325419723,12521.0863396202,55796.3726057205,10.1823167742103,0.381204639918644,index,0.8,1
2003,8937.28344989454,3990.96921025326,20013.9442966762,9.0979869573263,0.411332847675508,index,0.8,1
2004,8484.90662124593,2708.23291691851,26583.2528367535,9.04604417245113,0.582659957247505,index,0.8,1
2005,9824.19219963016,3777.42916198446,25550.3804933222,9.19260321449015,0.48766420234077,index,0.8,1
2006,4785.20782966399,1597.67197942895,14332.2373227463,8.47328473652044,0.559694927744302,index,0.8,1
2007,4601.27484243571,1752.81248898753,12078.7193773711,8.43408868374102,0.492413012654205,index,0.8,1
2008,4551.13184719803,1658.45790030393,12489.1931756509,8.42313123863589,0.515054242187049,index,0.8,1
2009,3983.66529651519,1882.48082101398,8430.14654784715,8.28995760325641,0.382462043990342,index,0.8,1
2010,11129.6974409533,4965.6612971676,24945.3512259924,9.31737225979887,0.411778229997565,index,0.8,1
2011,7866.26138870451,3013.91192100736,20530.8150527311,8.97033818263345,0.489470232478797,index,0.8,1
2012,8590.84061722544,3361.93437343275,21952.4042746894,9.05845187017,0.478672100043441,index,0.8,1
2013,7006.43817680335,2859.12783164064,17169.6331245177,8.85458474487954,0.457310873370818,index,0.8,1
2014,5252.783461106,1958.27717043063,14089.8002110708,8.56651339815609,0.503424060306739,index,0.8,1
2015,4842.00154713455,2078.54679641846,11279.5049997678,8.48508345702182,0.431466695683437,index,0.8,1
2016,8093.32020430318,2243.54041056993,29195.7442000087,8.9987943343009391,0.654595649143726,index,0.8,1
2017,16428.8674482428,5909.61519308583,45672.6329571712,9.70679527671643,0.521672483603847,index,0.8,1
2018,23502.2720430659,7813.14116360697,70695.8673368289,10.0648523781424,0.56189298742752,index,0.8,1
2019,16601.9508222164,5870.26286720304,46952.7135902547,9.7172754868504,0.530428518975714,index,0.8,1
2021,5094.47929558509,1943.92291865453,13351.2080361235,8.53591274133406,0.491564853026501,index,0.8,1
2022,17321.2235346108,7033.57077085091,42656.1123091762,9.75968782249725,0.459823772523941,index,0.8,1
2023,26194.3130908675,8590.05545752382,79876.3223002729,10.1732976085883,0.568855931215572,index,0.8,1
2024,19013.9522382144,6095.59511352358,59310.103933087,9.85292831698853,0.580422216523559,index,0.8,1
2025,22120.8515505579,9617.8986794808,50877.2331284566,10.004275951756,0.424954168041974,index,0.8,1
2003,2740.29022632818,1241.22663283945,6049.81421268058,7.91581911579036,0.404070550460151,index,0.8,1
2004,2261.71871776858,821.521737059468,6226.70262702307,7.72388029782472,0.516704341752905,index,0.8,1
2005,2324.95970697456,830.90469925637,6505.4844964686,7.75145798753776,0.524980504426065,index,0.8,1
2006,1149.94291757383,475.171044966198,2782.93201508581,7.04746758323302,0.450922953851433,index,0.8,1
2007,1342.60998817935,577.250917711563,3122.73488885066,7.20237075090745,0.430667971214296,index,0.8,1
2008,1094.53822673987,445.058993419229,2691.80928260982,6.99808784256578,0.459131395680139,index,0.8,1
2009,637.789974773389,288.285177630344,1411.01965513826,6.45800903600367,0.405139508659616,index,0.8,1
2010,2136.95708694626,830.550567443578,5498.2631647652,7.66713817413777,0.482176900413025,index,0.8,1
2011,2757.9566643738,1184.16412233139,6423.37056082097,7.92224534552995,0.431361458438676,index,0.8,1
2012,2248.82524386404,995.770953044298,5078.69300864732,7.71816324501137,0.415643341980778,index,0.8,1
2013,2107.48148929408,908.379870885742,4889.45029504716,7.65324890658433,0.429388632701002,index,0.8,1
2014,1879.79574902669,842.877239266855,4192.34485573774,7.53891840578706,0.409240725014174,index,0.8,1
2015,1031.86717431101,435.223795489256,2446.44221307719,6.93912523069507,0.440449348213621,index,0.8,1
2016,2717.10537333523,1377.79830669178,5358.30358765185,7.90732239164642,0.346475916312131,index,0.8,1
2017,3571.91267451851,1602.0290330178,7964.00058390466,8.18085649447429,0.409104580672167,index,0.8,1
2018,6319.10282492407,2777.01840181965,14379.1126791952,8.75133251898226,0.419497200801815,index,0.8,1
2019,2377.26595162275,687.844267462732,8216.09435750807,7.77370634651283,0.632738101014056,index,0.8,1
2021,1403.48843871329,619.856353968726,3177.80044520001,7.24671615829975,0.41696092412801,index,0.8,1
2022,3890.25156196357,1717.56798364856,8811.32936770939,8.26622910340679,0.417132408366754,index,0.8,1
2023,18386.5497417183,7374.25633630321,45843.973410633604,9.81937468399402,0.466143434691816,index,0.8,1
2024,11863.7141442104,4848.52262930913,29028.9896647533,9.38123978914199,0.456544340195028,index,0.8,1
2025,4231.84848250738,1842.45832100431,9719.916795262,8.35039417008703,0.424261962837914,index,0.8,1
2003,45.761129226697,17.0194519578316,123.040445326376,3.82343502392391,0.504640957176364,index,0.8,1
2004,36.0225428422859,9.83184908022096,131.981642744578,3.58414493254442,0.662521311869256,index,0.8,1
2005,48.2753404594759,16.0890180150054,144.850884889604,3.8769208807905,0.56061435877386,index,0.8,1
2006,15.9095190009147,4.95966019476155,51.034301726519,2.76691760939204,0.594694795065963,index,0.8,1
2007,24.33621375216,9.64427600139717,61.4096174461436,3.19196551885115,0.472254055313018,index,0.8,1
2008,16.7449842003703,5.97985010351144,46.8898870401448,2.81809876270259,0.525368460583367,index,0.8,1
2009,10.5145786053106,3.40356324860913,32.4825352643099,2.35276273277488,0.575490082744682,index,0.8,1
2010,34.5949017356062,11.9607620577904,100.061118205819,3.54370632252489,0.541884885234227,index,0.8,1
2011,40.9904276465084,14.4312485168634,116.428953231611,3.71333856740909,0.532633601584253,index,0.8,1
2012,36.2359691886479,11.1345922196264,117.924881050084,3.59005224950995,0.602049619419675,index,0.8,1
2013,35.7310227447712,11.6592007536018,109.502015907305,3.57601929588457,0.571400123751612,index,0.8,1
2014,36.5047711519069,11.6889447420511,114.005014675025,3.59744296853639,0.581030812938791,index,0.8,1
2015,29.9629277547945,10.9095476249052,82.2927833954835,3.39996087599717,0.515480156392067,index,0.8,1
2016,40.3735487260987,12.0111416969816,135.709283751793,3.69817483603236,0.618552254952,index,0.8,1
2017,80.4761335478226,28.3931840096899,228.09728097408,4.38796066279953,0.531546270397505,index,0.8,1
2018,61.6393576678911,18.5488757211728,204.83238287986,4.12130058969501,0.612710957943009,index,0.8,1
2019,42.0989986445715,10.1885577621015,173.95255817935,3.74002395524089,0.723869756712909,index,0.8,1
2021,22.1239967789986,7.14365327238755,68.5183357609333,3.09666284654386,0.576764954440244,index,0.8,1
2022,103.557372120047,38.3010123918572,279.995975320222,4.6401257791273,0.507483534354693,index,0.8,1
2023,177.225781981126,56.5139221038661,555.774163773232,5.17742452409488,0.583142096688272,index,0.8,1
2024,140.214853629677,46.302225839279,424.606049105175,4.94317591499201,0.565309306452834,index,0.8,1
2025,78.9325089069936,25.3118027756109,246.143706854252,4.36859316969674,0.580277177972464,index,0.8,1
2003,11708.7853639694,5889.2158260197,23279.1017937885,9.36809472482149,0.350627153845267,index,0.8,1
2004,10771.4213042964,3984.83590511616,29116.259659698,9.28465173027306,0.507356423831904,index,0.8,1
2005,12184.5699900033,5155.84462783954,28795.2327034146,9.40792567532608,0.43880369881723,index,0.8,1
2006,5946.13090468231,2286.03171141826,15466.308957579,8.69049601890304,0.487724932791221,index,0.8,1
2007,5960.89137767463,2649.41128409579,13411.3666042463,8.69297530888893,0.413723199982397,index,0.8,1
2008,5657.53953037206,2353.21686656602,13601.701565411,8.6407443647342,0.447562210931801,index,0.8,1
2009,4628.39564289706,2322.14512378863,9225.1108717262,8.43996557361747,0.351903871333736,index,0.8,1
2010,13289.2801626321,6389.43723380939,27640.1443160644,9.49471298640532,0.373635188460033,index,0.8,1
2011,10652.2683702619,4828.58666973591,23499.8000850399,9.27352814097074,0.40369060775952,index,0.8,1
2012,10864.7294926714,4822.70241521116,24476.3903691444,9.29327699524957,0.414388878913155,index,0.8,1
2013,9137.8116055906,4225.72306908546,19759.8374465503,9.1201762053196,0.3934921996744,index,0.8,1
2014,7157.4797772739,3158.04442751434,16221.9113562019,8.87591321157867,0.417459175307305,index,0.8,1
2015,5894.91202372712,2785.11477360274,12477.039760387,8.68184488898006,0.382558318435792,index,0.8,1
2016,10838.0844096971,3973.13097872763,29564.6114614969,9.29082154440511,0.512005235728267,index,0.8,1
2017,20054.4245224127,8326.88610544466,48298.9604796175,9.90620508282424,0.448457339704614,index,0.8,1
2018,29864.1751041067,11919.8486978526,74822.1707553565,10.3044148839615,0.468607915145636,index,0.8,1
2019,19007.2428013213,7029.53086912901,51393.9387470307,9.85257538557983,0.507509394839134,index,0.8,1
2021,6513.06913095378,2875.2177670573,14753.6892650739,8.78156607279282,0.417192552422515,index,0.8,1
2022,21283.1552297658,9696.57530210501,46714.7093093759,9.96567120453983,0.401100821356383,index,0.8,1
2023,44697.9590228309,19749.1287053816,101164.338468372,10.7076831201147,0.416751773698285,index,0.8,1
2024,30972.5772483232,13585.5383859901,70611.8899485511,10.3408574870807,0.420465039965103,index,0.8,1
2025,26406.5556823476,12506.5469059581,55755.2926677729,10.1813675796088,0.381313150061592,index,0.8,1
2003,14.5494414800238,3.6068292975442,58.690398108047,2.67755260662807,0.711606714284196,index,0.8,1
2004,11.2265775603973,2.42574066159277,51.9577569503495,2.41828396365528,0.78172204720278,index,0.8,1
2005,12.8572570608894,3.01704573269021,54.7916981630867,2.55390840374912,0.739620879153257,index,0.8,1
2006,4.92936155642893,1.10757852402727,21.9384944966676,1.59520947792997,0.761765709587973,index,0.8,1
2007,7.32966669259396,1.82147444197845,29.4947942097762,1.99193004318583,0.710361898537254,index,0.8,1
2008,4.8755277662181,1.13220594580208,20.9950946533176,1.58422835832719,0.744942496744753,index,0.8,1
2009,3.57420699683566,0.859938370459176,14.855664190688,1.27374333247353,0.726869421208815,index,0.8,1
2010,11.9692670030737,2.96729853311343,48.2807344768743,2.48234228152726,0.711589773305715,index,0.8,1
2011,12.9401104628905,3.23884824626278,51.699383873579,2.56033182558118,0.70670382182984,index,0.8,1
2012,11.1723376067065,2.7595902113095,45.2317619792531,2.41344086662979,0.713461412106248,index,0.8,1
2013,11.8390832515827,2.7750562986829,50.50848600961,2.47140619838236,0.740184602890317,index,0.8,1
2014,11.6042040107073,2.94594456747868,45.7094652114801,2.45136744717212,0.699470988406507,index,0.8,1
2015,8.91962547324171,2.26135282546867,35.1823553082273,2.18825395840569,0.700161196681446,index,0.8,1
2016,12.7147166674093,2.94306733337846,54.9304523545904,2.5427601152919,0.746599314416528,index,0.8,1
2017,26.8317338963945,7.91742310225634,90.9313465490749,3.28958528763433,0.622725473659202,index,0.8,1
2018,18.8391215511641,4.89881911438841,72.4485825118782,2.93593564126519,0.687227659733119,index,0.8,1
2019,14.0729711624473,2.6183118316731,75.6397748134224,2.64425601887194,0.858039362506591,index,0.8,1
2021,7.02260012360838,1.7290831860591,28.5220010776386,1.94913353743943,0.715085700917491,index,0.8,1
2022,31.8772389285951,8.11489234294429,125.221422388218,3.46189224190892,0.69806961671212,index,0.8,1
2023,60.1295917360188,14.4362642242785,250.450375953894,4.09650209533973,0.727951491369449,index,0.8,1
2024,45.303987731287,11.3214671229397,181.288456881874,3.81339505800286,0.707510137973893,index,0.8,1
2025,25.0768596246841,6.48711074792702,96.9382076353578,3.22194549359796,0.689874027222436,index,0.8,1
2003,11720.4466422444,5896.11294711753,23298.2086207923,9.36909017181138,0.350537860378172,index,0.8,1
2004,10780.416915467,3988.96087789668,29134.7527410617,9.28548651861931,0.507254460847532,index,0.8,1
2005,12194.8695192416,5161.25175569802,28813.7160577656,9.40877061106359,0.438699996773655,index,0.8,1
2006,5950.08322472244,2287.94247833385,15473.9425122721,8.69116048579016,0.487637671780557,index,0.8,1
2007,5966.76416315756,2652.7226656782,13421.0315459567,8.69396004322124,0.413588329714279,index,0.8,1
2008,5661.44737068435,2355.2911958529,13608.502586629,8.64143485770883,0.447464961487271,index,0.8,1
2009,4631.25949158594,2323.84505418238,9229.7739213733,8.44058413850755,0.351846105457298,index,0.8,1
2010,13298.8527006936,6395.07775261482,27655.5641692441,9.49543304738322,0.373552361612009,index,0.8,1
2011,10662.5781625062,4834.47465779383,23516.6344058232,9.27449552237154,0.403562402498465,index,0.8,1
2012,10873.5879916871,4827.58586645604,24491.5200026795,9.29409200768209,0.414288330296794,index,0.8,1
2013,9147.27518305745,4230.84093968001,19776.8350234663,9.1212113197187,0.393402771587815,index,0.8,1
2014,7166.76715450846,3163.18247529667,16237.6188689918,8.87720994690866,0.41729135899478,index,0.8,1
2015,5902.03893670587,2789.35782792207,12488.2018583975,8.68305315268645,0.382398084597193,index,0.8,1
2016,10848.2730992142,3978.03871205938,29583.681244321,9.29176118493834,0.511854810571377,index,0.8,1
2017,20076.1416009398,8339.56197502416,48330.0517207102,9.90728740399461,0.448233456293623,index,0.8,1
2018,29879.1816431887,11927.8880748612,74846.9041680755,10.3049172507589,0.468520230472032,index,0.8,1
2019,19018.5270508388,7034.17965521502,51420.9742873607,9.85316889097855,0.507474905223648,index,0.8,1
2021,6518.69110748794,2878.38643793362,14762.9009068526,8.78242888438236,0.417070792786756,index,0.8,1
2022,21308.7608290393,9711.27434925274,46756.3032141231,9.96687357366184,0.400941438860418,index,0.8,1
2023,44746.054565179,19774.8510014772,101250.29002749,10.7087585536749,0.416636378117155,index,0.8,1
2024,31008.80539285,13605.5333191555,70673.158437521,10.3420264880648,0.420311109735598,index,0.8,1
2025,26426.6353804341,12518.322682578,55787.590337669,10.1821276964463,0.381220796760002,index,0.8,1
2003,2.88816320494846,0.286039515360454,29.1620082208104,1.06062073084262,1.17973904683535,index,0.8,1
2004,2.23096638974334,0.206183937507678,24.1396642838829,0.802434850228597,1.21503327463225,index,0.8,1
2005,2.55772782265618,0.249132202446287,26.2590365699511,0.939119295093706,1.18823146922966,index,0.8,1
2006,0.977041516295501,0.0924419657091269,10.3265883329303,-0.0232261341927456,1.20305684875115,index,0.8,1
2007,1.45688120965928,0.147434034116774,14.3962882910549,0.376297993113193,1.16873189545648,index,0.8,1
2008,0.967687453926341,0.0934708788239962,10.0182968242944,-0.0328461220172086,1.19250110922791,index,0.8,1
2009,0.710358307953503,0.0703833226905223,7.16943881574539,-0.341985777154907,1.1795181842946,index,0.8,1
2010,2.39672894160607,0.241485298750311,23.7874092098318,0.874104866707546,1.17096618473247,index,0.8,1
2011,2.63031821859301,0.264887648504215,26.1188997302462,0.96710483453303,1.17122271809299,index,0.8,1
2012,2.31383859105339,0.227847522565717,23.4975081807341,0.838907873120548,1.18266790911929,index,0.8,1
2013,2.37550578473757,0.230559648413085,24.4753484495745,0.865210376808183,1.19005046361274,index,0.8,1
2014,2.31682677614967,0.232589924340085,23.0778969721647,0.840198480527516,1.17281585581953,index,0.8,1
2015,1.7927124944935,0.183201333884733,17.5425474245465,0.583729832905455,1.16374555687518,index,0.8,1
2016,2.52602715033277,0.244010421667897,26.1497567218778,0.926647772220803,1.19246686852598,index,0.8,1
2017,5.1146553693017,0.58121628457865,45.0085454258926,1.63211002065309,1.10958281202924,index,0.8,1
2018,3.83258246907291,0.369589528696173,39.7432482301739,1.34353884988141,1.19333882632337,index,0.8,1
2019,2.78872164488198,0.233360985413062,33.3259152075811,1.02558329903276,1.26571306887064,index,0.8,1
2021,1.400623589447,0.140957199433265,13.9173199184066,0.336917558484283,1.17156058039835,index,0.8,1
2022,6.27163965517873,0.697360417042039,56.4033504098919,1.83603782846056,1.12067912983883,index,0.8,1
2023,12.0340493878616,1.1907342330595,121.621047458586,2.4877400808168,1.18021044245515,index,0.8,1
2024,9.07584320441937,0.919060028359736,89.6251902263819,2.20561629092211,1.16839908719186,index,0.8,1
2025,4.99716153821123,0.500939295838631,49.8495998345912,1.60887005887803,1.17356259005291,index,0.8,1
2003,13661.3688715224,6772.11092056124,27559.0582660352,9.52232733831801,0.358046995477023,index,0.8,2
2004,5655.64404769988,2030.14393772966,15755.6855944184,8.64040927202102,0.52273781829401,index,0.8,2
2005,7695.7388100441,3571.48162544298,16582.5844967278,8.94842205336579,0.391683852158753,index,0.8,2
2006,6181.67115551618,2693.83594509884,14185.3695079189,8.72934392741054,0.423794761151823,index,0.8,2
2007,6111.06256165926,2888.2142572602,12930.1645605543,8.71785594239107,0.382385728635763,index,0.8,2
2008,4103.60697747443,1803.61050788706,9336.60019829027,8.31962161654217,0.419434158195626,index,0.8,2
2009,4863.51188124746,2465.1664929683,9595.19281415908,8.48951606524831,0.346690777803024,index,0.8,2
2010,7686.68049511378,3644.76607930157,16210.9325395403,8.94724430417073,0.380719668038715,index,0.8,2
2011,8834.99492283675,4109.45212615758,18994.5357410785,9.08647581008886,0.390533101709953,index,0.8,2
2012,10541.2380983723,4740.56509549863,23439.7584271305,9.26305028183542,0.407731296134079,index,0.8,2
2013,8108.25933688789,4199.94001149519,15653.5258347237,9.00063849236968,0.33562503003438,index,0.8,2
2014,5785.90598603419,2425.94168543711,13799.4694102445,8.66318023687904,0.443480182212663,index,0.8,2
2015,7100.15080020241,3970.34394299273,12697.1723632627,8.86787130226898,0.296568356056934,index,0.8,2
2016,12243.8141541357,5355.8545497818,27990.1150502901,9.41277612142476,0.421860084167444,index,0.8,2
2017,10027.3461380507,4338.27267619657,23176.8904531912,9.21307125352756,0.427477093018859,index,0.8,2
2018,14581.6024885777,6587.6877559646,32275.8362283312,9.58751590957632,0.405394293745212,index,0.8,2
2019,13584.7031098084,3972.43128687088,46456.2242250905,9.51669966735652,0.627341153202021,index,0.8,2
2021,6630.13603035005,3863.43056098374,11378.1529361182,8.79938060036763,0.275550872618639,index,0.8,2
2022,16246.6858019154,8004.42751940258,32976.0996531404,9.69564421630576,0.361177100392475,index,0.8,2
2023,40231.3738881814,19290.5047719399,83904.6704099219,10.6024024151979,0.375024310596285,index,0.8,2
2024,18774.1530974657,8926.13615555346,39487.2785250751,9.84023636762377,0.379342413738425,index,0.8,2
2025,10114.8464576661,5222.57051511537,19589.9928140848,9.22175956981942,0.337258531033029,index,0.8,2
2003,10793.0067708893,4906.72544887007,23740.6792718119,9.28665368216595,0.402196981563064,index,0.8,2
2004,4265.60242155362,1285.26812046842,14156.8624701691,8.35833869767778,0.612060261063513,index,0.8,2
2005,6087.25042085293,2653.47141302581,13964.5814551739,8.71395176792252,0.423644386106407,index,0.8,2
2006,5118.52366247081,2097.00063764536,12493.6940947675,8.54062132927984,0.455293057087649,index,0.8,2
2007,4786.50419175671,2039.3556168098,11234.2458514146,8.47355561013171,0.435297002411622,index,0.8,2
2008,3207.81139427635,1257.59586343567,8182.3217143363,8.0733441749502,0.477757269990457,index,0.8,2
2009,4141.88600192334,1987.02014487363,8633.6415346305,8.32890651910535,0.37475950785968,index,0.8,2
2010,6292.30558675185,2807.75957809777,14101.3176149122,8.74708283050546,0.411711998652007,index,0.8,2
2011,6513.97209741302,2638.1834672468,16083.730723306,8.78170470234727,0.461160934976796,index,0.8,2
2012,7772.38444523919,3131.77048073959,19289.3956744652,8.95833227469331,0.463773063918217,index,0.8,2
2013,6200.00740476859,2949.33898865463,13033.4600285199,8.73230576534998,0.379072992476835,index,0.8,2
2014,4411.85799631145,1601.69839987631,12152.4070830816,8.39205119406926,0.516964269192494,index,0.8,2
2015,6015.99484859956,3205.3379821614,11291.2255181189,8.70217700934599,0.321232530732639,index,0.8,2
2016,8356.19701916665,2763.40368106926,25268.1246324864,9.03075870056588,0.564571743456853,index,0.8,2
2017,7318.2623130078,2610.10832358045,20519.0576950932,8.89812818984078,0.526020475493428,index,0.8,2
2018,11044.4291419541,4327.00956886992,28190.2346482454,9.30968142977014,0.47809525353842097,index,0.8,2
2019,11176.2608927487,3102.06153724006,40266.3860930101,9.32154724468265,0.653953375331934,index,0.8,2
2021,3780.81596277261,1843.3961886643,7754.47482872027,8.23769512848589,0.366501747048504,index,0.8,2
2022,12803.5126267574,5654.15239849881,28992.8399572429,9.45747483622576,0.41701243016677503,index,0.8,2
2023,26982.6627153188,10877.6222299394,66932.2827929016,10.2029498170832,0.463522224268445,index,0.8,2
2024,12484.9633311548,4849.05281591539,32145.3107024686,9.43228026567751,0.482530089310876,index,0.8,2
2025,7455.41707632286,3416.9290042714,16267.0174628866,8.91669617148542,0.398067874180689,index,0.8,2
2003,2788.39188130392,1379.42562694654,5636.49763483986,7.93322032201136,0.359087130380745,index,0.8,2
2004,1358.96121896198,573.142152683263,3222.19467892327,7.21447587729216,0.440488760606455,index,0.8,2
2005,1575.01825484623,627.768259634879,3951.5895635464,7.36202214157113,0.469320387405597,index,0.8,2
2006,1038.85724283205,402.884768266118,2678.74205229758,6.94587658303747,0.483287450316981,index,0.8,2
2007,1291.8640329564,591.229741122646,2822.78201444568,7.16384144115483,0.398801596655446,index,0.8,2
2008,873.792924774185,390.140263996028,1957.02455205495,6.77284341940763,0.411404036008505,index,0.8,2
2009,705.03992219412,345.890040772922,1437.10784727053,6.55825442843471,0.363340097439569,index,0.8,2
2010,1359.6352296899,532.765832376585,3469.83204528633,7.21497172929113,0.478013753279987,index,0.8,2
2011,2272.29578737708,1076.79397402608,4795.09383399143,7.72854595947341,0.381028734546178,index,0.8,2
2012,2700.32554607159,1128.90110104151,6459.16462304764,7.90112761734323,0.444971266121722,index,0.8,2
2013,1858.66754436199,862.218187548341,4006.69469787882,7.52761513598985,0.391898415281247,index,0.8,2
2014,1339.14612419253,617.196368018592,2905.57824845438,7.19978746908168,0.395211462725909,index,0.8,2
2015,1038.56665090918,484.013122235349,2228.49472220764,6.94559682123668,0.389540220561875,index,0.8,2
2016,3819.30319659865,2122.33900046419,6873.11353386912,8.24782327569466,0.299775515646118,index,0.8,2
2017,2654.39439407742,1187.8234722374,5931.69756616955,7.88397180749808,0.410259534028066,index,0.8,2
2018,3475.31822956704,1694.48944794773,7127.71437519958,8.15344133065981,0.366488656186801,index,0.8,2
2019,2360.37134988978,615.817785428149,9047.08022602339,7.7665742372894,0.685534597058358,index,0.8,2
2021,2812.76197072683,1433.35822837749,5519.64592474749,7.94192218732225,0.34395877227422,index,0.8,2
2022,3311.43453886636,1671.03532611634,6562.15852161681,8.10513676991034,0.348954422749219,index,0.8,2
2023,13000.5510386393,5909.11752353258,28602.2957971607,9.47274702313298,0.402300883741148,index,0.8,2
2024,6160.29343779597,2972.92801491596,12764.9290697087,8.72587969139885,0.371729831458805,index,0.8,2
2025,2597.8900497455,1389.23502198999,4858.09283795561,7.86245487522085,0.31936624826802,index,0.8,2
2003,79.9702193291427,29.7362206397842,215.065527560519,4.38165430698281,0.504748282041757,index,0.8,2
2004,31.0804071842826,9.2071766243418,104.917256413538,3.43657762658102,0.620722823661011,index,0.8,2
2005,33.4701343449234,11.5429590426292,97.0504953651857,3.51065352910593,0.543161962729856,index,0.8,2
2006,24.2902502133175,7.50650531392922,78.6006577962083,3.19007504404449,0.599146225913802,index,0.8,2
2007,32.6943369461465,13.6278881145938,78.436193440969,3.48720188083043,0.446479424077787,index,0.8,2
2008,22.0026584238941,8.40283602253903,57.6135219609193,3.09116328350779,0.491128418941315,index,0.8,2
2009,16.5859571300026,6.31676448354192,43.5498227985278,2.80855638131583,0.492534179540446,index,0.8,2
2010,34.7396786720332,12.3074581271842,98.0580442983987,3.54788251126049,0.529436810584562,index,0.8,2
2011,48.7270380466279,17.9537392372135,132.246781877959,3.88623407205357,0.509415312035468,index,0.8,2
2012,68.5281070614683,23.6441516122385,198.615773339793,4.22724398317433,0.542932521380088,index,0.8,2
2013,49.584387757301,18.8822009254708,130.207888316127,3.90367602122498,0.492588792689552,index,0.8,2
2014,34.9018655302049,11.9139740692088,102.244659121488,3.55254028136732,0.548391851655847,index,0.8,2
2015,45.5893006936519,17.7781247294103,116.906837440393,3.81967305507836,0.480470206988443,index,0.8,2
2016,68.3139383703641,22.4039324532094,208.302456964486,4.22411382145692,0.568825412533717,index,0.8,2
2017,54.6894309654894,19.682609797675,151.958195080529,4.00167047257772,0.521404977916009,index,0.8,2
2018,61.8551170565463,19.853211446431,192.71720932418,4.12479482874767,0.579821393632725,index,0.8,2
2019,48.0708671698582,11.0220137377283,209.653909480467,3.87267632147393,0.751433093280882,index,0.8,2
2021,36.558096850609,13.3046170408277,100.453432160973,3.59890268972251,0.515719460552392,index,0.8,2
2022,131.738636291606,56.2901546895322,308.314453703207,4.88081993164543,0.433834647370255,index,0.8,2
2023,248.160134223306,87.1037558975977,707.012591858022,5.51407424030214,0.534180344108452,index,0.8,2
2024,128.896328514905,45.683106914854,363.685060553976,4.85900842633472,0.529234137314912,index,0.8,2
2025,61.5393315977757,21.2518779199913,178.200220599731,4.1196765085703,0.542474888715135,index,0.8,2
2003,13638.8797661074,6759.4693287369,27519.7700037636,9.52067979944021,0.358159711447706,index,0.8,2
2004,5647.501453854,2026.55436924095,15738.177645453,8.63896850577533,0.522905644703936,index,0.8,2
2005,7686.94968313589,3566.91017999066,16565.9331043816,8.94727932361883,0.391754300313847,index,0.8,2
2006,6175.41503923647,2690.68724837651,14173.2380564995,8.72833137206931,0.42387485483856,index,0.8,2
2007,6101.99036291423,2883.03855911084,12914.9456816774,8.71637028594306,0.382542852654414,index,0.8,2
2008,4098.43992029229,1800.86650212922,9327.29314493085,8.31836167303536,0.419568145841888,index,0.8,2
2009,4858.79361934745,2462.39425853139,9587.36617973261,8.48854545960953,0.346769651659021,index,0.8,2
2010,7676.98238406145,3639.35571374443,16194.0912515397,8.94598183018692,0.380833470833656,index,0.8,2
2011,8821.99512600705,4102.34565824277,18971.4871653769,9.0850033281831,0.390664896578394,index,0.8,2
2012,10522.9681560314,4730.70678312918,23407.2547484342,9.26131559060598,0.407908360041528,index,0.8,2
2013,8094.45358119064,4192.09666221898,15629.4532443745,8.99893436305404,0.335709270054764,index,0.8,2
2014,5776.53043358901,2421.05172935082,13782.5654221472,8.66155851042629,0.443682227653324,index,0.8,2
2015,7088.21688882702,3962.72835943151,12678.8450042184,8.86618909125624,0.296689658165977,index,0.8,2
2016,12225.5566593035,5346.35359264827,27956.2945173263,9.41128384780976,0.4220045971696,index,0.8,2
2017,10012.3863327932,4330.0020539275,23151.9243706073,9.21157823878216,0.427688952475468,index,0.8,2
2018,14565.5943856044,6579.20063662047,32246.5526625021,9.58641747773384,0.405491606406744,index,0.8,2
2019,13571.2141138725,3968.08011625925,46414.8523034857,9.5157062192668,0.627393447112193,index,0.8,2
2021,6619.56861495285,3856.7919600648,11361.4343479736,8.79778548290339,0.27561448510691,index,0.8,2
2022,16208.4057225093,7981.50456758425,32915.1494985597,9.6932852584129,0.361436765688002,index,0.8,2
2023,40163.5340333409,19253.4642633386,83782.8166393372,10.6007147493321,0.375143864823628,index,0.8,2
2024,18738.3859792323,8906.20908664059,39424.9793251971,9.83832942504123,0.379509760510207,index,0.8,2
2025,10098.1703373704,5212.92718885112,19561.5707774772,9.22010953170305,0.337359624704329,index,0.8,2
2003,22.4891054149665,5.60407960962194,90.2485149384939,3.1130309881666,0.708960044621406,index,0.8,2
2004,8.14259384587378,1.82814066655108,36.2673593733599,2.0971087835392,0.762161638776771,index,0.8,2
2005,8.78912690821304,2.04904690561376,37.6998455218555,2.1735153789154,0.742942538461167,index,0.8,2
2006,6.2561162797199,1.45522690394032,26.8954558216315,1.83355958998202,0.744094159533289,index,0.8,2
2007,9.07219874503411,2.3204459056527,35.4693853749835,2.20521465426683,0.695653235007984,index,0.8,2
2008,5.16705718213621,1.2595441844541,21.1969379502449,1.64230331604006,0.720193549489138,index,0.8,2
2009,4.71826190000876,1.20577055415784,18.4628785968513,1.55144049025634,0.696095272369247,index,0.8,2
2010,9.69811105233119,2.41193345815783,38.9950052996835,2.27193112967258,0.709963269729756,index,0.8,2
2011,12.9997968296969,3.27211571808253,51.646925773282,2.56493372885456,0.703837904909773,index,0.8,2
2012,18.2699423408807,4.72090160318554,70.7048824982655,2.90525721443971,0.690450144050634,index,0.8,2
2013,13.8057556972542,3.37323380246289,56.5033144850808,2.62508558472085,0.718999801159292,index,0.8,2
2014,9.37555244517842,2.34159512911807,37.5389334215936,2.23810549760602,0.707805414949675,index,0.8,2
2015,11.9339113753851,3.12287456620144,45.6048546608068,2.47938404284349,0.684007533018316,index,0.8,2
2016,18.2574948321603,4.44798680522291,74.9408962173516,2.90457567145911,0.720484708956679,index,0.8,2
2017,14.9598052575165,4.02643423389427,55.5816288911215,2.70536695491591,0.669647904995582,index,0.8,2
2018,16.0081029733633,4.02764444494985,63.6251199201854,2.77309502987964,0.704050350246473,index,0.8,2
2019,13.4889959359446,2.32278020557601,78.3341492764309,2.60187423720086,0.897521290386676,index,0.8,2
2021,10.567415397209,2.74081109505197,40.7435114294344,2.35777524748487,0.688543953584394,index,0.8,2
2022,38.2800794060663,10.2287077212271,143.259981541339,3.64492964093125,0.673344715422141,index,0.8,2
2023,67.8398548404994,16.8046089651258,273.868074784183,4.21714985174815,0.712001174924333,index,0.8,2
2024,35.7671182334863,9.12077239894485,140.260790508947,3.57702898624261,0.697193674809549,index,0.8,2
2025,16.6761202957823,4.22009962889611,65.8972565991639,2.81397777369979,0.701094024189362,index,0.8,2
2003,13656.6687716591,6769.53347917021,27550.5841743279,9.52198323600942,0.35806565224277,index,0.8,2
2004,5653.94880362705,2029.41496187573,15751.8978003835,8.64010948331814,0.522768100343212,index,0.8,2
2005,7693.90929989104,3570.54351154746,16579.0558562034,8.94818429482205,0.391696578896851,index,0.8,2
2006,6180.37019059581,2693.19385121575,14182.7799270975,8.72913345004863,0.423809000068187,index,0.8,2
2007,6109.1713718463,2887.15784489083,12926.8910311336,8.71754642461288,0.382414461690091,index,0.8,2
2008,4102.53143509657,1803.0528000436,9334.5930721211,8.3193594853594,0.419458206640378,index,0.8,2
2009,4862.52163088898,2464.60001393646,9593.49041514402,8.48931243642868,0.346704140805663,index,0.8,2
2010,7684.6549180902,3643.65774200073,16207.318412322,8.9469807516581,0.380740374458709,index,0.8,2
2011,8832.25626835071,4107.98835247505,18989.5257962016,9.08616578398708,0.390556690994343,index,0.8,2
2012,10537.2784989992,4738.50395803146,23432.3404916175,9.26267458182813,0.407761491501953,index,0.8,2
2013,8105.36881229454,4198.32099902414,15648.3993478792,9.00028193742746,0.335639828286779,index,0.8,2
2014,5783.95183456169,2424.94720232211,13795.805035464,8.66284243644599,0.443517030112023,index,0.8,2
2015,7097.64805864694,3968.77204083278,12693.2480490474,8.86751874880541,0.296590517565342,index,0.8,2
2016,12240.0085473772,5353.91471474305,27982.8531499229,9.4124652543812,0.421886303120829,index,0.8,2
2017,10024.2953381554,4336.625649861,23171.5866528124,9.21276695924596,0.427515577430409,index,0.8,2
2018,14578.2523848248,6585.97770174926,32269.3838667571,9.58728613451179,0.405409519538858,index,0.8,2
2019,13581.9011448474,3971.53858240284,46447.5001012835,9.51649338725286,0.627350576901858,index,0.8,2
2021,6627.92170924952,3862.05276131657,11374.6105759999,8.79904656635381,0.27556243179087,index,0.8,2
2022,16238.752756237,7999.72976096847,32963.2498793646,9.69515581004202,0.361227438572389,index,0.8,2
2023,40217.2862123279,19282.9464364368,83878.7845838757,10.6020521874631,0.375045568850473,index,0.8,2
2024,18766.6795930197,8922.0563225888909,39473.8892261181,9.83983821425267,0.379372525042961,index,0.8,2
2025,10111.3657940376,5220.58562251452,19583.9558267006,9.22141539626684,0.337276877879335,index,0.8,2
2003,4.70009986323909,0.536529601620444,41.1737556654849,1.54758375598797,1.10727407039398,index,0.8,2
2004,1.69524407282886,0.183073753688767,15.6977852289358,0.527826726235254,1.13557847261648,index,0.8,2
2005,1.82951015305953,0.202402099716374,16.5369203424184,0.604048255097981,1.12325901903983,index,0.8,2
2006,1.3009649203787,0.143563425201286,11.7892821356341,0.263106235583984,1.12455361778801,index,0.8,2
2007,1.89118981296012,0.223101814912356,16.0312407590641,0.637206161666975,1.09049616275108,index,0.8,2
2008,1.07554237785266,0.122455015731768,9.44666414555731,0.0728250718807143,1.1086104765059701,index,0.8,2
2009,0.990250358479116,0.114077357326955,8.59588436693492,-0.0097974804714757,1.10261261137736,index,0.8,2
2010,2.02557702358473,0.234392259521478,17.5046833323367,0.70585460988637,1.10033340981839,index,0.8,2
2011,2.738654486036,0.317768024556051,23.6028417408063,1.00746673629831,1.09894895937882,index,0.8,2
2012,3.95959937308169,0.459807219310817,34.0978273868962,1.37614285173481,1.09853590908505,index,0.8,2
2013,2.89052459334675,0.329993712128457,25.3190655387094,1.06143800584073,1.10722426627106,index,0.8,2
2014,1.95415147249715,0.226824246432847,16.8355369301021,0.669956069806078,1.09876298389417,index,0.8,2
2015,2.50274155547314,0.299426638067595,20.9190315661832,0.91738675321253,1.08332224949709,index,0.8,2
2016,3.80560675848493,0.434443408407641,33.3360859434125,1.33647544206586,1.10724740212835,index,0.8,2
2017,3.05079989536712,0.388494310694552,23.9575709228077,1.11540381701108,1.05148900022428,index,0.8,2
2018,3.35010375296074,0.37748279426753,29.7316734061462,1.20899131639044,1.11390904273877,index,0.8,2
2019,2.80196496098893,0.251118532387181,31.2641507099318,1.03032094283625,1.23071197868811,index,0.8,2
2021,2.2143211005298,0.263391491021351,18.6157036327876,0.794945855626621,1.08627488413764,index,0.8,2
2022,7.93304567842892,0.999351354922223,62.9740615510925,2.07103703233038,1.05700201851186,index,0.8,2
2023,14.0876758534545,1.61999056250636,122.508498225419,2.64530036223063,1.10353050141594,index,0.8,2
2024,7.47350444606605,0.877848339971207,63.6251914621163,2.01136402515438,1.09269633311253,index,0.8,2
2025,3.48066362859249,0.407248586151543,29.7484625051551,1.24722297347726,1.09469076656702,index,0.8,2
2003,12879.6257947934,5628.60055769029,29471.7592612361,9.46340194603702,0.422347467160115,index,0.8,3
2004,6634.71880933518,2537.60602819765,17346.8588858181,8.80007156596399,0.490363683494441,index,0.8,3
2005,8410.14950653856,3603.13568096582,19630.2945503766,9.03719453004305,0.432474662246011,index,0.8,3
2006,6713.74524457643,2401.90452692706,18766.0977793899,8.81191223290833,0.524445850276096,index,0.8,3
2007,5273.96666390225,2377.5713248365,11698.7970377146,8.57053804605561,0.406488720425027,index,0.8,3
2008,2973.36849149219,1280.69110075318,6903.24168021404,7.99745076132892,0.429750563939671,index,0.8,3
2009,4176.84297819905,1956.54148075064,8916.76329695674,8.33731097178652,0.386934318607211,index,0.8,3
2010,12749.4550593178,5858.25982611441,27746.9093441313,9.45324380922751,0.396760315440515,index,0.8,3
2011,9264.32492339353,3843.78760540674,22328.9435049646,9.13392627296644,0.448841287328786,index,0.8,3
2012,10459.4251922875,4472.92177942438,24458.1910321571,9.25525878317276,0.433406773730047,index,0.8,3
2013,11991.9804989407,5147.14305102492,27939.3043599862,9.39199341360872,0.431536664921156,index,0.8,3
2014,5489.67162095846,2478.08370751803,12161.209249925,8.61062371868158,0.405815047145403,index,0.8,3
2015,6078.28429173339,2961.19810003345,12476.5512752138,8.71247774627781,0.366909046799808,index,0.8,3
2016,15391.1769469694,6144.15324697651,38555.0812765768,9.64154969869571,0.468525691737653,index,0.8,3
2017,14850.0635475818,5638.53868553067,39110.202069397,9.60575942352012,0.494080104812335,index,0.8,3
2018,10673.1709677565,4382.08971864769,25995.9484677359,9.27548848550173,0.454195841463038,index,0.8,3
2019,13307.6787371367,4335.4752991204105,40847.727446808,9.49609649626512,0.572209479186745,index,0.8,3
2021,4684.62465469286,2557.97456805848,8579.33007989724,8.45204107506877,0.308714874289301,index,0.8,3
2022,13252.8185629531,6400.30322740207,27442.0122956964,9.49196553052461,0.37136645813849,index,0.8,3
2023,33847.5271362069,13294.0704520045,86177.9014465442,10.4296212220886,0.476818883070694,index,0.8,3
2024,24079.8760159263,9169.95255532375,63232.6531074305,10.0891317505692,0.492582703992958,index,0.8,3
2025,18931.6335147679,9068.8827355072,39520.496404063,9.84858953286116,0.37550954280725,index,0.8,3
2003,10427.0574453315,4170.86956094935,26067.3524739757,9.25215938406103,0.46749816345044,index,0.8,3
2004,5364.40709811789,1778.06029461037,16184.413769075,8.58754113602543,0.563409745157285,index,0.8,3
2005,6845.93663114431,2704.23389361931,17330.9152245398,8.83141056271429,0.473904947998662,index,0.8,3
2006,5564.31497344609,1775.30320662252,17440.1764206916,8.62412916061544,0.582869206614423,index,0.8,3
2007,4076.05512085152,1619.16523055827,10260.9820385604,8.31288491752191,0.471038712529398,index,0.8,3
2008,2185.16110391231,811.631103352672,5883.12723640957,7.68944483657928,0.505314849494176,index,0.8,3
2009,3608.38421154035,1585.78938209253,8210.69731272421,8.19101536429912,0.419486161778597,index,0.8,3
2010,10800.6514832367,4650.12291329531,25086.2342001357,9.2873617338149,0.429963412217429,index,0.8,3
2011,7315.16725574835,2587.95010568995,20677.2425256269,8.89770517795679,0.530154538459743,index,0.8,3
2012,7886.03599569916,2867.84676451813,21685.1069223401,8.97284887893377,0.516097293627576,index,0.8,3
2013,10119.7594628082,3941.99500948111,25979.1124389518,9.22224517406177,0.481030753510341,index,0.8,3
2014,4079.59527213229,1581.02226949704,10526.7951663317,8.31375306447097,0.483644673644231,index,0.8,3
2015,5067.49178943565,2297.54010019655,11176.9422582878,8.53060125808521,0.403582390496669,index,0.8,3
2016,10296.9707031571,2797.45044741253,37901.5134154549,9.23960502447033,0.664880226314433,index,0.8,3
2017,12257.3151623379,4073.40246320155,36883.6068486082,9.41387819385533,0.562073735693828,index,0.8,3
2018,8600.33698388257,3159.70589755703,23409.0762350781,9.05955666564631,0.510888180440213,index,0.8,3
2019,11468.9512652248,3576.17775636861,36781.4051999667,9.34739877309443,0.594576706037347,index,0.8,3
2021,2696.55756029107,1214.17589541644,5988.77205799655,7.8997312608469,0.407104628899457,index,0.8,3
2022,10963.9054233013,4813.73818638709,24971.6992234917,9.30236383127285,0.419974349926222,index,0.8,3
2023,23177.4371622682,7078.52577649476,75890.603548371,10.0509345483252,0.60517112372157,index,0.8,3
2024,18528.1011404311,5821.54569454835,58968.9662990233,9.8270438391462,0.590685726655158,index,0.8,3
2025,15265.40969292,6631.65417299249,35139.4579713952,9.63334474351961,0.425382915118175,index,0.8,3
2003,2392.68512414574,1051.76559540721,5443.17301146532,7.7801714971971,0.419367882912368,index,0.8,3
2004,1235.92200653374,565.087861047475,2703.12514482778,7.11957253451673,0.399288617216644,index,0.8,3
2005,1514.48341091581,596.008695398529,3848.36667593497,7.32282967690173,0.475812018845237,index,0.8,3
2006,1119.41238672282,474.910088726215,2638.57121862677,7.02055917189793,0.437474198217835,index,0.8,3
2007,1166.73605434422,529.601507293781,2570.37225491049,7.061965432193,0.402987293494109,index,0.8,3
2008,768.488456172281,332.3172007209,1777.1409544523,6.64442554161961,0.427730107075713,index,0.8,3
2009,553.055963665143,270.999359984094,1128.67756943608,6.31545919651975,0.363957063982758,index,0.8,3
2010,1887.49231766368,766.183892893029,4649.83313051299,7.54300441100294,0.459999371485868,index,0.8,3
2011,1897.93390698955,929.631240018723,3874.81934796864,7.54852115611337,0.364156265287581,index,0.8,3
2012,2494.40502960903,1203.22356506881,5171.15574559332,7.82180551466174,0.371969067839401,index,0.8,3
2013,1809.35165221366,842.272568843892,3886.80995020633,7.50072385689291,0.390119504796974,index,0.8,3
2014,1366.50765927952,676.568703983614,2760.02004212542,7.22001361038682,0.358669656933833,index,0.8,3
2015,962.422488494534,432.052330964943,2143.85383430594,6.86945353148486,0.40863343428844,index,0.8,3
2016,4999.35925500411,2787.39417319783,8966.65179288991,8.51706503420527,0.298068019891067,index,0.8,3
2017,2502.37543722515,1242.38730799871,5040.2018666101,7.82499573461594,0.357254359809334,index,0.8,3
2018,2027.31927549985,896.403190870072,4585.01652679744,7.61446964539513,0.416374663137709,index,0.8,3
2019,1778.4446842675,517.426107252984,6112.69019994178,7.48349448844066,0.629923698165799,index,0.8,3
2021,1963.04986233048,874.347941381448,4407.35842061591,7.58225459503918,0.412648499012097,index,0.8,3
2022,2192.81721906419,1169.53474056064,4111.41900232858,7.69294239750435,0.320710539274172,index,0.8,3
2023,10459.2346049079,4555.92946657292,24011.6949402189,9.25524056141463,0.424015810984122,index,0.8,3
2024,5387.63212253914,2491.27450596546,11651.2972851086,8.59186125801647,0.39353353214999,index,0.8,3
2025,3577.63888448398,1786.28090454059,7165.4463501437,8.18245833233576,0.354377584163628,index,0.8,3
2003,59.8832253161505,19.855870437977,180.601534718224,4.09239642109603,0.563222960444277,index,0.8,3
2004,34.3897046835492,9.26872983189647,127.595885269184,3.53775723713046,0.668946417635963,index,0.8,3
2005,49.7294644784587,17.5797533718421,140.674307824783,3.9065976040875,0.53054533095329,index,0.8,3
2006,30.0178844075168,7.75646681596442,116.17059747467,3.4017933509544,0.690454742198606,index,0.8,3
2007,31.1754887065059,11.4691727770964,84.7411679097165,3.43963216767437,0.510197823831737,index,0.8,3
2008,19.7189314075929,6.89492622562853,56.3945491413738,2.98157915945032,0.536128906572831,index,0.8,3
2009,15.4028029935478,5.30109312630882,44.7542298173588,2.73454950542535,0.544212273439958,index,0.8,3
2010,61.3112584173328,18.2500688484566,205.975683704605,4.11596348704646,0.618273929554517,index,0.8,3
2011,51.2237606556268,17.5473500776149,149.531048511547,3.93620349970103,0.546591959019902,index,0.8,3
2012,78.9841669792548,23.1612944205393,269.350171891712,4.36924741439654,0.625911946637121,index,0.8,3
2013,62.8693839187861,21.9218221957501,180.302504008722,4.14105930305932,0.537549017929346,index,0.8,3
2014,43.5686895466331,12.8723192532695,147.466099267911,3.77433876271199,0.622082630495889,index,0.8,3
2015,48.3700138032064,16.1750111614374,144.646468059343,3.87888007220195,0.558894219696482,index,0.8,3
2016,94.8469888081991,27.0801197178196,332.197618759528,4.55226494899462,0.639534751634786,index,0.8,3
2017,90.3729480187014,27.5747410231771,296.186634236244,4.5039449750339,0.605646231781255,index,0.8,3
2018,45.5147083740849,11.8810157153328,174.361243854308,3.81803553468823,0.685264493163647,index,0.8,3
2019,60.2827876443578,12.2427456596736,296.830023851989,4.09904661761866,0.813337928484151,index,0.8,3
2021,25.0172320713235,7.67261628615258,81.570858905065,3.21956487027482,0.603024961669466,index,0.8,3
2022,96.0959205876082,34.7146798722141,266.009249907305,4.56534686541455,0.519491289065241,index,0.8,3
2023,210.855369030884,56.7598545255802,783.299869613188,5.35117244361456,0.669575137426952,index,0.8,3
2024,164.142752956027,49.4005485177677,545.395631352006,5.10073649406059,0.612651546559726,index,0.8,3
2025,88.5849373638531,24.668988589831,318.103480375056,4.48396183597819,0.652264487478376,index,0.8,3
2003,12866.5414572825,5621.81285970588,29447.4208237219,9.46238553543818,0.422444533774836,index,0.8,3
2004,6627.98307210289,2534.3139640676,17334.1425833341,8.7990558245454409,0.490507773787405,index,0.8,3
2005,8400.80475172926,3598.20208903363,19613.5510820158,9.03608278401981,0.432606522736196,index,0.8,3
2006,6708.01767285177,2399.28101401797,18754.5772405944,8.81105875753292,0.524567987820943,index,0.8,3
2007,5267.0918486664,2373.76785773092,11687.0133075299,8.56923365784784,0.406640060242024,index,0.8,3
2008,2969.73482235038,1278.80877487599,6896.51579528428,7.99622794240665,0.42987711513353,index,0.8,3
2009,4173.48199942854,1954.58673590569,8911.32211202854,8.33650597821776,0.387033599806428,index,0.8,3
2010,12737.1648290364,5851.29829629844,27726.3881734883,9.45227936346829,0.396874903319605,index,0.8,3
2011,9253.93749045574,3838.03994450123,22312.2636334081,9.13280441457659,0.449032399253563,index,0.8,3
2012,10444.4384981966,4464.75561720459,24432.758452054,9.25382491459416,0.433607536910834,index,0.8,3
2013,11978.4981076383,5139.82086274593,27916.2291344993,9.39086849716918,0.431689050210637,index,0.8,3
2014,5481.09178532841,2473.26050014703,12146.8673265144,8.60905959099757,0.406011027546755,index,0.8,3
2015,6068.97811806129,2955.71783143461,12461.4383030025,8.71094552030312,0.36707240779887,index,0.8,3
2016,15372.4744084522,6134.58650006599,38521.4177737937,9.64033381306463,0.46870037694031,index,0.8,3
2017,14831.63467797,5628.62342413099,39081.9158868717,9.60451765683685,0.494344529032968,index,0.8,3
2018,10664.4637172367,4377.85789080132,25978.6382320054,9.27467234527516,0.45427239203709,index,0.8,3
2019,13296.0922730465,4331.28709984339,40816.0589815808,9.49522545698139,0.572258182959755,index,0.8,3
2021,4679.54431098735,2554.84640133623,8571.21388864743,8.45095601472383,0.308785587674453,index,0.8,3
2022,13232.8715511933,6388.50644987295,27409.9886827011,9.49045928202249,0.371539222214701,index,0.8,3
2023,33805.6259163885,13273.8611967428,86095.5472307658,10.4283825148507,0.476963079602641,index,0.8,3
2024,24045.6715248222,9152.45649403108,63173.675772917,10.087710281158,0.492831856731056,index,0.8,3
2025,18914.2676444949,9059.29750811435,39489.7639918716,9.8476718180778,0.375580860459253,index,0.8,3
2003,13.0843375108471,2.73259736208282,62.6509746636329,2.57141590503643,0.799077608475966,index,0.8,3
2004,6.73573723229172,1.38906749116766,32.6623121993463,1.90742726672126,0.805522257974783,index,0.8,3
2005,9.34475480930606,1.99645869345566,43.7396690110824,2.23481520292886,0.787483983009367,index,0.8,3
2006,5.72757172466044,1.13838666708947,28.8171662665401,1.74529165812357,0.824341475208901,index,0.8,3
2007,6.87481523584986,1.5103795484635,31.2921904796405,1.92786476840603,0.773230428987331,index,0.8,3
2008,3.63366914181031,0.761910222717186,17.3295370484161,1.29024292064758,0.797039884999315,index,0.8,3
2009,3.36097877050819,0.815690934922666,13.8486009984624,1.21223223230177,0.722437756743047,index,0.8,3
2010,12.2902302813958,2.67952624122442,56.3718160493608,2.50880466070068,0.777139105351746,index,0.8,3
2011,10.3874329377858,2.36399900502711,45.6424739636297,2.34059670411122,0.755239400891411,index,0.8,3
2012,14.986694090869,3.42035335216678,65.666022380701,2.70716274682239,0.753798994977274,index,0.8,3
2013,13.4823913023259,2.91280678301564,62.4054009654703,2.60138448606627,0.781783416217687,index,0.8,3
2014,8.57983563004355,2.09556519537897,35.1282697388245,2.14941475597879,0.719192529613365,index,0.8,3
2015,9.30617367210325,2.11119673310306,41.0216949739472,2.23067801562778,0.756862405909185,index,0.8,3
2016,18.7025385172451,4.04789411377513,86.4115851743027,2.9286592642327,0.780862557845958,index,0.8,3
2017,18.42886961174,4.71642856884701,72.0085611833064,2.91391843565747,0.695352869932164,index,0.8,3
2018,8.70725051983569,1.75991226502469,43.0795404531803,2.16415607166591,0.815776272364196,index,0.8,3
2019,11.5864640901237,1.8738559297611,71.6416603750546,2.44983752798508,0.929526889247547,index,0.8,3
2021,5.08034370551228,1.14028954244522,22.6345074697361,1.62537891786706,0.762308243872573,index,0.8,3
2022,19.9470117597736,4.55723591133539,87.3080274722836,2.99307934563925,0.753260303425118,index,0.8,3
2023,41.9012198184468,8.5926684559092,204.326773607376,3.73531493911642,0.808385060679961,index,0.8,3
2024,34.2044911040417,7.62954833834861,153.344229540552,3.53235695427862,0.765487691644844,index,0.8,3
2025,17.3658702729675,3.68554148978583,81.8260901887342,2.85450680143708,0.790876441866791,index,0.8,3
2003,12878.924213837,5628.25000996573,29470.3839758476,9.46334747239962,0.422351450923287,index,0.8,3
2004,6634.35661747487,2537.43634920057,17346.124856176,8.80001697408795,0.490369946944178,index,0.8,3
2005,8409.64740408342,3602.87930254772,19629.3473975098,9.03713482629539,0.432480505738189,index,0.8,3
2006,6713.43874742934,2401.76998226079,18765.4355531003,8.81186657968017,0.524451138213509,index,0.8,3
2007,5273.59684661739,2377.37349148171,11698.1298059816,8.57046792231857,0.406495398044253,index,0.8,3
2008,2973.17357459607,1280.59347657951,6902.86282598249,7.99738520494539,0.429756010085951,index,0.8,3
2009,4176.66120835339,1956.44162399385,8916.44229780445,8.33726745236243,0.38693815503551,index,0.8,3
2010,12748.792477506,5857.89731906942,27745.7423340999,9.45319183845493,0.396765372058015,index,0.8,3
2011,9263.74033452332,3843.48128304533,22327.9050073788,9.13386316989958,0.448849753275975,index,0.8,3
2012,10458.5542887963,4472.47303890108,24456.5717580211,9.25517551475838,0.433415478186607,index,0.8,3
2013,11991.2494079745,5146.76261327516,27937.9627872031,9.3919324467607,0.431543271315037,index,0.8,3
2014,5489.19758678035,2477.83341597227,12160.3373142387,8.6105373647649,0.405822523425077,index,0.8,3
2015,6077.77836849488,2960.90988475358,12475.6886681199,8.71239450826679,0.366916239461062,index,0.8,3
2016,15390.1701355991,6143.66016780439,38553.1312496627,9.64148428171653,0.468533262290532,index,0.8,3
2017,14849.1583898207,5638.07886585812,39108.6237230957,9.60569846853866,0.49409061407888,index,0.8,3
2018,10672.7047020104,4381.86986653427,25994.9813951016,9.27544479877241,0.454199150268266,index,0.8,3
2019,13307.0576802076,4335.25526822518,40845.9878711748,9.49604982611071,0.572211562086023,index,0.8,3
2021,4684.34986956349,2557.80906744839,8578.87868947524,8.45198241654029,0.308717957728608,index,0.8,3
2022,13251.7306749507,6399.68439696576,27440.1603248888,9.49188343986213,0.371373908115562,index,0.8,3
2023,33845.2721243883,13293.0200234903,86173.2279910555,10.4295545972232,0.476825206182396,index,0.8,3
2024,24078.0234726345,9169.05092636279,63229.1410533931,10.0890548143526,0.49259361893597,index,0.8,3
2025,18930.6996066313,9068.38024892883,39518.7870114779,9.84854020108154,0.375512643643059,index,0.8,3
2003,0.701580956340773,0.0176932643339991,27.8193909845229,-0.354418981478446,1.87766321497756,index,0.8,3
2004,0.362191860311293,0.0091547239355237,14.3295357238154,-1.01558120669729,1.87651613913675,index,0.8,3
2005,0.502102455136401,0.0128920740196765,19.555183678686902,-0.688951086217521,1.86849937865938,index,0.8,3
2006,0.306497147084985,0.00761756370796306,12.3320926181469,-1.18254683169165,1.88511211492788,index,0.8,3
2007,0.369817284866455,0.00962609904476544,14.207710054715,-0.994746220000691,1.86152961362371,index,0.8,3
2008,0.194916896121901,0.00496123865353246,7.6578852675722,-1.63518198499007,1.87295168934387,index,0.8,3
2009,0.181769845653418,0.00470615157845733,7.02065716287407,-1.70501397648871,1.86425405360063,index,0.8,3
2010,0.662581811715315,0.0171818436644185,25.5510797205712,-0.411611239364338,1.86344792202924,index,0.8,3
2011,0.584588870202819,0.0152935233886248,22.3456778716665,-0.536846464798199,1.85895221140693,index,0.8,3
2012,0.870903491171585,0.0227392587192943,33.3552162054997,-0.1382241105975,1.85995166617573,index,0.8,3
2013,0.731090966144678,0.0188251951253071,28.3924813113798,-0.313217386284065,1.86704540629731,index,0.8,3
2014,0.474034178107044,0.0123428362778012,18.2055726055252,-0.746475854175489,1.86136256445826,index,0.8,3
2015,0.50592323851208,0.0133395254441356,19.1879631954282,-0.681370323747963,1.85495933494693,index,0.8,3
2016,1.0068113702745,0.0259790043136728,39.0187831325205,0.00678827769409573,1.86598065072878,index,0.8,3
2017,0.905157761041956,0.0262217699250409,31.2454336498497,-0.0996460288811324,1.80693079011489,index,0.8,3
2018,0.466265746114311,0.0116726838485893,18.6250007984075,-0.762999536767427,1.88141433872619,index,0.8,3
2019,0.621056929049372,0.0140421212138731,27.4681939605512,-0.476332528062994,1.93338311826863,index,0.8,3
2021,0.274785129372134,0.00720432195738179,10.4807735926756,-1.2917658344645,1.85784450910849,index,0.8,3
2022,1.08788800233455,0.0287264563149021,41.1989662995605,0.0842382041044173,1.85420497049218,index,0.8,3
2023,2.25501181859067,0.0569445304265752,89.298801199886,0.813155214001071,1.87699002552908,index,0.8,3
2024,1.85254329177833,0.0484694708136318,70.8057379274642,0.616559447296059,1.8589018079064,index,0.8,3
2025,0.933908136515575,0.023904520277575,36.486170704216,-0.0683772004988339,1.8700907431911,index,0.8,3
2003,10930.884779614,5640.57467627425,21182.9909047707,9.2993475275388,0.337560435038437,index,1,1
2004,6138.25120741852,2482.96972902248,15174.6223262288,8.72229516093369,0.461786325631912,index,1,1
2005,7281.7600082926,3544.12091239455,14961.1229777554,8.89312787135249,0.367395752369233,index,1,1
2006,6962.16687183541,2973.44590647806,16301.5467830372,8.84824603703492,0.434073914946056,index,1,1
2007,5167.95128176716,2518.36722845113,10605.1731252653,8.55023161851537,0.366774889177698,index,1,1
2008,3285.05383185517,1547.70044952235,6972.65332029646,8.09713831795497,0.38399317361309,index,1,1
2009,4516.40008355271,2222.74989660409,9176.86229380944,8.41547051380621,0.361726092374321,index,1,1
2010,9331.16726291378,4783.00321826861,18204.1864734501,9.14111539458121,0.340971305246875,index,1,1
2011,7933.90358559759,3814.76602592775,16500.8353533949,8.97890044894569,0.373611884154992,index,1,1
2012,11700.1486530179,6015.37956143604,22757.2470040503,9.36735682609128,0.339435878637518,index,1,1
2013,8543.6358839256,4476.5765584047,16305.6999394005,9.05294194371012,0.329765279663056,index,1,1
2014,4271.36920907912,2313.73198082328,7885.35365007025,8.35968971268689,0.312797909314714,index,1,1
2015,7460.40321277633,4070.62417646955,13672.9930556928,8.91736474170718,0.309094003510102,index,1,1
2016,12913.0849379675,5824.9571423072,28626.4359619162,9.46599641253488,0.4061755715673,index,1,1
2017,13774.7880986647,6179.00346307248,30707.9917169631,9.53059525086575,0.409029437107058,index,1,1
2018,14073.4087008756,6865.34537537703,28849.3617775209,9.55204238806394,0.366231607924025,index,1,1
2019,15688.6743090999,5717.45931672945,43049.6288546934,9.66069434942951,0.515016881478364,index,1,1
2021,6753.80677054091,3991.45459486226,11427.8904619178,8.81786159090357,0.268347067338143,index,1,1
2022,14414.8499833386,7129.48486996323,29144.8686450788,9.57601420303524,0.359200447580749,index,1,1
2023,34467.6055616099,17020.549720761,69798.9108836848,10.447775192683,0.360005846089926,index,1,1
2024,19474.4771519728,9827.68425827852,38590.5011166021,9.87686002323981,0.348935706095431,index,1,1
2025,19215.0521415967,9843.70201462342,37508.0664018256,9.86344921658343,0.341262432150841,index,1,1
2003,8647.24095569201,3995.43480462706,18715.0535053661,9.064995584386,0.393929633909001,index,1,1
2004,4707.36981656772,1577.6144470086,14046.1001938403,8.45688460567578,0.557773241195193,index,1,1
2005,5721.62801143259,2595.7477932528,12611.790400556,8.65200866126132,0.403261869325711,index,1,1
2006,5746.38835495478,2200.14140579835,15008.5712849797,8.65632682426452,0.489830384228257,index,1,1
2007,3844.99643121746,1622.31605217536,9112.89605761541,8.25452795377741,0.440272316998886,index,1,1
2008,2507.22810509666,1040.53943698012,6041.28257668978,7.8269330812935,0.448701374700694,index,1,1
2009,3902.23531735004,1788.85279460588,8512.40555840645,8.26930482622014,0.397953756226184,index,1,1
2010,7466.58573770038,3546.58003746668,15719.3414471066,8.91819311041544,0.379830480501016,index,1,1
2011,5737.83012751138,2304.53994852429,14286.0159977957,8.65483639127759,0.465416737988714,index,1,1
2012,9103.36662978928,4274.67104169219,19386.5874562256,9.11639958340437,0.385689308716264,index,1,1
2013,6267.85189251059,2945.63039777107,13337.0321599668,8.74318897405037,0.385267714029301,index,1,1
2014,2966.6754860712,1447.25967622584,6081.26073311698,7.99519723988069,0.36621594920426,index,1,1
2015,6594.9072376155,3426.00770609387,12694.8930661751,8.79405299949002,0.334139849750601,index,1,1
2016,8715.43842743452,2691.94452661106,28217.0996584497,9.07285126391016,0.599415187922561,index,1,1
2017,10875.1026959157,4112.7642255494,28756.2943462712,9.29423129921489,0.49612169636864,index,1,1
2018,10293.6326971516,4225.44682244168,25076.371459963,9.23928079832019,0.454294320892223,index,1,1
2019,13464.1976745645,4648.9213428355,38994.9852128879,9.50778941747443,0.54256043655532,index,1,1
2021,3745.98279774576,1856.70534996996,7557.68120193882,8.22843929082738,0.358108831342967,index,1,1
2022,11843.4934768427,5267.60500905899,26628.4843861276,9.37953392208296,0.413376392484499,index,1,1
2023,20603.5143193118,8321.41044908713,51013.5637345775,9.93321693825233,0.46257477220273,index,1,1
2024,10934.7584272037,4261.97969573648,28054.789181871,9.29970184116165,0.480729646038854,index,1,1
2025,15604.491016383,7220.80461791838,33722.0230659797,9.65531403747208,0.393166596400677,index,1,1
2003,2232.04723220349,1133.73612891058,4394.3513131001,7.71067448465879,0.345618962055444,index,1,1
2004,1402.68581192782,564.992649554177,3482.39483918266,7.24614411484437,0.463953113727533,index,1,1
2005,1519.92035164155,562.047498908697,4110.25381274662,7.32641321223156,0.507574045301452,index,1,1
2006,1190.3347578982,506.46583990963,2797.61579993902,7.08198985570372,0.435994224611356,index,1,1
2007,1295.04651635678,548.455925641482,3057.94030316333,7.16630189345516,0.438372836486384,index,1,1
2008,760.601797544618,321.68850375041,1798.37043501237,6.63410995881587,0.43905207847184,index,1,1
2009,598.895501684447,303.820610675546,1180.55131658234,6.39508712827952,0.346256208207836,index,1,1
2010,1827.11204940917,679.031481043278,4916.32352003341,7.51049188422329,0.505021725762812,index,1,1
2011,2154.36678093274,982.185402656627,4725.47872757288,7.67525212220507,0.400758400047651,index,1,1
2012,2525.00463845726,1106.86447173435,5760.09853694251,7.83399817872055,0.420778998204231,index,1,1
2013,2226.6749674916,916.070332529238,5412.3370605886,7.70826470577102,0.453157082891891,index,1,1
2014,1274.58535602307,585.269091488375,2775.76221504726,7.15037619373768,0.397101412554339,index,1,1
2015,825.69099844043,370.508818368503,1840.07934792926,6.71622060963262,0.408856167886807,index,1,1
2016,4128.29613223809,2477.03209866875,6880.34239225699,8.32562004204917,0.260618898094812,index,1,1
2017,2824.63559984496,1363.74158536094,5850.49715984116,7.94613464405514,0.371510539423963,index,1,1
2018,3731.23036085194,1669.4361468923,8339.39053713415,8.2244933137038,0.410340245147532,index,1,1
2019,2176.75802700992,612.544800516166,7735.39421795658,7.68559190531415,0.646935266092573,index,1,1
2021,2978.12698170404,1463.59535972298,6059.8991792597,7.99904985226238,0.362454920182339,index,1,1
2022,2461.75043727817,1263.50989206923,4796.33381066335,7.80862793575689,0.340301753052219,index,1,1
2023,13679.9291796951,5522.50609210901,33886.8729595199,9.52368501424027,0.462813594003947,index,1,1
2024,8421.95435455682,3744.56578830161,18941.9332334415,9.03859718892053,0.413546499049693,index,1,1
2025,3530.43307924195,1788.60769912522,6968.52514562117,8.16917582773977,0.346936504265696,index,1,1
2003,51.5965917185213,20.4364467337456,130.267668917798,3.94345561833935,0.472526900636267,index,1,1
2004,28.195578922976,8.8742564481542,89.5839189960668,3.33916518987247,0.589812184116087,index,1,1
2005,40.211645218463,15.7409445006393,102.724230500264,3.69415663572655,0.478524807364684,index,1,1
2006,25.4437589824516,8.47968140937374,76.3454238317778,3.2364704863008402,0.560621325452551,index,1,1
2007,27.908334192921,11.9901973722055,64.959324124995,3.32892536081255,0.431046660638127,index,1,1
2008,17.2239292138896,6.50624195610668,45.5967883713016,2.8462996503166,0.496712001316672,index,1,1
2009,15.2692645182341,5.89438785566096,39.5546483599456,2.72584195292545,0.485642222568825,index,1,1
2010,37.4694758042289,13.5682691654462,103.473891910924,3.62352662296205,0.51827110797267,index,1,1
2011,41.7066771534483,15.4373171369317,112.678058224287,3.73066123957023,0.507087619197439,index,1,1
2012,71.777384771315,25.4585770870294,202.367671492302,4.27356945110916,0.528844793013539,index,1,1
2013,49.1090239234015,18.7004689557652,128.964478720504,3.8940428045411,0.492608135028141,index,1,1
2014,30.1083669848459,10.6160272419221,85.3910546606726,3.40480310604599,0.531866019540526,index,1,1
2015,39.8049767203898,15.5493306019301,101.897387885887,3.68399194769901,0.47958756667069,index,1,1
2016,69.3503782949289,23.2724625852242,206.65947800055,4.23917160161156,0.557102483463454,index,1,1
2017,75.0498029040731,27.5195731777721,204.671521595024,4.31815193188113,0.511873910122039,index,1,1
2018,48.5456428721193,15.9596570453115,147.664792243118,3.88250444554252,0.567582032586073,index,1,1
2019,47.718607525442,12.0393336825106,189.135509008695,3.86532141670007,0.702636543935354,index,1,1
2021,29.6969910911183,10.683977703902,82.5452190473839,3.39104573061308,0.521591483465691,index,1,1
2022,109.606069217751,47.6447621449069,252.147137870654,4.69689274905509,0.425069059980247,index,1,1
2023,184.162062603086,68.2106034358736,497.219839641325,5.21581614497105,0.506752228327539,index,1,1
2024,117.764370212332,41.6517569780995,332.961869983043,4.76868576547006,0.53028638362593,index,1,1
2025,80.1280459717952,27.2989683876168,235.192175033638,4.38362592976689,0.549386123817999,index,1,1
2003,10917.1613013459,5632.3226216783,21160.7926046131,9.29809126141577,0.337666450383871,index,1,1
2004,6131.20799303784,2479.32507004936,15162.074512941,8.72114707200178,0.461950028774724,index,1,1
2005,7273.13467313259,3539.20851646195,14946.4174624005,8.89194265684445,0.367498721566766,index,1,1
2006,6955.82112445559,2970.09709579256,16290.1905072271,8.84733415985538,0.434183609045582,index,1,1
2007,5160.6485617166,2514.03057611111,10593.4644672239,8.5488175408324,0.36693275748614,index,1,1
2008,3281.21835181712,1545.55603947936,6966.03267515826,8.09597008113292,0.384104537829895,index,1,1
2009,4512.42918260989,2220.31205120439,9170.79070801066,8.41459090891353,0.36183720002701403,index,1,1
2010,9321.13464659757,4776.89882211782,18188.275350886,9.1400396434667,0.341074027782147,index,1,1
2011,7923.39531858412,3808.49007955991,16484.2738363691,8.97757509478352,0.373775750762868,index,1,1
2012,11682.8333860695,6004.89105778962,22729.5707137941,9.36587581138713,0.339570637115863,index,1,1
2013,8531.23602562312,4469.20163912796,16285.2325765931,9.05148953334383,0.329865482738196,index,1,1
2014,4263.72972130761,2309.04642076922,7873.11635350571,8.3578995776518,0.312918843949614,index,1,1
2015,7450.78971776588,4064.28551154339,13659.047146342,8.91607530814043,0.309231226852046,index,1,1
2016,12895.5191005959,5815.14777317463,28596.7647530737,9.46463517346456,0.406340985194059,index,1,1
2017,13754.9524824503,6166.96637582721,30679.3820923155,9.52915421878711,0.409289100418129,index,1,1
2018,14061.4686057924,6858.35518100787,28829.7841294695,9.55119361266891,0.36631830783317,index,1,1
2019,15676.0700693703,5712.28590169354,43019.4106263053,9.65989062915964,0.515068685719872,index,1,1
2021,6745.96376276539,3986.26300894984,11416.2128756608,8.81669964394476,0.268418280294924,index,1,1
2022,14388.2175950907,7113.0429513551,29104.3941361606,9.57416492807416,0.359434928644283,index,1,1
2023,34417.5111541334,16991.3836553842,69715.633409851,10.4463207590202,0.360138815732984,index,1,1
2024,19443.6940845831,9809.47580868491,38540.0042803648,9.87527808488909,0.349074765423676,index,1,1
2025,19194.648141969,9831.239199287,37475.8979845303,9.86238677655415,0.341366736142106,index,1,1
2003,13.7234782680942,3.63309110024672,51.8384622290544,2.61910810825013,0.678086072012394,index,1,1
2004,7.04321438068276,1.73912701823282,28.5240056029164,1.95206465413046,0.713626062262546,index,1,1
2005,8.62533516001141,2.20597135555041,33.7250102705737,2.15470382129418,0.695694357699359,index,1,1
2006,6.34574737982231,1.55808338006502,25.8449004230065,1.84778488458774,0.716507258437761,index,1,1
2007,7.30272005055864,1.94482099425019,27.4214029437665,1.98824688841817,0.675051664124403,index,1,1
2008,3.83548003804866,0.963860293377272,15.2624889969522,1.34429459987979,0.704657600614261,index,1,1
2009,3.97090094282373,1.10170160640204,14.3124546665717,1.3789930066916,0.654163605724429,index,1,1
2010,10.032616316206,2.65429889629074,37.9208951519592,2.30584141703202,0.678410867185527,index,1,1
2011,10.5082670134675,2.82334692370342,39.1109129024371,2.35216228199412,0.670542550162173,index,1,1
2012,17.3152669483984,4.81585690524293,62.2565153810721,2.85158859491131,0.652907201258096,index,1,1
2013,12.3998583024776,3.1980675356013,48.0779358815553,2.51768504532615,0.691409803319004,index,1,1
2014,7.63948777150561,2.15786281615332,27.0460999532034,2.03333055531632,0.645018107666326,index,1,1
2015,9.61349501044646,2.6495125997891402,34.8816179712579,2.26316784161482,0.657559094609186,index,1,1
2016,17.5658373715621,4.56569085999416,67.5820269102853,2.86595595731488,0.687454528196976,index,1,1
2017,19.8356162144614,6.06951659503248,64.8242186090107,2.98747912050976,0.604194855788487,index,1,1
2018,11.9400950832033,3.32506287068226,42.8761428401752,2.47990207135011,0.652263765573832,index,1,1
2019,12.6042397295722,2.49101161528307,63.7760411014674,2.53403324383254,0.827231702956104,index,1,1
2021,7.84300777552548,2.12345748962415,28.9682139941689,2.05962240562689,0.666633042431398,index,1,1
2022,26.6323882478607,7.39796658861018,95.8755484076926,3.28212807841296,0.653544101519183,index,1,1
2023,50.094407476517,13.16140742816,190.667272791367,3.91390937464481,0.681961769492003,index,1,1
2024,30.783067389713,8.24536631853946,114.924819748635,3.4269647787318,0.672111020877936,index,1,1
2025,20.4039996276671,5.64276524901507,73.7799965856294,3.01573094181265,0.655806287368996,index,1,1
2003,10928.4235674133,5639.15992524792,21178.7647897826,9.29912234088861,0.337573527949272,index,1,1
2004,6136.98753330315,2482.3517440164,15172.1511968247,8.72208927098784,0.461808280370393,index,1,1
2005,7280.21315327162,3543.27129414031,14958.3532157756,8.89291542005765,0.367409683000508,index,1,1
2006,6961.03171314333,2972.87574979362,16299.3567809724,8.84808297698983,0.434088562058977,index,1,1
2007,5166.64291546038,2517.62369174725,10602.9344668865,8.54997841722099,0.366796362961967,index,1,1
2008,3284.36715379197,1547.33217096764,6971.39748226249,8.09692926511235,0.384007932844096,index,1,1
2009,4515.68311366643,2222.33524760572,9175.66060522205,8.41531175311455,0.361740278585705,index,1,1
2010,9329.35790433939,4781.94458595379,18201.1558985683,9.14092147093075,0.340985301923593,index,1,1
2011,7931.97747746302,3813.67731243813,16497.5328399658,8.97865765018319,0.373633637888925,index,1,1
2012,11696.8029405201,6013.45278137552,22751.5212978965,9.36707083049846,0.339453411965761,index,1,1
2013,8541.38645694225,4475.27991782057,16301.836744631,9.05267862219359,0.329778734237454,index,1,1
2014,4269.99238228406,2312.92461923381,7883.02169173319,8.35936732221266,0.312811488063007,index,1,1
2015,7458.65154976274,4069.51877003816,13670.2853787934,8.91712991945476,0.309112764881166,index,1,1
2016,12909.9295679523,5823.28001276129,28620.6881833351,9.46575202820631,0.406197805895492,index,1,1
2017,13771.396733518,6177.09142584801,30702.3734825024,9.53034901965917,0.409061712044397,index,1,1
2018,14071.259506039,6864.16824666058,28845.4969300351,9.55188966323343,0.366241174107395,index,1,1
2019,15686.4253226229,5716.56237434241,43044.0399822505,9.66055098819673,0.515023784087193,index,1,1
2021,6752.38650456003,3990.53767104898,11425.7093317901,8.81765127761141,0.268356983243577,index,1,1
2022,14410.0887992149,7126.64148434797,29137.2394215869,9.57568385130733,0.359235421921203,index,1,1
2023,34458.5825745207,17015.4957780612,69783.0923372811,10.4475133767496,0.360023785181476,index,1,1
2024,19468.9059244107,9824.50759193548,38580.8952099229,9.87657390389629,0.348954670432085,index,1,1
2025,19211.4057598245,9841.58786342087,37501.8865238611,9.86325943162888,0.341275192627674,index,1,1
2003,2.46121220075942,0.219198645836079,27.6350498154857,0.900653993112047,1.2339159871665,index,1,1
2004,1.26367411537559,0.11011498668298,14.501861353965,0.234023442369098,1.24505020873148,index,1,1
2005,1.54685502098092,0.137448150945998,17.4084586767119,0.436223850962001,1.23509022975682,index,1,1
2006,1.13515869208183,0.0984457328704928,13.0892951744702,0.12677245797209,1.24748326765583,index,1,1
2007,1.30836630678296,0.119340691684883,14.3439959041372,0.268779264885335,1.22173274854028,index,1,1
2008,0.686678063200062,0.0603467957590763,7.81361721942409,-0.375889709111053,1.24071551172223,index,1,1
2009,0.716969886280993,0.0647276806966305,7.94166904022159,-0.332721438872625,1.22698422909171,index,1,1
2010,1.80935857438882,0.164166784106881,19.9417834035352,0.592972403680025,1.22443310911639,index,1,1
2011,1.92610813456515,0.174860161677982,21.21633944769,0.655501456433915,1.22413992092457,index,1,1
2012,3.34571249774616,0.304069694278632,36.8132448849622,1.20767967470861,1.22358269844805,index,1,1
2013,2.24942698334722,0.200449519246941,25.2428729807881,0.81067550971348,1.23362896821104,index,1,1
2014,1.37682679506204,0.125276280268137,15.1317713101268,0.319781427566339,1.22298939419317,index,1,1
2015,1.75166301358874,0.162583292972884,18.8723161960222,0.560565630171706,1.21284395290626,index,1,1
2016,3.1553700152093,0.283366948728919,35.1359252641938,1.14910576810522,1.22967481532652,index,1,1
2017,3.39136514677484,0.358911361872878,32.0451197163069,1.22123253849488,1.14589471033693,index,1,1
2018,2.14919483665895,0.190210222566949,24.2838601605426,0.765093277421732,1.23712409026592,index,1,1
2019,2.2489864770631,0.171216572435668,29.5411834383798,0.810479660092541,1.31395561283548,index,1,1
2021,1.420265980881,0.13081980408002,15.4193431998569,0.350844164552328,1.21674613791046,index,1,1
2022,4.7611841236179,0.478622145845614,47.3627776227122,1.56049640277228,1.17213390313956,index,1,1
2023,9.02298708918662,0.814346352324587,99.9750238694233,2.19977544213321,1.22713732003498,index,1,1
2024,5.57122756208996,0.508547280825105,61.0338069220064,1.71761541782425,1.2213553532354,index,1,1
2025,3.64638177216341,0.328891006927239,40.4270708177409,1.29373538063858,1.22745329437401,index,1,1
