#C file created using an r4ss function
#C file write time: 2025-06-24  20:05:12
#
1918 #_styr
2016 #_endyr
1 #_nseas
12 #_months_per_seas
4 #_Nsubseasons
1 #_spawn_month
2 #_Nsexes
60 #_Nages
1 #_N_areas
8 #_Nfleets
#_fleetinfo
#_type	surveytiming	area	units	need_catch_mult	fleetname
1	-1	1	1	0	Fishery   	#_1
1	-1	1	1	0	ASHOP     	#_2
1	-1	1	1	0	Foreign   	#_3
1	 1	1	1	0	POP       	#_4
1	 1	1	1	0	Triennial 	#_5
1	 1	1	1	0	AFSCSlope 	#_6
1	 1	1	1	0	NWFSCSlope	#_7
1	 1	1	1	0	NWFSCcombo	#_8
#_Catch data
#_year	season	fleet	catch	catch_se
 -999	1	1	      0	0.05	#_1         
 1918	1	1	  1.201	0.05	#_2         
 1919	1	1	  0.447	0.05	#_3         
 1920	1	1	  0.372	0.05	#_4         
 1921	1	1	  0.348	0.05	#_5         
 1922	1	1	  0.208	0.05	#_6         
 1923	1	1	  0.272	0.05	#_7         
 1924	1	1	  0.559	0.05	#_8         
 1925	1	1	  0.707	0.05	#_9         
 1926	1	1	  1.125	0.05	#_10        
 1927	1	1	  1.462	0.05	#_11        
 1928	1	1	  1.307	0.05	#_12        
 1929	1	1	  1.058	0.05	#_13        
 1930	1	1	  1.126	0.05	#_14        
 1931	1	1	   0.94	0.05	#_15        
 1932	1	1	  0.775	0.05	#_16        
 1933	1	1	  1.171	0.05	#_17        
 1934	1	1	  2.745	0.05	#_18        
 1935	1	1	  8.162	0.05	#_19        
 1936	1	1	  2.028	0.05	#_20        
 1937	1	1	  2.818	0.05	#_21        
 1938	1	1	  5.752	0.05	#_22        
 1939	1	1	 10.063	0.05	#_23        
 1940	1	1	 22.172	0.05	#_24        
 1941	1	1	 28.988	0.05	#_25        
 1942	1	1	 45.682	0.05	#_26        
 1943	1	1	548.951	0.05	#_27        
 1944	1	1	 906.54	0.05	#_28        
 1945	1	1	2140.96	0.05	#_29        
 1946	1	1	1046.34	0.05	#_30        
 1947	1	1	555.051	0.05	#_31        
 1948	1	1	673.086	0.05	#_32        
 1949	1	1	884.575	0.05	#_33        
 1950	1	1	1367.28	0.05	#_34        
 1951	1	1	1579.55	0.05	#_35        
 1952	1	1	2339.22	0.05	#_36        
 1953	1	1	1731.52	0.05	#_37        
 1954	1	1	2499.83	0.05	#_38        
 1955	1	1	1952.63	0.05	#_39        
 1956	1	1	3116.18	0.05	#_40        
 1957	1	1	2668.27	0.05	#_41        
 1958	1	1	2098.42	0.05	#_42        
 1959	1	1	1231.25	0.05	#_43        
 1960	1	1	2307.82	0.05	#_44        
 1961	1	1	3242.84	0.05	#_45        
 1962	1	1	4310.77	0.05	#_46        
 1963	1	1	5733.07	0.05	#_47        
 1964	1	1	6079.37	0.05	#_48        
 1965	1	1	7636.11	0.05	#_49        
 1966	1	1	3322.06	0.05	#_50        
 1967	1	1	2233.79	0.05	#_51        
 1968	1	1	2989.92	0.05	#_52        
 1969	1	1	1666.61	0.05	#_53        
 1970	1	1	 1809.4	0.05	#_54        
 1971	1	1	976.224	0.05	#_55        
 1972	1	1	913.145	0.05	#_56        
 1973	1	1	 846.27	0.05	#_57        
 1974	1	1	794.226	0.05	#_58        
 1975	1	1	 606.59	0.05	#_59        
 1976	1	1	1201.93	0.05	#_60        
 1977	1	1	1225.83	0.05	#_61        
 1978	1	1	1932.65	0.05	#_62        
 1979	1	1	   1454	0.05	#_63        
 1980	1	1	1634.01	0.05	#_64        
 1981	1	1	1330.82	0.05	#_65        
 1982	1	1	1002.89	0.05	#_66        
 1983	1	1	1572.38	0.05	#_67        
 1984	1	1	1613.72	0.05	#_68        
 1985	1	1	1363.51	0.05	#_69        
 1986	1	1	1318.24	0.05	#_70        
 1987	1	1	1070.21	0.05	#_71        
 1988	1	1	1335.07	0.05	#_72        
 1989	1	1	1423.51	0.05	#_73        
 1990	1	1	1013.29	0.05	#_74        
 1991	1	1	 1391.7	0.05	#_75        
 1992	1	1	1073.96	0.05	#_76        
 1993	1	1	1273.52	0.05	#_77        
 1994	1	1	985.089	0.05	#_78        
 1995	1	1	813.916	0.05	#_79        
 1996	1	1	786.183	0.05	#_80        
 1997	1	1	639.854	0.05	#_81        
 1998	1	1	630.616	0.05	#_82        
 1999	1	1	492.376	0.05	#_83        
 2000	1	1	134.943	0.05	#_84        
 2001	1	1	245.678	0.05	#_85        
 2002	1	1	147.329	0.05	#_86        
 2003	1	1	124.957	0.05	#_87        
 2004	1	1	 122.02	0.05	#_88        
 2005	1	1	  62.32	0.05	#_89        
 2006	1	1	 68.311	0.05	#_90        
 2007	1	1	128.924	0.05	#_91        
 2008	1	1	 75.638	0.05	#_92        
 2009	1	1	 92.903	0.05	#_93        
 2010	1	1	 80.492	0.05	#_94        
 2011	1	1	  50.79	0.05	#_95        
 2012	1	1	   52.4	0.05	#_96        
 2013	1	1	 49.775	0.05	#_97        
 2014	1	1	 49.921	0.05	#_98        
 2015	1	1	 49.667	0.05	#_99        
 2016	1	1	 54.286	0.05	#_100       
 -999	1	2	      0	0.01	#_101       
 1918	1	2	      0	0.01	#_102       
 1919	1	2	      0	0.01	#_103       
 1920	1	2	      0	0.01	#_104       
 1921	1	2	      0	0.01	#_105       
 1922	1	2	      0	0.01	#_106       
 1923	1	2	      0	0.01	#_107       
 1924	1	2	      0	0.01	#_108       
 1925	1	2	      0	0.01	#_109       
 1926	1	2	      0	0.01	#_110       
 1927	1	2	      0	0.01	#_111       
 1928	1	2	      0	0.01	#_112       
 1929	1	2	      0	0.01	#_113       
 1930	1	2	      0	0.01	#_114       
 1931	1	2	      0	0.01	#_115       
 1932	1	2	      0	0.01	#_116       
 1933	1	2	      0	0.01	#_117       
 1934	1	2	      0	0.01	#_118       
 1935	1	2	      0	0.01	#_119       
 1936	1	2	      0	0.01	#_120       
 1937	1	2	      0	0.01	#_121       
 1938	1	2	      0	0.01	#_122       
 1939	1	2	      0	0.01	#_123       
 1940	1	2	      0	0.01	#_124       
 1941	1	2	      0	0.01	#_125       
 1942	1	2	      0	0.01	#_126       
 1943	1	2	      0	0.01	#_127       
 1944	1	2	      0	0.01	#_128       
 1945	1	2	      0	0.01	#_129       
 1946	1	2	      0	0.01	#_130       
 1947	1	2	      0	0.01	#_131       
 1948	1	2	      0	0.01	#_132       
 1949	1	2	      0	0.01	#_133       
 1950	1	2	      0	0.01	#_134       
 1951	1	2	      0	0.01	#_135       
 1952	1	2	      0	0.01	#_136       
 1953	1	2	      0	0.01	#_137       
 1954	1	2	      0	0.01	#_138       
 1955	1	2	      0	0.01	#_139       
 1956	1	2	      0	0.01	#_140       
 1957	1	2	      0	0.01	#_141       
 1958	1	2	      0	0.01	#_142       
 1959	1	2	      0	0.01	#_143       
 1960	1	2	      0	0.01	#_144       
 1961	1	2	      0	0.01	#_145       
 1962	1	2	      0	0.01	#_146       
 1963	1	2	      0	0.01	#_147       
 1964	1	2	      0	0.01	#_148       
 1965	1	2	      0	0.01	#_149       
 1966	1	2	      0	0.01	#_150       
 1967	1	2	      0	0.01	#_151       
 1968	1	2	      0	0.01	#_152       
 1969	1	2	      0	0.01	#_153       
 1970	1	2	      0	0.01	#_154       
 1971	1	2	      0	0.01	#_155       
 1972	1	2	      0	0.01	#_156       
 1973	1	2	      0	0.01	#_157       
 1974	1	2	      0	0.01	#_158       
 1975	1	2	 62.261	0.05	#_159       
 1976	1	2	 31.927	0.05	#_160       
 1977	1	2	  3.779	0.05	#_161       
 1978	1	2	 15.388	0.05	#_162       
 1979	1	2	 15.089	0.05	#_163       
 1980	1	2	 47.023	0.05	#_164       
 1981	1	2	 15.382	0.05	#_165       
 1982	1	2	 28.316	0.05	#_166       
 1983	1	2	 10.922	0.05	#_167       
 1984	1	2	  2.309	0.05	#_168       
 1985	1	2	 11.398	0.05	#_169       
 1986	1	2	 19.802	0.05	#_170       
 1987	1	2	  5.356	0.05	#_171       
 1988	1	2	  4.538	0.05	#_172       
 1989	1	2	  4.346	0.05	#_173       
 1990	1	2	 80.937	0.05	#_174       
 1991	1	2	 46.109	0.05	#_175       
 1992	1	2	373.325	0.05	#_176       
 1993	1	2	  0.868	0.05	#_177       
 1994	1	2	 83.815	0.05	#_178       
 1995	1	2	 46.612	0.05	#_179       
 1996	1	2	  6.303	0.05	#_180       
 1997	1	2	  6.365	0.05	#_181       
 1998	1	2	  22.25	0.05	#_182       
 1999	1	2	 16.473	0.05	#_183       
 2000	1	2	 10.088	0.05	#_184       
 2001	1	2	 21.002	0.05	#_185       
 2002	1	2	  3.851	0.05	#_186       
 2003	1	2	   6.28	0.05	#_187       
 2004	1	2	  1.062	0.05	#_188       
 2005	1	2	  1.697	0.05	#_189       
 2006	1	2	  3.136	0.05	#_190       
 2007	1	2	  4.047	0.05	#_191       
 2008	1	2	 15.931	0.05	#_192       
 2009	1	2	   1.56	0.05	#_193       
 2010	1	2	 16.873	0.05	#_194       
 2011	1	2	  9.166	0.05	#_195       
 2012	1	2	  4.518	0.05	#_196       
 2013	1	2	  5.407	0.05	#_197       
 2014	1	2	   3.92	0.05	#_198       
 2015	1	2	  8.708	0.05	#_199       
 2016	1	2	 10.296	0.05	#_200       
 -999	1	3	      0	0.01	#_201       
 1918	1	3	      0	0.01	#_202       
 1919	1	3	      0	0.01	#_203       
 1920	1	3	      0	0.01	#_204       
 1921	1	3	      0	0.01	#_205       
 1922	1	3	      0	0.01	#_206       
 1923	1	3	      0	0.01	#_207       
 1924	1	3	      0	0.01	#_208       
 1925	1	3	      0	0.01	#_209       
 1926	1	3	      0	0.01	#_210       
 1927	1	3	      0	0.01	#_211       
 1928	1	3	      0	0.01	#_212       
 1929	1	3	      0	0.01	#_213       
 1930	1	3	      0	0.01	#_214       
 1931	1	3	      0	0.01	#_215       
 1932	1	3	      0	0.01	#_216       
 1933	1	3	      0	0.01	#_217       
 1934	1	3	      0	0.01	#_218       
 1935	1	3	      0	0.01	#_219       
 1936	1	3	      0	0.01	#_220       
 1937	1	3	      0	0.01	#_221       
 1938	1	3	      0	0.01	#_222       
 1939	1	3	      0	0.01	#_223       
 1940	1	3	      0	0.01	#_224       
 1941	1	3	      0	0.01	#_225       
 1942	1	3	      0	0.01	#_226       
 1943	1	3	      0	0.01	#_227       
 1944	1	3	      0	0.01	#_228       
 1945	1	3	      0	0.01	#_229       
 1946	1	3	      0	0.01	#_230       
 1947	1	3	      0	0.01	#_231       
 1948	1	3	      0	0.01	#_232       
 1949	1	3	      0	0.01	#_233       
 1950	1	3	      0	0.01	#_234       
 1951	1	3	      0	0.01	#_235       
 1952	1	3	      0	0.01	#_236       
 1953	1	3	      0	0.01	#_237       
 1954	1	3	      0	0.01	#_238       
 1955	1	3	      0	0.01	#_239       
 1956	1	3	      0	0.01	#_240       
 1957	1	3	      0	0.01	#_241       
 1958	1	3	      0	0.01	#_242       
 1959	1	3	      0	0.01	#_243       
 1960	1	3	      0	0.01	#_244       
 1961	1	3	      0	0.01	#_245       
 1962	1	3	      0	0.01	#_246       
 1963	1	3	      0	0.01	#_247       
 1964	1	3	      0	0.01	#_248       
 1965	1	3	      0	0.01	#_249       
 1966	1	3	  15561	0.05	#_250       
 1967	1	3	  12357	0.05	#_251       
 1968	1	3	   6639	0.05	#_252       
 1969	1	3	    469	0.05	#_253       
 1970	1	3	    441	0.05	#_254       
 1971	1	3	    902	0.05	#_255       
 1972	1	3	    950	0.05	#_256       
 1973	1	3	   1773	0.05	#_257       
 1974	1	3	   1457	0.05	#_258       
 1975	1	3	    496	0.05	#_259       
 1976	1	3	    239	0.05	#_260       
 1977	1	3	      0	0.01	#_261       
 1978	1	3	      0	0.01	#_262       
 1979	1	3	      0	0.01	#_263       
 1980	1	3	      0	0.01	#_264       
 1981	1	3	      0	0.01	#_265       
 1982	1	3	      0	0.01	#_266       
 1983	1	3	      0	0.01	#_267       
 1984	1	3	      0	0.01	#_268       
 1985	1	3	      0	0.01	#_269       
 1986	1	3	      0	0.01	#_270       
 1987	1	3	      0	0.01	#_271       
 1988	1	3	      0	0.01	#_272       
 1989	1	3	      0	0.01	#_273       
 1990	1	3	      0	0.01	#_274       
 1991	1	3	      0	0.01	#_275       
 1992	1	3	      0	0.01	#_276       
 1993	1	3	      0	0.01	#_277       
 1994	1	3	      0	0.01	#_278       
 1995	1	3	      0	0.01	#_279       
 1996	1	3	      0	0.01	#_280       
 1997	1	3	      0	0.01	#_281       
 1998	1	3	      0	0.01	#_282       
 1999	1	3	      0	0.01	#_283       
 2000	1	3	      0	0.01	#_284       
 2001	1	3	      0	0.01	#_285       
 2002	1	3	      0	0.01	#_286       
 2003	1	3	      0	0.01	#_287       
 2004	1	3	      0	0.01	#_288       
 2005	1	3	      0	0.01	#_289       
 2006	1	3	      0	0.01	#_290       
 2007	1	3	      0	0.01	#_291       
 2008	1	3	      0	0.01	#_292       
 2009	1	3	      0	0.01	#_293       
 2010	1	3	      0	0.01	#_294       
 2011	1	3	      0	0.01	#_295       
 2012	1	3	      0	0.01	#_296       
 2013	1	3	      0	0.01	#_297       
 2014	1	3	      0	0.01	#_298       
 2015	1	3	      0	0.01	#_299       
 2016	1	3	      0	0.01	#_300       
 -999	1	4	      0	0.01	#_301       
 1918	1	4	      0	0.01	#_302       
 1919	1	4	      0	0.01	#_303       
 1920	1	4	      0	0.01	#_304       
 1921	1	4	      0	0.01	#_305       
 1922	1	4	      0	0.01	#_306       
 1923	1	4	      0	0.01	#_307       
 1924	1	4	      0	0.01	#_308       
 1925	1	4	      0	0.01	#_309       
 1926	1	4	      0	0.01	#_310       
 1927	1	4	      0	0.01	#_311       
 1928	1	4	      0	0.01	#_312       
 1929	1	4	      0	0.01	#_313       
 1930	1	4	      0	0.01	#_314       
 1931	1	4	      0	0.01	#_315       
 1932	1	4	      0	0.01	#_316       
 1933	1	4	      0	0.01	#_317       
 1934	1	4	      0	0.01	#_318       
 1935	1	4	      0	0.01	#_319       
 1936	1	4	      0	0.01	#_320       
 1937	1	4	      0	0.01	#_321       
 1938	1	4	      0	0.01	#_322       
 1939	1	4	      0	0.01	#_323       
 1940	1	4	      0	0.01	#_324       
 1941	1	4	      0	0.01	#_325       
 1942	1	4	      0	0.01	#_326       
 1943	1	4	      0	0.01	#_327       
 1944	1	4	      0	0.01	#_328       
 1945	1	4	      0	0.01	#_329       
 1946	1	4	      0	0.01	#_330       
 1947	1	4	      0	0.01	#_331       
 1948	1	4	      0	0.01	#_332       
 1949	1	4	      0	0.01	#_333       
 1950	1	4	      0	0.01	#_334       
 1951	1	4	      0	0.01	#_335       
 1952	1	4	      0	0.01	#_336       
 1953	1	4	      0	0.01	#_337       
 1954	1	4	      0	0.01	#_338       
 1955	1	4	      0	0.01	#_339       
 1956	1	4	      0	0.01	#_340       
 1957	1	4	      0	0.01	#_341       
 1958	1	4	      0	0.01	#_342       
 1959	1	4	      0	0.01	#_343       
 1960	1	4	      0	0.01	#_344       
 1961	1	4	      0	0.01	#_345       
 1962	1	4	      0	0.01	#_346       
 1963	1	4	      0	0.01	#_347       
 1964	1	4	      0	0.01	#_348       
 1965	1	4	      0	0.01	#_349       
 1966	1	4	      0	0.01	#_350       
 1967	1	4	      0	0.01	#_351       
 1968	1	4	      0	0.01	#_352       
 1969	1	4	      0	0.01	#_353       
 1970	1	4	      0	0.01	#_354       
 1971	1	4	      0	0.01	#_355       
 1972	1	4	      0	0.01	#_356       
 1973	1	4	      0	0.01	#_357       
 1974	1	4	      0	0.01	#_358       
 1975	1	4	      0	0.01	#_359       
 1976	1	4	      0	0.01	#_360       
 1977	1	4	      0	0.01	#_361       
 1978	1	4	      0	0.01	#_362       
 1979	1	4	 34.469	0.05	#_363       
 1980	1	4	      0	0.01	#_364       
 1981	1	4	      0	0.01	#_365       
 1982	1	4	      0	0.01	#_366       
 1983	1	4	      0	0.01	#_367       
 1984	1	4	      0	0.01	#_368       
 1985	1	4	 13.599	0.05	#_369       
 1986	1	4	      0	0.01	#_370       
 1987	1	4	      0	0.01	#_371       
 1988	1	4	      0	0.01	#_372       
 1989	1	4	      0	0.01	#_373       
 1990	1	4	      0	0.01	#_374       
 1991	1	4	      0	0.01	#_375       
 1992	1	4	      0	0.01	#_376       
 1993	1	4	      0	0.01	#_377       
 1994	1	4	      0	0.01	#_378       
 1995	1	4	      0	0.01	#_379       
 1996	1	4	      0	0.01	#_380       
 1997	1	4	      0	0.01	#_381       
 1998	1	4	      0	0.01	#_382       
 1999	1	4	      0	0.01	#_383       
 2000	1	4	      0	0.01	#_384       
 2001	1	4	      0	0.01	#_385       
 2002	1	4	      0	0.01	#_386       
 2003	1	4	      0	0.01	#_387       
 2004	1	4	      0	0.01	#_388       
 2005	1	4	      0	0.01	#_389       
 2006	1	4	      0	0.01	#_390       
 2007	1	4	      0	0.01	#_391       
 2008	1	4	      0	0.01	#_392       
 2009	1	4	      0	0.01	#_393       
 2010	1	4	      0	0.01	#_394       
 2011	1	4	      0	0.01	#_395       
 2012	1	4	      0	0.01	#_396       
 2013	1	4	      0	0.01	#_397       
 2014	1	4	      0	0.01	#_398       
 2015	1	4	      0	0.01	#_399       
 2016	1	4	      0	0.01	#_400       
 -999	1	5	      0	0.01	#_401       
 1918	1	5	      0	0.01	#_402       
 1919	1	5	      0	0.01	#_403       
 1920	1	5	      0	0.01	#_404       
 1921	1	5	      0	0.01	#_405       
 1922	1	5	      0	0.01	#_406       
 1923	1	5	      0	0.01	#_407       
 1924	1	5	      0	0.01	#_408       
 1925	1	5	      0	0.01	#_409       
 1926	1	5	      0	0.01	#_410       
 1927	1	5	      0	0.01	#_411       
 1928	1	5	      0	0.01	#_412       
 1929	1	5	      0	0.01	#_413       
 1930	1	5	      0	0.01	#_414       
 1931	1	5	      0	0.01	#_415       
 1932	1	5	      0	0.01	#_416       
 1933	1	5	      0	0.01	#_417       
 1934	1	5	      0	0.01	#_418       
 1935	1	5	      0	0.01	#_419       
 1936	1	5	      0	0.01	#_420       
 1937	1	5	      0	0.01	#_421       
 1938	1	5	      0	0.01	#_422       
 1939	1	5	      0	0.01	#_423       
 1940	1	5	      0	0.01	#_424       
 1941	1	5	      0	0.01	#_425       
 1942	1	5	      0	0.01	#_426       
 1943	1	5	      0	0.01	#_427       
 1944	1	5	      0	0.01	#_428       
 1945	1	5	      0	0.01	#_429       
 1946	1	5	      0	0.01	#_430       
 1947	1	5	      0	0.01	#_431       
 1948	1	5	      0	0.01	#_432       
 1949	1	5	      0	0.01	#_433       
 1950	1	5	      0	0.01	#_434       
 1951	1	5	      0	0.01	#_435       
 1952	1	5	      0	0.01	#_436       
 1953	1	5	      0	0.01	#_437       
 1954	1	5	      0	0.01	#_438       
 1955	1	5	      0	0.01	#_439       
 1956	1	5	      0	0.01	#_440       
 1957	1	5	      0	0.01	#_441       
 1958	1	5	      0	0.01	#_442       
 1959	1	5	      0	0.01	#_443       
 1960	1	5	      0	0.01	#_444       
 1961	1	5	      0	0.01	#_445       
 1962	1	5	      0	0.01	#_446       
 1963	1	5	      0	0.01	#_447       
 1964	1	5	      0	0.01	#_448       
 1965	1	5	      0	0.01	#_449       
 1966	1	5	      0	0.01	#_450       
 1967	1	5	      0	0.01	#_451       
 1968	1	5	      0	0.01	#_452       
 1969	1	5	      0	0.01	#_453       
 1970	1	5	      0	0.01	#_454       
 1971	1	5	      0	0.01	#_455       
 1972	1	5	      0	0.01	#_456       
 1973	1	5	      0	0.01	#_457       
 1974	1	5	      0	0.01	#_458       
 1975	1	5	      0	0.01	#_459       
 1976	1	5	      0	0.01	#_460       
 1977	1	5	 11.947	0.05	#_461       
 1978	1	5	      0	0.01	#_462       
 1979	1	5	      0	0.01	#_463       
 1980	1	5	  4.648	0.05	#_464       
 1981	1	5	      0	0.01	#_465       
 1982	1	5	      0	0.01	#_466       
 1983	1	5	  4.374	0.05	#_467       
 1984	1	5	      0	0.01	#_468       
 1985	1	5	      0	0.01	#_469       
 1986	1	5	   1.41	0.05	#_470       
 1987	1	5	      0	0.01	#_471       
 1988	1	5	      0	0.01	#_472       
 1989	1	5	  4.206	0.05	#_473       
 1990	1	5	      0	0.01	#_474       
 1991	1	5	      0	0.01	#_475       
 1992	1	5	  3.707	0.05	#_476       
 1993	1	5	      0	0.01	#_477       
 1994	1	5	      0	0.01	#_478       
 1995	1	5	  2.815	0.05	#_479       
 1996	1	5	      0	0.01	#_480       
 1997	1	5	      0	0.01	#_481       
 1998	1	5	  3.773	0.05	#_482       
 1999	1	5	      0	0.01	#_483       
 2000	1	5	      0	0.01	#_484       
 2001	1	5	  1.719	0.05	#_485       
 2002	1	5	      0	0.01	#_486       
 2003	1	5	      0	0.01	#_487       
 2004	1	5	  1.926	0.05	#_488       
 2005	1	5	      0	0.01	#_489       
 2006	1	5	      0	0.01	#_490       
 2007	1	5	      0	0.01	#_491       
 2008	1	5	      0	0.01	#_492       
 2009	1	5	      0	0.01	#_493       
 2010	1	5	      0	0.01	#_494       
 2011	1	5	      0	0.01	#_495       
 2012	1	5	      0	0.01	#_496       
 2013	1	5	      0	0.01	#_497       
 2014	1	5	      0	0.01	#_498       
 2015	1	5	      0	0.01	#_499       
 2016	1	5	      0	0.01	#_500       
 -999	1	6	      0	0.01	#_501       
 1918	1	6	      0	0.01	#_502       
 1919	1	6	      0	0.01	#_503       
 1920	1	6	      0	0.01	#_504       
 1921	1	6	      0	0.01	#_505       
 1922	1	6	      0	0.01	#_506       
 1923	1	6	      0	0.01	#_507       
 1924	1	6	      0	0.01	#_508       
 1925	1	6	      0	0.01	#_509       
 1926	1	6	      0	0.01	#_510       
 1927	1	6	      0	0.01	#_511       
 1928	1	6	      0	0.01	#_512       
 1929	1	6	      0	0.01	#_513       
 1930	1	6	      0	0.01	#_514       
 1931	1	6	      0	0.01	#_515       
 1932	1	6	      0	0.01	#_516       
 1933	1	6	      0	0.01	#_517       
 1934	1	6	      0	0.01	#_518       
 1935	1	6	      0	0.01	#_519       
 1936	1	6	      0	0.01	#_520       
 1937	1	6	      0	0.01	#_521       
 1938	1	6	      0	0.01	#_522       
 1939	1	6	      0	0.01	#_523       
 1940	1	6	      0	0.01	#_524       
 1941	1	6	      0	0.01	#_525       
 1942	1	6	      0	0.01	#_526       
 1943	1	6	      0	0.01	#_527       
 1944	1	6	      0	0.01	#_528       
 1945	1	6	      0	0.01	#_529       
 1946	1	6	      0	0.01	#_530       
 1947	1	6	      0	0.01	#_531       
 1948	1	6	      0	0.01	#_532       
 1949	1	6	      0	0.01	#_533       
 1950	1	6	      0	0.01	#_534       
 1951	1	6	      0	0.01	#_535       
 1952	1	6	      0	0.01	#_536       
 1953	1	6	      0	0.01	#_537       
 1954	1	6	      0	0.01	#_538       
 1955	1	6	      0	0.01	#_539       
 1956	1	6	      0	0.01	#_540       
 1957	1	6	      0	0.01	#_541       
 1958	1	6	      0	0.01	#_542       
 1959	1	6	      0	0.01	#_543       
 1960	1	6	      0	0.01	#_544       
 1961	1	6	      0	0.01	#_545       
 1962	1	6	      0	0.01	#_546       
 1963	1	6	      0	0.01	#_547       
 1964	1	6	      0	0.01	#_548       
 1965	1	6	      0	0.01	#_549       
 1966	1	6	      0	0.01	#_550       
 1967	1	6	      0	0.01	#_551       
 1968	1	6	      0	0.01	#_552       
 1969	1	6	      0	0.01	#_553       
 1970	1	6	      0	0.01	#_554       
 1971	1	6	      0	0.01	#_555       
 1972	1	6	      0	0.01	#_556       
 1973	1	6	      0	0.01	#_557       
 1974	1	6	      0	0.01	#_558       
 1975	1	6	      0	0.01	#_559       
 1976	1	6	      0	0.01	#_560       
 1977	1	6	      0	0.01	#_561       
 1978	1	6	      0	0.01	#_562       
 1979	1	6	      0	0.01	#_563       
 1980	1	6	      0	0.01	#_564       
 1981	1	6	      0	0.01	#_565       
 1982	1	6	      0	0.01	#_566       
 1983	1	6	      0	0.01	#_567       
 1984	1	6	  0.856	0.05	#_568       
 1985	1	6	      0	0.01	#_569       
 1986	1	6	      0	0.01	#_570       
 1987	1	6	      0	0.01	#_571       
 1988	1	6	  0.511	0.05	#_572       
 1989	1	6	      0	0.01	#_573       
 1990	1	6	  0.019	0.05	#_574       
 1991	1	6	      0	0.05	#_575       
 1992	1	6	  1.161	0.05	#_576       
 1993	1	6	   0.17	0.05	#_577       
 1994	1	6	      0	0.01	#_578       
 1995	1	6	  0.008	0.05	#_579       
 1996	1	6	  1.175	0.05	#_580       
 1997	1	6	   0.11	0.05	#_581       
 1998	1	6	      0	0.01	#_582       
 1999	1	6	  1.029	0.05	#_583       
 2000	1	6	  0.227	0.05	#_584       
 2001	1	6	  0.607	0.05	#_585       
 2002	1	6	      0	0.01	#_586       
 2003	1	6	      0	0.01	#_587       
 2004	1	6	      0	0.01	#_588       
 2005	1	6	      0	0.01	#_589       
 2006	1	6	      0	0.01	#_590       
 2007	1	6	      0	0.01	#_591       
 2008	1	6	      0	0.01	#_592       
 2009	1	6	      0	0.01	#_593       
 2010	1	6	      0	0.01	#_594       
 2011	1	6	      0	0.01	#_595       
 2012	1	6	      0	0.01	#_596       
 2013	1	6	      0	0.01	#_597       
 2014	1	6	      0	0.01	#_598       
 2015	1	6	      0	0.01	#_599       
 2016	1	6	      0	0.01	#_600       
 -999	1	7	      0	0.01	#_601       
 1918	1	7	      0	0.01	#_602       
 1919	1	7	      0	0.01	#_603       
 1920	1	7	      0	0.01	#_604       
 1921	1	7	      0	0.01	#_605       
 1922	1	7	      0	0.01	#_606       
 1923	1	7	      0	0.01	#_607       
 1924	1	7	      0	0.01	#_608       
 1925	1	7	      0	0.01	#_609       
 1926	1	7	      0	0.01	#_610       
 1927	1	7	      0	0.01	#_611       
 1928	1	7	      0	0.01	#_612       
 1929	1	7	      0	0.01	#_613       
 1930	1	7	      0	0.01	#_614       
 1931	1	7	      0	0.01	#_615       
 1932	1	7	      0	0.01	#_616       
 1933	1	7	      0	0.01	#_617       
 1934	1	7	      0	0.01	#_618       
 1935	1	7	      0	0.01	#_619       
 1936	1	7	      0	0.01	#_620       
 1937	1	7	      0	0.01	#_621       
 1938	1	7	      0	0.01	#_622       
 1939	1	7	      0	0.01	#_623       
 1940	1	7	      0	0.01	#_624       
 1941	1	7	      0	0.01	#_625       
 1942	1	7	      0	0.01	#_626       
 1943	1	7	      0	0.01	#_627       
 1944	1	7	      0	0.01	#_628       
 1945	1	7	      0	0.01	#_629       
 1946	1	7	      0	0.01	#_630       
 1947	1	7	      0	0.01	#_631       
 1948	1	7	      0	0.01	#_632       
 1949	1	7	      0	0.01	#_633       
 1950	1	7	      0	0.01	#_634       
 1951	1	7	      0	0.01	#_635       
 1952	1	7	      0	0.01	#_636       
 1953	1	7	      0	0.01	#_637       
 1954	1	7	      0	0.01	#_638       
 1955	1	7	      0	0.01	#_639       
 1956	1	7	      0	0.01	#_640       
 1957	1	7	      0	0.01	#_641       
 1958	1	7	      0	0.01	#_642       
 1959	1	7	      0	0.01	#_643       
 1960	1	7	      0	0.01	#_644       
 1961	1	7	      0	0.01	#_645       
 1962	1	7	      0	0.01	#_646       
 1963	1	7	      0	0.01	#_647       
 1964	1	7	      0	0.01	#_648       
 1965	1	7	      0	0.01	#_649       
 1966	1	7	      0	0.01	#_650       
 1967	1	7	      0	0.01	#_651       
 1968	1	7	      0	0.01	#_652       
 1969	1	7	      0	0.01	#_653       
 1970	1	7	      0	0.01	#_654       
 1971	1	7	      0	0.01	#_655       
 1972	1	7	      0	0.01	#_656       
 1973	1	7	      0	0.01	#_657       
 1974	1	7	      0	0.01	#_658       
 1975	1	7	      0	0.01	#_659       
 1976	1	7	      0	0.01	#_660       
 1977	1	7	      0	0.01	#_661       
 1978	1	7	      0	0.01	#_662       
 1979	1	7	      0	0.01	#_663       
 1980	1	7	      0	0.01	#_664       
 1981	1	7	      0	0.01	#_665       
 1982	1	7	      0	0.01	#_666       
 1983	1	7	      0	0.01	#_667       
 1984	1	7	      0	0.01	#_668       
 1985	1	7	      0	0.01	#_669       
 1986	1	7	      0	0.01	#_670       
 1987	1	7	      0	0.01	#_671       
 1988	1	7	      0	0.01	#_672       
 1989	1	7	      0	0.01	#_673       
 1990	1	7	      0	0.01	#_674       
 1991	1	7	      0	0.01	#_675       
 1992	1	7	      0	0.01	#_676       
 1993	1	7	      0	0.01	#_677       
 1994	1	7	      0	0.01	#_678       
 1995	1	7	      0	0.01	#_679       
 1996	1	7	      0	0.01	#_680       
 1997	1	7	      0	0.01	#_681       
 1998	1	7	      0	0.01	#_682       
 1999	1	7	  0.359	0.05	#_683       
 2000	1	7	  0.356	0.05	#_684       
 2001	1	7	   0.51	0.05	#_685       
 2002	1	7	  0.296	0.05	#_686       
 2003	1	7	      0	0.01	#_687       
 2004	1	7	      0	0.01	#_688       
 2005	1	7	      0	0.01	#_689       
 2006	1	7	      0	0.01	#_690       
 2007	1	7	      0	0.01	#_691       
 2008	1	7	      0	0.01	#_692       
 2009	1	7	      0	0.01	#_693       
 2010	1	7	      0	0.01	#_694       
 2011	1	7	      0	0.01	#_695       
 2012	1	7	      0	0.01	#_696       
 2013	1	7	      0	0.01	#_697       
 2014	1	7	      0	0.01	#_698       
 2015	1	7	      0	0.01	#_699       
 2016	1	7	      0	0.01	#_700       
 -999	1	8	      0	0.01	#_701       
 1918	1	8	      0	0.01	#_702       
 1919	1	8	      0	0.01	#_703       
 1920	1	8	      0	0.01	#_704       
 1921	1	8	      0	0.01	#_705       
 1922	1	8	      0	0.01	#_706       
 1923	1	8	      0	0.01	#_707       
 1924	1	8	      0	0.01	#_708       
 1925	1	8	      0	0.01	#_709       
 1926	1	8	      0	0.01	#_710       
 1927	1	8	      0	0.01	#_711       
 1928	1	8	      0	0.01	#_712       
 1929	1	8	      0	0.01	#_713       
 1930	1	8	      0	0.01	#_714       
 1931	1	8	      0	0.01	#_715       
 1932	1	8	      0	0.01	#_716       
 1933	1	8	      0	0.01	#_717       
 1934	1	8	      0	0.01	#_718       
 1935	1	8	      0	0.01	#_719       
 1936	1	8	      0	0.01	#_720       
 1937	1	8	      0	0.01	#_721       
 1938	1	8	      0	0.01	#_722       
 1939	1	8	      0	0.01	#_723       
 1940	1	8	      0	0.01	#_724       
 1941	1	8	      0	0.01	#_725       
 1942	1	8	      0	0.01	#_726       
 1943	1	8	      0	0.01	#_727       
 1944	1	8	      0	0.01	#_728       
 1945	1	8	      0	0.01	#_729       
 1946	1	8	      0	0.01	#_730       
 1947	1	8	      0	0.01	#_731       
 1948	1	8	      0	0.01	#_732       
 1949	1	8	      0	0.01	#_733       
 1950	1	8	      0	0.01	#_734       
 1951	1	8	      0	0.01	#_735       
 1952	1	8	      0	0.01	#_736       
 1953	1	8	      0	0.01	#_737       
 1954	1	8	      0	0.01	#_738       
 1955	1	8	      0	0.01	#_739       
 1956	1	8	      0	0.01	#_740       
 1957	1	8	      0	0.01	#_741       
 1958	1	8	      0	0.01	#_742       
 1959	1	8	      0	0.01	#_743       
 1960	1	8	      0	0.01	#_744       
 1961	1	8	      0	0.01	#_745       
 1962	1	8	      0	0.01	#_746       
 1963	1	8	      0	0.01	#_747       
 1964	1	8	      0	0.01	#_748       
 1965	1	8	      0	0.01	#_749       
 1966	1	8	      0	0.01	#_750       
 1967	1	8	      0	0.01	#_751       
 1968	1	8	      0	0.01	#_752       
 1969	1	8	      0	0.01	#_753       
 1970	1	8	      0	0.01	#_754       
 1971	1	8	      0	0.01	#_755       
 1972	1	8	      0	0.01	#_756       
 1973	1	8	      0	0.01	#_757       
 1974	1	8	      0	0.01	#_758       
 1975	1	8	      0	0.01	#_759       
 1976	1	8	      0	0.01	#_760       
 1977	1	8	      0	0.01	#_761       
 1978	1	8	      0	0.01	#_762       
 1979	1	8	      0	0.01	#_763       
 1980	1	8	      0	0.01	#_764       
 1981	1	8	      0	0.01	#_765       
 1982	1	8	      0	0.01	#_766       
 1983	1	8	      0	0.01	#_767       
 1984	1	8	      0	0.01	#_768       
 1985	1	8	      0	0.01	#_769       
 1986	1	8	      0	0.01	#_770       
 1987	1	8	      0	0.01	#_771       
 1988	1	8	      0	0.01	#_772       
 1989	1	8	      0	0.01	#_773       
 1990	1	8	      0	0.01	#_774       
 1991	1	8	      0	0.01	#_775       
 1992	1	8	      0	0.01	#_776       
 1993	1	8	      0	0.01	#_777       
 1994	1	8	      0	0.01	#_778       
 1995	1	8	      0	0.01	#_779       
 1996	1	8	      0	0.01	#_780       
 1997	1	8	      0	0.01	#_781       
 1998	1	8	      0	0.01	#_782       
 1999	1	8	      0	0.01	#_783       
 2000	1	8	      0	0.01	#_784       
 2001	1	8	      0	0.01	#_785       
 2002	1	8	      0	0.01	#_786       
 2003	1	8	  3.552	0.05	#_787       
 2004	1	8	  0.607	0.05	#_788       
 2005	1	8	  1.254	0.05	#_789       
 2006	1	8	  1.216	0.05	#_790       
 2007	1	8	  0.577	0.05	#_791       
 2008	1	8	  0.795	0.05	#_792       
 2009	1	8	  2.704	0.05	#_793       
 2010	1	8	  1.616	0.05	#_794       
 2011	1	8	  1.189	0.05	#_795       
 2012	1	8	  1.593	0.05	#_796       
 2013	1	8	  1.709	0.05	#_797       
 2014	1	8	  0.561	0.05	#_798       
 2015	1	8	  1.507	0.05	#_799       
 2016	1	8	  2.979	0.05	#_800       
-9999	0	0	      0	   0	#_terminator
#_CPUE_and_surveyabundance_observations
#_Units:  0=numbers; 1=biomass; 2=F; >=30 for special types
#_Errtype:  -1=normal; 0=lognormal; >0=T
#_SD_Report: 0=no sdreport; 1=enable sdreport
#_fleet	units	errtype	SD_report
1	1	0	0	#_Fishery   
2	1	0	0	#_ASHOP     
3	1	0	0	#_Foreign   
4	1	0	0	#_POP       
5	1	0	0	#_Triennial 
6	1	0	0	#_AFSCSlope 
7	1	0	0	#_NWFSCSlope
8	1	0	0	#_NWFSCcombo
#
#_CPUE_data
#_year	month	index	obs	se_log
 1979	4	4	  56460.6	  0.265493	#_1         
 1985	4	4	  34645.2	  0.289238	#_2         
 1980	9	5	  10384.4	  0.256846	#_3         
 1983	9	5	  8974.16	  0.204358	#_4         
 1986	9	5	  2977.31	  0.267609	#_5         
 1989	9	5	  4872.87	  0.264973	#_6         
 1992	9	5	  3206.62	  0.252445	#_7         
 1995	7	5	  2724.13	  0.238544	#_8         
 1998	7	5	  4163.47	  0.247264	#_9         
 2001	7	5	  1494.31	  0.249243	#_10        
 2004	7	5	  2922.38	  0.283821	#_11        
 1996	7	6	  7620.57	  0.507777	#_12        
 1997	7	6	  3807.03	  0.509242	#_13        
 1999	7	6	   4693.9	  0.501189	#_14        
 2000	7	6	   4243.3	  0.526321	#_15        
 2001	7	6	  4187.14	  0.485327	#_16        
 1999	7	7	  3642.94	  0.633029	#_17        
 2000	7	7	  4120.39	   0.57547	#_18        
 2001	7	7	  2325.26	  0.589964	#_19        
 2002	7	7	  1902.92	  0.596178	#_20        
 2003	7	8	9998.5281	 1.0327551	#_21        
 2004	7	8	 3048.256	0.69770777	#_22        
 2005	7	8	3104.6365	0.93768264	#_23        
 2006	7	8	 113.9502	 1.6410816	#_24        
 2007	7	8	1992.0248	0.89083702	#_25        
 2008	7	8	457.64611	0.88347739	#_26        
 2009	7	8	1185.8918	0.83108935	#_27        
 2010	7	8	5505.6281	 1.0625237	#_28        
 2011	7	8	5649.0866	0.74558668	#_29        
 2012	7	8	4236.0665	0.99517283	#_30        
 2013	7	8	1956.2302	0.75630125	#_31        
 2014	7	8	529.99178	 1.0275196	#_32        
 2015	7	8	2121.6945	0.91341471	#_33        
 2016	7	8	3186.9317	0.82387836	#_34        
-9999	0	0	        0	         0	#_terminator
1 #_N_discard_fleets
#_discard_units (1=same_as_catchunits(bio/num); 2=fraction; 3=numbers)
#_discard_errtype:  >0 for DF of T-dist(read CV below); 0 for normal with CV; -1 for normal with se; -2 for lognormal
#
#_discard_fleet_info
#_fleet	units	errtype
1	2	0	#_Fishery
#
#_discard_data
#_year	month	fleet	obs	stderr
 1985	7	1	   0.0269	   0.0679	#_1         
 1986	7	1	   0.0239	   0.0633	#_2         
 1987	7	1	    0.039	    0.083	#_3         
 1992	7	1	      0.1	      0.3	#_4         
 2002	7	1	 0.149868	 0.164433	#_5         
 2003	7	1	 0.182916	 0.267535	#_6         
 2004	7	1	 0.202907	 0.206109	#_7         
 2005	7	1	 0.174643	 0.345612	#_8         
 2006	7	1	 0.147895	  0.24321	#_9         
 2007	7	1	 0.170961	 0.260599	#_10        
 2008	7	1	 0.361806	 0.172094	#_11        
 2009	7	1	 0.504457	 0.152789	#_12        
 2010	7	1	 0.487147	 0.194501	#_13        
 2011	7	1	0.0153137	0.0526808	#_14        
 2012	7	1	0.0284093	0.0538032	#_15        
 2013	7	1	0.0268319	0.0538248	#_16        
 2014	7	1	0.0352014	 0.049733	#_17        
 2015	7	1	0.0104979	0.0526504	#_18        
-9999	0	0	        0	        0	#_terminator
#
#_meanbodywt
0 #_use_meanbodywt
 #_DF_for_meanbodywt_T-distribution_like
#
#_population_length_bins
2 # length bin method: 1=use databins; 2=generate from binwidth,min,max below; 3=read vector
1 # binwidth for population size comp
5 # minimum size in the population (lower edge of first bin and size at age 0.00)
50 # maximum size in the population (lower edge of last bin)
1 #_use_lencomp
#
#_len_info
#_mintailcomp	addtocomp	combine_M_F	CompressBins	CompError	ParmSelect	minsamplesize
-1	0.001	0	0	0	0	0.001	#_Fishery   
-1	0.001	0	0	0	0	0.001	#_ASHOP     
-1	0.001	0	0	0	0	0.001	#_Foreign   
-1	0.001	0	0	0	0	0.001	#_POP       
-1	0.001	0	0	0	0	0.001	#_Triennial 
-1	0.001	0	0	0	0	0.001	#_AFSCSlope 
-1	0.001	0	0	0	0	0.001	#_NWFSCSlope
-1	0.001	0	0	0	0	0.001	#_NWFSCcombo
37 #_N_lbins
#_lbin_vector
11 12 13 14 15 16 17 18 19 20 21 22 23 24 25 26 27 28 29 30 31 32 33 34 35 36 37 38 39 40 41 42 43 44 45 46 47 #_lbin_vector
#
#_lencomp
#_year	month	fleet	sex	part	Nsamp	f11	f12	f13	f14	f15	f16	f17	f18	f19	f20	f21	f22	f23	f24	f25	f26	f27	f28	f29	f30	f31	f32	f33	f34	f35	f36	f37	f38	f39	f40	f41	f42	f43	f44	f45	f46	f47	m11	m12	m13	m14	m15	m16	m17	m18	m19	m20	m21	m22	m23	m24	m25	m26	m27	m28	m29	m30	m31	m32	m33	m34	m35	m36	m37	m38	m39	m40	m41	m42	m43	m44	m45	m46	m47
 2004	 7	1	0	1	 78	         0	         0	         0	         0	         0	         0	0.000344527	  0.0446497	 0.0226694	  0.0446497	   0.113347	  0.0892995	 0.00461847	0.00373875	  0.0727965	  0.035066	 0.0131144	 0.0150088	 0.0145257	0.00377704	  0.047632	 0.0299496	 0.0119614	 0.0132593	 0.0216848	 0.0187297	  0.0690759	 0.0598344	 0.0788157	 0.0260221	 0.0400909	 0.0147383	  0.0288971	0.00964675	  0.0192935	0.00964675	 0.0231165	         0	         0	         0	         0	         0	         0	0.000344527	  0.0446497	 0.0226694	  0.0446497	   0.113347	  0.0892995	 0.00461847	0.00373875	  0.0727965	  0.035066	  0.0131144	 0.0150088	 0.0145257	0.00377704	   0.047632	 0.0299496	 0.0119614	 0.0132593	 0.0216848	 0.0187297	  0.0690759	 0.0598344	 0.0788157	 0.0260221	 0.0400909	 0.0147383	  0.0288971	0.00964675	  0.0192935	0.00964675	 0.0231165	#_1         
 2005	 7	1	0	1	123	         0	         0	         0	         0	         0	         0	          0	 0.00192361	         0	          0	 0.00546577	 0.00483656	0.000719105	0.00703582	 0.00841295	 0.0240787	 0.0378165	 0.0534658	 0.0364408	 0.0731718	  0.030428	 0.0472889	 0.0438814	 0.0580976	 0.0784743	 0.0876376	   0.100118	 0.0695775	  0.122738	 0.0400204	 0.0369952	 0.0268203	  0.0045558	         0	          0	         0	         0	         0	         0	         0	         0	         0	         0	          0	 0.00192361	         0	          0	 0.00546577	 0.00483656	0.000719105	0.00703582	 0.00841295	 0.0240787	  0.0378165	 0.0534658	 0.0364408	 0.0731718	   0.030428	 0.0472889	 0.0438814	 0.0580976	 0.0784743	 0.0876376	   0.100118	 0.0695775	  0.122738	 0.0400204	 0.0369952	 0.0268203	  0.0045558	         0	          0	         0	         0	#_2         
 2006	 7	1	0	1	 68	         0	         0	         0	         0	         0	         0	          0	          0	         0	          0	          0	0.000669755	0.000669755	         0	  0.0182745	0.00937658	0.00770219	  0.041123	 0.0616175	  0.103336	 0.0950272	  0.195017	 0.0834339	   0.10242	 0.0436794	 0.0537715	  0.0417927	 0.0418932	 0.0261205	 0.0499638	0.00535804	 0.0135291	0.000669755	0.00388458	0.000669755	         0	         0	         0	         0	         0	         0	         0	         0	          0	          0	         0	          0	          0	0.000669755	0.000669755	         0	  0.0182745	0.00937658	 0.00770219	  0.041123	 0.0616175	  0.103336	  0.0950272	  0.195017	 0.0834339	   0.10242	 0.0436794	 0.0537715	  0.0417927	 0.0418932	 0.0261205	 0.0499638	0.00535804	 0.0135291	0.000669755	0.00388458	0.000669755	         0	         0	#_3         
 2007	 7	1	0	1	149	0.00449943	 0.0123766	         0	0.00618831	         0	         0	  0.0070946	  0.0124219	 0.0232968	  0.0243097	  0.0326685	  0.0283466	 0.00439814	 0.0120322	  0.0158102	 0.0149937	 0.0233037	 0.0384415	 0.0362776	 0.0591438	 0.0495302	  0.181599	 0.0993694	  0.102095	 0.0548973	 0.0279444	  0.0234248	  0.020572	0.00696473	 0.0458698	 0.0084231	0.00671716	 0.00744663	   0.00789	0.000319865	         0	0.00133277	0.00449943	 0.0123766	         0	0.00618831	         0	         0	  0.0070946	  0.0124219	 0.0232968	  0.0243097	  0.0326685	  0.0283466	 0.00439814	 0.0120322	  0.0158102	 0.0149937	  0.0233037	 0.0384415	 0.0362776	 0.0591438	  0.0495302	  0.181599	 0.0993694	  0.102095	 0.0548973	 0.0279444	  0.0234248	  0.020572	0.00696473	 0.0458698	 0.0084231	0.00671716	 0.00744663	   0.00789	0.000319865	         0	0.00133277	#_4         
 2008	 7	1	0	1	233	         0	         0	         0	  9.96e-05	         0	         0	          0	          0	         0	 0.00484679	 0.00742679	 0.00263962	 0.00353209	 0.0313497	  0.0065641	 0.0145999	 0.0137037	  0.012505	 0.0149653	 0.0198154	 0.0440231	 0.0345018	 0.0540343	 0.0960487	 0.0753664	  0.115704	  0.0653291	  0.107015	  0.112712	  0.050697	 0.0277899	 0.0361083	  0.0251078	0.00265437	 0.00934409	0.00187455	0.00964217	         0	         0	         0	  9.96e-05	         0	         0	          0	          0	         0	 0.00484679	 0.00742679	 0.00263962	 0.00353209	 0.0313497	  0.0065641	 0.0145999	  0.0137037	  0.012505	 0.0149653	 0.0198154	  0.0440231	 0.0345018	 0.0540343	 0.0960487	 0.0753664	  0.115704	  0.0653291	  0.107015	  0.112712	  0.050697	 0.0277899	 0.0361083	  0.0251078	0.00265437	 0.00934409	0.00187455	0.00964217	#_5         
 2009	 7	1	0	1	305	  3.97e-05	         0	  3.97e-05	         0	         0	         0	   8.48e-05	          0	  3.97e-05	          0	0.000121856	 0.00105761	 0.00038941	0.00047153	0.000217222	0.00165338	0.00177354	 0.0221416	 0.0072266	 0.0263141	 0.0117848	 0.0385479	 0.0649993	 0.0717511	  0.175772	 0.0985973	   0.137575	   0.11683	 0.0916718	 0.0382826	 0.0455634	  0.016017	   0.011706	 0.0061157	 0.00180369	0.00524644	0.00616547	  3.97e-05	         0	  3.97e-05	         0	         0	         0	   8.48e-05	          0	  3.97e-05	          0	0.000121856	 0.00105761	 0.00038941	0.00047153	0.000217222	0.00165338	 0.00177354	 0.0221416	 0.0072266	 0.0263141	  0.0117848	 0.0385479	 0.0649993	 0.0717511	  0.175772	 0.0985973	   0.137575	   0.11683	 0.0916718	 0.0382826	 0.0455634	  0.016017	   0.011706	 0.0061157	 0.00180369	0.00524644	0.00616547	#_6         
 2010	 7	1	0	1	153	         0	         0	         0	         0	         0	         0	          0	   6.19e-05	         0	0.000334101	0.000593958	0.000668203	 0.00180662	0.00239773	  0.0132403	0.00300691	0.00311542	0.00584181	 0.0293086	0.00871853	 0.0102425	  0.030091	 0.0133333	 0.0337619	 0.0923567	  0.127342	   0.144368	  0.106853	 0.0824513	 0.0541732	 0.0402695	 0.0519294	  0.0488902	 0.0348703	 0.00378361	0.00268519	 0.0535057	         0	         0	         0	         0	         0	         0	          0	   6.19e-05	         0	0.000334101	0.000593958	0.000668203	 0.00180662	0.00239773	  0.0132403	0.00300691	 0.00311542	0.00584181	 0.0293086	0.00871853	  0.0102425	  0.030091	 0.0133333	 0.0337619	 0.0923567	  0.127342	   0.144368	  0.106853	 0.0824513	 0.0541732	 0.0402695	 0.0519294	  0.0488902	 0.0348703	 0.00378361	0.00268519	 0.0535057	#_7         
 2011	 7	1	0	1	 66	0.00189582	         0	         0	0.00469579	 0.0436038	0.00720411	  0.0284373	  0.0401913	 0.0492913	  0.0716619	    0.11792	   0.178207	  0.0667328	 0.0466371	  0.0153561	  0.043983	 0.0405705	 0.0405705	 0.0352622	 0.0172519	         0	 0.0151665	0.00379163	 0.0113749	 0.0170624	0.00758327	  0.0170624	 0.0219915	0.00985825	 0.0083416	 0.0181998	 0.0041708	 0.00758327	         0	          0	 0.0083416	         0	0.00189582	         0	         0	0.00469579	 0.0436038	0.00720411	  0.0284373	  0.0401913	 0.0492913	  0.0716619	    0.11792	   0.178207	  0.0667328	 0.0466371	  0.0153561	  0.043983	  0.0405705	 0.0405705	 0.0352622	 0.0172519	          0	 0.0151665	0.00379163	 0.0113749	 0.0170624	0.00758327	  0.0170624	 0.0219915	0.00985825	 0.0083416	 0.0181998	 0.0041708	 0.00758327	         0	          0	 0.0083416	         0	#_8         
 2012	 7	1	0	1	110	         0	         0	0.00054167	0.00054167	0.00108334	0.00390002	 0.00216668	 0.00249168	 0.0139029	  0.0047667	  0.0411128	  0.0227501	  0.0777636	 0.0748927	  0.0663038	  0.120919	  0.275453	  0.113797	 0.0822616	 0.0818238	0.00238335	 0.0068115	0.00108334	         0	         0	0.00108334	          0	0.00054167	0.00054167	0.00108334	         0	         0	          0	         0	          0	         0	         0	         0	         0	0.00054167	0.00054167	0.00108334	0.00390002	 0.00216668	 0.00249168	 0.0139029	  0.0047667	  0.0411128	  0.0227501	  0.0777636	 0.0748927	  0.0663038	  0.120919	   0.275453	  0.113797	 0.0822616	 0.0818238	 0.00238335	 0.0068115	0.00108334	         0	         0	0.00108334	          0	0.00054167	0.00054167	0.00108334	         0	         0	          0	         0	          0	         0	         0	#_9         
 2013	 7	1	0	1	197	         0	         0	         0	         0	0.00168714	0.00515515	 0.00927927	 0.00194155	 0.0100693	 0.00846248	  0.0230473	   0.013594	  0.0346297	 0.0428279	  0.0699239	  0.129869	  0.174578	  0.141806	  0.123725	  0.113547	 0.0379941	 0.0113726	 0.0117163	0.00318682	0.00149968	0.00234325	 0.00871689	0.00196833	 0.0084357	0.00524888	         0	 0.0018746	 0.00149968	         0	          0	         0	         0	         0	         0	         0	         0	0.00168714	0.00515515	 0.00927927	 0.00194155	 0.0100693	 0.00846248	  0.0230473	   0.013594	  0.0346297	 0.0428279	  0.0699239	  0.129869	   0.174578	  0.141806	  0.123725	  0.113547	  0.0379941	 0.0113726	 0.0117163	0.00318682	0.00149968	0.00234325	 0.00871689	0.00196833	 0.0084357	0.00524888	         0	 0.0018746	 0.00149968	         0	          0	         0	         0	#_10        
 2014	 7	1	0	1	147	 0.0206459	0.00211152	0.00211152	 0.0266286	 0.0193556	         0	          0	0.000351919	 0.0254086	  0.0582779	  0.0548994	   0.028787	  0.0174972	0.00663874	  0.0114235	 0.0389525	   0.06233	 0.0884856	  0.155843	  0.181494	 0.0621402	  0.011191	0.00492687	 0.0309165	         0	 0.0583139	0.000703839	 0.0295089	0.00105576	         0	         0	         0	          0	         0	          0	         0	         0	 0.0206459	0.00211152	0.00211152	 0.0266286	 0.0193556	         0	          0	0.000351919	 0.0254086	  0.0582779	  0.0548994	   0.028787	  0.0174972	0.00663874	  0.0114235	 0.0389525	    0.06233	 0.0884856	  0.155843	  0.181494	  0.0621402	  0.011191	0.00492687	 0.0309165	         0	 0.0583139	0.000703839	 0.0295089	0.00105576	         0	         0	         0	          0	         0	          0	         0	         0	#_11        
 2015	 7	1	0	1	 45	         0	         0	         0	         0	         0	         0	          0	          0	 0.0153652	 0.00903837	  0.0479033	  0.0105448	  0.0419154	 0.0316343	  0.0361535	 0.0882747	  0.042179	 0.0599545	 0.0234998	  0.132864	  0.155912	   0.12714	  0.130161	 0.0474603	         0	         0	          0	         0	         0	         0	         0	         0	          0	         0	          0	         0	         0	         0	         0	         0	         0	         0	         0	          0	          0	 0.0153652	 0.00903837	  0.0479033	  0.0105448	  0.0419154	 0.0316343	  0.0361535	 0.0882747	   0.042179	 0.0599545	 0.0234998	  0.132864	   0.155912	   0.12714	  0.130161	 0.0474603	         0	         0	          0	         0	         0	         0	         0	         0	          0	         0	          0	         0	         0	#_12        
 1986	 7	1	3	1	 50	         0	         0	         0	         0	         0	         0	          0	          0	         0	          0	          0	          0	          0	         0	          0	         0	         0	 0.0166667	 0.0333333	 0.0166667	 0.0166667	 0.0166667	 0.0333333	 0.0333333	  0.116667	  0.166667	       0.15	  0.183333	  0.166667	 0.0166667	 0.0166667	         0	  0.0166667	         0	          0	         0	         0	         0	         0	         0	         0	         0	         0	          0	          0	         0	          0	          0	          0	          0	         0	          0	         0	          0	         0	         0	         0	        0.2	       0.2	       0.1	       0.1	      0.25	      0.05	       0.05	         0	         0	         0	         0	      0.05	          0	         0	          0	         0	         0	#_13        
 1986	 7	1	0	1	 50	         0	         0	         0	         0	         0	         0	          0	          0	         0	          0	          0	          0	          0	         0	          0	         0	         0	    0.0125	     0.025	    0.0125	    0.0625	    0.0625	      0.05	      0.05	      0.15	    0.1375	      0.125	    0.1375	     0.125	    0.0125	    0.0125	    0.0125	     0.0125	         0	          0	         0	         0	         0	         0	         0	         0	         0	         0	          0	          0	         0	          0	          0	          0	          0	         0	          0	         0	          0	    0.0125	     0.025	    0.0125	     0.0625	    0.0625	      0.05	      0.05	      0.15	    0.1375	      0.125	    0.1375	     0.125	    0.0125	    0.0125	    0.0125	     0.0125	         0	          0	         0	         0	#_14        
 1966	 7	1	3	2	  7	         0	         0	         0	         0	         0	         0	          0	          0	         0	          0	          0	          0	          0	         0	          0	         0	         0	         0	         0	         0	   12567.9	   6283.97	   12567.9	   18851.9	   37703.8	   50271.8	     100544	   75407.7	    113112	    113112	   87975.6	   56555.8	    43987.8	   25135.9	    25135.9	   18851.9	         0	         0	         0	         0	         0	         0	         0	          0	          0	         0	          0	          0	          0	          0	         0	          0	         0	          0	         0	         0	         0	          0	   37703.8	   31419.9	   25135.9	   69123.7	    100544	    81691.6	    144531	   81691.6	   50271.8	   50271.8	   18851.9	    6283.97	         0	          0	         0	         0	#_15        
 1967	 7	1	3	2	 35	         0	         0	         0	         0	         0	         0	          0	          0	         0	          0	          0	          0	          0	         0	          0	         0	   1884.57	   3249.06	   4809.29	   8578.43	   4809.29	   3249.06	   5278.81	   19472.4	   38254.1	   47035.9	    88921.8	     58533	   65362.6	   64893.1	    104373	    130768	     100380	    149542	     103776	   49907.3	   11035.5	         0	         0	         0	         0	         0	         0	          0	          0	         0	          0	          0	          0	          0	         0	          0	         0	    4042.91	   1884.57	   2924.72	   5407.41	    3769.14	   8656.47	   16836.9	   17251.5	   67430.8	    112658	     124725	    141776	    161723	    104329	   94602.2	   56512.8	    20212.2	   9965.31	    2678.42	   11035.5	         0	#_16        
 1968	 7	1	3	2	 21	         0	         0	         0	         0	         0	         0	          0	          0	         0	          0	          0	          0	          0	         0	          0	         0	   575.255	         0	   5853.63	   575.255	   1418.18	   18972.5	   14163.3	    162464	    155447	    245347	     264628	    316416	    284257	    106085	    114605	   63886.8	    58827.2	   19185.6	    9222.93	   6327.81	   1725.77	         0	         0	         0	         0	         0	         0	          0	          0	         0	          0	          0	          0	          0	         0	          0	         0	          0	         0	         0	   575.255	    23064.6	     25574	   71623.8	    166393	    243589	    296806	     260046	    201097	    100822	   84353.5	   24649.1	   17387.3	    7004.14	   575.255	          0	         0	         0	#_17        
 1969	 7	1	3	2	 28	         0	         0	         0	         0	         0	         0	          0	          0	         0	          0	          0	          0	          0	         0	          0	         0	         0	    1808.3	         0	   3616.61	    1808.3	    1808.3	   10338.5	   19124.1	   32320.5	   90391.5	     100608	    120666	    116361	    109390	   72502.5	   40675.4	    36101.9	   23915.6	    24827.6	   4512.55	   2704.25	         0	         0	         0	         0	         0	         0	          0	          0	         0	          0	          0	          0	          0	         0	          0	         0	          0	         0	    1808.3	   3616.61	    8569.65	   18451.9	   19016.1	   72845.6	   97685.5	    109400	     122834	   95514.8	   65788.2	   56586.6	   48272.1	   15786.5	    4056.37	   1352.12	          0	         0	         0	#_18        
 1970	 7	1	3	2	 92	         0	         0	         0	         0	         0	         0	          0	          0	         0	          0	          0	          0	          2	         0	          3	   425.589	         2	         6	   431.589	   6177.66	   8967.84	   43415.5	   74954.5	    110324	    147487	    184366	    87137.7	   90649.9	   47019.3	   34238.2	   24750.3	   37070.4	    38543.2	   61306.3	    18746.4	   445.589	         5	         0	         0	         0	         0	         0	         0	          0	          0	         0	          0	          0	          0	          0	         0	          2	         2	          6	        11	         7	   6175.66	      50860	   36614.9	    123960	    178612	    155995	    125458	    74675.8	   54198.3	   35275.7	   10684.2	   20864.4	   447.589	    867.179	         3	          2	         1	         0	#_19        
 1971	 7	1	3	2	155	         0	         0	         0	         0	         0	         0	          0	          0	         0	          0	          0	          0	          0	         0	          0	         0	    184.82	         2	   758.866	   1652.92	    4590.3	   11412.5	   23746.6	     52804	   62565.3	   69209.7	    46227.1	   36077.2	   19556.3	   16543.6	   18104.6	   22243.6	    26828.1	   22245.6	    19059.8	   7156.21	   1713.58	         0	         0	         0	         0	         0	         0	          0	          0	         0	          0	          0	          0	          0	         0	          0	   283.063	          0	         0	    844.41	    633.97	    7866.74	   18060.2	   39952.3	     70119	   74406.2	   62970.8	    37771.2	   27201.8	   30424.9	   25244.6	   24409.8	   16204.4	     7875.6	   1495.84	    163.301	         0	         1	#_20        
 1972	 7	1	3	2	162	         0	         0	         0	         0	         0	         0	          0	          0	         0	          0	          0	    111.749	    853.782	         0	    965.531	   853.782	   2411.75	   2065.81	   3739.06	   8020.61	   10535.5	   11694.9	   31874.6	   38500.4	   47037.6	   69141.9	      58525	   63003.6	   40305.4	     24340	   28848.7	   30843.9	    42240.1	   38087.6	    30121.5	   17996.9	   5584.55	         0	         0	         0	         0	         0	         0	          0	    437.215	         0	          0	          0	          0	    853.782	   111.749	          0	   853.782	    1292.08	   4372.06	   6208.51	   7247.59	    5992.59	   17462.4	   41779.8	   65666.8	   67741.9	   78211.1	    65645.5	   43956.7	   37005.5	   30775.2	     36803	   26071.6	    11139.8	   4433.02	    2525.53	   111.749	         0	#_21        
 1973	 7	1	3	2	120	         0	         0	         0	         0	         0	         0	          0	          0	         0	          0	    183.784	    1313.16	    602.264	   1888.59	      516.8	    1285.7	   2851.91	   2863.62	   4132.91	   5322.16	   11694.4	   13218.1	   24389.1	     36135	   46270.3	     52784	      66997	     72091	   49751.4	   35862.8	   27368.9	   25060.1	    19186.8	   23354.3	    22149.7	   14018.5	   10266.7	         0	         0	         0	         0	         0	         0	          0	          0	         0	          0	    539.159	    1042.06	          0	   219.572	    1153.62	   1432.83	    2190.96	   2616.39	   6741.62	   8288.67	    7645.25	   13769.1	   32025.7	   49307.6	   80417.9	    100328	    76481.8	   55836.1	   36684.2	     25585	     19746	   13634.7	    5895.12	   4591.22	    814.827	         0	   108.628	#_22        
 1974	 7	1	3	2	141	         0	         0	         0	    279.11	         0	         0	          0	          0	         0	          0	          0	          0	          0	         0	    212.165	   205.097	   385.192	      1579	    452.88	    891.24	    2141.1	   6599.48	   17992.5	   33845.3	   52182.4	   66835.1	    64482.2	   61571.7	   45921.6	   38717.5	   32070.7	   24082.2	    15543.7	   18647.1	    16716.6	   11156.3	    5563.6	         0	         0	         0	         0	         0	         0	          0	          0	         0	          0	          0	          0	          0	   103.507	          0	    653.97	    1546.53	   106.082	   877.379	   1205.75	    2307.55	     13266	   24003.2	   50476.6	   79146.8	   91976.4	    77166.2	   51785.1	   49411.3	   22602.9	   14499.2	   13490.5	    6332.12	   1282.54	    101.286	         0	         0	#_23        
 1975	 7	1	3	2	134	         0	         0	         0	         0	         0	         0	          0	          0	         0	          0	          0	          0	          0	         0	          0	   519.186	   1214.54	   2339.14	    7726.5	   10089.1	   5558.96	   4367.84	   6226.32	   12214.4	   18569.8	   30421.7	    40646.1	     47794	   47373.2	   47762.2	   36758.6	   26838.9	    20436.1	   19950.1	    13971.7	     12399	   7061.03	         0	         0	         0	         0	         0	         0	          0	          0	         0	          0	          0	          0	          0	         0	    322.582	    446.12	     2090.9	   5225.28	   8089.94	   3349.67	    7178.87	   7005.06	   8531.16	   18887.2	   28544.7	   45391.4	    46798.3	   47179.5	   27742.9	   26839.6	   13801.9	   11172.8	    5236.22	   1652.23	    1464.05	         0	         0	#_24        
 1976	 7	1	3	2	148	         0	         0	         0	         0	         0	         0	          0	          0	         0	          0	          0	          0	          0	         0	    521.751	   302.242	   521.751	   6525.71	   27592.8	   90405.1	   96344.5	    105728	   68824.6	   45221.8	   44958.5	   54973.9	    65740.8	   76597.5	   58283.5	   63813.6	   44342.9	   37883.5	    32953.7	     20244	    15476.8	   7243.94	   5443.14	         0	         0	         0	         0	         0	         0	          0	          0	         0	          0	          0	          0	    302.242	         0	          0	         0	    3570.35	   7291.28	   43509.4	    106659	     135778	   90063.2	   51653.4	   42773.8	     53376	   72510.8	    68857.6	   59051.7	   57306.9	   32235.9	   21847.6	   12092.3	     8519.2	   1045.85	    73.1816	         0	         0	#_25        
 1977	 7	1	3	2	226	         0	         0	         0	         0	         0	         0	          0	          0	         0	          0	          0	          0	          0	   231.368	          0	         0	         0	   1328.61	    4777.9	   10648.6	   36762.8	   69762.9	    103790	   83055.4	     51745	     51678	    63413.1	   68340.5	   74184.1	   66707.4	   57662.7	   51131.4	    41509.5	   32198.7	    26194.7	   22582.5	   9381.01	         0	         0	         0	         0	         0	         0	          0	          0	         0	          0	          0	          0	    113.663	   581.071	    137.498	   194.411	    2542.38	   2508.62	   9843.74	   22706.6	    75562.3	    118453	   89483.4	   73524.8	   61207.4	   59746.4	    67626.4	   63587.3	   53095.8	     36522	   22221.6	   10038.8	    6349.96	   2133.07	       1112	   295.489	         0	#_26        
 1978	 7	1	3	2	367	         0	         0	         0	         0	         0	         0	          0	          0	         0	          0	          0	    894.949	          0	         0	    936.524	   4616.93	   2610.77	   4256.51	   5346.48	   6906.25	   16135.1	     31031	   43044.5	   70585.9	   92202.9	   73877.7	    85316.7	   77069.1	   87393.1	   97406.9	   95697.3	    105882	    91850.3	   69138.1	    63385.9	   32395.7	   16861.4	         0	         0	         0	         0	         0	         0	          0	          0	         0	          0	          0	          0	          0	   894.949	    894.949	   1901.23	    1348.97	   5156.64	   4889.14	   8830.43	    22847.3	   42102.6	   75197.6	   92878.1	   87445.4	   98211.9	     116992	    134677	    143224	    112638	     68604	   42732.3	    20028.8	   13608.5	    2017.39	   273.542	   200.526	#_27        
 1979	 7	1	3	2	240	         0	         0	         0	         0	         0	         0	          0	          0	         0	          0	          0	          0	          0	         0	          0	         0	   3.65727	   325.699	   1110.13	    958.09	   3971.23	   1656.46	   13444.5	   27371.5	   53583.3	   84118.7	      89950	   89523.5	   84644.2	   80418.6	   80496.8	   74923.3	    79121.1	   47732.7	    46516.8	   18970.5	   16184.2	         0	         0	         0	         0	         0	         0	          0	          0	         0	          0	          0	          0	          0	         0	          0	         0	          0	   1676.86	         0	    307.73	    8786.31	     12923	   24186.9	   49160.1	   87734.5	    100798	    95908.9	   71670.8	   61707.5	   58183.7	   29567.9	   32118.8	    12773.7	   6255.88	    3507.31	   972.117	   811.817	#_28        
 1980	 7	1	3	2	388	         0	         0	         0	         0	         0	         0	          0	          0	         0	          0	          0	    63.0576	          0	         0	          0	         0	   274.306	         0	   1589.68	   1508.53	   5628.48	    7527.3	   10629.5	   23220.4	   53889.5	    110122	     141882	    178749	    130517	    121134	   90160.7	   77682.7	    57830.5	   47360.3	    43551.4	   19560.6	   7624.87	         0	         0	         0	         0	         0	         0	          0	          0	         0	          0	          0	          0	          0	         0	          0	         0	          0	   123.127	      1329	      3918	    5781.53	   13726.4	   33971.6	   83341.4	    128219	    109569	     110362	   79243.2	   66309.2	   47613.6	   34595.9	   23432.3	      14912	    5418.8	    1301.52	   823.306	   463.477	#_29        
 1981	 7	1	3	2	282	         0	         0	         0	         0	         0	         0	          0	          0	         0	          0	          0	          0	          0	         0	          0	         0	         0	   758.894	         1	   152.261	   3211.53	   15305.2	   9431.87	   23933.3	     31883	   73804.9	     111456	    111965	   73117.5	   57318.9	   33734.9	   36903.8	    28122.6	   28557.4	    19896.1	   14163.7	   6480.85	         0	         0	         0	         0	         0	         0	          0	          0	         0	          0	          0	          0	          0	         0	          0	         0	          0	         0	         1	   1672.27	    3873.87	   11835.6	   31528.8	   82284.3	    112391	    108799	    57459.2	   33217.2	   29672.6	   18640.7	     13385	   11957.8	     6438.5	   2287.63	    1210.78	         0	   622.243	#_30        
 1982	 7	1	3	2	339	         0	         0	         0	         0	         0	         0	          0	          0	         0	          0	          0	          0	          0	         0	    428.191	         0	         0	   6.82463	   525.711	   1032.29	   1721.46	   2205.14	   6116.67	   11805.8	   19588.5	   35154.6	    43473.5	   65740.9	   72193.8	   60671.4	   36991.2	   34778.4	    33280.7	   37121.3	    28353.4	   17040.7	   9795.72	         0	         0	         0	         0	         0	         0	          0	          0	         0	          0	          0	          0	          0	         0	    428.191	         0	    319.631	   181.565	   375.505	   881.388	    4062.02	    6346.8	   22733.6	   34267.7	   55605.2	   69409.5	    52866.8	   53714.9	   51447.4	   41512.2	   36334.1	   23648.4	    17378.2	   4856.04	    1569.59	   199.129	   142.861	#_31        
 1983	 7	1	3	2	275	         0	         0	         0	         0	         0	         0	          0	          0	         0	          0	          0	          0	          0	         0	          0	         0	         0	   173.009	    680.07	   2575.18	    4692.3	   4969.57	   15937.2	   21280.6	   31008.6	   62335.8	    70682.8	   84727.7	   80932.8	   55228.1	   56959.5	   52905.9	    58676.6	   70228.1	    58633.3	   37605.7	   25743.1	         0	         0	         0	         0	         0	         0	          0	          0	         0	          0	          0	          0	          0	         0	          0	         0	          0	   338.826	   1651.74	   1682.86	    4668.51	   11498.1	   32275.8	   69207.8	   92157.6	     88769	    85966.9	   84019.1	   91705.3	   87104.4	   76871.4	   49172.9	    30142.3	   16824.1	    5549.38	   5969.61	   6644.29	#_32        
 1984	 7	1	3	2	219	         0	         0	         0	         0	         0	         0	          0	          0	         0	          0	          0	          0	          0	         0	          0	         0	         0	         0	   1150.23	   2737.68	   9051.99	   11202.6	   17950.5	   24266.5	   32903.4	   53651.8	    94756.1	    129339	    112387	    126007	   80532.7	   77240.2	      58214	   40929.3	    28278.4	   8944.12	    1913.3	         0	         0	         0	         0	         0	         0	          0	          0	         0	          0	          0	          0	          0	         0	          0	         0	    597.594	   2050.51	   2029.49	   2371.24	    8661.82	   22097.9	   48708.6	    111924	    145654	    147593	     149884	    152452	   98317.3	   75422.7	   28770.3	   23803.2	    13441.3	   6338.48	    2821.38	   393.485	   637.535	#_33        
 1985	 7	1	3	2	318	         0	         0	         0	         0	         0	         0	          0	     120.69	         0	          0	          0	          0	          0	         0	     1390.6	         0	         0	   1161.28	   1771.55	   3053.46	   7322.37	   9664.86	   21223.1	   24468.5	   43261.3	     59242	    70753.6	   97694.5	   98866.5	   86012.6	     63741	   49800.1	    50268.1	   48765.5	    30335.2	     19793	     12368	         0	         0	         0	         0	         0	         0	          0	          0	         0	          0	          0	          0	          0	         0	          0	         0	    1560.89	   4365.25	    1910.9	   9416.75	    11984.5	   16290.2	   31299.8	   74570.1	   94344.8	    110465	    88703.6	   71878.7	   67543.7	   71643.6	   59213.5	   33586.5	    14496.3	   5640.55	    1780.53	   1192.66	   1410.97	#_34        
 1986	 7	1	3	2	282	         0	         0	         0	         0	         0	         0	          0	          0	         0	          0	          0	          0	          0	         0	          0	   535.334	   973.821	   535.334	   1334.42	   1541.13	   4817.21	    9813.3	   9995.43	   28918.7	   35588.4	   54853.8	      67971	     92153	   91866.5	   96550.9	   88823.8	   73849.8	    52550.3	     46774	    38430.8	   31626.6	   17557.7	         0	         0	         0	         0	         0	         0	          0	          0	         0	          0	          0	          0	          0	         0	          0	         0	    535.334	         0	   1509.15	   1528.11	    4475.45	   6447.86	   13159.1	   38737.7	   61707.7	   79022.9	    74230.1	   77929.5	   82665.6	   60980.4	   48731.3	   40065.8	    19075.4	   6913.81	     1802.7	   1326.66	         0	#_35        
 1987	 7	1	3	2	304	         0	         0	         0	         0	         0	         0	          0	          0	         0	          0	          0	          0	          0	         0	          0	         0	   667.199	         0	         0	   3910.46	   8222.74	   9236.33	   10319.4	   19998.9	   31711.8	   44152.8	    61393.9	   71135.4	     59918	   75268.2	   57074.7	   42698.5	    36831.9	   31133.7	    33112.9	   14674.9	   22162.5	         0	         0	         0	         0	         0	         0	          0	          0	         0	          0	          0	          0	          0	         0	          0	         0	          0	         0	   883.025	   3422.82	    4024.08	   14734.1	   24326.3	   34069.9	   61728.5	   70246.5	      77594	   76731.7	   49894.6	   45417.5	   26954.9	   17364.3	    7863.97	   5277.54	    43.8724	         0	   2481.41	#_36        
 1988	 7	1	3	2	 64	         0	         0	         0	         0	         0	         0	          0	          0	         0	          0	          0	          0	          0	         0	          0	         0	   4364.01	   1987.08	         0	   6580.74	   4749.07	   11515.7	   5269.57	   4116.61	   12662.9	   33714.8	    59711.8	   63446.4	   69951.5	   92452.8	   41966.7	   46873.8	    45374.7	   76250.5	    80217.9	   44594.8	   45047.2	         0	         0	         0	         0	         0	         0	          0	          0	         0	          0	          0	          0	          0	         0	          0	         0	          0	         0	   1987.08	   8349.07	    9113.09	   15731.5	   10325.3	   21919.7	   31121.3	   86280.9	     121260	   42478.9	   82059.8	     62078	   43692.7	   46241.1	    14007.1	   949.943	    12844.6	   4364.01	         0	#_37        
 1989	 7	1	3	2	113	         0	         0	         0	         0	         0	         0	          0	          0	         0	          0	          0	          0	          0	         0	          0	         0	         0	         0	         0	   1593.58	   6534.65	   5779.21	   1747.08	   14990.7	   34113.4	   46335.5	    72243.8	   80015.2	   91139.5	    103086	   48761.8	   39475.3	    29076.6	   15812.1	    6908.46	   9710.69	   5105.54	         0	         0	         0	         0	         0	         0	          0	          0	         0	          0	          0	          0	          0	         0	          0	         0	    796.865	         0	         0	         0	    4626.93	   10493.9	   27510.9	     31292	   56481.3	   78079.1	     108254	   97006.4	   79881.8	   37775.9	   21389.5	   22750.4	    5672.72	   796.865	    1898.73	         0	         0	#_38        
 1990	 7	1	3	2	 85	         0	         0	         0	         0	         0	         0	          0	          0	         0	          0	          0	          0	          0	         0	          0	         0	         0	   1792.33	   2179.56	   3378.16	   5163.87	   8579.41	   10752.4	   16698.3	   34412.4	   39378.5	    42738.6	   37300.5	   40120.5	   25473.4	   15691.1	     24683	    31036.5	   22525.9	     6651.3	   8959.41	      3180	         0	         0	         0	         0	         0	         0	          0	          0	         0	          0	          0	          0	          0	         0	          0	         0	          0	         0	   5564.78	   5771.28	          0	   12713.8	   15745.2	   38297.9	   35374.9	   41132.7	    44731.8	   60106.4	   41268.4	   37588.6	     22654	   11895.8	    2791.29	   4186.04	          0	         0	         0	#_39        
 1991	 7	1	3	2	 38	         0	         0	         0	         0	         0	         0	          0	          0	         0	          0	          0	          0	          0	         0	          0	         0	         0	         0	         0	         0	   4645.13	         0	   14426.7	      9539	   40919.7	   44951.3	    58375.6	   58975.3	   59060.5	   31711.9	   18770.7	   38423.4	    37727.4	   27812.2	      50648	   21791.4	   26227.1	         0	         0	         0	         0	         0	         0	          0	          0	         0	          0	          0	          0	          0	         0	          0	         0	          0	         0	         0	         0	          0	   9048.21	   42358.3	   18958.1	   51635.9	   88771.1	    61644.3	   53937.7	   41465.1	   33706.5	   14757.9	   23250.3	    14543.2	         0	          0	         0	         0	#_40        
 1994	 7	1	3	2	304	   375.856	         0	         0	         0	         0	         0	          0	          0	         0	          0	          0	          0	          0	   371.213	    96.0394	         0	         0	   1022.84	   3209.97	   3978.76	   10079.5	   21394.5	   27987.8	   36135.6	   47354.3	   55386.2	    61636.8	   53802.9	   50472.4	   50370.6	   38882.6	   40117.3	    33418.6	   30384.8	    25084.5	   20466.2	   17341.3	         0	         0	         0	         0	         0	         0	          0	          0	         0	          0	          0	          0	          0	         0	    375.856	         0	    354.997	         0	   1120.38	   9460.16	    16732.5	   23553.5	   23982.4	   42149.9	   47067.9	   82553.9	    91117.7	    107710	     62411	   39513.3	   24979.1	   15019.7	    11434.2	   5170.12	     2796.3	   563.908	         0	#_41        
 1995	 7	1	3	2	346	         0	         0	         0	         0	         0	         0	          0	          0	         0	          0	          0	          0	          0	         0	          0	         0	         0	         0	   378.325	   3352.03	   7126.34	   8764.46	   13568.3	   26028.4	   29309.3	   59627.3	    61038.7	   53836.3	   41743.7	   49747.4	     38709	   33157.1	      19653	     19485	    14613.6	   11991.9	   7309.28	         0	         0	         0	         0	         0	         0	          0	          0	         0	          0	          0	          0	          0	         0	          0	         0	          0	   1287.54	    3013.8	   4035.26	    11851.1	   20282.8	   21675.8	   33928.9	   54620.3	   80209.1	    93650.9	   76391.5	   51499.8	   23148.8	   18971.4	   9131.83	    9124.98	   8302.36	    214.566	         0	   331.074	#_42        
 1996	 7	1	3	2	452	         0	         0	         0	         0	         0	         0	          0	          0	         0	          0	          0	          0	          0	         0	          0	         0	         0	   523.088	   247.856	   2935.19	   4720.79	   2812.32	   19229.3	   23514.7	   35247.8	   35307.2	      50272	   48733.8	   41785.5	   52218.1	   51937.9	   37824.3	    22502.7	   24753.1	    16677.1	   11614.1	     20952	         0	         0	         0	         0	         0	         0	          0	          0	         0	          0	          0	          0	          0	         0	          0	         0	    2137.76	   845.055	   1435.22	    2361.3	    4860.06	   9182.36	   19582.8	   30720.4	   39981.9	   56110.1	    51716.2	     59856	     46337	   32897.2	   21563.2	   10534.7	    6081.05	   1729.46	    832.216	   586.403	   927.767	#_43        
 1997	 7	1	3	2	537	         0	         0	         0	         0	         0	         0	          0	          0	         0	          0	          0	          0	          0	         0	          0	         0	         0	   186.927	    2207.1	   4384.45	   7287.46	   20517.9	   18046.8	   26977.9	   28315.9	   32949.1	    36387.5	   34422.8	     28104	   33329.7	   34078.2	   25856.4	    19884.1	   11381.5	    11499.3	   8141.24	   5354.13	         0	         0	         0	         0	         0	         0	          0	          0	         0	          0	          0	    511.748	    511.748	         0	          0	         0	          0	   805.093	   2167.08	   7040.44	    9144.56	   18548.5	   29193.6	   37071.3	   39184.3	   44926.5	    55129.6	   48016.8	   48581.9	   25983.2	     15013	   8919.71	     6067.3	   2813.61	    1357.93	   163.046	   209.385	#_44        
 1998	 7	1	3	2	395	         0	         0	         0	         0	         0	         0	          0	          0	         0	          0	          0	          0	          0	         0	          0	   56.3372	         0	         0	   56.0092	   3064.35	   3536.31	   20247.6	   31267.1	     35556	   47561.8	   42773.5	    33434.1	   34429.6	   31788.5	   29024.4	   31033.3	   20860.8	    21521.7	   14663.6	    14242.8	   7611.77	   3073.44	         0	         0	         0	         0	         0	         0	          0	          0	         0	          0	          0	          0	    778.187	         0	          0	         0	          0	         0	   2813.04	   5004.84	    19198.3	     36629	   41860.2	   41699.8	     34030	   37510.2	    47602.3	   29769.4	   29952.3	   19778.5	   14709.2	   7062.51	    3418.42	   1532.54	    645.751	   333.478	   420.748	#_45        
 1999	 7	1	3	2	409	         0	         0	         0	         0	         0	         0	          0	          0	         0	          0	          0	          0	          0	         0	          0	   41.4436	         0	   135.073	   893.732	   628.115	   568.597	   4717.38	   7860.82	   24221.4	   27735.1	   37604.6	    31595.4	   23035.4	   20415.4	   22192.3	     29534	   20649.7	    16357.7	   11343.5	    7175.03	    6570.2	   6479.84	         0	         0	         0	         0	         0	         0	          0	          0	         0	          0	          0	          0	          0	         0	    446.905	         0	          0	   1231.19	   1246.17	    278.89	    2109.87	   11989.4	   23036.9	   26389.8	   33181.3	   41600.6	    36433.9	   37553.4	   27451.3	   24950.4	   11682.9	   6842.88	    3167.29	   1855.87	    1657.53	   177.648	   72.0891	#_46        
 2000	 7	1	3	2	326	         0	         0	         0	         0	         0	         0	          0	          0	         0	          0	          0	          0	          0	         0	          0	         0	    168.72	   178.033	   181.379	   387.659	   389.926	   1052.42	    3196.5	   3574.54	    5647.9	   6480.63	    9246.19	   10557.5	   7087.96	   6159.24	   3407.89	      4107	    2931.55	   2452.52	    2299.96	   869.938	   1119.13	         0	         0	         0	         0	         0	         0	          0	          0	         0	          0	          0	          0	          0	         0	          0	         0	    62.3138	   74.1956	   189.937	   1996.69	    2593.83	   3022.45	   5353.84	   10659.5	   12166.9	   15676.2	    11583.6	     11200	   6689.87	   5932.97	   2439.22	   1979.57	    1345.31	   364.654	    286.249	   10.5888	   31.7052	#_47        
 2001	 7	1	3	2	293	         0	         0	         0	         0	         0	         0	          0	          0	         0	          0	          0	          0	          0	         0	          0	         0	   73.7291	   227.739	   211.282	   2714.57	   2798.36	   5608.84	   4896.52	   5373.44	   10971.2	   17521.1	    25992.9	   19225.2	   13953.4	   15836.9	   9650.26	   5328.86	    6425.08	   4442.78	    2408.17	   742.037	   1058.54	         0	         0	         0	         0	         0	         0	          0	          0	         0	          0	          0	          0	          0	         0	          0	         0	          0	   34.0084	   626.142	   3153.42	    7519.45	   2820.27	   10243.7	   16029.5	   21425.5	   20911.2	    25783.2	   21436.9	   17338.9	   8067.26	   2256.43	   3142.97	    1216.41	   1265.31	    203.026	         0	         0	#_48        
 2002	 7	1	3	2	280	         0	         0	         0	         0	         0	         0	          0	          0	         0	          0	          0	          0	          0	         0	          0	         0	         0	         0	   9.42846	   42.4506	   416.421	   1138.79	   2395.54	   3104.88	   2840.95	    9250.1	    7952.24	   9405.32	   8508.37	   7766.77	      5044	   5597.92	    6779.83	   2032.26	    1141.68	   1861.17	   1820.82	         0	         0	         0	         0	         0	         0	          0	    4.38469	         0	          0	    8.76938	    13.1541	    17.5388	         0	    4.38469	   4.38469	    160.851	         0	   181.123	   300.191	    389.565	   1887.82	   4609.97	   9126.84	   13524.5	   13027.5	    16358.2	   13639.5	   13826.4	   8913.75	   6173.32	   2903.12	    1602.05	   177.502	    105.946	         0	   14.3334	#_49        
 2003	 7	1	3	2	296	         0	         0	         0	         0	         0	         0	          0	          0	   52.8804	          0	    52.8804	    158.641	    793.206	   317.283	    52.8804	   226.613	         0	         0	    10.612	   183.918	   449.902	   1679.51	   1294.18	   3761.86	   4958.05	   6472.78	    7219.65	   8953.51	   11638.3	   10046.6	   5469.03	   3095.43	    1907.62	    850.35	    259.053	   208.189	   392.921	         0	         0	         0	         0	         0	         0	          0	          0	         0	          0	    52.8804	    52.8804	    105.761	   52.8804	          0	   195.247	    115.546	   5.30602	   8.06236	   140.056	    16.1247	   1197.05	   6430.02	   13587.1	     19793	   16602.8	    14198.9	   9495.64	   5798.22	   2943.29	   1982.38	   468.679	    486.492	   78.1773	    114.526	   50.6656	   5.30602	#_50        
 2004	 7	1	3	2	219	         0	         0	         0	         0	         0	         0	          0	          0	         0	          0	          0	          0	          0	         0	          0	         0	         0	   92.8272	   5.09901	   34.0363	   165.273	   108.037	   471.166	    1018.4	   3728.39	   5861.16	    7660.51	   10113.6	     12385	   6503.46	   8356.93	   3671.91	    3047.52	   1451.13	    1480.82	   1253.13	   578.883	         0	         0	         0	         0	         0	         0	          0	          0	         0	          0	          0	          0	          0	         0	          0	         0	    92.8272	         0	         0	   142.471	    538.462	   577.521	   3596.05	   4203.44	   9660.62	   13287.5	    14189.5	   12108.8	   9758.23	    5483.6	   2567.91	   988.901	    405.702	    10.198	    470.603	   292.941	         0	#_51        
 2005	 7	1	3	2	227	         0	         0	         0	         0	         0	         0	          0	          0	         0	          0	          0	          0	          0	         0	          0	         0	         0	   114.141	   21.1061	   176.568	   43.9964	   609.227	    724.71	   935.653	   1304.41	   2723.58	    4485.04	   4779.48	   3220.02	   4980.19	   2091.84	   1984.12	     1966.2	    1591.9	    1003.25	   564.725	    1092.9	         0	         0	         0	         0	         0	         0	          0	          0	         0	          0	          0	          0	          0	         0	          0	   3.67248	          0	   51.1123	   371.508	   680.406	      322.3	    691.87	   759.247	   2573.31	   4835.66	   8433.26	    6351.98	   5255.28	   4120.59	   3001.21	   1299.64	   1691.09	    564.391	   408.296	          0	         0	         0	#_52        
 2006	 7	1	3	2	264	         0	         0	         0	         0	         0	         0	          0	          0	         0	          0	          0	          0	          0	         0	          0	         0	         0	   23.4626	   274.434	    796.78	   571.624	   1104.41	   1594.18	   1366.33	   2074.36	   3196.88	    4194.57	   4207.95	   5554.08	   4850.01	   3398.83	   2506.66	    3416.92	   2530.09	     1272.5	   1478.86	   1292.48	         0	         0	         0	         0	         0	         0	          0	          0	         0	          0	          0	          0	          0	         0	          0	   3.78478	    27.2474	   28.4776	   89.9999	   324.741	     474.79	   1307.04	   1624.23	   3622.25	   5292.69	   5905.32	    5677.66	   3538.93	   2826.05	   2743.85	   1484.53	   871.259	    820.214	   20.7736	    220.467	   16.0648	   176.713	#_53        
 2007	 7	1	3	2	391	         0	         0	         0	         0	         0	         0	          0	          0	         0	          0	          0	          0	          0	   4.69731	          0	   62.0249	     4.982	   84.7635	   399.253	   520.185	   1432.96	    3886.9	   5721.04	   5651.37	   5988.77	   6670.23	    8369.11	   9244.41	    8315.9	   7664.75	   6551.18	   4897.67	    2537.72	   3746.35	    1871.03	   1005.23	   399.823	         0	         0	         0	         0	         0	         0	          0	          0	         0	          0	          0	          0	          0	         0	          0	         0	      4.982	   43.0857	   864.673	    1160.1	    2861.75	   4101.52	      6641	   7754.13	   10673.8	   15091.2	    12633.4	   8265.46	   7113.32	   4104.83	   3164.21	   1955.27	    688.507	   429.242	    286.968	   193.355	    123.56	#_54        
 2008	 7	1	3	2	523	         0	         0	         0	         0	         0	         0	          0	          0	         0	          0	          0	          0	          0	         0	          0	   6.19091	   14.1025	         0	   61.9964	   302.488	   617.454	      1496	   2921.25	   3220.88	   5652.02	   6438.72	    6603.98	   4051.49	      4488	   3403.39	   2871.25	      2275	    2081.85	   1292.76	    873.816	   404.772	   365.084	         0	         0	         0	         0	         0	         0	          0	          0	         0	          0	          0	          0	          0	         0	          0	         0	    66.8114	   83.0479	   248.014	   468.446	     1223.5	   1919.03	   4406.68	    7116.8	   8434.95	   9072.59	    7185.36	   5930.66	   5198.44	   4012.67	   1595.23	   814.144	    218.155	   264.829	    66.8114	   77.6894	   23.1864	#_55        
 2009	 7	1	3	2	550	         0	         0	         0	         0	         0	         0	          0	          0	         0	          0	          0	          0	          0	         0	          0	   26.1149	         0	   7.68808	   153.235	   258.516	   329.202	   1429.44	   2094.27	   4549.67	    6247.5	   6778.39	    9111.08	   8541.75	   6576.34	   5072.48	   3754.79	   1982.19	     1186.7	   540.089	    729.506	   197.891	   220.765	         0	         0	         0	         0	         0	         0	          0	          0	         0	          0	          0	          0	          0	         0	          0	         0	          0	   46.8485	   83.5854	   155.667	    1312.39	   2317.04	   4383.25	   7201.96	   10306.8	   13747.6	    9715.15	   7479.95	      6104	   3345.34	   1519.42	   440.602	    173.923	   149.954	     32.261	   25.1185	         0	#_56        
 2010	 7	1	3	2	530	         0	         0	         0	         0	         0	         0	          0	          0	         0	          0	          0	          0	          0	         0	          0	         0	         0	   36.8068	   214.288	   9.41456	   646.773	   493.092	    2025.1	   3216.01	   5235.44	   6842.34	    7168.69	   5990.39	   4073.58	   4136.76	   2544.94	   2621.02	    2131.33	   1177.31	     690.86	   142.772	   363.148	         0	         0	         0	         0	         0	         0	          0	          0	         0	          0	          0	          0	          0	         0	          0	    51.187	          0	         0	   7.01171	   305.781	    233.817	    976.44	   4598.02	   5690.44	   9787.46	   9447.52	    9411.49	   6887.86	   5231.66	   3219.45	   1794.64	   954.162	    185.561	   315.199	    48.3935	   108.908	         0	#_57        
 2011	 7	1	3	2	368	         0	         0	         0	         0	         0	         0	          0	          0	         0	          0	          0	          0	    4.76911	   3.25376	          0	    3.1794	   32.0831	   32.4969	   243.774	   26.2412	   289.424	   272.116	   920.566	   608.764	   2852.52	   4856.42	    5701.56	   9243.33	   3770.34	   2593.02	   2056.77	   669.983	    818.209	    295.39	    318.087	    34.862	     232.1	         0	         0	         0	         0	         0	         0	          0	          0	         0	          0	          0	          0	    2.86146	         0	          0	         0	    8.63676	       207	   219.489	   10.2936	    237.431	   451.439	    1159.7	    2924.6	   5898.22	   5330.03	    5243.39	   3755.04	   1879.49	     758.9	   259.665	   324.016	    162.337	   15.1737	          0	         0	         0	#_58        
 2012	 7	1	3	2	355	         0	         0	         0	         0	         0	         0	          0	          0	         0	          0	          0	          0	    4.91335	   5.15386	    15.1673	   148.572	   133.351	   59.7198	   63.1021	   131.355	   1401.04	   299.962	    1351.2	   489.122	   1648.51	   3343.17	    4582.74	    3722.3	   3957.54	    2913.7	    2120.5	   1764.69	    1164.76	   877.826	    829.023	   1571.67	   1408.21	         0	         0	         0	         0	         0	         0	          0	          0	         0	          0	          0	          0	    4.91335	   14.9806	    20.3212	   218.274	    59.5936	   49.2747	   273.692	   107.769	    325.238	   714.222	   1020.44	   2550.64	   4336.58	   5829.43	    5002.89	   4827.54	   2439.48	   2077.38	   809.195	   759.158	    287.096	   64.2564	    19.0138	         0	   27.1442	#_59        
 2013	 7	1	3	2	416	         0	         0	         0	         0	         0	         0	          0	          0	         0	          0	          0	          0	    7.57936	   162.912	    50.2099	   387.511	   566.822	   742.482	   1406.34	   1861.89	   1008.85	    893.18	   566.978	   834.459	   2365.76	   5111.54	    3228.64	   5254.01	   4299.31	   2085.21	   1924.79	   2207.13	    1406.13	   1003.64	    783.881	   378.166	   157.518	         0	         0	         0	         0	         0	         0	          0	          0	         0	    17.6697	          0	    19.0108	    125.623	   130.371	    596.391	   619.291	    914.196	    738.61	   1365.49	   1178.26	    1075.28	   1275.18	   1487.24	   1848.08	   2085.25	   3828.32	    4413.16	   3260.37	   1085.81	   911.163	   2804.16	   685.663	    320.796	   93.5232	          0	         0	         0	#_60        
 2014	 7	1	3	2	533	         0	         0	         0	   14.8441	   34.6363	   4.94805	          0	          0	         0	    27.4117	          0	          0	          0	         0	    52.6051	   229.366	   827.854	   1575.58	   2528.06	   4025.26	   4464.97	   2309.31	   2124.32	   1012.46	   900.636	   1900.22	     3573.5	   3731.36	   4689.21	   2128.16	   2632.67	   1286.19	    910.323	   641.435	    349.532	   190.254	    74.914	         0	         0	         0	         0	   9.89609	         0	          0	          0	         0	          0	          0	    66.0413	    249.893	   44.2251	    330.868	   531.246	    947.003	   2316.43	   1902.57	   3507.17	     3899.5	    3128.8	   1834.77	   1357.42	   2703.89	   4567.79	     3416.1	   2805.95	   2097.96	     683.2	   431.979	   323.225	    256.053	   45.9008	    7.65688	         0	   26.3214	#_61        
 2015	 7	1	3	2	456	         0	         0	         0	         0	         0	         0	          0	          0	         0	    173.522	          0	          0	    16.7791	   175.026	    358.758	   417.844	   1818.94	   1392.38	    1974.5	   2451.18	   4200.36	    7805.1	   8825.45	   4986.65	   2125.03	   1091.42	    872.058	    1227.4	   1636.47	   1698.95	    971.15	   1236.17	    795.264	   504.493	    396.827	    138.99	   106.801	         0	         0	         0	         0	         0	         0	          0	     29.506	         0	    120.956	    20.4879	    90.5772	          0	   43.0301	    682.613	   905.669	    1407.94	    811.94	    2023.1	   3180.77	     5931.7	   6625.12	   3859.51	   3596.69	   2004.79	   2181.25	    2256.75	   1723.35	   1275.57	   1116.63	   243.796	   250.388	    459.181	   10.1584	    4.04693	         0	         0	#_62        
 2016	 7	1	3	2	429	         0	         0	         0	         0	         0	         0	          0	          0	         0	          0	          0	    59.8804	    33.1567	   40.0043	    78.5519	   74.4087	   102.592	   305.993	   550.014	   731.746	   944.935	   1517.09	   1940.11	   4885.76	   3768.66	   5289.77	    2041.36	   1343.58	    1352.4	   2795.15	   3261.17	    2569.9	    2536.05	    2818.3	    3367.46	   1438.73	    633.61	         0	         0	         0	         0	         0	         0	          0	          0	         0	          0	          0	    30.9005	    68.6664	   124.493	    60.5461	   77.2682	    205.999	   507.481	   700.373	   777.478	    1103.98	   1217.57	   2890.17	   2501.14	   2848.95	   1698.98	    1416.41	   1121.37	   1980.97	   1741.01	   590.026	   452.143	    107.415	   15.6019	    4.66786	         0	         0	#_63        
 2003	 7	2	3	0	263	         0	         0	         0	         0	         0	         0	          0	          0	         0	          0	    15.3828	    267.343	    306.062	   130.865	    291.426	   460.537	   916.861	    1040.2	   133.833	   572.019	   842.985	   239.201	   196.575	   874.064	   1294.35	   1003.37	    1810.35	   1553.84	   1342.67	   1412.66	   927.116	   1395.65	    748.366	   1089.58	    550.327	    550.56	   561.572	         0	         0	         0	         0	         0	         0	    9.68998	    9.68998	         0	          0	    87.7751	    51.3266	    73.1998	   125.748	    782.211	   293.021	    349.364	   55.7982	     733.7	   869.481	    594.175	   1204.03	    1231.4	    1353.3	   1319.77	    2280.9	    1631.73	   910.835	   388.296	   678.992	   1048.67	   164.074	     727.18	   24.5984	    73.9669	         0	         0	#_64        
 2004	 7	2	3	0	172	         0	         0	         0	         0	         0	         0	          0	          0	         0	          0	          0	          0	    0.42082	   6.98361	   0.731426	   22.1632	   36.1905	   35.8799	   21.3015	         0	   39.9278	  0.951855	   77.4209	   526.506	   139.271	   499.944	      159.3	   184.079	   575.502	   618.385	   553.018	   569.781	    129.763	   69.8161	    34.0864	   5.31035	         0	         0	         0	         0	         0	         0	         0	          0	          0	  0.330644	          0	          0	          0	          0	   0.42082	    3.54691	   15.1796	    28.8763	   39.3567	   9.87926	         0	          0	   65.5277	   454.967	   202.274	   669.194	   596.793	    234.036	   190.822	   450.889	   17.4139	   426.702	    11.272	    44.8374	         0	    4.10801	   3.21627	         0	#_65        
 2005	 7	2	3	0	321	         0	         0	         0	         0	         0	         0	          0	          0	         0	          0	          0	          0	          0	         0	    65.1329	   95.9938	   89.2314	   184.745	   211.955	   155.925	    227.81	   97.3843	    170.74	   138.869	   58.2705	   125.414	    148.272	   502.437	   289.852	   241.915	   437.634	   246.737	     680.26	   736.039	    782.506	   331.937	   378.013	         0	         0	         0	         0	         0	         0	          0	          0	         0	          0	          0	          0	          0	         0	    60.6414	   91.4022	    148.292	   148.542	   161.007	   183.155	    91.8123	   208.814	   81.6988	    254.97	   413.366	   497.745	    441.285	   386.546	    625.54	   641.876	   698.196	   634.744	    472.586	    255.66	          0	   21.3175	   40.2842	#_66        
 2006	 7	2	3	0	312	         0	         0	         0	         0	         0	         0	          0	          0	         0	          0	          0	   0.355043	          0	         0	          0	   11.1991	   4.42282	         0	    47.383	   79.4991	   432.787	   235.241	   433.771	   176.142	   363.036	   537.849	    621.943	    1009.7	   864.579	    852.66	   712.408	   706.971	    660.582	   645.437	    435.485	    345.73	   215.267	         0	         0	         0	         0	         0	         0	          0	   0.537636	         0	          0	   0.537636	          0	   0.537636	         0	          0	   12.1526	    55.0722	  0.953543	         0	   254.099	     290.06	   291.449	   428.313	   894.859	   709.517	   804.587	    1246.85	   386.804	   1001.55	   917.674	   425.087	   575.159	    94.3297	   5.90385	    104.677	   3.75331	   5.34593	#_67        
 2007	 7	2	3	0	470	         0	         0	         0	         0	         0	         0	          0	          0	         0	          0	          0	          0	          0	         0	          0	   5.91278	   46.4891	   8.60315	     96.03	   125.122	   89.4748	   876.993	   178.809	   175.908	   719.014	   352.729	    287.869	   1075.22	   1048.06	   1054.64	   1448.06	   939.932	    1401.04	   940.845	    1150.79	   673.776	   378.197	         0	         0	         0	         0	         0	         0	          0	          0	   6.02321	          0	          0	    6.39464	          0	         0	          0	   61.6174	    1.98766	   535.597	    53.456	   556.588	    144.577	   232.144	   148.311	   665.498	   1027.94	   687.941	    873.486	   937.462	   900.951	   981.462	   896.554	   752.981	    530.374	   265.182	    298.239	   52.3919	   22.9886	#_68        
 2008	 7	2	3	0	162	         0	         0	         0	         0	         0	         0	          0	          0	         0	          0	          0	          0	          0	         0	          0	         0	         0	         0	   11.1398	   38.0728	   256.297	   558.401	   856.779	   2169.12	   2434.12	    2274.8	    2435.27	   2669.09	   3940.94	   5040.82	   5114.69	   6879.55	    5297.38	    4375.7	    3915.71	   1674.31	   1473.02	         0	         0	         0	         0	         0	         0	          0	          0	         0	          0	          0	          0	          0	         0	          0	         0	    1.73241	         0	   4.75407	   95.9576	    1313.01	   717.109	   1077.24	   2399.02	   3639.17	   5694.57	     5138.9	    6651.9	    5210.1	   5025.03	   3817.33	   2915.53	    1253.11	   357.834	    599.926	       173	   123.374	#_69        
 2009	 7	2	3	0	 63	         0	         0	         0	         0	         0	         0	          0	          0	         0	          0	          0	          0	          0	         0	          0	         0	         0	         0	         0	         0	         0	   20.3846	         0	     13.94	   91.2154	   883.133	    363.711	   848.218	   692.526	   1052.97	   539.777	   372.797	    774.655	   313.455	    583.618	   63.6957	   119.225	         0	         0	         0	         0	         0	         0	          0	          0	         0	          0	          0	          0	          0	         0	          0	         0	          0	         0	         0	         0	          0	         0	   182.901	   229.394	   377.481	   422.383	    574.662	   873.886	   449.822	   608.316	   438.764	   507.654	    85.0009	   74.2933	    101.523	   35.0451	    15.361	#_70        
 2010	 7	2	3	0	155	         0	         0	         0	         0	         0	         0	          0	          0	         0	          0	          0	          0	          0	         0	    12.5934	         0	   15.6343	         0	   2.85078	         0	   74.4803	   148.831	   397.158	   1304.24	    1814.9	   1489.93	    3486.93	   4016.55	    3431.7	   3886.29	    4625.9	   4514.73	    4808.73	    4977.6	    4599.61	   4235.56	   1892.55	         0	         0	         0	         0	         0	         0	          0	          0	         0	          0	          0	          0	          0	         0	          0	         0	    8.73238	   37.7603	   29.8681	   64.9377	    129.525	   228.682	   198.874	    1430.9	   1813.15	    2914.1	    2936.83	   4388.53	   4300.02	   4568.03	   3818.42	   2931.35	    2381.06	   973.065	    1064.61	   720.266	   649.367	#_71        
 2011	 7	2	3	0	226	         0	         0	         0	         0	         0	         0	          0	          0	   38.6674	          0	          0	    38.6674	          0	         0	    17.7317	   24.3098	   258.757	         0	    342.67	   428.184	   278.671	   206.833	   271.342	   557.913	   501.985	   1426.63	    1992.34	   2783.57	   2847.45	   4056.81	   3358.25	   3918.28	    3913.38	   3517.53	    3672.91	    2146.1	   1240.84	         0	         0	         0	         0	         0	         0	          0	          0	         0	          0	          0	          0	    3.47425	   38.6674	          0	   38.6674	          0	   327.451	   12.7056	   320.122	    143.075	   125.063	   1318.06	    1137.2	   1258.57	    2504.1	    1408.26	    2532.4	   1548.54	   968.416	   1326.31	    457.23	    290.976	   111.266	    64.0484	   41.2105	         0	#_72        
 2012	 7	2	3	0	148	         0	         0	         0	         0	         0	         0	          0	          0	         0	          0	          0	          0	     24.548	   23.2671	    77.1032	   78.9892	   52.5553	   34.7242	         0	   21.0887	   14.4323	   26.5852	   31.0632	   40.4931	    61.854	   76.8713	    137.555	   321.282	   896.267	   1197.01	   989.023	   1111.83	    1005.92	   1318.21	    1300.71	   1390.52	   569.424	         0	         0	         0	         0	         0	         0	          0	          0	         0	          0	          0	          0	    9.82322	   9.82322	    80.8147	   76.5284	     20.897	   6.18238	    5.8193	   11.8605	    10.5998	   66.4026	   13.2724	   36.9732	   131.423	   254.143	    808.867	   954.712	   928.601	   1149.32	   1048.88	   274.304	    1021.25	   481.368	    530.105	   38.6575	   11.3663	#_73        
 2013	 7	2	3	0	140	         0	         0	         0	         0	         0	         0	          0	          0	         0	          0	          0	          0	          0	         0	          0	   72.3726	   102.988	   340.032	   107.732	   24.7493	   3.23907	   53.0084	    77.497	   313.448	   349.649	   556.358	    515.393	   640.624	   1318.33	   1871.03	   688.427	   2261.13	    1009.18	   1427.95	    1056.15	    842.73	   349.418	         0	         0	         0	         0	         0	         0	          0	          0	         0	          0	          0	    2.73766	          0	         0	    16.2756	   91.1753	    156.408	   72.3726	    103.57	   31.1472	    47.8139	   173.235	   172.002	   294.685	   557.742	   1086.84	    1216.17	   1629.39	   1281.72	   1234.21	   1235.82	   876.925	    248.566	   281.318	    504.763	         0	         0	#_74        
 2014	 7	2	3	0	103	         0	         0	         0	         0	         0	         0	          0	          0	         0	          0	          0	          0	          0	         0	          0	         0	         0	   4.60679	   5.40797	   130.272	   177.562	   208.357	   218.432	   193.635	   201.046	   190.641	    276.097	   285.881	   514.829	   511.253	   380.481	    366.44	    302.095	   254.355	    229.308	   152.955	   112.956	         0	         0	         0	         0	         0	         0	          0	          0	         0	          0	          0	          0	    0.40059	         0	          0	         0	          0	   1.16171	   22.6133	   127.768	    225.142	   309.917	   131.283	   264.299	   202.939	   217.671	    230.209	   249.838	   212.343	   276.157	   181.197	    142.73	    61.7911	   45.9778	    4.67689	         0	   18.4171	#_75        
 2015	 7	2	3	0	150	         0	         0	         0	         0	         0	         0	          0	          0	         0	          0	          0	          0	          0	         0	          0	   6.21129	   1.63297	   11.4809	   197.409	   536.785	   747.288	   777.302	   937.243	   493.056	   1252.87	   273.006	    294.575	   465.356	   500.189	   394.657	   425.223	   716.662	    1858.83	   1539.55	    1442.18	   1494.26	   1399.06	         0	         0	         0	         0	         0	         0	          0	          0	         0	    4.29781	   0.991802	          0	          0	         0	    5.19945	   84.2631	    4.76866	   112.314	   324.319	   471.397	    487.065	   156.765	   582.649	   580.515	   815.141	   155.793	    613.154	   619.426	   595.742	   1108.44	   1142.09	   1043.47	    617.684	    121.19	    46.4845	         0	   4.49817	#_76        
 2016	 7	2	3	0	240	         0	         0	         0	         0	         0	         0	          0	          0	         0	          0	    18.3431	    1.35096	    4.66332	  0.640456	          0	   16.6519	   414.395	   191.787	   160.885	   539.394	   757.039	   771.529	   762.823	   1743.09	   2509.36	   1938.28	    1294.56	   2084.13	   1204.75	   1548.07	   2548.76	   2585.11	    2451.82	   2263.55	     2766.7	   1995.71	   577.251	         0	         0	         0	         0	         0	         0	          0	          0	         0	    1.35096	          0	    14.6004	    4.54323	   16.9921	    12.0286	   18.0829	    26.6189	   313.503	   320.998	   583.816	    888.643	   1661.14	    660.83	   1011.48	   1119.51	   972.342	    1254.77	   1118.39	   1245.42	   1627.16	   2012.07	   1494.32	    1202.72	   559.008	    611.425	   433.789	   206.367	#_77        
 1979	 4	4	3	0	303	         0	         0	         0	         0	         0	  0.321596	   0.504946	   0.177095	         0	  0.0300012	   0.154174	   0.381407	   0.212421	  0.884744	   0.567243	  0.667906	  0.723858	  0.975627	   1.17883	   1.47157	   0.98427	   1.27727	   2.14756	   2.79534	   3.70323	   3.67959	    4.52248	   4.37499	    4.3718	   4.14953	   3.44147	   3.45053	    2.50664	    1.6147	     1.1847	  0.711876	  0.554098	         0	         0	         0	         0	         0	  0.111214	   0.661263	   0.525153	         0	  0.0433417	   0.407974	   0.731484	   0.207093	   1.02737	   0.583417	  0.768132	   0.784421	  0.700905	   1.43026	   1.05082	    1.18213	   2.16293	   3.13505	     3.034	   4.14688	   4.51806	       4.36	   3.63996	   3.76709	   2.70606	   1.97738	  0.934742	   0.697682	  0.446232	    0.24059	  0.140279	  0.156593	#_78        
 1985	 4	4	3	0	306	  0.011236	         0	         0	         0	         0	 0.0802949	   0.258003	   0.208004	  0.297935	   0.228351	   0.526094	    0.64527	   0.597322	  0.699521	    0.84122	   0.75723	  0.717271	   1.03102	    1.0771	  0.772638	   1.27734	  0.961141	   1.26898	   2.19271	   2.69209	   3.31478	    3.74864	    4.2675	   3.83602	   4.08059	   3.53604	   3.07191	    2.55536	   2.03951	    1.51348	    1.2049	  0.495034	0.00374532	         0	         0	         0	         0	  0.201495	   0.324392	   0.293339	  0.153963	   0.310292	   0.595022	   0.742866	   0.609691	  0.877508	   0.902052	    1.0083	    1.10537	  0.943162	   1.12371	   1.15649	    1.47161	    1.4536	   2.02845	   3.36809	   3.84131	   3.97561	    5.06853	    4.4636	   4.26405	   3.66037	   2.28574	   1.23668	   0.845349	  0.480759	    0.24861	 0.0884394	 0.0632792	#_79        
 1980	 9	5	3	0	 43	         0	         0	         0	         0	         0	         0	          0	  0.0130229	 0.0316727	  0.0972041	  0.0387477	    0.13093	   0.169819	  0.321088	   0.472103	  0.479627	  0.619267	  0.570466	  0.975992	   2.05367	   1.45925	   2.75939	   1.07674	   1.27291	   1.80149	    1.6622	    2.41713	   1.67177	    1.6101	   3.05153	    2.2694	   4.15698	    4.51314	   3.87402	    4.47439	   3.21747	   2.25401	         0	         0	         0	         0	         0	         0	          0	  0.0390686	 0.0950181	   0.141176	  0.0387477	   0.215665	   0.239837	   1.21102	   0.555954	  0.790814	   0.971651	   1.06363	   1.50788	   2.02104	    2.54393	   2.98914	   2.05895	   2.04685	   1.78135	   2.10412	    1.98818	   3.47268	   5.11782	   4.58537	   3.89456	   3.60077	    2.71186	   2.00196	   0.124132	  0.403503	  0.167813	#_80        
 1983	 9	5	3	0	 97	         0	         0	         0	         0	         0	         0	  0.0175666	   0.164342	  0.355355	   0.496517	   0.311725	   0.414337	    0.71377	  0.767502	   0.978261	  0.605298	  0.252346	  0.425453	  0.171845	  0.244144	  0.240871	  0.184592	  0.215425	  0.289875	  0.278377	   0.75101	   0.673315	  0.848135	  0.641364	   1.32575	   1.21735	   3.44584	    7.16188	   11.4576	    11.6413	   9.53566	    3.0369	         0	         0	         0	         0	         0	         0	 0.00585552	   0.117239	  0.644467	     0.7865	   0.404312	   0.491323	   0.901482	  0.945734	    2.00631	   1.29262	    0.52176	  0.466447	  0.139116	  0.171767	    0.21594	  0.172508	   0.41415	  0.366921	  0.661832	   1.29225	    1.59609	   2.35087	   3.43105	   5.91594	   5.02288	    6.1202	    3.27135	   1.03133	    0.25395	 0.0628439	 0.0612475	#_81        
 1986	 9	5	3	0	 41	         0	0.00813827	         0	         0	 0.0191497	 0.0376521	  0.0342527	   0.246042	  0.167698	   0.688071	   0.419862	   0.233165	   0.557543	  0.649242	    1.11212	   1.57534	   4.86147	   4.53315	   5.18734	   4.35292	   2.37106	   1.86943	   2.18662	   1.14536	   1.85588	  0.738501	    1.24241	  0.948393	  0.662349	  0.849863	  0.411626	  0.835956	    0.90064	   1.91639	    2.93679	   1.76071	   1.55528	         0	 0.0244148	         0	         0	 0.0574492	 0.0342527	  0.0376521	    0.24159	  0.215476	    1.47372	   0.626972	   0.441057	   0.528328	   1.05562	   0.847255	   1.95166	    4.89683	   3.79307	    4.1936	    4.5419	    2.78317	   2.49447	   2.39016	    2.4124	   2.79833	   1.06575	    1.60238	   2.05963	   1.83771	   1.57864	   1.92374	   1.52393	   0.946238	  0.560279	   0.154967	         0	 0.0369113	#_82        
 1989	 9	5	3	0	102	         0	 0.0314011	  0.161249	  0.763258	  0.513652	  0.182507	   0.731515	   0.611982	   1.52661	    1.00631	   0.495618	   0.455035	    0.46016	  0.241692	    1.19572	   3.73099	   4.23037	   2.24334	   1.64795	   1.80398	   1.52733	   1.80193	   3.00295	   4.19737	    3.5268	   2.51265	    1.98025	   1.41235	   1.34887	  0.963404	  0.831598	  0.434511	   0.287462	  0.669536	   0.854243	  0.946113	  0.465658	         0	 0.0942033	  0.274648	   1.29234	  0.331504	  0.300348	   0.798685	   0.987876	   1.80977	    1.14226	   0.597576	   0.419876	    0.43729	  0.305099	    2.05651	   4.65192	    5.66661	   2.80521	   3.32933	   2.10965	     1.8715	   2.40666	   2.87458	   4.22218	   2.04973	   1.93413	    1.62555	   1.43932	   1.14705	   1.03839	   0.57951	   0.32396	    0.28036	         0	          0	         0	         0	#_83        
 1992	 9	5	3	0	 80	  0.297088	 0.0132821	  0.403377	   1.14145	   2.45815	   1.09099	   0.148122	   0.222465	   3.42721	   0.182313	   0.577014	   0.355394	   0.830535	   1.39289	     3.1917	   2.71877	   3.52268	   3.37444	   2.65829	    2.6178	   2.79645	   1.70109	   1.33527	   1.53996	   1.37601	   3.31928	    2.31506	   1.43237	   1.10388	  0.376914	  0.809877	  0.951111	    1.29392	  0.837082	    1.61647	  0.806037	  0.614269	  0.297088	 0.0132821	  0.403377	   1.11769	   2.48191	  0.693761	   0.110806	   0.195321	  0.452313	   0.358982	   0.577014	   0.399278	   0.610211	   1.02184	    1.41128	   2.41306	    4.43037	   3.58052	   3.34479	   2.33762	    1.93477	   1.60085	    1.9154	   2.13237	   2.12627	   1.60537	    1.62902	   1.64078	   1.47408	   1.41009	   1.01542	  0.165025	   0.113901	 0.0973499	          0	         0	 0.0397759	#_84        
 1995	 7	5	3	0	172	   0.24574	   0.21555	   7.12721	   13.5985	   2.00404	         0	  0.0124085	  0.0909951	  0.100359	   0.327243	  0.0882374	  0.0124085	   0.255363	  0.299098	    1.25143	   2.33199	   3.27839	   2.56864	    1.0184	   1.56167	  0.615142	   1.27075	  0.547521	   1.06112	  0.238591	  0.715585	    0.70892	  0.734863	  0.497054	  0.875924	  0.540442	  0.449063	   0.694673	  0.403667	   0.348719	   1.20855	  0.792024	   0.24574	  0.617357	    5.8851	   13.4532	   2.29382	         0	  0.0372256	  0.0965106	  0.124602	    1.60709	  0.0882374	  0.0372256	   0.286482	  0.533087	    1.40711	   2.83402	    2.74424	   2.94276	   1.11547	   1.83411	    1.94317	   1.03078	  0.940472	  0.396479	  0.392603	   1.31392	    1.54713	   1.56218	    2.5399	  0.674985	   0.59668	  0.487603	   0.177788	 0.0633293	   0.059288	         0	         0	#_85        
 1998	 7	5	3	0	196	         0	         0	         0	         0	  0.300567	  0.147121	   0.151033	    1.10093	   1.05194	    2.93543	    4.48843	    6.72165	     6.4039	   4.67684	    3.55357	   1.78227	   1.70489	   0.84669	   0.30514	  0.498956	   0.92655	   1.67178	   1.94565	   2.27568	   2.73415	   2.29595	    1.59283	  0.978268	   1.02788	  0.631293	    1.2359	    1.0911	      1.045	   1.06526	   0.916849	  0.214256	  0.230082	         0	         0	         0	         0	    0.9017	  0.441363	     0.4531	    0.94887	  0.770881	    2.65828	     3.3402	     4.0579	    4.37922	   2.82807	    1.36138	    1.6863	    1.01618	  0.416056	  0.451872	  0.575502	   0.929558	   1.66597	   2.60182	    1.6758	   1.92183	  0.660384	   0.595929	  0.508817	  0.627061	   1.40015	   1.23132	  0.495719	    0.44628	  0.363022	  0.0416288	         0	         0	#_86        
 2001	 7	5	3	0	179	 0.0873598	  0.347355	   3.99586	   4.70773	   0.62821	         0	     1.0418	     1.7301	   1.78164	     2.0194	   0.772074	   0.160091	   0.268224	  0.969046	  0.0927344	         0	 0.0448489	         0	   0.31642	   1.35676	   4.15666	   6.10617	   8.32066	   3.09978	   2.65845	   2.45595	    1.14657	   1.71028	   1.09295	  0.818642	  0.459482	   0.78936	   0.182478	  0.748944	  0.0452367	         0	 0.0935716	  0.262079	  0.373121	   4.51741	   4.78355	   1.17428	         0	    1.22206	     1.5308	   1.54758	    2.64201	   0.565278	   0.299017	   0.151675	         0	          0	         0	   0.218849	   1.13625	   1.53006	  0.878842	    3.40428	   7.72444	   4.04908	   1.70426	   1.23528	   1.29652	   0.973324	    0.8716	  0.598138	  0.660208	  0.270281	         0	   0.174921	         0	          0	         0	         0	#_87        
 2004	 7	5	3	0	153	         0	   2.30045	  0.133816	         0	         0	  0.476499	   0.173101	  0.0541036	 0.0767904	  0.0879439	  0.0487357	   0.161383	   0.507623	  0.825495	     1.3793	   3.36571	   6.72005	    6.8402	   2.56777	   2.55317	   1.72807	  0.768777	  0.686113	  0.843796	  0.900625	   1.50405	    2.50887	   2.63937	   2.85077	    2.8617	   2.21144	   2.54606	   0.798365	   1.21231	    1.03129	  0.361701	         0	         0	   1.15035	  0.401447	         0	         0	  0.177486	   0.464153	  0.0550711	 0.0630031	  0.0460591	  0.0910579	   0.484148	    0.53475	   1.08306	    2.26641	   3.28327	    7.10819	   4.30415	   2.54669	   1.97507	   0.759432	  0.984126	  0.911732	   2.28145	   3.63991	   4.16509	    3.96407	   1.26544	  0.697331	  0.591206	  0.346835	  0.356465	   0.277087	         0	          0	         0	         0	#_88        
 1996	10	6	3	0	116	         0	         0	         0	         0	         0	 0.0407029	          0	  0.0394643	  0.560415	   0.489251	   0.516011	   0.112107	  0.0693243	         0	  0.0563086	  0.118379	  0.107449	  0.315332	   0.97353	     1.448	   2.18106	   1.31075	    1.4732	   1.33253	   1.92291	   2.83273	    2.54147	   2.94711	   3.53699	   2.81489	   2.12976	   2.19071	    1.75901	   1.90874	    1.08897	  0.631622	  0.264824	         0	         0	         0	         0	         0	 0.0135676	          0	   0.118393	  0.639983	   0.798497	   0.400289	   0.212178	  0.0231081	 0.0620708	  0.0488475	  0.127556	   0.246436	  0.516812	   4.14401	   3.06988	    6.05658	   1.90718	   2.73458	   2.33247	   4.10275	   4.70587	    6.96378	   7.77397	    7.6674	   3.64893	   2.50293	  0.766079	    0.31525	  0.231992	          0	 0.0626323	 0.0924324	#_89        
 1997	10	6	3	0	 51	         0	         0	         0	         0	  0.228712	         0	          0	          0	  0.183409	   0.855178	    1.83898	    2.13465	    4.94158	   5.61283	    8.05242	   3.47818	  0.609899	  0.304949	  0.304949	   0.83369	  0.733638	    0.5509	  0.433858	  0.496112	  0.585653	  0.825968	   0.120022	  0.126938	  0.120022	         0	  0.428688	   0.22597	          0	         0	          0	  0.801968	         0	         0	         0	         0	         0	 0.0762373	         0	          0	          0	  0.550228	   0.488359	    2.84929	    2.74454	    6.89605	   12.1405	    15.3475	   4.39303	     1.8297	  0.304949	   0.19864	  0.735715	    1.24914	   3.21636	   1.45892	  0.517302	   2.46826	    1.8702	    2.17401	   1.79045	   1.31063	  0.126938	         0	  0.128909	          0	  0.304949	          0	         0	         0	#_90        
 1999	10	6	3	0	 51	  0.301634	         0	         0	         0	         0	         0	          0	          0	         0	  0.0760246	          0	   0.167161	   0.167254	  0.121639	   0.364545	  0.328861	   1.13127	   1.13164	  0.696496	   1.80383	   1.16274	  0.121266	  0.807849	   2.08862	   4.48577	   5.89435	    5.28481	   4.85504	   2.39248	   1.39748	   1.21402	  0.350594	   0.121266	  0.260098	   0.528511	  0.238294	  0.235739	  0.100545	         0	         0	         0	         0	         0	          0	          0	         0	   0.228074	          0	   0.258203	   0.136844	   1.19283	    1.50781	   1.08423	    1.53952	   1.24275	   1.86865	   1.15366	   0.925623	   2.57746	    6.1017	   9.92088	    10.107	   9.17178	    4.86481	   4.26785	   2.50973	   1.02949	  0.299182	  0.182086	          0	         0	          0	         0	         0	#_91        
 2000	10	6	3	0	 46	         0	         0	   0.24859	  0.540789	  0.646483	 0.0584238	  0.0559266	  0.0559266	  0.950752	    1.17446	    1.23039	  0.0559266	   0.559266	  0.671119	   0.223706	  0.894826	  0.223706	  0.223706	   1.91851	   3.64172	   2.73834	   1.96988	   1.22443	   1.22443	   1.18176	   1.84563	    5.56661	   3.54322	   3.40497	   4.15352	   2.24713	  0.990333	    0.93475	         0	   0.500561	  0.500561	         0	         0	         0	  0.298358	  0.975884	  0.646483	  0.175271	    0.16778	    0.16778	  0.615193	    2.62855	    1.00668	    0.16778	   0.782972	  0.447413	   0.223706	  0.447413	          0	  0.244886	   1.18207	     2.153	    1.42409	   2.69001	   2.90219	   4.54794	   6.70289	   8.06231	    5.02165	   5.49157	   2.32245	   2.19634	  0.197656	  0.244886	   0.464459	         0	          0	         0	         0	#_92        
 2001	10	6	3	0	 55	         0	         0	         0	         0	 0.0946637	         0	          0	  0.0933877	 0.0933877	   0.791987	   0.324827	          0	  0.0162194	 0.0561998	          0	         0	         0	 0.0648777	 0.0648777	  0.129755	  0.778305	   1.95001	   2.66698	   6.18378	    3.3319	   5.74929	     14.616	   6.81999	   3.47252	   2.79607	  0.904554	   1.77519	   0.519375	 0.0561998	  0.0561998	  0.928293	  0.722105	         0	         0	         0	         0	 0.0315546	         0	          0	  0.0311292	 0.0311292	   0.877773	   0.541378	          0	  0.0486583	  0.129755	  0.0648777	         0	          0	 0.0561998	  0.129755	 0.0561998	    2.00651	    1.8682	   6.36861	   10.9575	   9.72106	   6.51052	    2.26363	   2.33993	  0.361262	  0.547486	         0	         0	          0	         0	          0	         0	         0	#_93        
 2001	 7	7	3	0	 43	         0	         0	         0	         0	         0	         0	          0	          0	         0	          0	          0	          0	          0	         0	          0	         0	         0	         0	         0	         0	         0	         0	         0	  0.153339	  0.875805	   1.31166	    1.28519	  0.702456	   4.04761	   7.91151	   1.02607	  0.521194	   0.871482	  0.296287	   0.162686	         0	         0	         0	         0	         0	         0	         0	         0	   0.154672	          0	         0	          0	          0	          0	          0	         0	          0	         0	          0	         0	         0	         0	          0	  0.296287	  0.296287	   5.06653	   5.70002	   13.5488	    26.3803	   22.7589	   1.50883	     0.599	   4.18119	  0.195804	          0	  0.148144	          0	         0	         0	#_94        
 2002	 7	7	3	0	 58	         0	         0	         0	         0	         0	  0.196492	   0.196492	   0.206688	  0.374468	   0.206688	   0.112353	   0.980863	   0.413401	  0.206688	          0	         0	         0	  0.374468	         0	         0	   0.36827	  0.335559	  0.949451	   1.60033	   4.27715	   5.87176	    11.4075	   8.86377	   4.43893	   6.17505	   3.00151	   2.69634	   0.694658	         0	   0.167779	         0	         0	         0	         0	         0	         0	         0	         0	          0	   0.206688	  0.206688	   0.206688	   0.505363	   0.781522	   0.206688	   0.15396	   0.206688	         0	   0.167779	  0.206688	         0	  0.167779	   0.167779	  0.683613	   2.01051	   1.91952	   6.83415	   8.56395	    6.91629	    7.3794	   3.39405	   3.06109	   0.90477	  0.411577	   0.413401	  0.206688	          0	         0	         0	#_95        
 2003	 7	8	3	0	 14	         0	         0	         0	         0	         0	         0	          0	          0	         0	          0	          0	          0	          0	         0	          0	         0	         0	         0	         0	         0	         0	0.64582136	0.69537512	0.42474892	 2.9143883	  4.068379	  8.0180512	  11.31999	 11.264695	 7.9104175	 6.5965629	 2.9285514	  1.2916427	         0	 0.64582136	         0	         0	         0	         0	         0	         0	         0	         0	          0	          0	         0	          0	          0	          0	          0	         0	          0	         0	0.049553754	         0	         0	         0	0.099107508	0.27608766	0.94860534	 6.9158176	 6.7941323	 7.1254942	   4.101966	 6.4859732	 4.2174063	 1.4020391	 2.8593731	         0	          0	         0	          0	         0	         0	#_96        
 2004	 7	8	3	0	 21	         0	         0	         0	         0	         0	         0	          0	          0	         0	          0	          0	          0	 0.15985293	         0	 0.92101314	 1.8420263	0.92101314	0.92101314	 1.8420263	 3.7795387	 3.6840526	0.92101314	 1.8420263	0.92101314	0.92101314	   2.21987	  1.5178827	 1.3411033	 1.2988568	  1.109935	0.21902588	 4.7939875	  7.3681051	 6.5638363	   6.447092	 1.1976105	 2.7630394	         0	 0.1436909	         0	         0	         0	         0	          0	          0	         0	          0	          0	          0	          0	         0	          0	         0	  1.9375124	 2.7630394	 1.8420263	 3.6840526	          0	 1.1473512	0.92101314	0.18892185	 1.8420263	0.98202549	  3.1408831	 1.1335311	 3.1595334	 7.5756773	  6.447092	 3.8916247	  2.7630394	         0	          0	         0	0.92101314	#_97        
 2005	 7	8	3	0	 14	         0	         0	         0	         0	         0	         0	          0	          0	         0	          0	 0.89575886	          0	 0.89575886	         0	          0	0.89575886	         0	         0	0.89575886	 1.7915177	 4.3039906	 2.6872766	         0	         0	0.89575886	         0	  2.6872766	 2.6872766	 3.5830354	 1.7915177	 2.8863688	 7.3651631	  6.4694042	 11.047901	  4.3794042	 3.4254814	 1.1945531	         0	         0	         0	         0	         0	         0	          0	          0	         0	          0	          0	          0	          0	         0	  0.2403184	         0	          0	0.72095519	         0	0.54164755	  1.1360773	0.89575886	         0	0.27407456	 2.6872766	 2.6872766	  4.4787943	 2.8863688	 6.4491298	 8.0618297	 2.5878864	 1.7915177	 0.89575886	0.89575886	   1.094851	0.89575886	         0	#_98        
 2006	 7	8	3	0	  4	         0	 18.002517	         0	         0	         0	         0	          0	          0	         0	          0	          0	          0	          0	         0	          0	         0	         0	         0	         0	         0	         0	         0	         0	         0	 14.221104	 7.1105518	  7.1105518	         0	 7.1105518	         0	         0	         0	          0	         0	          0	         0	         0	         0	 18.002517	         0	         0	         0	         0	          0	          0	         0	          0	          0	          0	          0	         0	          0	         0	          0	         0	         0	         0	          0	 14.221104	 7.1105518	         0	 7.1105518	         0	          0	         0	         0	         0	         0	         0	          0	         0	          0	         0	         0	#_99        
 2007	 7	8	3	0	 19	         0	         0	         0	         0	         0	         0	 0.30376004	          0	         0	          0	          0	          0	          0	         0	          0	0.20229381	         0	         0	         0	 1.4131894	 1.8055808	0.90279039	0.90279039	 2.7083712	 1.3497517	 2.7083712	  1.3030739	 2.0190207	0.90279039	 1.1162303	 2.7083712	0.90279039	          0	         0	 0.25519951	         0	         0	         0	         0	         0	         0	         0	0.30376004	          0	          0	         0	          0	          0	 0.51039902	          0	         0	          0	0.51039902	          0	         0	         0	0.23498585	 0.21343987	         0	         0	 11.046925	 4.2932408	 10.833485	  15.560877	 16.677107	 9.9306943	 5.4167424	 2.0607803	0.90279039	          0	         0	          0	         0	         0	#_100       
 2008	 7	8	3	0	 17	         0	         0	         0	         0	         0	         0	          0	  0.2154927	         0	 0.90959416	          0	          0	          0	         0	          0	         0	         0	         0	         0	0.67691972	         0	         0	         0	 1.3538394	         0	 1.0978807	  1.0978807	 1.8191883	 3.8576052	 2.7287825	 6.3671591	 2.7287825	  8.1863474	 4.5479708	  3.6383766	 2.7287825	 4.5479708	         0	         0	         0	         0	         0	         0	          0	          0	         0	          0	          0	          0	          0	         0	          0	         0	          0	         0	         0	         0	          0	         0	         0	0.19371074	         0	 2.0074749	 0.86104746	  5.457565	 7.4959818	 11.103416	 11.824724	 10.005536	  3.6383766	         0	 0.90959416	         0	         0	#_101       
 2009	 7	8	3	0	 34	         0	 3.0959593	 6.1919186	 3.4098426	         0	         0	          0	          0	         0	          0	          0	          0	          0	         0	          0	         0	 2.4290064	         0	 1.2145032	  4.293954	         0	         0	         0	  2.899456	 3.5832775	 3.0259209	          0	 3.2626222	 5.9154003	 1.6313111	 3.2626222	 1.6313111	          0	         0	          0	         0	         0	         0	 3.0959593	 6.1919186	 6.1919186	         0	         0	          0	          0	         0	          0	          0	          0	          0	         0	          0	         0	  3.6435096	 1.2145032	 1.2145032	 2.6264732	  1.2145032	 5.7066526	 4.8580128	 4.8908685	         0	 4.6572319	  2.8765498	 1.4382749	  2.949703	 1.3823124	         0	         0	          0	         0	          0	         0	         0	#_102       
 2010	 7	8	3	0	 26	         0	         0	         0	0.20062196	         0	0.20062196	 0.17014413	          0	         0	          0	          0	          0	          0	         0	          0	         0	         0	         0	         0	         0	         0	         0	         0	0.14347006	 1.1508388	 4.4265448	   3.295646	 6.2176609	 6.7503206	 3.7921989	 3.4949869	 2.7177793	  3.3019087	 3.8811433	  4.6632457	 1.7474934	0.97028583	         0	         0	         0	0.20062196	         0	0.20062196	 0.18349688	 0.18349688	0.18349688	          0	          0	          0	          0	         0	          0	         0	          0	         0	         0	         0	          0	         0	         0	 2.3316228	 3.2719634	 8.4759929	  6.3572123	 7.7122867	 4.9896127	 6.2029766	 7.1510231	 1.9356769	  1.7474934	0.97028583	 0.77720761	         0	         0	#_103       
 2011	 7	8	3	0	 29	         0	         0	         0	         0	         0	         0	          0	          0	         0	 0.42996156	   1.251842	  2.8859235	  2.5065285	0.22566185	 0.56240826	0.79548619	 0.9333698	 1.8858948	 1.2572632	 1.4521805	0.88250495	 1.4491157	0.84781487	0.43496846	0.36977108	0.92191973	  1.1027045	 4.2155074	 4.6799858	  4.884702	 1.4280262	 1.4253748	    1.90607	 3.0065041	 0.80563596	         0	         0	         0	         0	         0	         0	         0	         0	          0	          0	0.21498078	 0.69201046	  1.3010263	  2.7299835	  2.8499774	0.79548619	 0.37639845	0.70029187	 0.62863161	 2.0954387	 1.8913317	0.87514566	  1.3142969	 1.5503868	 0.4930281	 3.2102842	 2.7899587	 7.2614018	  4.7330522	 8.6198952	 5.0120903	 5.4117074	 1.2026016	0.60130082	          0	0.10216757	          0	         0	         0	#_104       
 2012	 7	8	3	0	 19	         0	         0	         0	         0	         0	         0	          0	 0.63935962	0.31967981	 0.16249084	 0.16249084	 0.80715233	  3.7705604	 12.160113	   12.57975	 13.458621	 4.8646194	0.31967981	0.69914375	0.21311866	         0	0.64643508	0.43331642	0.63935597	         0	0.22019777	          0	0.21311866	         0	0.22697245	         0	         0	          0	         0	          0	         0	         0	         0	         0	         0	         0	         0	         0	          0	          0	         0	          0	          0	  1.2999267	  3.8226357	  11.66204	  12.739235	 8.0753617	  3.5151825	 2.6432441	         0	         0	  1.1253811	0.42623731	         0	0.85247463	0.63935597	0.21311866	 0.44963045	         0	         0	         0	         0	         0	          0	         0	          0	         0	         0	#_105       
 2013	 7	8	3	0	 26	         0	         0	         0	         0	0.39637588	         0	 0.75910639	 0.37856531	0.37856531	   84.10273	 0.79275175	          0	          0	0.37856531	          0	         0	         0	         0	0.36807674	0.40827809	         0	         0	         0	         0	0.81655618	         0	 0.81655618	 3.9530084	         0	0.40827809	0.40827809	0.84518002	          0	         0	          0	         0	         0	         0	         0	         0	         0	         0	0.39637588	 0.39637588	 0.39637588	0.37856531	          0	 0.39309158	 0.37856531	 0.37856531	         0	          0	         0	          0	         0	         0	         0	          0	         0	         0	0.40827809	         0	         0	 0.81655618	         0	0.42318954	         0	0.42318954	         0	          0	         0	          0	         0	         0	#_106       
 2014	 7	8	3	0	 19	         0	         0	         0	 12.318667	         0	         0	  3.2637336	          0	         0	          0	   6.034652	          0	   6.034652	         0	  6.6649012	 3.3324506	         0	 3.3324506	         0	         0	         0	         0	         0	         0	         0	 8.6830462	          0	         0	         0	         0	  4.250984	         0	          0	         0	          0	  6.034652	         0	         0	         0	 5.5637364	 6.1593333	         0	         0	          0	          0	         0	          0	          0	  12.069304	          0	         0	          0	         0	          0	         0	         0	         0	          0	         0	         0	         0	         0	         0	          0	 4.3415231	 7.6649303	         0	  4.250984	         0	          0	         0	          0	         0	         0	#_107       
 2015	 7	8	3	0	 29	         0	         0	         0	         0	         0	 1.3554087	  2.4554538	  2.4844102	 10.357599	  13.947412	  3.2714333	 0.28025066	          0	         0	 0.28025066	  1.775602	0.68528422	0.40503357	0.40503357	0.32989741	         0	 1.1025321	         0	         0	         0	         0	          0	         0	         0	         0	         0	         0	          0	         0	          0	         0	         0	         0	         0	         0	         0	0.49947902	 1.1960399	  1.3423919	  4.7829536	 8.2994963	  31.259716	  6.5428665	   1.098109	          0	         0	 0.68528422	 1.0903178	          0	0.28025066	         0	 1.1399645	  2.2424966	         0	0.40503357	         0	         0	         0	          0	         0	         0	         0	         0	         0	          0	         0	          0	         0	         0	#_108       
 2016	 7	8	3	0	 31	         0	         0	         0	         0	         0	         0	 0.40631502	          0	0.53681936	  1.4937403	  1.8857273	  7.3454309	  8.1466859	 1.7127804	 0.40282062	 1.6112825	0.40282062	         0	         0	0.40282062	 2.4169237	 3.6513429	0.80564125	  1.265081	0.86226039	0.42715721	  1.5958424	  1.749922	 4.4151184	 1.1899056	0.88180453	         0	          0	         0	          0	         0	         0	         0	         0	         0	         0	         0	         0	          0	          0	0.79830203	  2.5947556	  5.1174984	  9.1605337	  9.5950307	 3.4255608	          0	0.39198701	          0	 1.2084619	0.80564125	 3.6253856	  3.2712382	 2.4655969	 1.2100826	0.42715721	 1.1168585	 1.4564225	  4.3664659	 3.1289305	 1.6795764	0.27313565	0.27313565	         0	          0	         0	          0	         0	         0	#_109       
-9999	 0	0	0	0	  0	         0	         0	         0	         0	         0	         0	          0	          0	         0	          0	          0	          0	          0	         0	          0	         0	         0	         0	         0	         0	         0	         0	         0	         0	         0	         0	          0	         0	         0	         0	         0	         0	          0	         0	          0	         0	         0	         0	         0	         0	         0	         0	         0	          0	          0	         0	          0	          0	          0	          0	         0	          0	         0	          0	         0	         0	         0	          0	         0	         0	         0	         0	         0	          0	         0	         0	         0	         0	         0	          0	         0	          0	         0	         0	#_terminator
40 #_N_agebins
#
#_agebin_vector
1 2 3 4 5 6 7 8 9 10 11 12 13 14 15 16 17 18 19 20 21 22 23 24 25 26 27 28 29 30 31 32 33 34 35 36 37 38 39 40 #_agebin_vector
#
#_ageing_error
1 #_N_ageerror_definitions
#_age0	age1	age2	age3	age4	age5	age6	age7	age8	age9	age10	age11	age12	age13	age14	age15	age16	age17	age18	age19	age20	age21	age22	age23	age24	age25	age26	age27	age28	age29	age30	age31	age32	age33	age34	age35	age36	age37	age38	age39	age40	age41	age42	age43	age44	age45	age46	age47	age48	age49	age50	age51	age52	age53	age54	age55	age56	age57	age58	age59	age60
  0.5	  1.5	  2.5	  3.5	  4.5	  5.5	  6.5	  7.5	  8.5	  9.5	 10.5	 11.5	 12.5	 13.5	14.5	 15.5	 16.5	 17.5	 18.5	 19.5	 20.5	 21.5	 22.5	 23.5	 24.5	 25.5	 26.5	 27.5	 28.5	 29.5	30.5	 31.5	 32.5	 33.5	 34.5	 35.5	 36.5	 37.5	 38.5	 39.5	 40.5	 41.5	 42.5	43.5	 44.5	 45.5	 46.5	 47.5	 48.5	 49.5	 50.5	 51.5	 52.5	 53.5	 54.5	 55.5	 56.5	 57.5	 58.5	 59.5	 60.5	#_1
0.156	0.156	0.249	0.341	0.433	0.524	0.615	0.706	0.796	0.886	0.976	1.065	1.154	1.242	1.33	1.418	1.505	1.592	1.679	1.765	1.851	1.937	2.022	2.107	2.191	2.275	2.359	2.442	2.525	2.608	2.69	2.772	2.854	2.935	3.016	3.097	3.177	3.257	3.337	3.416	3.495	3.574	3.652	3.73	3.808	3.885	3.962	4.039	4.115	4.191	4.267	4.342	4.417	4.492	4.566	4.641	4.714	4.788	4.861	4.934	5.007	#_2
#
#_age_info
#_mintailcomp	addtocomp	combine_M_F	CompressBins	CompError	ParmSelect	minsamplesize
-1	0.001	0	0	0	0	0.001	#_Fishery   
-1	0.001	0	0	0	0	0.001	#_ASHOP     
-1	0.001	0	0	0	0	0.001	#_Foreign   
-1	0.001	0	0	0	0	0.001	#_POP       
-1	0.001	0	0	0	0	0.001	#_Triennial 
-1	0.001	0	0	0	0	0.001	#_AFSCSlope 
-1	0.001	0	0	0	0	0.001	#_NWFSCSlope
-1	0.001	0	0	0	0	0.001	#_NWFSCcombo
3 #_Lbin_method: 1=poplenbins; 2=datalenbins; 3=lengths
 #_combine males into females at or below this bin number
#_year	month	fleet	sex	part	ageerr	Lbin_lo	Lbin_hi	Nsamp	f1	f2	f3	f4	f5	f6	f7	f8	f9	f10	f11	f12	f13	f14	f15	f16	f17	f18	f19	f20	f21	f22	f23	f24	f25	f26	f27	f28	f29	f30	f31	f32	f33	f34	f35	f36	f37	f38	f39	f40	m1	m2	m3	m4	m5	m6	m7	m8	m9	m10	m11	m12	m13	m14	m15	m16	m17	m18	m19	m20	m21	m22	m23	m24	m25	m26	m27	m28	m29	m30	m31	m32	m33	m34	m35	m36	m37	m38	m39	m40
 1981	7	 1	3	2	1	-1	-1	141	        0	         0	         1	         2	         7	   18222.9	        19	  9130.97	   18249.9	   18288.9	   2853.35	  9169.97	     17503	   23812.7	  55209.4	  16762.1	     17501	   37742.4	   8402.06	     26587	   2808.35	     26568	         11	    17472	   2813.35	        17	   2804.35	        20	   9134.97	    9127.97	         12	         18	   9105.97	   2790.35	         6	         6	         3	    9105.97	   9109.97	   18286.9	        0	         0	         0	         1	         6	   18213.9	   9118.97	   18231.9	   9136.97	   45597.9	   93873.1	   66567.2	   54647.8	  36443.9	   45552.9	   72846.8	    9136.97	   54644.8	   9131.97	   9117.97	   9120.97	         8	        12	         8	   9110.97	         7	        13	   9107.97	   9113.97	          4	         7	   18204.9	   9107.97	   18207.9	        3	         4	         4	         4	         3	    9156.97	#_1         
 1982	7	 1	3	2	1	-1	-1	282	        0	         0	         0	         0	   1544.63	   4668.61	   7192.14	  9851.04	   12320.8	   28173.2	   43316.4	  37544.5	   23314.1	   21514.2	  11098.2	   9223.9	   14115.2	     11784	   14799.7	   12014.9	   7492.34	   17037.6	    5876.01	  5838.79	   5559.53	   6305.12	    4241.5	   5591.21	   6527.94	    4726.04	    4751.19	    4944.67	   2637.29	   4814.23	    3809.9	   2283.63	   2548.02	    986.135	   4364.78	   24987.4	        0	         0	         0	         0	   333.519	   2918.41	   4905.33	   9637.64	   13126.1	   17676.9	     28707	     30768	   25364.9	  16845.3	   13233.9	   14992.3	    13218.3	   11209.6	   11703.9	   12546.4	   12997.4	   5152.13	   3043.62	   5798.18	   5817.59	   6726.23	   5049.24	    5721.3	   6337.32	     2858.6	   1955.86	    5103.3	   2274.84	   3168.04	  2312.42	   2477.92	   1962.53	   2952.59	    3216.5	    19556.1	#_2         
 1983	7	 1	3	2	1	-1	-1	233	        0	         0	         0	   2094.97	   3160.83	   13084.2	   30348.3	  43170.3	   31526.7	     32008	   47351.9	  74250.8	   58873.1	   34977.8	  26013.5	  20255.7	   18383.9	   21231.4	   25321.7	   22839.2	   24760.8	   13338.4	    13417.6	  12083.4	   8504.22	   4663.86	   14936.8	   16474.9	   9446.58	      15887	      13491	    13316.3	   8177.43	   9706.83	   6216.56	   7016.16	   5362.37	    5565.81	   5602.07	    102990	        0	         0	         0	   1442.76	   9338.38	   11960.8	   36716.8	   40477.9	   38046.6	   28807.4	   53534.9	   76594.6	   80825.5	  48573.2	   33634.3	   24553.7	    22636.5	   28775.5	   23233.4	   31314.8	   23410.1	   15874.2	   7606.81	   8258.91	   11407.4	   5829.97	     14592	   9443.93	   14606.7	    14515.3	   12364.5	   7985.83	    4574.8	   8015.68	  5010.26	   6021.12	   4638.87	   4922.93	   2404.17	    49695.3	#_3         
 1984	7	 1	3	2	1	-1	-1	191	        0	         0	         0	         0	   2384.89	   6124.72	   13244.1	  18353.6	   45155.6	   36050.8	   25518.8	  60631.7	   87086.7	   84966.5	  67159.1	  53968.7	     16833	   23383.3	   16579.2	   26410.8	     17217	   12633.1	    11491.6	  9195.69	   13015.5	   9048.58	      8643	   11714.1	   9753.82	    7590.05	     9475.4	    12663.3	   8160.06	   6935.88	   6194.91	   4449.35	    6000.5	    6458.87	   8247.59	    104135	        0	         0	         0	         0	   847.025	   6213.86	   10611.3	   30937.5	   60263.8	   82834.2	   62049.6	    102697	   89240.7	  72356.8	   79656.1	   43649.5	    30726.9	   30743.8	   21229.6	   28118.8	   23552.5	   10928.3	   18154.6	   15716.3	   11137.8	   8230.08	   17423.5	    7939.1	   4343.68	    11129.3	   9744.17	   21470.3	   14190.7	   8124.93	  10048.9	   3271.86	   3218.38	   1762.91	   4330.29	    97690.8	#_4         
 1985	7	 1	3	2	1	-1	-1	148	        0	         0	    120.69	         0	   1408.69	    3647.1	   6732.82	  8226.17	   12871.5	   6345.18	   8048.72	  10530.4	   5590.33	   13928.4	  10026.9	  10446.2	   6708.61	   6694.94	   5190.24	   3817.47	   4582.19	   2708.06	    5749.21	  6473.19	   4108.18	   5529.94	   6687.24	   942.977	   2527.44	    1988.66	    3488.58	    1934.21	   1546.37	    7122.5	    3848.1	   2187.67	   1948.95	    2537.35	   1628.71	     41181	        0	         0	         0	         0	   619.052	   5146.09	   7695.09	   11565.9	   9852.27	   16813.4	   10311.6	   12595.4	   12600.3	  18408.5	   18155.9	   17148.4	    20546.1	   15714.6	   12932.1	   8315.08	    8470.2	   8352.18	   13166.5	   14184.8	   18469.6	   6504.97	   5281.45	   5483.34	   2722.08	    2526.04	   5280.77	   7476.26	   4189.93	   1855.61	  4888.83	   5270.98	   2834.94	   421.203	   4702.56	      47127	#_5         
 1986	7	 1	3	2	1	-1	-1	120	        0	         0	   438.487	   876.975	   2063.44	   2535.78	   21813.4	  34190.8	   35866.6	   23805.5	   11140.1	  14099.4	   7072.39	   12347.1	  12954.2	  19075.1	   14941.6	   8446.41	   4901.83	   7986.97	   5969.75	   8842.54	    5077.29	  7766.03	   14902.6	     13433	   2884.44	   2823.03	   5434.53	     3274.9	    4205.49	    4872.97	   3113.47	   4896.54	   6842.09	   4567.25	   3337.68	    4968.23	   6128.27	   33127.6	        0	         0	         0	   472.339	   1070.67	   3074.09	   15908.1	   28669.8	   28072.2	   10066.1	   12440.2	   6630.96	    3075.7	  3566.31	   8727.18	   12067.3	    14023.7	   9022.32	   5799.52	    8055.5	   5377.02	   8298.86	   7920.61	   10522.6	    7938.3	   10022.4	   5173.71	   3594.77	   1638.29	    1630.08	   2537.57	   2617.04	   2463.63	   1268.63	  3592.41	    3541.7	   2150.73	    2789.3	   2841.69	      17081	#_6         
 1987	7	 1	3	2	1	-1	-1	169	        0	         0	         0	         0	         0	   619.313	    6504.4	  15188.5	   28636.7	   26345.1	   13776.4	  9597.56	    5750.5	      5031	  4721.71	  6408.37	   4398.32	   8401.48	   6602.43	   3817.72	      5455	   2429.54	    6733.51	  4558.18	   7868.24	   6607.53	   5105.69	   6053.01	   3892.02	    1573.62	     3381.2	    5681.47	   2135.51	   1685.59	   4960.65	   4574.44	   2330.05	     592.39	   3768.15	   35074.2	        0	         0	         0	         0	    904.35	   797.759	   5001.65	   14280.4	   18922.1	   13893.9	   14385.5	   7256.14	   1444.63	  5326.97	   5243.15	   4179.83	    7948.83	    7343.7	   4066.11	   5346.34	   2038.05	    1747.7	   4025.62	   3147.66	   7135.19	   2837.07	   5866.72	   2743.46	   2315.29	    651.783	   3912.65	   621.638	   2906.59	    565.41	  1954.08	   2321.28	   2861.11	   781.243	   2263.05	    13989.4	#_7         
 1988	7	 1	3	2	1	-1	-1	 28	        0	         0	         0	         0	         0	         0	   5383.38	  11281.5	   28342.1	   28201.5	   49267.3	  14105.8	   8143.45	   7797.98	  11655.6	  2590.83	   1295.41	   8143.45	         0	   3886.24	   17208.2	   3886.24	    2590.83	  1295.41	         0	   8143.45	   15912.8	   5181.65	   9438.87	    4433.44	          0	          0	         0	         0	         0	   14991.5	   1295.41	          0	   13696.1	   31854.2	        0	         0	         0	         0	         0	         0	   6848.04	   11281.5	   29608.9	   16981.1	   45470.8	     38040	   21382.1	  3166.66	         0	   3166.66	    4807.55	   949.943	   2216.72	   5412.02	   8747.93	   3166.66	         0	         0	   2216.72	   8924.15	   949.943	   2245.36	         0	    949.943	         0	         0	         0	   949.943	  4433.44	   2216.72	   6650.16	   949.943	         0	    21533.5	#_8         
 1994	7	 1	3	2	1	-1	-1	 41	        0	         0	         0	         0	         0	   4288.48	   3277.01	  9672.53	   27251.4	   27332.4	   16142.4	  26166.2	   24339.4	   28671.5	  7565.49	  19156.8	   4288.48	         0	   7856.33	         0	         0	   8170.51	    4157.13	  8026.76	   12183.9	   7434.14	         0	   4157.13	   4013.38	    4157.13	    7434.14	    13001.8	   3842.95	   8170.51	   4013.38	   4157.13	         0	          0	   7434.14	     13855	        0	         0	         0	         0	         0	   14839.6	   565.941	   5994.89	   25505.3	   49454.7	   30663.9	   47851.7	   73123.5	  46418.8	   17730.1	   13835.5	    31599.3	   12121.7	   13699.1	   6269.99	   5258.52	   565.941	   9410.63	   565.941	   7565.49	         0	   9660.31	         0	         0	    1981.51	   5258.52	   4288.48	   1981.51	         0	  3277.01	   565.941	   4288.48	   5646.93	         0	    18001.6	#_9         
 1999	7	 1	3	2	1	-1	-1	127	        0	         0	         0	         0	    4878.4	   4569.68	   5704.46	  26262.5	   10557.1	   26739.3	   23605.6	    20416	   3360.42	   3068.47	  6916.84	  2636.53	   7215.83	   2640.64	   2247.58	   5767.61	   5460.88	   6764.25	    1136.37	  9541.09	   1105.02	   1050.95	   145.629	   193.296	   221.213	     276.89	    1178.53	    580.307	   845.261	   1178.39	   455.231	   1238.11	   637.359	     829.73	   640.115	   5915.73	        0	         0	         0	         0	         0	   4613.77	   703.065	   9252.69	   21544.7	     35042	   14915.4	   8391.89	   9509.15	  14123.7	    4127.4	   1702.18	    9255.28	   6098.01	   2390.23	   2871.59	   1659.23	    1484.8	   893.921	   204.822	   518.797	   123.573	   418.153	   592.775	         0	    255.256	   788.247	   288.095	   575.351	   1140.88	   218.84	   302.089	         0	   747.465	   611.397	    2896.74	#_10        
 2000	7	 1	3	2	1	-1	-1	 99	        0	         0	         0	         0	   1204.24	   1076.79	   73.0777	  957.897	   4908.84	   6791.34	   5820.32	  8170.59	   5042.85	   6810.32	  4293.42	   6069.6	   3436.05	   2985.31	   558.752	   962.266	   1300.83	   528.931	    3317.43	   2855.3	         0	   495.743	   929.613	   1859.23	   1115.71	    3140.11	    2152.77	     1367.9	         0	   937.194	   1213.81	         0	   149.069	    351.265	   929.613	    3843.4	        0	         0	         0	         0	   274.095	   2498.53	   137.584	   1367.36	   3936.95	   5823.46	   10108.8	   4914.96	    7193.7	  7319.17	   5172.32	   7443.89	    3952.85	   5310.34	   1568.32	   2095.76	   1281.58	   901.274	    2353.2	   56.5747	   986.188	   2028.63	   1157.24	   898.285	    2055.5	    2848.06	     628.6	   578.891	   1848.15	   1284.12	  118.444	    2392.1	   1859.23	   194.159	   702.531	    4030.72	#_11        
 2001	7	 1	3	2	1	-1	-1	226	        0	         0	         0	   199.395	   1130.14	    4175.7	   9200.09	   1970.6	   5992.08	   9869.05	   11666.4	  11976.3	   12222.1	   5695.84	  4961.99	  5681.44	    8165.1	   6154.29	   2215.91	    3028.6	   1518.73	   897.908	    4924.52	  1435.68	   1672.75	   1506.44	   914.262	     383.1	   401.621	    2801.55	    2327.78	    1906.28	   1117.87	   725.561	   1354.23	   927.767	   2521.43	    322.229	   436.082	   5715.06	        0	         0	         0	         0	   2313.04	   6575.44	   7039.21	   4977.76	    4350.6	   8908.93	   9060.54	   21311.4	   21373.2	  10096.3	   7573.96	   8088.23	    2549.57	   10580.7	   3570.55	   4384.68	   3928.37	   1192.55	    2223.4	   1197.22	   4864.78	   2029.29	    1402.7	    1766.4	   1915.71	    1217.09	   4693.98	   1977.71	    817.51	   1551.44	  890.574	   143.148	   955.624	   2668.07	   32.8681	    4720.43	#_12        
 2002	7	 1	3	2	1	-1	-1	233	        0	         0	         0	         0	   225.574	   716.052	   6064.65	  3893.51	   2064.79	   2481.75	   6039.68	  5299.02	   7144.85	   6299.81	   3378.6	  1124.25	   1209.48	   1115.03	   1883.31	   2035.79	   2250.32	   2376.37	    2018.09	  87.5392	   2489.32	   319.311	   253.067	   708.295	         0	    803.454	     1064.9	     389.67	   899.876	   2186.96	   203.916	   395.624	   84.3058	    207.858	   74.7964	   3612.05	        0	         0	         0	         0	         0	   566.043	   4949.64	   7047.38	   5867.48	   4578.92	   11641.3	   9084.95	   13101.1	  6808.02	   3434.01	   4820.16	     2686.4	    5188.9	   2984.81	   1734.21	   2632.58	   1688.75	   444.479	   1767.83	   2286.91	   910.986	   179.678	   266.174	   396.745	    199.212	   733.715	    1179.7	   869.164	   928.864	  1023.78	   468.467	   249.536	   20.5426	   34.5694	    4503.34	#_13        
 2003	7	 1	3	2	1	-1	-1	221	        0	   56.5499	    1470.3	   228.646	   649.198	    12.445	    131.87	  2522.45	   4987.16	   5854.36	   4336.52	  6815.95	    5323.6	   6317.32	  3988.08	  2779.64	   5794.67	   4658.25	   1773.68	   4116.98	   1782.52	    2095.8	    1167.37	  487.712	   1550.43	   592.155	   245.596	      2179	   346.219	    1191.79	    104.663	     129.58	   964.183	   518.967	   212.605	   297.497	   798.759	    40.5222	   419.347	   2266.74	        0	         0	   339.299	    12.445	    224.01	         0	   1420.11	   3045.18	   4180.51	   2304.56	   4625.68	    6711.2	   6667.43	  5332.46	    8485.8	   4200.41	    3979.45	   4954.84	   945.668	   2480.83	   1537.78	   1522.23	   1254.86	   621.316	   1337.11	      1403	   2174.27	   798.263	   1482.61	    1153.72	   836.621	   877.638	   1052.02	   1667.11	  92.5341	   135.114	   370.168	   739.605	   107.782	    3662.46	#_14        
 2004	7	 1	3	2	1	-1	-1	148	        0	         0	         0	         0	    514.25	   185.654	   642.913	  285.098	   4005.97	   3718.46	   2504.87	  1770.68	    2533.4	    4131.9	  5877.21	  3896.31	   5136.75	   2827.99	   4987.96	   2798.96	   3049.59	   3960.97	    1967.16	  566.292	   1233.53	   996.279	   840.839	   744.776	   527.299	    876.057	    319.262	    241.961	   61.5452	   457.485	   896.669	   271.456	   358.684	    236.627	   867.213	   2520.08	        0	         0	         0	         0	         0	   185.654	    240.07	   1295.62	   2850.92	   2628.83	    4109.7	   3386.22	   4986.75	  4871.52	   6276.42	   4219.11	    3231.72	   4533.08	   4476.98	   2915.42	   1053.46	   1490.21	   1509.11	   1829.06	   1150.11	   2790.87	   1075.62	   2180.48	   997.518	    1150.13	   615.458	   1559.52	   1333.51	   356.975	  1359.23	   952.137	         0	    240.07	   567.546	    4157.59	#_15        
 2005	7	 1	3	2	1	-1	-1	177	        0	         0	         0	         0	   142.581	   1052.09	   861.656	  703.224	   1576.43	   2359.13	   2063.14	  1087.95	   2079.22	   1350.99	   2287.4	  2386.49	   666.999	   1576.43	   1394.73	   813.999	   700.529	   525.972	    741.911	  694.531	   860.265	    743.06	   701.316	   460.454	    234.73	    543.035	    144.332	    370.713	   1051.67	   66.0997	   91.4664	   508.757	   147.321	    10.6067	   330.376	   2506.39	        0	         0	         0	         0	   436.274	   1200.78	   1319.28	   157.927	   1171.24	   2640.61	   3295.99	   2784.56	   1323.92	  2328.56	   2324.67	   2484.71	    1523.43	   854.016	   1230.33	   1227.89	   1046.28	   330.153	   1079.62	   1312.09	   1371.83	   422.818	   1348.63	   185.962	    528.27	    772.695	   361.295	   601.262	   590.378	   150.886	  174.767	   367.629	   426.508	   70.9414	   75.5743	    2634.17	#_16        
 2006	7	 1	3	2	1	-1	-1	223	        0	         0	         0	         0	   277.898	   2109.63	   2637.45	  2268.25	   1352.76	   2138.36	   2495.11	     1766	   1747.12	   2157.66	  1969.68	  3059.38	   1624.67	   1699.29	   2087.33	   1490.29	   932.327	   2150.71	    277.564	  712.157	   921.198	   656.861	   476.238	   832.743	   380.151	    1209.19	    212.099	    592.387	   184.176	   179.901	   92.5701	   473.017	   409.444	    240.876	   475.158	   3296.47	        0	         0	   9.48783	   9.48783	   337.263	   853.271	   1761.19	   1170.39	   1841.83	   2237.44	    2971.8	    2434.7	   2788.36	  1134.94	   2258.67	   1929.75	    2785.77	   1508.25	   1959.81	   890.384	   783.921	   1248.44	   399.876	   390.359	   426.894	   608.395	   609.717	   598.227	   155.833	    641.091	   535.249	   186.073	   244.688	   97.8792	  292.241	    172.09	   42.8486	   135.153	   193.838	    848.726	#_17        
 2007	7	 1	3	2	1	-1	-1	315	        0	         0	         0	   67.6058	    242.81	    3369.6	   7217.98	  8238.37	   5867.96	   2822.16	   4392.42	  3782.23	   5632.25	   3334.19	   3265.6	  3252.19	   2673.09	   2627.04	    2690.5	   2954.53	   1909.89	   1244.25	    1745.28	   1208.5	   1665.69	   1279.62	    700.18	   462.622	   143.925	    1429.65	    537.425	    339.651	   345.121	   156.974	   582.357	   1091.86	   246.271	    410.848	   244.576	   3511.72	        0	         0	         0	         0	   395.518	   3211.92	   7077.47	      9301	   5057.18	   5131.33	   5854.58	   4758.23	   4387.24	  3614.09	   3699.42	   4679.16	     4359.6	   4159.05	   1756.06	   2645.24	   1975.55	   1946.76	   1547.17	   1037.41	   2072.02	   766.785	   529.102	   927.071	    580.47	    1076.51	   786.931	   535.925	   557.672	   513.367	   381.25	   424.258	   134.501	   201.645	   160.191	    3967.23	#_18        
 2008	7	 1	3	2	1	-1	-1	200	        0	         0	         0	         0	   25.3351	         0	   779.259	  3984.16	   5243.47	   3840.55	   2797.25	  3930.14	   2906.92	   1882.06	  2535.96	  674.919	   1377.22	   1209.73	   1566.71	   1276.11	    1303.7	   1020.94	    1228.54	  1311.51	   659.916	   418.562	   121.046	   214.149	   406.855	     233.59	    251.685	    414.648	   422.473	         0	   301.995	   329.978	   254.389	    149.605	   46.0938	   2266.62	        0	         0	         0	         0	         0	   301.453	   515.417	   3204.54	   7353.83	   5454.44	   2955.47	   3705.61	   3351.65	  2436.18	   2255.08	   2243.63	    2746.38	   2277.23	   604.289	   1743.09	   1228.15	   804.149	   665.326	   2614.07	   1161.97	   724.701	   582.278	   534.064	   657.529	    891.974	    615.37	    363.25	   646.185	   237.005	   332.86	   287.096	   147.446	   463.968	   19.2369	    2943.57	#_19        
 2009	7	 1	3	2	1	-1	-1	289	        0	         0	         0	         0	         0	   344.198	   1391.26	  3045.78	     11974	   8267.54	   4163.43	  1599.56	      1688	   1768.73	   2126.6	  2171.53	   949.596	   844.085	   1802.81	   2506.89	   1780.25	   806.826	    1245.74	  1463.66	   1622.82	   975.018	   1710.69	   1308.41	   520.466	    1001.66	    187.524	     494.41	   314.296	   416.718	   344.623	    394.84	   489.306	    478.089	   128.051	   2732.19	        0	         0	         0	         0	         0	    54.457	   1315.96	   2231.54	   6586.31	   6162.21	   4593.78	   3800.58	   3483.85	  2568.83	   1902.99	   1888.77	    2402.62	   1521.83	   2130.24	   2184.25	   1386.73	   1334.63	   2335.07	   976.314	    1755.3	    1185.5	   1909.21	   837.448	   819.356	    759.381	   537.282	   379.055	   1021.22	   312.909	  142.582	   186.653	   364.374	   878.963	   148.437	    4686.54	#_20        
 2010	7	 1	3	2	1	-1	-1	228	        0	         0	         0	         0	         0	         0	   396.371	  3740.65	   3269.12	   10205.6	   5252.35	  5503.38	   2714.17	   1738.81	  1709.05	  970.237	   1774.89	   930.452	   896.416	   1079.82	   805.719	   836.272	    790.031	  494.173	   282.883	    243.36	   319.903	   83.8437	   110.947	    353.355	    61.3774	    118.218	   766.701	   451.498	   133.401	   185.703	   16.6968	    27.7989	   404.086	   2529.33	        0	         0	         0	         0	         0	         0	   833.509	   5253.54	   6557.03	   12518.1	   5989.54	   4677.85	   4750.54	  3992.01	   2107.75	   1147.01	    765.892	   1266.69	   1722.75	   1610.38	   2680.97	   968.877	   1212.31	    715.04	   613.262	   600.245	   431.657	   524.015	   459.936	    1240.46	   248.856	   418.395	   473.262	   446.837	   164.12	   346.138	   103.478	   82.4924	   145.453	    2292.36	#_21        
 2011	7	 1	3	2	1	-1	-1	255	        0	         0	   3.25926	   4.88889	   215.886	   27.9807	   332.214	  235.308	   715.899	   2450.94	   5032.64	  4268.32	   2350.32	   1296.82	  805.512	   519.47	   846.355	   423.692	   53.5995	   271.736	   275.928	   4943.74	    81.2178	  396.104	   95.6874	   276.226	   383.646	   58.1003	    52.671	    181.801	          0	    233.023	   124.386	   11.4488	   4.13937	         0	   18.7973	    16.7922	   23.4233	   1121.92	        0	         0	   2.93333	         0	     5.632	    593.04	   457.462	   421.777	   537.904	   3034.72	    4278.5	   3251.61	   2133.38	   1243.3	   155.002	   900.915	     428.21	   447.751	   208.426	   26.7365	    142.01	   1004.27	   357.993	   255.556	   686.749	   492.027	   431.664	   42.5121	   42.2274	          0	    9.0411	   32.8031	   30.2625	    24.029	  20.6405	    367.96	   30.9489	   367.892	   147.576	    605.499	#_22        
 2012	7	 1	3	2	1	-1	-1	264	        0	         0	   8.41196	   137.545	    60.198	   180.589	   155.758	   393.66	   928.459	   2611.39	   4744.24	  4452.21	   2823.46	   1603.79	  1436.23	  1251.29	   1091.41	   747.033	    351.61	    664.43	   476.621	   833.337	    376.322	  299.383	   264.429	   529.726	   180.364	   696.548	   606.839	    873.079	    96.7072	    134.343	   300.448	   306.952	   261.738	   177.317	   17.1673	    80.3795	         0	   1145.22	        0	         0	         0	    122.66	   17.0429	   440.395	   502.691	   963.816	   1555.99	   2025.02	   6353.54	   5130.94	   2699.44	  2822.05	    853.05	   989.342	    714.059	   1119.17	   209.613	   633.601	   163.424	   538.556	   650.271	   692.109	   184.735	   821.164	   544.872	   134.343	   426.665	    338.098	   136.551	   347.921	   131.207	   192.712	  460.935	   270.109	   40.7803	   23.3937	   134.343	    2374.78	#_23        
 2013	7	 1	3	2	1	-1	-1	209	        0	         0	         0	   1601.93	   2821.58	   1822.48	   497.075	  858.739	   589.693	   611.816	   1014.83	  2729.67	   1314.76	   1139.26	  566.864	  309.755	   979.569	   725.412	   726.991	   280.061	   161.556	   660.278	    619.157	  455.876	   892.001	   221.211	    679.34	   19.9111	   199.943	    13.7932	    388.248	    24.1638	   46.4288	   105.823	   221.801	   4.04431	         0	     20.608	   8.21197	   377.485	        0	         0	   109.656	   2123.41	   2025.51	   858.158	   561.892	   442.436	   313.963	   546.658	   526.746	   2075.51	   613.972	  752.418	   548.176	   515.251	    305.755	   413.729	   726.469	   140.108	   230.075	   201.265	   302.016	   237.221	   763.963	   389.103	   144.189	   112.267	   70.5926	     39.582	   206.806	   172.037	    20.608	   55.9106	  120.658	   80.9596	   52.4127	         0	   31.7145	     624.67	#_24        
 2014	7	 1	3	2	1	-1	-1	172	        0	   5.09858	         0	         0	   254.133	   2266.13	   592.021	   358.49	   617.898	   665.133	   472.812	  1041.47	    1073.5	   758.207	  1397.53	  825.282	   797.339	   752.012	    609.42	   578.236	   159.703	   524.285	     182.13	  108.154	   144.455	   163.757	   107.967	   170.875	   144.121	    87.9072	    165.617	    76.8941	   7.01055	   41.2321	   88.6628	   20.0165	   213.167	          0	   109.771	   251.728	        0	   5.09858	         0	   94.5233	   412.772	   2295.56	   551.305	   707.069	   278.337	   443.718	   453.333	   874.339	   579.906	  429.113	   1062.93	   804.494	     239.64	   331.317	   502.413	   232.319	   45.3949	   171.274	    159.86	   287.754	   255.239	   253.634	   96.2969	   163.931	   107.967	    31.0144	    182.13	    38.023	   107.967	   95.1349	  82.8086	   167.823	   74.0147	   32.1173	   27.4881	    334.765	#_25        
 2015	7	 1	3	2	1	-1	-1	149	        0	         0	   195.843	   764.023	   1688.57	   2133.56	   6167.19	  1930.89	   505.898	   421.269	   310.373	   246.18	   54.5092	   312.247	  238.784	  140.933	    28.182	   54.3743	    141.69	   54.5849	   24.1327	   54.3061	    8.99752	  13.4313	   17.2501	   61.4663	   311.702	         0	         0	     5.5863	          0	    78.8314	   15.1197	   62.0366	   22.7512	         0	   19.3437	          0	         0	   291.078	        0	         0	         0	   793.581	   1618.78	   2238.66	   6160.73	   703.518	   1223.12	   657.235	   227.005	   273.789	   301.376	  226.486	   674.046	   290.764	    107.383	   94.1536	   77.1954	    106.92	   41.2053	   91.8819	    211.47	   8.99752	   7.75409	   63.4551	   39.7558	   14.1726	   8.99752	     7.0631	   26.9516	   73.0123	   11.0029	         0	  4.20037	   490.876	   46.3995	   4.20037	   29.6483	    973.777	#_26        
 2016	7	 1	3	2	1	-1	-1	131	        0	     5.403	    70.239	    16.209	   21.0539	   224.993	   1986.66	  4829.27	   1020.18	   621.555	   619.043	  777.836	   213.043	   58.2592	  964.856	  862.129	   1099.88	   1280.29	   249.789	   25.7706	   451.116	   498.842	    77.5545	  9.19706	   677.164	   9.75131	   93.0357	   84.4987	   100.819	    24.2416	    252.655	    426.609	   19.7485	   334.598	   565.359	   47.7075	   207.403	    109.167	   10.3642	   1963.97	        0	    10.806	    64.836	    16.209	   103.673	   76.7512	   593.081	   1226.07	   9.35891	   185.804	   38.3332	   11.9918	   58.5159	  173.071	   159.375	   476.325	    87.6755	   52.9761	   424.405	   10.5005	   5.57882	   9.19706	   8.27605	   20.9249	   17.5443	   4.64223	   49.1569	   51.6857	   271.143	      80.93	   49.1569	         0	    57.433	         0	  11.4251	    30.187	   42.7518	   9.19706	   104.257	    593.941	#_27        
 2003	7	 2	3	0	1	-1	-1	194	        0	         0	   73.3116	   271.897	   21.3695	   5.68932	   23.9223	  47.7847	   61.0464	   11.3051	   18.1787	   57.409	   5.01166	    16.274	  6.87027	  25.2679	   5.01166	   3.19125	   28.5526	   2.99074	    33.045	    2.6606	    5.19205	  10.0515	   11.3779	   4.78562	   2.93199	   7.80096	   9.59999	    5.77523	          0	          0	   6.87772	    6.4532	    2.4225	   3.67763	   6.02575	          0	         0	   73.2552	        0	         0	    41.398	   287.139	   23.9111	    2.7486	   27.5615	   78.0733	    58.591	   2.92454	    6.1269	   11.1269	   29.1438	  5.34875	   11.3686	   5.32205	    17.1887	         0	   27.0215	         0	   7.20221	   21.7481	   9.63577	   2.50979	   2.89048	   34.8218	   4.31173	   8.15976	   5.20521	          0	         0	         0	   3.17953	   11.6399	  5.01166	         0	   3.41294	   2.66763	         0	    54.5949	#_28        
 2006	7	 2	3	0	1	-1	-1	255	        0	         0	         0	         0	         0	   77.5741	   28.1208	  27.7515	   5.56469	   20.0012	   18.4893	   33.501	   10.4875	   62.2726	  81.5508	  38.7231	   80.6373	   46.8252	    43.868	   26.4906	   45.4689	   50.7124	    82.3734	  2.55011	   1.91639	   17.1807	   9.19431	   9.84471	   45.0442	    7.75485	    8.29449	    2.39889	   9.38406	   11.2086	   22.8697	   24.9125	   21.6282	    5.21905	         0	   182.167	        0	         0	         0	         0	         0	   26.8522	   35.5048	   5.99804	         0	   54.5949	   38.5008	   77.7061	   44.5147	  46.2985	   33.8541	    42.887	    60.1745	   25.7955	   12.8649	   30.7197	   127.444	   26.7981	   17.3909	   116.658	   3.92869	   16.5281	   4.02249	   13.2305	   10.4832	          0	   5.82649	   4.53164	   49.8629	   5.43594	  2.04624	    6.9729	         0	    17.158	   9.29781	    97.0655	#_29        
 2007	7	 2	3	0	1	-1	-1	383	        0	         0	         0	   2.30361	   1.95754	   12.0633	   74.0996	  158.784	   25.5813	   35.6653	   97.0173	  57.2416	   77.8986	   54.4999	  20.3824	  16.3352	   105.631	   60.8525	   10.4182	   28.7429	   37.8003	   27.6911	    36.9594	  10.2685	   19.8302	   18.9087	   21.8265	   24.9326	   11.5594	    22.5554	    28.5622	    6.44874	   2.92335	   10.7715	   5.14158	   12.6298	   24.1528	    10.1744	   13.5556	    314.91	        0	         0	         0	         0	         0	    44.459	   57.3571	   82.6775	    53.892	   10.5057	   42.7922	   46.3215	   25.7812	  1.00387	   12.7326	   44.9187	    51.5757	   27.7926	   30.3081	   31.0641	   17.0342	   27.4445	    11.497	   13.8814	   44.4671	   7.45518	   15.1237	   8.79126	   28.0376	    6.37497	   15.9641	   6.07935	   1.82097	   8.19956	  14.3144	   4.36743	   5.58421	    13.562	   7.45994	    143.222	#_30        
 2014	7	 2	3	0	1	-1	-1	 36	        0	         0	         0	         0	   9.12456	   70.6438	   17.6213	  16.5567	   90.3055	         0	         0	  2.50369	   3.24455	    7.0742	   220.82	  18.0139	   3.95319	   5.26308	         0	   22.9564	   8.15422	   2.00295	    16.6189	  2.06304	    11.204	   9.03474	   3.24455	   34.8348	         0	          0	    4.48995	          0	    12.596	   6.28037	         0	   1.90757	         0	     11.949	         0	   18.4369	        0	         0	         0	         0	   18.0139	   21.0593	   1.90757	   4.52068	    9.0588	   6.91008	         0	    17.106	   5.50767	  18.0139	   2.06304	         0	    4.31747	      14.4	   5.00738	   10.5155	         0	   10.4039	         0	    20.187	   7.35126	         0	         0	   5.50812	   7.94459	    1.98885	         0	         0	         0	         0	        0	         0	         0	         0	         0	    20.2949	#_31        
 1985	4	 4	3	0	1	-1	-1	 70	        0	 0.0189987	  0.621306	   0.48793	   1.67242	   1.56585	  0.539106	 0.594373	   1.11066	   3.38811	   2.73453	  1.63149	   2.90966	   1.27255	  1.82779	 0.656806	  0.435117	   1.02766	  0.702487	   1.03529	   1.29108	   1.44582	   0.914899	  1.05002	  0.428944	  0.503782	  0.243684	   1.23363	  0.758945	   0.541607	    1.03067	    1.03448	   1.68056	  0.650385	  0.991636	  0.671109	  0.407374	   0.812402	  0.732352	   9.47495	        0	  0.337258	  0.905687	  0.934458	   1.27908	   1.68006	  0.618599	   0.33228	   1.52005	   2.61532	    2.7174	   1.02149	   2.56957	  2.94626	   2.01835	  0.812472	    1.16915	    1.2314	   1.17545	   1.54686	  0.757163	   1.03735	  0.569682	  0.512765	  0.387932	  0.085879	  0.236458	  0.556716	   1.00601	   0.612396	   1.12312	  0.545547	   1.54551	   1.28264	 0.477992	   0.30289	  0.145819	  0.302077	   1.40162	    9.54877	#_32        
 1989	9	 5	3	0	1	-1	-1	 36	  1.15092	    3.7593	  0.794785	   12.4262	   2.89728	  0.790837	   1.44264	  13.1454	   3.22305	   3.26764	   2.04092	   2.4595	  0.691958	  0.272954	 0.157994	 0.191119	  0.308296	 0.0630519	  0.216919	 0.0785339	  0.023504	  0.326243	   0.138385	0.0263671	 0.0785339	  0.023504	  0.383075	  0.023504	  0.446681	          0	   0.023504	   0.023504	         0	 0.0825951	  0.161889	         0	   0.29848	          0	   0.27677	   0.59646	  1.39508	   3.38859	   1.15082	   9.56894	   3.24805	   1.91587	   5.41935	   6.18733	   2.90935	   2.03782	   1.66956	    1.0262	   1.21176	 0.417258	 0.0945779	  0.132466	          0	  0.114121	  0.192655	  0.114121	 0.0894191	  0.326243	   0.83508	  0.242526	 0.0785339	 0.0263671	  0.803554	 0.0578931	         0	   0.437454	         0	 0.0825951	  0.387583	         0	 0.387583	  0.145647	 0.0825951	   0.46898	  0.419109	   0.622654	#_33        
 1992	9	 5	3	0	1	-1	-1	 24	        0	  0.814857	   1.24873	   11.8542	   11.3891	   1.95793	   3.48965	  2.54904	   2.43579	  0.359442	  0.568809	 0.652345	  0.100888	  0.652345	 0.108909	 0.558179	         0	         0	         0	         0	         0	         0	          0	        0	  0.558179	         0	         0	  0.558179	         0	   0.558179	   0.558179	    1.87761	  0.100458	         0	  0.652345	  0.219735	  0.652345	   0.558179	   1.86287	   1.21052	        0	  0.452337	  0.628062	   11.7567	   12.0617	   5.58477	   2.58172	    4.7099	   1.59562	  0.100458	   1.52251	   2.17485	   1.21052	 0.468351	   1.30469	  0.761254	          0	  0.110826	         0	         0	         0	  0.902877	  0.902877	  0.250533	  0.652345	         0	         0	   0.76317	         0	   0.175724	  0.100458	         0	  0.108909	         0	 0.250533	         0	         0	         0	  0.652345	   0.108909	#_34        
 1995	7	 5	3	0	1	-1	-1	 29	        0	         0	         0	   13.3136	   4.21905	   3.21631	   7.50031	  1.51943	   2.28275	   1.43176	   2.58189	        0	         0	         0	  1.68658	        0	  0.596172	         0	  0.596172	  0.596172	         0	         0	   0.596172	 0.211474	         0	  0.596172	         0	         0	         0	   0.596172	   0.596172	          0	  0.211474	   1.68658	         0	         0	         0	    1.68658	  0.498958	   6.08471	        0	         0	         0	   5.13837	   9.56552	  0.542394	   4.66572	   4.18305	   1.24823	  0.835591	  0.271197	         0	  0.596172	 0.211474	   3.37315	   1.89805	    1.68658	         0	  0.596172	         0	  0.596172	   1.22029	   1.09513	         0	  0.596172	   1.09513	  0.624117	         0	  0.596172	   0.498958	         0	         0	   2.31069	   1.19234	        0	  0.498958	  0.596172	  0.272073	         0	     1.6913	#_35        
 1998	7	 5	3	0	1	-1	-1	 68	        0	 0.0303946	   8.48693	   21.8871	  0.917226	   1.30583	     6.166	   2.0164	   1.05519	   3.40821	  0.131263	  3.05916	  0.116479	   2.37842	  2.76083	 0.646177	  0.136516	         0	 0.0287647	         0	         0	   0.68074	          0	        0	         0	 0.0481856	         0	 0.0295886	         0	    0.68074	  0.0481856	          0	 0.0481856	 0.0481856	 0.0481856	         0	         0	  0.0481856	  0.106753	  0.674599	        0	    1.1486	   6.94554	   8.89138	  0.968613	   1.20589	   2.45058	   2.86071	   2.13816	  0.501596	   1.89171	   5.22627	   1.80115	  1.03136	  0.944505	  0.263765	          0	  0.382412	   2.76083	  0.178305	         0	         0	         0	  0.263765	         0	  0.263765	         0	  0.710339	  0.178305	          0	         0	         0	         0	         0	        0	         0	         0	         0	         0	          0	#_36        
 2001	7	 5	3	0	1	-1	-1	104	   7.4596	    7.1823	  0.704223	   0.19582	   1.46141	    12.546	   19.1049	  1.66146	         0	    1.7674	  0.048429	  2.07621	         0	 0.0583097	        0	        0	   1.83707	         0	         0	 0.0696705	         0	         0	          0	        0	  0.047352	         0	         0	         0	 0.0550409	  0.0696705	   0.102949	          0	         0	         0	         0	   1.92516	         0	  0.0473411	         0	  0.359322	  12.7298	   7.29022	  0.149171	         0	         0	   11.1352	   1.24164	   2.49811	  0.095781	   0.14421	   2.59389	  0.106739	 0.0500166	0.0500166	  0.047352	  0.047352	          0	  0.047352	  0.778059	         0	  0.047352	         0	    1.7674	 0.0999036	         0	         0	  0.047352	         0	         0	          0	         0	         0	         0	         0	        0	         0	         0	         0	 0.0514746	   0.201936	#_37        
 2004	7	 5	3	0	1	-1	-1	138	        0	  0.673454	   3.11908	   9.52574	   15.3414	   1.84062	 0.0906838	 0.960541	   2.04264	   2.21934	   3.38231	  2.21224	  0.781242	   1.41224	 0.274249	  1.44412	   1.74414	   1.08216	   4.00321	 0.0264582	   1.25054	   1.38535	  0.0277714	  1.24253	    1.0008	  0.260888	  0.241731	 0.0502567	  0.100513	  0.0502567	  0.0813566	          0	 0.0813566	  0.291988	 0.0310999	         0	 0.0310999	  0.0813566	 0.0813566	  0.214695	 0.592802	   1.20564	   2.46747	   8.72331	   7.97549	   2.51615	  0.251671	 0.0563247	   1.95752	  0.297577	   0.48474	   1.08769	   1.42206	 0.238402	   1.02506	   1.54206	   0.743511	    1.1335	   0.71606	   1.32396	   1.37891	 0.0242613	         0	 0.0621998	         0	   1.08324	   1.56488	  0.101686	  0.693082	          0	 0.0895551	  0.103746	 0.0310999	  0.131613	        0	 0.0310999	 0.0502567	         0	  0.100513	   0.112007	#_38        
 2001	7	 7	3	0	1	-1	-1	 41	        0	         0	         0	         0	         0	         0	         0	        0	         0	         0	  0.169761	 0.349143	  0.650831	  0.466629	   4.1382	  1.02632	  0.696167	  0.498534	  0.343948	  0.471859	   3.90927	         0	    3.89473	        0	         0	         0	  0.195805	   0.31083	         0	   0.162686	   0.450873	          0	  0.162686	         0	  0.162686	         0	  0.116239	          0	         0	  0.708813	        0	  0.154672	         0	         0	         0	         0	  0.148144	  0.444431	         0	   4.38737	         0	   8.00642	   8.73483	  1.18623	  0.654778	   8.61289	    8.53148	   7.98526	   4.93946	   4.25966	   4.06386	  0.546212	  0.516102	  0.513094	   3.90117	  0.809364	  0.195805	  0.350391	   4.11066	   0.148144	         0	  0.148144	  0.479959	         0	 0.148144	  0.444431	  0.613543	  0.661203	   3.74659	    1.67155	#_39        
 2002	7	 7	3	0	1	-1	-1	 58	        0	   0.79657	   1.80135	  0.589881	  0.413404	  0.620093	   2.70788	  3.88767	   2.21093	  0.736195	   3.98388	  6.08928	   4.13639	   1.84724	   4.9011	  2.90322	   3.25705	   2.83815	   1.06146	         0	  0.698936	  0.182649	    1.18446	 0.362525	  0.994438	         0	   0.59223	         0	         0	          0	   0.106706	   0.738619	  0.106706	  0.698936	  0.881585	         0	         0	    1.29117	         0	   1.55343	        0	  0.826758	   1.45102	  0.471255	  0.383191	   0.79657	   1.85558	   1.53277	  0.353004	   3.79483	    2.0637	   3.78876	   3.09569	  2.79179	   2.09958	   3.43168	   0.881585	   1.68305	   1.18446	  0.559693	  0.981569	   1.22049	  0.981569	  0.945309	  0.698936	  0.496045	  0.673421	  0.289355	         0	          0	  0.106706	  0.426848	  0.560243	  0.845325	 0.106706	  0.469231	  0.269788	  0.362525	  0.106706	    3.24013	#_40        
 2003	7	-8	3	0	1	-1	-1	 14	        0	         0	         0	         0	         0	0.19425071	 1.2986013	6.4651722	 1.1043506	 5.4299999	 2.6171181	 13.02351	 9.1555407	 2.2087012	1.2796529	6.0034204	0.10708305	 3.3130519	 1.1043506	         0	         0	         0	          0	        0	         0	         0	         0	         0	         0	          0	          0	          0	0.06917826	         0	         0	 2.5832854	0.06917826	          0	         0	         0	        0	         0	         0	0.19425071	0.19425071	         0	0.19425071	  8.854207	 3.8818868	 2.7775362	 2.8846192	 1.6198505	 5.2004035	1.9211843	 2.9917023	 6.5722553	 0.10708305	0.19425071	         0	0.30133377	 3.6876361	         0	         0	0.10708305	0.19425071	         0	         0	         0	         0	          0	0.19425071	0.19425071	         0	0.19425071	1.1043506	         0	0.19425071	         0	         0	 0.21416611	#_41        
 2004	7	-8	3	0	1	-1	-1	 21	        0	         0	0.15985293	         0	 1.0164992	 3.6103715	         0	        0	         0	         0	0.42318495	        0	 4.0335565	 4.0335565	7.8555204	 3.821964	0.21902588	0.21159248	 7.5921884	0.49578874	 3.6103715	 14.441486	          0	3.6103715	 3.6103715	         0	         0	         0	         0	          0	          0	          0	         0	         0	         0	         0	         0	          0	         0	0.23348876	0.1436909	         0	         0	 3.6103715	 8.2372423	         0	 3.6103715	         0	0.22633807	 3.6103715	         0	0.43793055	0.21159248	3.6103715	0.42318495	 4.4567414	          0	0.42318495	         0	0.21159248	  3.821964	  7.220743	         0	         0	         0	         0	0.48835534	         0	         0	          0	         0	         0	         0	         0	        0	         0	         0	         0	         0	 0.27676286	#_42        
 2005	7	-8	3	0	1	-1	-1	 14	        0	         0	         0	         0	         0	0.72095519	         0	        0	         0	 3.6188658	 3.6188658	        0	 3.6188658	         0	11.111435	        0	         0	         0	0.25483799	0.25483799	 3.6188658	0.25483799	 0.50967598	        0	0.25483799	0.76451397	         0	 3.6188658	 3.6188658	          0	          0	 0.25483799	 3.8737038	0.25483799	0.50967598	         0	         0	          0	0.50967598	 8.4974019	        0	         0	         0	 0.2403184	0.72095519	0.78196595	         0	 3.6188658	 3.6188658	 7.2377316	         0	 7.2377316	 3.8929404	        0	         0	         0	  3.6188658	         0	 3.6188658	 7.2377316	0.25483799	         0	         0	         0	0.25483799	0.25483799	         0	         0	         0	          0	0.17881775	         0	         0	         0	        0	         0	0.25483799	         0	         0	  7.2377316	#_43        
 2006	7	-8	3	0	1	-1	-1	  4	18.002517	         0	         0	         0	         0	         0	         0	        0	         0	         0	 7.1105518	        0	         0	         0	        0	        0	         0	 14.221104	         0	         0	         0	         0	          0	        0	         0	         0	         0	         0	         0	          0	          0	          0	 7.1105518	         0	         0	         0	         0	          0	         0	 7.1105518	18.002517	         0	         0	         0	         0	         0	         0	 7.1105518	         0	         0	 7.1105518	         0	         0	        0	         0	 7.1105518	          0	         0	         0	         0	         0	         0	         0	         0	         0	         0	         0	         0	         0	          0	 7.1105518	         0	         0	         0	        0	         0	         0	         0	         0	          0	#_44        
 2007	7	-8	3	0	1	-1	-1	 19	        0	0.30376004	         0	         0	 2.0800978	 4.2660071	  1.877804	 1.877804	 2.0912439	0.44696128	         0	        0	0.18684368	         0	        0	        0	         0	  1.877804	         0	         0	         0	0.21343987	          0	 1.877804	         0	         0	         0	  1.877804	         0	          0	 0.21343987	          0	         0	         0	         0	         0	         0	          0	0.25519951	         0	        0	0.30376004	0.51039902	0.51039902	         0	 2.3262297	  1.877804	  3.755608	 7.7664156	  3.755608	  1.877804	  1.877804	  3.755608	2.0912439	         0	  3.755608	  2.0912439	  3.755608	  1.877804	 5.6334121	         0	  3.755608	 4.2242474	  1.877804	  1.877804	  1.877804	  1.877804	  1.877804	  1.877804	          0	         0	         0	         0	  1.877804	        0	 3.9690479	         0	0.21343987	         0	   7.724656	#_45        
 2008	7	-8	3	0	1	-1	-1	 17	        0	         0	 1.9101477	 0.2154927	         0	         0	         0	4.4972152	0.67691972	 2.5870675	 3.8202955	2.0984343	0.18828655	 1.9101477	2.1293763	3.8202955	 3.8202955	         0	 3.8202955	 3.8202955	         0	 3.8202955	  1.9101477	        0	 1.9101477	 1.9101477	 1.9101477	         0	         0	          0	          0	          0	         0	         0	         0	         0	         0	          0	         0	         0	        0	         0	         0	         0	         0	         0	         0	         0	         0	0.19371074	 1.9101477	 1.9101477	 1.9101477	        0	 9.5507387	 3.8202955	  7.6405909	 7.8288775	 4.0044232	         0	 2.1293763	         0	 3.8202955	         0	 2.0984343	 1.9101477	         0	         0	         0	  1.9101477	         0	         0	         0	         0	        0	         0	         0	         0	         0	  2.5870675	#_46        
 2009	7	-8	3	0	1	-1	-1	 34	12.697721	         0	         0	         0	         0	  4.293954	 2.4290064	3.0650808	 1.7326998	  2.899456	         0	        0	 1.3946098	         0	        0	        0	 1.6313111	         0	 1.6313111	 1.6313111	 1.6313111	 1.6313111	  1.6313111	1.6313111	         0	         0	         0	         0	 1.4382749	          0	          0	          0	 1.6313111	         0	         0	         0	         0	          0	 1.2145032	 1.6313111	15.479797	         0	         0	         0	         0	 4.8580128	 4.4914208	 2.8827126	 7.8446991	 4.4771254	 3.8409764	         0	         0	        0	         0	         0	  1.4382749	 1.4382749	 1.4382749	         0	         0	         0	 1.4382749	         0	         0	         0	         0	 1.6313111	         0	          0	         0	         0	         0	         0	        0	         0	         0	         0	         0	  2.8937405	#_47        
 2010	7	-8	3	0	1	-1	-1	 26	        0	0.57182101	         0	         0	         0	         0	         0	 1.538538	0.51749305	 12.351185	 2.9342734	1.3515809	         0	 4.4528563	1.3515809	3.1653851	         0	0.18695714	 1.3515809	 4.0547426	0.41806881	         0	  1.3515809	1.3515809	 2.7031617	         0	0.46222335	0.23111168	 1.4961365	  2.7031617	          0	  2.7031617	         0	 1.3515809	         0	         0	0.23111168	 0.15288161	 1.5826925	0.38399329	        0	0.95245573	         0	         0	         0	         0	         0	0.74782856	  8.527554	 12.538142	0.18695714	0.79275926	 1.8138042	2.7031617	 1.3515809	 1.3515809	 0.23111168	         0	 1.5826925	 1.7496946	 1.8138042	0.23111168	0.23111168	0.23111168	0.23111168	0.46222335	0.46222335	0.69333503	0.69333503	  0.9244467	0.46222335	0.23111168	0.23111168	         0	1.5826925	 1.5826925	         0	 1.3515809	         0	  3.1050081	#_48        
 2011	7	-8	3	0	1	-1	-1	 29	        0	         0	 7.6701365	0.85439432	 4.1688165	 3.4231186	 2.1977461	0.1543765	 1.3893726	 4.6736656	 6.9982376	3.3546745	0.47022486	         0	        0	        0	 1.1684164	         0	 1.1684164	         0	 1.2919523	         0	0.070843248	        0	  1.070996	0.22095624	         0	         0	         0	0.070843248	0.094892122	0.097420372	         0	         0	         0	         0	         0	0.097420372	         0	 3.4053005	        0	 0.1543765	  10.28319	 1.1529147	 3.9319282	 3.9317695	  1.475956	 1.4765491	 1.9968875	 2.3967334	 9.7128822	 2.8048607	 7.4969721	 2.141992	  1.070996	  1.070996	0.097420372	         0	         0	  1.070996	 1.1418393	         0	         0	         0	  1.070996	0.16826362	         0	  1.070996	         0	0.070843248	         0	         0	         0	         0	        0	         0	         0	         0	         0	0.097420372	#_49        
 2013	7	-8	3	0	1	-1	-1	  3	        0	         0	         0	         0	 30.574887	         0	         0	        0	         0	         0	         0	        0	         0	         0	36.772328	        0	         0	         0	         0	         0	         0	         0	          0	        0	         0	         0	         0	         0	         0	          0	          0	          0	         0	         0	         0	         0	         0	          0	         0	         0	        0	         0	 32.652785	         0	         0	         0	         0	         0	         0	         0	         0	         0	         0	        0	         0	         0	          0	         0	         0	         0	         0	         0	         0	         0	         0	         0	         0	         0	         0	          0	         0	         0	         0	         0	        0	         0	         0	         0	         0	          0	#_50        
 2014	7	-8	3	0	1	-1	-1	 19	12.318667	 3.2637336	 12.069304	 13.329802	         0	         0	         0	        0	         0	         0	         0	        0	 4.3415231	 4.3415231	        0	        0	         0	         0	         0	         0	         0	         0	          0	        0	         0	         0	         0	         0	  6.034652	          0	          0	          0	         0	         0	         0	         0	         0	          0	         0	  4.250984	 11.72307	         0	 12.069304	         0	         0	         0	         0	         0	         0	         0	         0	         0	         0	        0	         0	         0	          0	         0	         0	         0	         0	         0	         0	         0	         0	         0	 4.3415231	         0	         0	          0	         0	         0	         0	         0	        0	         0	         0	 4.3415231	         0	  7.5743912	#_51        
 2015	7	-8	3	0	1	-1	-1	 29	        0	  30.77067	0.56050131	 2.3054185	0.56050131	 1.1776683	0.65979481	        0	         0	         0	         0	        0	         0	         0	        0	        0	         0	         0	         0	         0	         0	         0	          0	        0	         0	         0	         0	         0	         0	          0	          0	          0	         0	         0	         0	         0	         0	          0	         0	         0	        0	 57.841847	0.28025066	 1.6201343	 1.2954323	 2.5978835	         0	0.32989741	         0	         0	         0	         0	         0	        0	         0	         0	          0	         0	         0	         0	         0	         0	         0	         0	         0	         0	         0	         0	         0	          0	         0	         0	         0	         0	        0	         0	         0	         0	         0	          0	#_52        
 2016	7	-8	3	0	1	-1	-1	 29	        0	0.43181367	 23.104461	0.42809998	 2.0386082	0.42809998	 1.7123999	6.1070222	 1.7467084	0.42809998	         0	        0	0.82961779	0.82961779	1.6813833	2.5256087	0.89839386	 1.1052867	0.46857147	0.75884799	         0	0.45396383	          0	        0	         0	0.36104632	         0	         0	0.45396383	          0	          0	          0	         0	         0	         0	0.36104632	         0	          0	         0	0.29027652	        0	         0	  24.87493	 1.3279268	         0	 2.9966999	 2.1663638	 6.4732274	   1.76585	0.46857147	         0	         0	0.45396383	        0	0.75884799	0.29027652	 0.72209264	 2.5620858	0.45396383	 1.5030883	         0	         0	         0	         0	0.58055304	         0	0.29027652	0.36104632	         0	 0.36104632	0.42809998	0.29027652	         0	0.36104632	        0	0.94159936	         0	         0	0.36104632	   1.764183	#_53        
 2009	7	 8	0	0	1	11	11	  9	        9	         0	         0	         0	         0	         0	         0	        0	         0	         0	         0	        0	         0	         0	        0	        0	         0	         0	         0	         0	         0	         0	          0	        0	         0	         0	         0	         0	         0	          0	          0	          0	         0	         0	         0	         0	         0	          0	         0	         0	        0	         0	         0	         0	         0	         0	         0	         0	         0	         0	         0	         0	         0	        0	         0	         0	          0	         0	         0	         0	         0	         0	         0	         0	         0	         0	         0	         0	         0	          0	         0	         0	         0	         0	        0	         0	         0	         0	         0	          0	#_54        
 2014	7	 8	0	0	1	11	11	  3	        3	         0	         0	         0	         0	         0	         0	        0	         0	         0	         0	        0	         0	         0	        0	        0	         0	         0	         0	         0	         0	         0	          0	        0	         0	         0	         0	         0	         0	          0	          0	          0	         0	         0	         0	         0	         0	          0	         0	         0	        0	         0	         0	         0	         0	         0	         0	         0	         0	         0	         0	         0	         0	        0	         0	         0	          0	         0	         0	         0	         0	         0	         0	         0	         0	         0	         0	         0	         0	          0	         0	         0	         0	         0	        0	         0	         0	         0	         0	          0	#_55        
 2004	7	 8	2	0	1	12	12	  1	        0	         0	         0	         0	         0	         0	         0	        0	         0	         0	         0	        0	         0	         0	        0	        0	         0	         0	         0	         0	         0	         0	          0	        0	         0	         0	         0	         0	         0	          0	          0	          0	         0	         0	         0	         0	         0	          0	         0	         0	        1	         0	         0	         0	         0	         0	         0	         0	         0	         0	         0	         0	         0	        0	         0	         0	          0	         0	         0	         0	         0	         0	         0	         0	         0	         0	         0	         0	         0	          0	         0	         0	         0	         0	        0	         0	         0	         0	         0	          0	#_56        
 2006	7	 8	2	0	1	12	12	  2	        0	         0	         0	         0	         0	         0	         0	        0	         0	         0	         0	        0	         0	         0	        0	        0	         0	         0	         0	         0	         0	         0	          0	        0	         0	         0	         0	         0	         0	          0	          0	          0	         0	         0	         0	         0	         0	          0	         0	         0	        2	         0	         0	         0	         0	         0	         0	         0	         0	         0	         0	         0	         0	        0	         0	         0	          0	         0	         0	         0	         0	         0	         0	         0	         0	         0	         0	         0	         0	          0	         0	         0	         0	         0	        0	         0	         0	         0	         0	          0	#_57        
 2009	7	 8	2	0	1	12	12	  1	        0	         0	         0	         0	         0	         0	         0	        0	         0	         0	         0	        0	         0	         0	        0	        0	         0	         0	         0	         0	         0	         0	          0	        0	         0	         0	         0	         0	         0	          0	          0	          0	         0	         0	         0	         0	         0	          0	         0	         0	        1	         0	         0	         0	         0	         0	         0	         0	         0	         0	         0	         0	         0	        0	         0	         0	          0	         0	         0	         0	         0	         0	         0	         0	         0	         0	         0	         0	         0	          0	         0	         0	         0	         0	        0	         0	         0	         0	         0	          0	#_58        
 2006	7	 8	1	0	1	12	12	  2	        2	         0	         0	         0	         0	         0	         0	        0	         0	         0	         0	        0	         0	         0	        0	        0	         0	         0	         0	         0	         0	         0	          0	        0	         0	         0	         0	         0	         0	          0	          0	          0	         0	         0	         0	         0	         0	          0	         0	         0	        0	         0	         0	         0	         0	         0	         0	         0	         0	         0	         0	         0	         0	        0	         0	         0	          0	         0	         0	         0	         0	         0	         0	         0	         0	         0	         0	         0	         0	          0	         0	         0	         0	         0	        0	         0	         0	         0	         0	          0	#_59        
 2009	7	 8	1	0	1	12	12	  1	        1	         0	         0	         0	         0	         0	         0	        0	         0	         0	         0	        0	         0	         0	        0	        0	         0	         0	         0	         0	         0	         0	          0	        0	         0	         0	         0	         0	         0	          0	          0	          0	         0	         0	         0	         0	         0	          0	         0	         0	        0	         0	         0	         0	         0	         0	         0	         0	         0	         0	         0	         0	         0	        0	         0	         0	          0	         0	         0	         0	         0	         0	         0	         0	         0	         0	         0	         0	         0	          0	         0	         0	         0	         0	        0	         0	         0	         0	         0	          0	#_60        
 2009	7	 8	0	0	1	12	12	 13	       13	         0	         0	         0	         0	         0	         0	        0	         0	         0	         0	        0	         0	         0	        0	        0	         0	         0	         0	         0	         0	         0	          0	        0	         0	         0	         0	         0	         0	          0	          0	          0	         0	         0	         0	         0	         0	          0	         0	         0	        0	         0	         0	         0	         0	         0	         0	         0	         0	         0	         0	         0	         0	        0	         0	         0	          0	         0	         0	         0	         0	         0	         0	         0	         0	         0	         0	         0	         0	          0	         0	         0	         0	         0	        0	         0	         0	         0	         0	          0	#_61        
 2014	7	 8	0	0	1	12	12	 17	       17	         0	         0	         0	         0	         0	         0	        0	         0	         0	         0	        0	         0	         0	        0	        0	         0	         0	         0	         0	         0	         0	          0	        0	         0	         0	         0	         0	         0	          0	          0	          0	         0	         0	         0	         0	         0	          0	         0	         0	        0	         0	         0	         0	         0	         0	         0	         0	         0	         0	         0	         0	         0	        0	         0	         0	          0	         0	         0	         0	         0	         0	         0	         0	         0	         0	         0	         0	         0	          0	         0	         0	         0	         0	        0	         0	         0	         0	         0	          0	#_62        
 2009	7	 8	2	0	1	13	13	  2	        0	         0	         0	         0	         0	         0	         0	        0	         0	         0	         0	        0	         0	         0	        0	        0	         0	         0	         0	         0	         0	         0	          0	        0	         0	         0	         0	         0	         0	          0	          0	          0	         0	         0	         0	         0	         0	          0	         0	         0	        2	         0	         0	         0	         0	         0	         0	         0	         0	         0	         0	         0	         0	        0	         0	         0	          0	         0	         0	         0	         0	         0	         0	         0	         0	         0	         0	         0	         0	          0	         0	         0	         0	         0	        0	         0	         0	         0	         0	          0	#_63        
 2014	7	 8	2	0	1	13	13	  1	        0	         0	         0	         0	         0	         0	         0	        0	         0	         0	         0	        0	         0	         0	        0	        0	         0	         0	         0	         0	         0	         0	          0	        0	         0	         0	         0	         0	         0	          0	          0	          0	         0	         0	         0	         0	         0	          0	         0	         0	        1	         0	         0	         0	         0	         0	         0	         0	         0	         0	         0	         0	         0	        0	         0	         0	          0	         0	         0	         0	         0	         0	         0	         0	         0	         0	         0	         0	         0	          0	         0	         0	         0	         0	        0	         0	         0	         0	         0	          0	#_64        
 2009	7	 8	1	0	1	13	13	  2	        2	         0	         0	         0	         0	         0	         0	        0	         0	         0	         0	        0	         0	         0	        0	        0	         0	         0	         0	         0	         0	         0	          0	        0	         0	         0	         0	         0	         0	          0	          0	          0	         0	         0	         0	         0	         0	          0	         0	         0	        0	         0	         0	         0	         0	         0	         0	         0	         0	         0	         0	         0	         0	        0	         0	         0	          0	         0	         0	         0	         0	         0	         0	         0	         0	         0	         0	         0	         0	          0	         0	         0	         0	         0	        0	         0	         0	         0	         0	          0	#_65        
 2009	7	 8	0	0	1	13	13	  4	        4	         0	         0	         0	         0	         0	         0	        0	         0	         0	         0	        0	         0	         0	        0	        0	         0	         0	         0	         0	         0	         0	          0	        0	         0	         0	         0	         0	         0	          0	          0	          0	         0	         0	         0	         0	         0	          0	         0	         0	        0	         0	         0	         0	         0	         0	         0	         0	         0	         0	         0	         0	         0	        0	         0	         0	          0	         0	         0	         0	         0	         0	         0	         0	         0	         0	         0	         0	         0	          0	         0	         0	         0	         0	        0	         0	         0	         0	         0	          0	#_66        
 2014	7	 8	0	0	1	13	13	  9	        9	         0	         0	         0	         0	         0	         0	        0	         0	         0	         0	        0	         0	         0	        0	        0	         0	         0	         0	         0	         0	         0	          0	        0	         0	         0	         0	         0	         0	          0	          0	          0	         0	         0	         0	         0	         0	          0	         0	         0	        0	         0	         0	         0	         0	         0	         0	         0	         0	         0	         0	         0	         0	        0	         0	         0	          0	         0	         0	         0	         0	         0	         0	         0	         0	         0	         0	         0	         0	          0	         0	         0	         0	         0	        0	         0	         0	         0	         0	          0	#_67        
 2009	7	 8	2	0	1	14	14	  2	        0	         0	         0	         0	         0	         0	         0	        0	         0	         0	         0	        0	         0	         0	        0	        0	         0	         0	         0	         0	         0	         0	          0	        0	         0	         0	         0	         0	         0	          0	          0	          0	         0	         0	         0	         0	         0	          0	         0	         0	        2	         0	         0	         0	         0	         0	         0	         0	         0	         0	         0	         0	         0	        0	         0	         0	          0	         0	         0	         0	         0	         0	         0	         0	         0	         0	         0	         0	         0	          0	         0	         0	         0	         0	        0	         0	         0	         0	         0	          0	#_68        
 2010	7	 8	2	0	1	14	14	  1	        0	         0	         0	         0	         0	         0	         0	        0	         0	         0	         0	        0	         0	         0	        0	        0	         0	         0	         0	         0	         0	         0	          0	        0	         0	         0	         0	         0	         0	          0	          0	          0	         0	         0	         0	         0	         0	          0	         0	         0	        0	         1	         0	         0	         0	         0	         0	         0	         0	         0	         0	         0	         0	        0	         0	         0	          0	         0	         0	         0	         0	         0	         0	         0	         0	         0	         0	         0	         0	          0	         0	         0	         0	         0	        0	         0	         0	         0	         0	          0	#_69        
 2014	7	 8	2	0	1	14	14	  1	        0	         0	         0	         0	         0	         0	         0	        0	         0	         0	         0	        0	         0	         0	        0	        0	         0	         0	         0	         0	         0	         0	          0	        0	         0	         0	         0	         0	         0	          0	          0	          0	         0	         0	         0	         0	         0	          0	         0	         0	        1	         0	         0	         0	         0	         0	         0	         0	         0	         0	         0	         0	         0	        0	         0	         0	          0	         0	         0	         0	         0	         0	         0	         0	         0	         0	         0	         0	         0	          0	         0	         0	         0	         0	        0	         0	         0	         0	         0	          0	#_70        
 2009	7	 8	1	0	1	14	14	  1	        1	         0	         0	         0	         0	         0	         0	        0	         0	         0	         0	        0	         0	         0	        0	        0	         0	         0	         0	         0	         0	         0	          0	        0	         0	         0	         0	         0	         0	          0	          0	          0	         0	         0	         0	         0	         0	          0	         0	         0	        0	         0	         0	         0	         0	         0	         0	         0	         0	         0	         0	         0	         0	        0	         0	         0	          0	         0	         0	         0	         0	         0	         0	         0	         0	         0	         0	         0	         0	          0	         0	         0	         0	         0	        0	         0	         0	         0	         0	          0	#_71        
 2010	7	 8	1	0	1	14	14	  1	        0	         1	         0	         0	         0	         0	         0	        0	         0	         0	         0	        0	         0	         0	        0	        0	         0	         0	         0	         0	         0	         0	          0	        0	         0	         0	         0	         0	         0	          0	          0	          0	         0	         0	         0	         0	         0	          0	         0	         0	        0	         0	         0	         0	         0	         0	         0	         0	         0	         0	         0	         0	         0	        0	         0	         0	          0	         0	         0	         0	         0	         0	         0	         0	         0	         0	         0	         0	         0	          0	         0	         0	         0	         0	        0	         0	         0	         0	         0	          0	#_72        
 2014	7	 8	1	0	1	14	14	  2	        2	         0	         0	         0	         0	         0	         0	        0	         0	         0	         0	        0	         0	         0	        0	        0	         0	         0	         0	         0	         0	         0	          0	        0	         0	         0	         0	         0	         0	          0	          0	          0	         0	         0	         0	         0	         0	          0	         0	         0	        0	         0	         0	         0	         0	         0	         0	         0	         0	         0	         0	         0	         0	        0	         0	         0	          0	         0	         0	         0	         0	         0	         0	         0	         0	         0	         0	         0	         0	          0	         0	         0	         0	         0	        0	         0	         0	         0	         0	          0	#_73        
 2009	7	 8	0	0	1	14	14	  1	        1	         0	         0	         0	         0	         0	         0	        0	         0	         0	         0	        0	         0	         0	        0	        0	         0	         0	         0	         0	         0	         0	          0	        0	         0	         0	         0	         0	         0	          0	          0	          0	         0	         0	         0	         0	         0	          0	         0	         0	        0	         0	         0	         0	         0	         0	         0	         0	         0	         0	         0	         0	         0	        0	         0	         0	          0	         0	         0	         0	         0	         0	         0	         0	         0	         0	         0	         0	         0	          0	         0	         0	         0	         0	        0	         0	         0	         0	         0	          0	#_74        
 2015	7	 8	2	0	1	15	15	  1	        0	         0	         0	         0	         0	         0	         0	        0	         0	         0	         0	        0	         0	         0	        0	        0	         0	         0	         0	         0	         0	         0	          0	        0	         0	         0	         0	         0	         0	          0	          0	          0	         0	         0	         0	         0	         0	          0	         0	         0	        0	         1	         0	         0	         0	         0	         0	         0	         0	         0	         0	         0	         0	        0	         0	         0	          0	         0	         0	         0	         0	         0	         0	         0	         0	         0	         0	         0	         0	          0	         0	         0	         0	         0	        0	         0	         0	         0	         0	          0	#_75        
 2007	7	 8	2	0	1	16	16	  1	        0	         0	         0	         0	         0	         0	         0	        0	         0	         0	         0	        0	         0	         0	        0	        0	         0	         0	         0	         0	         0	         0	          0	        0	         0	         0	         0	         0	         0	          0	          0	          0	         0	         0	         0	         0	         0	          0	         0	         0	        0	         1	         0	         0	         0	         0	         0	         0	         0	         0	         0	         0	         0	        0	         0	         0	          0	         0	         0	         0	         0	         0	         0	         0	         0	         0	         0	         0	         0	          0	         0	         0	         0	         0	        0	         0	         0	         0	         0	          0	#_76        
 2010	7	 8	2	0	1	16	16	  1	        0	         0	         0	         0	         0	         0	         0	        0	         0	         0	         0	        0	         0	         0	        0	        0	         0	         0	         0	         0	         0	         0	          0	        0	         0	         0	         0	         0	         0	          0	          0	          0	         0	         0	         0	         0	         0	          0	         0	         0	        0	         1	         0	         0	         0	         0	         0	         0	         0	         0	         0	         0	         0	        0	         0	         0	          0	         0	         0	         0	         0	         0	         0	         0	         0	         0	         0	         0	         0	          0	         0	         0	         0	         0	        0	         0	         0	         0	         0	          0	#_77        
 2015	7	 8	2	0	1	16	16	  3	        0	         0	         0	         0	         0	         0	         0	        0	         0	         0	         0	        0	         0	         0	        0	        0	         0	         0	         0	         0	         0	         0	          0	        0	         0	         0	         0	         0	         0	          0	          0	          0	         0	         0	         0	         0	         0	          0	         0	         0	        0	         3	         0	         0	         0	         0	         0	         0	         0	         0	         0	         0	         0	        0	         0	         0	          0	         0	         0	         0	         0	         0	         0	         0	         0	         0	         0	         0	         0	          0	         0	         0	         0	         0	        0	         0	         0	         0	         0	          0	#_78        
 2010	7	 8	1	0	1	16	16	  1	        0	         1	         0	         0	         0	         0	         0	        0	         0	         0	         0	        0	         0	         0	        0	        0	         0	         0	         0	         0	         0	         0	          0	        0	         0	         0	         0	         0	         0	          0	          0	          0	         0	         0	         0	         0	         0	          0	         0	         0	        0	         0	         0	         0	         0	         0	         0	         0	         0	         0	         0	         0	         0	        0	         0	         0	          0	         0	         0	         0	         0	         0	         0	         0	         0	         0	         0	         0	         0	          0	         0	         0	         0	         0	        0	         0	         0	         0	         0	          0	#_79        
 2015	7	 8	1	0	1	16	16	  4	        0	         4	         0	         0	         0	         0	         0	        0	         0	         0	         0	        0	         0	         0	        0	        0	         0	         0	         0	         0	         0	         0	          0	        0	         0	         0	         0	         0	         0	          0	          0	          0	         0	         0	         0	         0	         0	          0	         0	         0	        0	         0	         0	         0	         0	         0	         0	         0	         0	         0	         0	         0	         0	        0	         0	         0	          0	         0	         0	         0	         0	         0	         0	         0	         0	         0	         0	         0	         0	          0	         0	         0	         0	         0	        0	         0	         0	         0	         0	          0	#_80        
 2010	7	 8	0	0	1	16	16	  1	        0	         1	         0	         0	         0	         0	         0	        0	         0	         0	         0	        0	         0	         0	        0	        0	         0	         0	         0	         0	         0	         0	          0	        0	         0	         0	         0	         0	         0	          0	          0	          0	         0	         0	         0	         0	         0	          0	         0	         0	        0	         0	         0	         0	         0	         0	         0	         0	         0	         0	         0	         0	         0	        0	         0	         0	          0	         0	         0	         0	         0	         0	         0	         0	         0	         0	         0	         0	         0	          0	         0	         0	         0	         0	        0	         0	         0	         0	         0	          0	#_81        
 2010	7	 8	2	0	1	17	17	  1	        0	         0	         0	         0	         0	         0	         0	        0	         0	         0	         0	        0	         0	         0	        0	        0	         0	         0	         0	         0	         0	         0	          0	        0	         0	         0	         0	         0	         0	          0	          0	          0	         0	         0	         0	         0	         0	          0	         0	         0	        0	         1	         0	         0	         0	         0	         0	         0	         0	         0	         0	         0	         0	        0	         0	         0	          0	         0	         0	         0	         0	         0	         0	         0	         0	         0	         0	         0	         0	          0	         0	         0	         0	         0	        0	         0	         0	         0	         0	          0	#_82        
 2015	7	 8	2	0	1	17	17	  3	        0	         0	         0	         0	         0	         0	         0	        0	         0	         0	         0	        0	         0	         0	        0	        0	         0	         0	         0	         0	         0	         0	          0	        0	         0	         0	         0	         0	         0	          0	          0	          0	         0	         0	         0	         0	         0	          0	         0	         0	        0	         3	         0	         0	         0	         0	         0	         0	         0	         0	         0	         0	         0	        0	         0	         0	          0	         0	         0	         0	         0	         0	         0	         0	         0	         0	         0	         0	         0	          0	         0	         0	         0	         0	        0	         0	         0	         0	         0	          0	#_83        
 2007	7	 8	1	0	1	17	17	  1	        0	         1	         0	         0	         0	         0	         0	        0	         0	         0	         0	        0	         0	         0	        0	        0	         0	         0	         0	         0	         0	         0	          0	        0	         0	         0	         0	         0	         0	          0	          0	          0	         0	         0	         0	         0	         0	          0	         0	         0	        0	         0	         0	         0	         0	         0	         0	         0	         0	         0	         0	         0	         0	        0	         0	         0	          0	         0	         0	         0	         0	         0	         0	         0	         0	         0	         0	         0	         0	          0	         0	         0	         0	         0	        0	         0	         0	         0	         0	          0	#_84        
 2010	7	 8	1	0	1	17	17	  1	        0	         1	         0	         0	         0	         0	         0	        0	         0	         0	         0	        0	         0	         0	        0	        0	         0	         0	         0	         0	         0	         0	          0	        0	         0	         0	         0	         0	         0	          0	          0	          0	         0	         0	         0	         0	         0	          0	         0	         0	        0	         0	         0	         0	         0	         0	         0	         0	         0	         0	         0	         0	         0	        0	         0	         0	          0	         0	         0	         0	         0	         0	         0	         0	         0	         0	         0	         0	         0	          0	         0	         0	         0	         0	        0	         0	         0	         0	         0	          0	#_85        
 2014	7	 8	1	0	1	17	17	  1	        0	         1	         0	         0	         0	         0	         0	        0	         0	         0	         0	        0	         0	         0	        0	        0	         0	         0	         0	         0	         0	         0	          0	        0	         0	         0	         0	         0	         0	          0	          0	          0	         0	         0	         0	         0	         0	          0	         0	         0	        0	         0	         0	         0	         0	         0	         0	         0	         0	         0	         0	         0	         0	        0	         0	         0	          0	         0	         0	         0	         0	         0	         0	         0	         0	         0	         0	         0	         0	          0	         0	         0	         0	         0	        0	         0	         0	         0	         0	          0	#_86        
 2015	7	 8	1	0	1	17	17	  6	        0	         6	         0	         0	         0	         0	         0	        0	         0	         0	         0	        0	         0	         0	        0	        0	         0	         0	         0	         0	         0	         0	          0	        0	         0	         0	         0	         0	         0	          0	          0	          0	         0	         0	         0	         0	         0	          0	         0	         0	        0	         0	         0	         0	         0	         0	         0	         0	         0	         0	         0	         0	         0	        0	         0	         0	          0	         0	         0	         0	         0	         0	         0	         0	         0	         0	         0	         0	         0	          0	         0	         0	         0	         0	        0	         0	         0	         0	         0	          0	#_87        
 2016	7	 8	1	0	1	17	17	  1	        0	         1	         0	         0	         0	         0	         0	        0	         0	         0	         0	        0	         0	         0	        0	        0	         0	         0	         0	         0	         0	         0	          0	        0	         0	         0	         0	         0	         0	          0	          0	          0	         0	         0	         0	         0	         0	          0	         0	         0	        0	         0	         0	         0	         0	         0	         0	         0	         0	         0	         0	         0	         0	        0	         0	         0	          0	         0	         0	         0	         0	         0	         0	         0	         0	         0	         0	         0	         0	          0	         0	         0	         0	         0	        0	         0	         0	         0	         0	          0	#_88        
 2010	7	 8	2	0	1	18	18	  1	        0	         0	         0	         0	         0	         0	         0	        0	         0	         0	         0	        0	         0	         0	        0	        0	         0	         0	         0	         0	         0	         0	          0	        0	         0	         0	         0	         0	         0	          0	          0	          0	         0	         0	         0	         0	         0	          0	         0	         0	        0	         1	         0	         0	         0	         0	         0	         0	         0	         0	         0	         0	         0	        0	         0	         0	          0	         0	         0	         0	         0	         0	         0	         0	         0	         0	         0	         0	         0	          0	         0	         0	         0	         0	        0	         0	         0	         0	         0	          0	#_89        
 2015	7	 8	2	0	1	18	18	  8	        0	         0	         0	         0	         0	         0	         0	        0	         0	         0	         0	        0	         0	         0	        0	        0	         0	         0	         0	         0	         0	         0	          0	        0	         0	         0	         0	         0	         0	          0	          0	          0	         0	         0	         0	         0	         0	          0	         0	         0	        0	         8	         0	         0	         0	         0	         0	         0	         0	         0	         0	         0	         0	        0	         0	         0	          0	         0	         0	         0	         0	         0	         0	         0	         0	         0	         0	         0	         0	          0	         0	         0	         0	         0	        0	         0	         0	         0	         0	          0	#_90        
 2008	7	 8	1	0	1	18	18	  1	        0	         0	         0	         1	         0	         0	         0	        0	         0	         0	         0	        0	         0	         0	        0	        0	         0	         0	         0	         0	         0	         0	          0	        0	         0	         0	         0	         0	         0	          0	          0	          0	         0	         0	         0	         0	         0	          0	         0	         0	        0	         0	         0	         0	         0	         0	         0	         0	         0	         0	         0	         0	         0	        0	         0	         0	          0	         0	         0	         0	         0	         0	         0	         0	         0	         0	         0	         0	         0	          0	         0	         0	         0	         0	        0	         0	         0	         0	         0	          0	#_91        
 2015	7	 8	1	0	1	18	18	  5	        0	         5	         0	         0	         0	         0	         0	        0	         0	         0	         0	        0	         0	         0	        0	        0	         0	         0	         0	         0	         0	         0	          0	        0	         0	         0	         0	         0	         0	          0	          0	          0	         0	         0	         0	         0	         0	          0	         0	         0	        0	         0	         0	         0	         0	         0	         0	         0	         0	         0	         0	         0	         0	        0	         0	         0	          0	         0	         0	         0	         0	         0	         0	         0	         0	         0	         0	         0	         0	          0	         0	         0	         0	         0	        0	         0	         0	         0	         0	          0	#_92        
 2010	7	 8	2	0	1	19	19	  1	        0	         0	         0	         0	         0	         0	         0	        0	         0	         0	         0	        0	         0	         0	        0	        0	         0	         0	         0	         0	         0	         0	          0	        0	         0	         0	         0	         0	         0	          0	          0	          0	         0	         0	         0	         0	         0	          0	         0	         0	        0	         1	         0	         0	         0	         0	         0	         0	         0	         0	         0	         0	         0	        0	         0	         0	          0	         0	         0	         0	         0	         0	         0	         0	         0	         0	         0	         0	         0	          0	         0	         0	         0	         0	        0	         0	         0	         0	         0	          0	#_93        
 2011	7	 8	2	0	1	19	19	  3	        0	         0	         0	         0	         0	         0	         0	        0	         0	         0	         0	        0	         0	         0	        0	        0	         0	         0	         0	         0	         0	         0	          0	        0	         0	         0	         0	         0	         0	          0	          0	          0	         0	         0	         0	         0	         0	          0	         0	         0	        0	         0	         3	         0	         0	         0	         0	         0	         0	         0	         0	         0	         0	        0	         0	         0	          0	         0	         0	         0	         0	         0	         0	         0	         0	         0	         0	         0	         0	          0	         0	         0	         0	         0	        0	         0	         0	         0	         0	          0	#_94        
 2015	7	 8	2	0	1	19	19	  9	        0	         0	         0	         0	         0	         0	         0	        0	         0	         0	         0	        0	         0	         0	        0	        0	         0	         0	         0	         0	         0	         0	          0	        0	         0	         0	         0	         0	         0	          0	          0	          0	         0	         0	         0	         0	         0	          0	         0	         0	        0	         9	         0	         0	         0	         0	         0	         0	         0	         0	         0	         0	         0	        0	         0	         0	          0	         0	         0	         0	         0	         0	         0	         0	         0	         0	         0	         0	         0	          0	         0	         0	         0	         0	        0	         0	         0	         0	         0	          0	#_95        
 2016	7	 8	2	0	1	19	19	  1	        0	         0	         0	         0	         0	         0	         0	        0	         0	         0	         0	        0	         0	         0	        0	        0	         0	         0	         0	         0	         0	         0	          0	        0	         0	         0	         0	         0	         0	          0	          0	          0	         0	         0	         0	         0	         0	          0	         0	         0	        0	         0	         1	         0	         0	         0	         0	         0	         0	         0	         0	         0	         0	        0	         0	         0	          0	         0	         0	         0	         0	         0	         0	         0	         0	         0	         0	         0	         0	          0	         0	         0	         0	         0	        0	         0	         0	         0	         0	          0	#_96        
 2015	7	 8	1	0	1	19	19	 11	        0	        11	         0	         0	         0	         0	         0	        0	         0	         0	         0	        0	         0	         0	        0	        0	         0	         0	         0	         0	         0	         0	          0	        0	         0	         0	         0	         0	         0	          0	          0	          0	         0	         0	         0	         0	         0	          0	         0	         0	        0	         0	         0	         0	         0	         0	         0	         0	         0	         0	         0	         0	         0	        0	         0	         0	          0	         0	         0	         0	         0	         0	         0	         0	         0	         0	         0	         0	         0	          0	         0	         0	         0	         0	        0	         0	         0	         0	         0	          0	#_97        
 2011	7	 8	2	0	1	20	20	  9	        0	         0	         0	         0	         0	         0	         0	        0	         0	         0	         0	        0	         0	         0	        0	        0	         0	         0	         0	         0	         0	         0	          0	        0	         0	         0	         0	         0	         0	          0	          0	          0	         0	         0	         0	         0	         0	          0	         0	         0	        0	         0	         9	         0	         0	         0	         0	         0	         0	         0	         0	         0	         0	        0	         0	         0	          0	         0	         0	         0	         0	         0	         0	         0	         0	         0	         0	         0	         0	          0	         0	         0	         0	         0	        0	         0	         0	         0	         0	          0	#_98        
 2015	7	 8	2	0	1	20	20	 25	        0	         0	         0	         0	         0	         0	         0	        0	         0	         0	         0	        0	         0	         0	        0	        0	         0	         0	         0	         0	         0	         0	          0	        0	         0	         0	         0	         0	         0	          0	          0	          0	         0	         0	         0	         0	         0	          0	         0	         0	        0	        25	         0	         0	         0	         0	         0	         0	         0	         0	         0	         0	         0	        0	         0	         0	          0	         0	         0	         0	         0	         0	         0	         0	         0	         0	         0	         0	         0	          0	         0	         0	         0	         0	        0	         0	         0	         0	         0	          0	#_99        
 2016	7	 8	2	0	1	20	20	  4	        0	         0	         0	         0	         0	         0	         0	        0	         0	         0	         0	        0	         0	         0	        0	        0	         0	         0	         0	         0	         0	         0	          0	        0	         0	         0	         0	         0	         0	          0	          0	          0	         0	         0	         0	         0	         0	          0	         0	         0	        0	         0	         4	         0	         0	         0	         0	         0	         0	         0	         0	         0	         0	        0	         0	         0	          0	         0	         0	         0	         0	         0	         0	         0	         0	         0	         0	         0	         0	          0	         0	         0	         0	         0	        0	         0	         0	         0	         0	          0	#_100       
 2008	7	 8	1	0	1	20	20	  1	        0	         0	         1	         0	         0	         0	         0	        0	         0	         0	         0	        0	         0	         0	        0	        0	         0	         0	         0	         0	         0	         0	          0	        0	         0	         0	         0	         0	         0	          0	          0	          0	         0	         0	         0	         0	         0	          0	         0	         0	        0	         0	         0	         0	         0	         0	         0	         0	         0	         0	         0	         0	         0	        0	         0	         0	          0	         0	         0	         0	         0	         0	         0	         0	         0	         0	         0	         0	         0	          0	         0	         0	         0	         0	        0	         0	         0	         0	         0	          0	#_101       
 2011	7	 8	1	0	1	20	20	  6	        0	         0	         6	         0	         0	         0	         0	        0	         0	         0	         0	        0	         0	         0	        0	        0	         0	         0	         0	         0	         0	         0	          0	        0	         0	         0	         0	         0	         0	          0	          0	          0	         0	         0	         0	         0	         0	          0	         0	         0	        0	         0	         0	         0	         0	         0	         0	         0	         0	         0	         0	         0	         0	        0	         0	         0	          0	         0	         0	         0	         0	         0	         0	         0	         0	         0	         0	         0	         0	          0	         0	         0	         0	         0	        0	         0	         0	         0	         0	          0	#_102       
 2015	7	 8	1	0	1	20	20	 11	        0	        11	         0	         0	         0	         0	         0	        0	         0	         0	         0	        0	         0	         0	        0	        0	         0	         0	         0	         0	         0	         0	          0	        0	         0	         0	         0	         0	         0	          0	          0	          0	         0	         0	         0	         0	         0	          0	         0	         0	        0	         0	         0	         0	         0	         0	         0	         0	         0	         0	         0	         0	         0	        0	         0	         0	          0	         0	         0	         0	         0	         0	         0	         0	         0	         0	         0	         0	         0	          0	         0	         0	         0	         0	        0	         0	         0	         0	         0	          0	#_103       
 2016	7	 8	1	0	1	20	20	  3	        0	         0	         3	         0	         0	         0	         0	        0	         0	         0	         0	        0	         0	         0	        0	        0	         0	         0	         0	         0	         0	         0	          0	        0	         0	         0	         0	         0	         0	          0	          0	          0	         0	         0	         0	         0	         0	          0	         0	         0	        0	         0	         0	         0	         0	         0	         0	         0	         0	         0	         0	         0	         0	        0	         0	         0	          0	         0	         0	         0	         0	         0	         0	         0	         0	         0	         0	         0	         0	          0	         0	         0	         0	         0	        0	         0	         0	         0	         0	          0	#_104       
 2011	7	 8	2	0	1	21	21	 14	        0	         0	         0	         0	         0	         0	         0	        0	         0	         0	         0	        0	         0	         0	        0	        0	         0	         0	         0	         0	         0	         0	          0	        0	         0	         0	         0	         0	         0	          0	          0	          0	         0	         0	         0	         0	         0	          0	         0	         0	        0	         1	        13	         0	         0	         0	         0	         0	         0	         0	         0	         0	         0	        0	         0	         0	          0	         0	         0	         0	         0	         0	         0	         0	         0	         0	         0	         0	         0	          0	         0	         0	         0	         0	        0	         0	         0	         0	         0	          0	#_105       
 2013	7	 8	2	0	1	21	21	  1	        0	         0	         0	         0	         0	         0	         0	        0	         0	         0	         0	        0	         0	         0	        0	        0	         0	         0	         0	         0	         0	         0	          0	        0	         0	         0	         0	         0	         0	          0	          0	          0	         0	         0	         0	         0	         0	          0	         0	         0	        0	         0	         1	         0	         0	         0	         0	         0	         0	         0	         0	         0	         0	        0	         0	         0	          0	         0	         0	         0	         0	         0	         0	         0	         0	         0	         0	         0	         0	          0	         0	         0	         0	         0	        0	         0	         0	         0	         0	          0	#_106       
 2015	7	 8	2	0	1	21	21	  7	        0	         0	         0	         0	         0	         0	         0	        0	         0	         0	         0	        0	         0	         0	        0	        0	         0	         0	         0	         0	         0	         0	          0	        0	         0	         0	         0	         0	         0	          0	          0	          0	         0	         0	         0	         0	         0	          0	         0	         0	        0	         7	         0	         0	         0	         0	         0	         0	         0	         0	         0	         0	         0	        0	         0	         0	          0	         0	         0	         0	         0	         0	         0	         0	         0	         0	         0	         0	         0	          0	         0	         0	         0	         0	        0	         0	         0	         0	         0	          0	#_107       
 2016	7	 8	2	0	1	21	21	  5	        0	         0	         0	         0	         0	         0	         0	        0	         0	         0	         0	        0	         0	         0	        0	        0	         0	         0	         0	         0	         0	         0	          0	        0	         0	         0	         0	         0	         0	          0	          0	          0	         0	         0	         0	         0	         0	          0	         0	         0	        0	         0	         5	         0	         0	         0	         0	         0	         0	         0	         0	         0	         0	        0	         0	         0	          0	         0	         0	         0	         0	         0	         0	         0	         0	         0	         0	         0	         0	          0	         0	         0	         0	         0	        0	         0	         0	         0	         0	          0	#_108       
 2011	7	 8	1	0	1	21	21	 12	        0	         0	        12	         0	         0	         0	         0	        0	         0	         0	         0	        0	         0	         0	        0	        0	         0	         0	         0	         0	         0	         0	          0	        0	         0	         0	         0	         0	         0	          0	          0	          0	         0	         0	         0	         0	         0	          0	         0	         0	        0	         0	         0	         0	         0	         0	         0	         0	         0	         0	         0	         0	         0	        0	         0	         0	          0	         0	         0	         0	         0	         0	         0	         0	         0	         0	         0	         0	         0	          0	         0	         0	         0	         0	        0	         0	         0	         0	         0	          0	#_109       
 2014	7	 8	1	0	1	21	21	  1	        0	         0	         1	         0	         0	         0	         0	        0	         0	         0	         0	        0	         0	         0	        0	        0	         0	         0	         0	         0	         0	         0	          0	        0	         0	         0	         0	         0	         0	          0	          0	          0	         0	         0	         0	         0	         0	          0	         0	         0	        0	         0	         0	         0	         0	         0	         0	         0	         0	         0	         0	         0	         0	        0	         0	         0	          0	         0	         0	         0	         0	         0	         0	         0	         0	         0	         0	         0	         0	          0	         0	         0	         0	         0	        0	         0	         0	         0	         0	          0	#_110       
 2015	7	 8	1	0	1	21	21	  2	        0	         2	         0	         0	         0	         0	         0	        0	         0	         0	         0	        0	         0	         0	        0	        0	         0	         0	         0	         0	         0	         0	          0	        0	         0	         0	         0	         0	         0	          0	          0	          0	         0	         0	         0	         0	         0	          0	         0	         0	        0	         0	         0	         0	         0	         0	         0	         0	         0	         0	         0	         0	         0	        0	         0	         0	          0	         0	         0	         0	         0	         0	         0	         0	         0	         0	         0	         0	         0	          0	         0	         0	         0	         0	        0	         0	         0	         0	         0	          0	#_111       
 2016	7	 8	1	0	1	21	21	  4	        0	         0	         4	         0	         0	         0	         0	        0	         0	         0	         0	        0	         0	         0	        0	        0	         0	         0	         0	         0	         0	         0	          0	        0	         0	         0	         0	         0	         0	          0	          0	          0	         0	         0	         0	         0	         0	          0	         0	         0	        0	         0	         0	         0	         0	         0	         0	         0	         0	         0	         0	         0	         0	        0	         0	         0	          0	         0	         0	         0	         0	         0	         0	         0	         0	         0	         0	         0	         0	          0	         0	         0	         0	         0	        0	         0	         0	         0	         0	          0	#_112       
 2007	7	 8	2	0	1	22	22	  2	        0	         0	         0	         0	         0	         0	         0	        0	         0	         0	         0	        0	         0	         0	        0	        0	         0	         0	         0	         0	         0	         0	          0	        0	         0	         0	         0	         0	         0	          0	          0	          0	         0	         0	         0	         0	         0	          0	         0	         0	        0	         0	         2	         0	         0	         0	         0	         0	         0	         0	         0	         0	         0	        0	         0	         0	          0	         0	         0	         0	         0	         0	         0	         0	         0	         0	         0	         0	         0	          0	         0	         0	         0	         0	        0	         0	         0	         0	         0	          0	#_113       
 2011	7	 8	2	0	1	22	22	 18	        0	         0	         0	         0	         0	         0	         0	        0	         0	         0	         0	        0	         0	         0	        0	        0	         0	         0	         0	         0	         0	         0	          0	        0	         0	         0	         0	         0	         0	          0	          0	          0	         0	         0	         0	         0	         0	          0	         0	         0	        0	         0	        18	         0	         0	         0	         0	         0	         0	         0	         0	         0	         0	        0	         0	         0	          0	         0	         0	         0	         0	         0	         0	         0	         0	         0	         0	         0	         0	          0	         0	         0	         0	         0	        0	         0	         0	         0	         0	          0	#_114       
 2014	7	 8	2	0	1	22	22	  2	        0	         0	         0	         0	         0	         0	         0	        0	         0	         0	         0	        0	         0	         0	        0	        0	         0	         0	         0	         0	         0	         0	          0	        0	         0	         0	         0	         0	         0	          0	          0	          0	         0	         0	         0	         0	         0	          0	         0	         0	        0	         0	         2	         0	         0	         0	         0	         0	         0	         0	         0	         0	         0	        0	         0	         0	          0	         0	         0	         0	         0	         0	         0	         0	         0	         0	         0	         0	         0	          0	         0	         0	         0	         0	        0	         0	         0	         0	         0	          0	#_115       
 2015	7	 8	2	0	1	22	22	  1	        0	         0	         0	         0	         0	         0	         0	        0	         0	         0	         0	        0	         0	         0	        0	        0	         0	         0	         0	         0	         0	         0	          0	        0	         0	         0	         0	         0	         0	          0	          0	          0	         0	         0	         0	         0	         0	          0	         0	         0	        0	         0	         1	         0	         0	         0	         0	         0	         0	         0	         0	         0	         0	        0	         0	         0	          0	         0	         0	         0	         0	         0	         0	         0	         0	         0	         0	         0	         0	          0	         0	         0	         0	         0	        0	         0	         0	         0	         0	          0	#_116       
 2016	7	 8	2	0	1	22	22	  8	        0	         0	         0	         0	         0	         0	         0	        0	         0	         0	         0	        0	         0	         0	        0	        0	         0	         0	         0	         0	         0	         0	          0	        0	         0	         0	         0	         0	         0	          0	          0	          0	         0	         0	         0	         0	         0	          0	         0	         0	        0	         0	         8	         0	         0	         0	         0	         0	         0	         0	         0	         0	         0	        0	         0	         0	          0	         0	         0	         0	         0	         0	         0	         0	         0	         0	         0	         0	         0	          0	         0	         0	         0	         0	        0	         0	         0	         0	         0	          0	#_117       
 2011	7	 8	1	0	1	22	22	 14	        0	         0	        14	         0	         0	         0	         0	        0	         0	         0	         0	        0	         0	         0	        0	        0	         0	         0	         0	         0	         0	         0	          0	        0	         0	         0	         0	         0	         0	          0	          0	          0	         0	         0	         0	         0	         0	          0	         0	         0	        0	         0	         0	         0	         0	         0	         0	         0	         0	         0	         0	         0	         0	        0	         0	         0	          0	         0	         0	         0	         0	         0	         0	         0	         0	         0	         0	         0	         0	          0	         0	         0	         0	         0	        0	         0	         0	         0	         0	          0	#_118       
 2015	7	 8	1	0	1	22	22	  1	        0	         0	         1	         0	         0	         0	         0	        0	         0	         0	         0	        0	         0	         0	        0	        0	         0	         0	         0	         0	         0	         0	          0	        0	         0	         0	         0	         0	         0	          0	          0	          0	         0	         0	         0	         0	         0	          0	         0	         0	        0	         0	         0	         0	         0	         0	         0	         0	         0	         0	         0	         0	         0	        0	         0	         0	          0	         0	         0	         0	         0	         0	         0	         0	         0	         0	         0	         0	         0	          0	         0	         0	         0	         0	        0	         0	         0	         0	         0	          0	#_119       
 2016	7	 8	1	0	1	22	22	  8	        0	         0	         8	         0	         0	         0	         0	        0	         0	         0	         0	        0	         0	         0	        0	        0	         0	         0	         0	         0	         0	         0	          0	        0	         0	         0	         0	         0	         0	          0	          0	          0	         0	         0	         0	         0	         0	          0	         0	         0	        0	         0	         0	         0	         0	         0	         0	         0	         0	         0	         0	         0	         0	        0	         0	         0	          0	         0	         0	         0	         0	         0	         0	         0	         0	         0	         0	         0	         0	          0	         0	         0	         0	         0	        0	         0	         0	         0	         0	          0	#_120       
 2011	7	 8	2	0	1	23	23	 13	        0	         0	         0	         0	         0	         0	         0	        0	         0	         0	         0	        0	         0	         0	        0	        0	         0	         0	         0	         0	         0	         0	          0	        0	         0	         0	         0	         0	         0	          0	          0	          0	         0	         0	         0	         0	         0	          0	         0	         0	        0	         0	        11	         1	         0	         0	         0	         1	         0	         0	         0	         0	         0	        0	         0	         0	          0	         0	         0	         0	         0	         0	         0	         0	         0	         0	         0	         0	         0	          0	         0	         0	         0	         0	        0	         0	         0	         0	         0	          0	#_121       
 2016	7	 8	2	0	1	23	23	 10	        0	         0	         0	         0	         0	         0	         0	        0	         0	         0	         0	        0	         0	         0	        0	        0	         0	         0	         0	         0	         0	         0	          0	        0	         0	         0	         0	         0	         0	          0	          0	          0	         0	         0	         0	         0	         0	          0	         0	         0	        0	         0	        10	         0	         0	         0	         0	         0	         0	         0	         0	         0	         0	        0	         0	         0	          0	         0	         0	         0	         0	         0	         0	         0	         0	         0	         0	         0	         0	          0	         0	         0	         0	         0	        0	         0	         0	         0	         0	          0	#_122       
 2004	7	 8	1	0	1	23	23	  1	        0	         0	         1	         0	         0	         0	         0	        0	         0	         0	         0	        0	         0	         0	        0	        0	         0	         0	         0	         0	         0	         0	          0	        0	         0	         0	         0	         0	         0	          0	          0	          0	         0	         0	         0	         0	         0	          0	         0	         0	        0	         0	         0	         0	         0	         0	         0	         0	         0	         0	         0	         0	         0	        0	         0	         0	          0	         0	         0	         0	         0	         0	         0	         0	         0	         0	         0	         0	         0	          0	         0	         0	         0	         0	        0	         0	         0	         0	         0	          0	#_123       
 2011	7	 8	1	0	1	23	23	 15	        0	         0	        15	         0	         0	         0	         0	        0	         0	         0	         0	        0	         0	         0	        0	        0	         0	         0	         0	         0	         0	         0	          0	        0	         0	         0	         0	         0	         0	          0	          0	          0	         0	         0	         0	         0	         0	          0	         0	         0	        0	         0	         0	         0	         0	         0	         0	         0	         0	         0	         0	         0	         0	        0	         0	         0	          0	         0	         0	         0	         0	         0	         0	         0	         0	         0	         0	         0	         0	          0	         0	         0	         0	         0	        0	         0	         0	         0	         0	          0	#_124       
 2014	7	 8	1	0	1	23	23	  1	        0	         0	         1	         0	         0	         0	         0	        0	         0	         0	         0	        0	         0	         0	        0	        0	         0	         0	         0	         0	         0	         0	          0	        0	         0	         0	         0	         0	         0	          0	          0	          0	         0	         0	         0	         0	         0	          0	         0	         0	        0	         0	         0	         0	         0	         0	         0	         0	         0	         0	         0	         0	         0	        0	         0	         0	          0	         0	         0	         0	         0	         0	         0	         0	         0	         0	         0	         0	         0	          0	         0	         0	         0	         0	        0	         0	         0	         0	         0	          0	#_125       
 2016	7	 8	1	0	1	23	23	 11	        0	         0	        10	         0	         1	         0	         0	        0	         0	         0	         0	        0	         0	         0	        0	        0	         0	         0	         0	         0	         0	         0	          0	        0	         0	         0	         0	         0	         0	          0	          0	          0	         0	         0	         0	         0	         0	          0	         0	         0	        0	         0	         0	         0	         0	         0	         0	         0	         0	         0	         0	         0	         0	        0	         0	         0	          0	         0	         0	         0	         0	         0	         0	         0	         0	         0	         0	         0	         0	          0	         0	         0	         0	         0	        0	         0	         0	         0	         0	          0	#_126       
 2011	7	 8	2	0	1	24	24	  3	        0	         0	         0	         0	         0	         0	         0	        0	         0	         0	         0	        0	         0	         0	        0	        0	         0	         0	         0	         0	         0	         0	          0	        0	         0	         0	         0	         0	         0	          0	          0	          0	         0	         0	         0	         0	         0	          0	         0	         0	        0	         0	         2	         0	         1	         0	         0	         0	         0	         0	         0	         0	         0	        0	         0	         0	          0	         0	         0	         0	         0	         0	         0	         0	         0	         0	         0	         0	         0	          0	         0	         0	         0	         0	        0	         0	         0	         0	         0	          0	#_127       
 2016	7	 8	2	0	1	24	24	  4	        0	         0	         0	         0	         0	         0	         0	        0	         0	         0	         0	        0	         0	         0	        0	        0	         0	         0	         0	         0	         0	         0	          0	        0	         0	         0	         0	         0	         0	          0	          0	          0	         0	         0	         0	         0	         0	          0	         0	         0	        0	         0	         3	         1	         0	         0	         0	         0	         0	         0	         0	         0	         0	        0	         0	         0	          0	         0	         0	         0	         0	         0	         0	         0	         0	         0	         0	         0	         0	          0	         0	         0	         0	         0	        0	         0	         0	         0	         0	          0	#_128       
 2011	7	 8	1	0	1	24	24	  2	        0	         0	         2	         0	         0	         0	         0	        0	         0	         0	         0	        0	         0	         0	        0	        0	         0	         0	         0	         0	         0	         0	          0	        0	         0	         0	         0	         0	         0	          0	          0	          0	         0	         0	         0	         0	         0	          0	         0	         0	        0	         0	         0	         0	         0	         0	         0	         0	         0	         0	         0	         0	         0	        0	         0	         0	          0	         0	         0	         0	         0	         0	         0	         0	         0	         0	         0	         0	         0	          0	         0	         0	         0	         0	        0	         0	         0	         0	         0	          0	#_129       
 2016	7	 8	1	0	1	24	24	  3	        0	         0	         3	         0	         0	         0	         0	        0	         0	         0	         0	        0	         0	         0	        0	        0	         0	         0	         0	         0	         0	         0	          0	        0	         0	         0	         0	         0	         0	          0	          0	          0	         0	         0	         0	         0	         0	          0	         0	         0	        0	         0	         0	         0	         0	         0	         0	         0	         0	         0	         0	         0	         0	        0	         0	         0	          0	         0	         0	         0	         0	         0	         0	         0	         0	         0	         0	         0	         0	          0	         0	         0	         0	         0	        0	         0	         0	         0	         0	          0	#_130       
 2005	7	 8	2	0	1	25	25	  1	        0	         0	         0	         0	         0	         0	         0	        0	         0	         0	         0	        0	         0	         0	        0	        0	         0	         0	         0	         0	         0	         0	          0	        0	         0	         0	         0	         0	         0	          0	          0	          0	         0	         0	         0	         0	         0	          0	         0	         0	        0	         0	         0	         1	         0	         0	         0	         0	         0	         0	         0	         0	         0	        0	         0	         0	          0	         0	         0	         0	         0	         0	         0	         0	         0	         0	         0	         0	         0	          0	         0	         0	         0	         0	        0	         0	         0	         0	         0	          0	#_131       
 2011	7	 8	2	0	1	25	25	  3	        0	         0	         0	         0	         0	         0	         0	        0	         0	         0	         0	        0	         0	         0	        0	        0	         0	         0	         0	         0	         0	         0	          0	        0	         0	         0	         0	         0	         0	          0	          0	          0	         0	         0	         0	         0	         0	          0	         0	         0	        0	         0	         1	         2	         0	         0	         0	         0	         0	         0	         0	         0	         0	        0	         0	         0	          0	         0	         0	         0	         0	         0	         0	         0	         0	         0	         0	         0	         0	          0	         0	         0	         0	         0	        0	         0	         0	         0	         0	          0	#_132       
 2015	7	 8	2	0	1	25	25	  2	        0	         0	         0	         0	         0	         0	         0	        0	         0	         0	         0	        0	         0	         0	        0	        0	         0	         0	         0	         0	         0	         0	          0	        0	         0	         0	         0	         0	         0	          0	          0	          0	         0	         0	         0	         0	         0	          0	         0	         0	        0	         0	         0	         1	         1	         0	         0	         0	         0	         0	         0	         0	         0	        0	         0	         0	          0	         0	         0	         0	         0	         0	         0	         0	         0	         0	         0	         0	         0	          0	         0	         0	         0	         0	        0	         0	         0	         0	         0	          0	#_133       
 2011	7	 8	1	0	1	25	25	  3	        0	         0	         0	         3	         0	         0	         0	        0	         0	         0	         0	        0	         0	         0	        0	        0	         0	         0	         0	         0	         0	         0	          0	        0	         0	         0	         0	         0	         0	          0	          0	          0	         0	         0	         0	         0	         0	          0	         0	         0	        0	         0	         0	         0	         0	         0	         0	         0	         0	         0	         0	         0	         0	        0	         0	         0	          0	         0	         0	         0	         0	         0	         0	         0	         0	         0	         0	         0	         0	          0	         0	         0	         0	         0	        0	         0	         0	         0	         0	          0	#_134       
 2014	7	 8	1	0	1	25	25	  2	        0	         0	         0	         2	         0	         0	         0	        0	         0	         0	         0	        0	         0	         0	        0	        0	         0	         0	         0	         0	         0	         0	          0	        0	         0	         0	         0	         0	         0	          0	          0	          0	         0	         0	         0	         0	         0	          0	         0	         0	        0	         0	         0	         0	         0	         0	         0	         0	         0	         0	         0	         0	         0	        0	         0	         0	          0	         0	         0	         0	         0	         0	         0	         0	         0	         0	         0	         0	         0	          0	         0	         0	         0	         0	        0	         0	         0	         0	         0	          0	#_135       
 2015	7	 8	1	0	1	25	25	  1	        0	         0	         1	         0	         0	         0	         0	        0	         0	         0	         0	        0	         0	         0	        0	        0	         0	         0	         0	         0	         0	         0	          0	        0	         0	         0	         0	         0	         0	          0	          0	          0	         0	         0	         0	         0	         0	          0	         0	         0	        0	         0	         0	         0	         0	         0	         0	         0	         0	         0	         0	         0	         0	        0	         0	         0	          0	         0	         0	         0	         0	         0	         0	         0	         0	         0	         0	         0	         0	          0	         0	         0	         0	         0	        0	         0	         0	         0	         0	          0	#_136       
 2016	7	 8	1	0	1	25	25	  1	        0	         0	         0	         0	         1	         0	         0	        0	         0	         0	         0	        0	         0	         0	        0	        0	         0	         0	         0	         0	         0	         0	          0	        0	         0	         0	         0	         0	         0	          0	          0	          0	         0	         0	         0	         0	         0	          0	         0	         0	        0	         0	         0	         0	         0	         0	         0	         0	         0	         0	         0	         0	         0	        0	         0	         0	          0	         0	         0	         0	         0	         0	         0	         0	         0	         0	         0	         0	         0	          0	         0	         0	         0	         0	        0	         0	         0	         0	         0	          0	#_137       
 2007	7	 8	2	0	1	26	26	  2	        0	         0	         0	         0	         0	         0	         0	        0	         0	         0	         0	        0	         0	         0	        0	        0	         0	         0	         0	         0	         0	         0	          0	        0	         0	         0	         0	         0	         0	          0	          0	          0	         0	         0	         0	         0	         0	          0	         0	         0	        0	         0	         0	         2	         0	         0	         0	         0	         0	         0	         0	         0	         0	        0	         0	         0	          0	         0	         0	         0	         0	         0	         0	         0	         0	         0	         0	         0	         0	          0	         0	         0	         0	         0	        0	         0	         0	         0	         0	          0	#_138       
 2011	7	 8	2	0	1	26	26	  2	        0	         0	         0	         0	         0	         0	         0	        0	         0	         0	         0	        0	         0	         0	        0	        0	         0	         0	         0	         0	         0	         0	          0	        0	         0	         0	         0	         0	         0	          0	          0	          0	         0	         0	         0	         0	         0	          0	         0	         0	        0	         0	         0	         0	         1	         1	         0	         0	         0	         0	         0	         0	         0	        0	         0	         0	          0	         0	         0	         0	         0	         0	         0	         0	         0	         0	         0	         0	         0	          0	         0	         0	         0	         0	        0	         0	         0	         0	         0	          0	#_139       
 2015	7	 8	2	0	1	26	26	  3	        0	         0	         0	         0	         0	         0	         0	        0	         0	         0	         0	        0	         0	         0	        0	        0	         0	         0	         0	         0	         0	         0	          0	        0	         0	         0	         0	         0	         0	          0	          0	          0	         0	         0	         0	         0	         0	          0	         0	         0	        0	         0	         0	         2	         1	         0	         0	         0	         0	         0	         0	         0	         0	        0	         0	         0	          0	         0	         0	         0	         0	         0	         0	         0	         0	         0	         0	         0	         0	          0	         0	         0	         0	         0	        0	         0	         0	         0	         0	          0	#_140       
 2007	7	 8	1	0	1	26	26	  1	        0	         0	         0	         0	         1	         0	         0	        0	         0	         0	         0	        0	         0	         0	        0	        0	         0	         0	         0	         0	         0	         0	          0	        0	         0	         0	         0	         0	         0	          0	          0	          0	         0	         0	         0	         0	         0	          0	         0	         0	        0	         0	         0	         0	         0	         0	         0	         0	         0	         0	         0	         0	         0	        0	         0	         0	          0	         0	         0	         0	         0	         0	         0	         0	         0	         0	         0	         0	         0	          0	         0	         0	         0	         0	        0	         0	         0	         0	         0	          0	#_141       
 2011	7	 8	1	0	1	26	26	  3	        0	         0	         1	         1	         0	         1	         0	        0	         0	         0	         0	        0	         0	         0	        0	        0	         0	         0	         0	         0	         0	         0	          0	        0	         0	         0	         0	         0	         0	          0	          0	          0	         0	         0	         0	         0	         0	          0	         0	         0	        0	         0	         0	         0	         0	         0	         0	         0	         0	         0	         0	         0	         0	        0	         0	         0	          0	         0	         0	         0	         0	         0	         0	         0	         0	         0	         0	         0	         0	          0	         0	         0	         0	         0	        0	         0	         0	         0	         0	          0	#_142       
 2014	7	 8	1	0	1	26	26	  1	        0	         0	         0	         1	         0	         0	         0	        0	         0	         0	         0	        0	         0	         0	        0	        0	         0	         0	         0	         0	         0	         0	          0	        0	         0	         0	         0	         0	         0	          0	          0	          0	         0	         0	         0	         0	         0	          0	         0	         0	        0	         0	         0	         0	         0	         0	         0	         0	         0	         0	         0	         0	         0	        0	         0	         0	          0	         0	         0	         0	         0	         0	         0	         0	         0	         0	         0	         0	         0	          0	         0	         0	         0	         0	        0	         0	         0	         0	         0	          0	#_143       
 2015	7	 8	1	0	1	26	26	  5	        0	         0	         0	         4	         1	         0	         0	        0	         0	         0	         0	        0	         0	         0	        0	        0	         0	         0	         0	         0	         0	         0	          0	        0	         0	         0	         0	         0	         0	          0	          0	          0	         0	         0	         0	         0	         0	          0	         0	         0	        0	         0	         0	         0	         0	         0	         0	         0	         0	         0	         0	         0	         0	        0	         0	         0	          0	         0	         0	         0	         0	         0	         0	         0	         0	         0	         0	         0	         0	          0	         0	         0	         0	         0	        0	         0	         0	         0	         0	          0	#_144       
 2016	7	 8	1	0	1	26	26	  4	        0	         0	         0	         0	         3	         1	         0	        0	         0	         0	         0	        0	         0	         0	        0	        0	         0	         0	         0	         0	         0	         0	          0	        0	         0	         0	         0	         0	         0	          0	          0	          0	         0	         0	         0	         0	         0	          0	         0	         0	        0	         0	         0	         0	         0	         0	         0	         0	         0	         0	         0	         0	         0	        0	         0	         0	          0	         0	         0	         0	         0	         0	         0	         0	         0	         0	         0	         0	         0	          0	         0	         0	         0	         0	        0	         0	         0	         0	         0	          0	#_145       
 2003	7	 8	2	0	1	27	27	  1	        0	         0	         0	         0	         0	         0	         0	        0	         0	         0	         0	        0	         0	         0	        0	        0	         0	         0	         0	         0	         0	         0	          0	        0	         0	         0	         0	         0	         0	          0	          0	          0	         0	         0	         0	         0	         0	          0	         0	         0	        0	         0	         0	         1	         0	         0	         0	         0	         0	         0	         0	         0	         0	        0	         0	         0	          0	         0	         0	         0	         0	         0	         0	         0	         0	         0	         0	         0	         0	          0	         0	         0	         0	         0	        0	         0	         0	         0	         0	          0	#_146       
 2004	7	 8	2	0	1	27	27	  2	        0	         0	         0	         0	         0	         0	         0	        0	         0	         0	         0	        0	         0	         0	        0	        0	         0	         0	         0	         0	         0	         0	          0	        0	         0	         0	         0	         0	         0	          0	          0	          0	         0	         0	         0	         0	         0	          0	         0	         0	        0	         0	         0	         0	         2	         0	         0	         0	         0	         0	         0	         0	         0	        0	         0	         0	          0	         0	         0	         0	         0	         0	         0	         0	         0	         0	         0	         0	         0	          0	         0	         0	         0	         0	        0	         0	         0	         0	         0	          0	#_147       
 2009	7	 8	2	0	1	27	27	  3	        0	         0	         0	         0	         0	         0	         0	        0	         0	         0	         0	        0	         0	         0	        0	        0	         0	         0	         0	         0	         0	         0	          0	        0	         0	         0	         0	         0	         0	          0	          0	          0	         0	         0	         0	         0	         0	          0	         0	         0	        0	         0	         0	         0	         0	         3	         0	         0	         0	         0	         0	         0	         0	        0	         0	         0	          0	         0	         0	         0	         0	         0	         0	         0	         0	         0	         0	         0	         0	          0	         0	         0	         0	         0	        0	         0	         0	         0	         0	          0	#_148       
 2011	7	 8	2	0	1	27	27	  1	        0	         0	         0	         0	         0	         0	         0	        0	         0	         0	         0	        0	         0	         0	        0	        0	         0	         0	         0	         0	         0	         0	          0	        0	         0	         0	         0	         0	         0	          0	          0	          0	         0	         0	         0	         0	         0	          0	         0	         0	        0	         0	         0	         0	         1	         0	         0	         0	         0	         0	         0	         0	         0	        0	         0	         0	          0	         0	         0	         0	         0	         0	         0	         0	         0	         0	         0	         0	         0	          0	         0	         0	         0	         0	        0	         0	         0	         0	         0	          0	#_149       
 2009	7	 8	1	0	1	27	27	  2	        0	         0	         0	         0	         0	         1	         1	        0	         0	         0	         0	        0	         0	         0	        0	        0	         0	         0	         0	         0	         0	         0	          0	        0	         0	         0	         0	         0	         0	          0	          0	          0	         0	         0	         0	         0	         0	          0	         0	         0	        0	         0	         0	         0	         0	         0	         0	         0	         0	         0	         0	         0	         0	        0	         0	         0	          0	         0	         0	         0	         0	         0	         0	         0	         0	         0	         0	         0	         0	          0	         0	         0	         0	         0	        0	         0	         0	         0	         0	          0	#_150       
 2011	7	 8	1	0	1	27	27	  3	        0	         0	         0	         0	         3	         0	         0	        0	         0	         0	         0	        0	         0	         0	        0	        0	         0	         0	         0	         0	         0	         0	          0	        0	         0	         0	         0	         0	         0	          0	          0	          0	         0	         0	         0	         0	         0	          0	         0	         0	        0	         0	         0	         0	         0	         0	         0	         0	         0	         0	         0	         0	         0	        0	         0	         0	          0	         0	         0	         0	         0	         0	         0	         0	         0	         0	         0	         0	         0	          0	         0	         0	         0	         0	        0	         0	         0	         0	         0	          0	#_151       
 2015	7	 8	1	0	1	27	27	  2	        0	         0	         0	         1	         1	         0	         0	        0	         0	         0	         0	        0	         0	         0	        0	        0	         0	         0	         0	         0	         0	         0	          0	        0	         0	         0	         0	         0	         0	          0	          0	          0	         0	         0	         0	         0	         0	          0	         0	         0	        0	         0	         0	         0	         0	         0	         0	         0	         0	         0	         0	         0	         0	        0	         0	         0	          0	         0	         0	         0	         0	         0	         0	         0	         0	         0	         0	         0	         0	          0	         0	         0	         0	         0	        0	         0	         0	         0	         0	          0	#_152       
 2016	7	 8	1	0	1	27	27	  1	        0	         0	         0	         1	         0	         0	         0	        0	         0	         0	         0	        0	         0	         0	        0	        0	         0	         0	         0	         0	         0	         0	          0	        0	         0	         0	         0	         0	         0	          0	          0	          0	         0	         0	         0	         0	         0	          0	         0	         0	        0	         0	         0	         0	         0	         0	         0	         0	         0	         0	         0	         0	         0	        0	         0	         0	          0	         0	         0	         0	         0	         0	         0	         0	         0	         0	         0	         0	         0	          0	         0	         0	         0	         0	        0	         0	         0	         0	         0	          0	#_153       
 2004	7	 8	2	0	1	28	28	  1	        0	         0	         0	         0	         0	         0	         0	        0	         0	         0	         0	        0	         0	         0	        0	        0	         0	         0	         0	         0	         0	         0	          0	        0	         0	         0	         0	         0	         0	          0	          0	          0	         0	         0	         0	         0	         0	          0	         0	         0	        0	         0	         0	         0	         1	         0	         0	         0	         0	         0	         0	         0	         0	        0	         0	         0	          0	         0	         0	         0	         0	         0	         0	         0	         0	         0	         0	         0	         0	          0	         0	         0	         0	         0	        0	         0	         0	         0	         0	          0	#_154       
 2005	7	 8	2	0	1	28	28	  3	        0	         0	         0	         0	         0	         0	         0	        0	         0	         0	         0	        0	         0	         0	        0	        0	         0	         0	         0	         0	         0	         0	          0	        0	         0	         0	         0	         0	         0	          0	          0	          0	         0	         0	         0	         0	         0	          0	         0	         0	        0	         0	         0	         0	         3	         0	         0	         0	         0	         0	         0	         0	         0	        0	         0	         0	          0	         0	         0	         0	         0	         0	         0	         0	         0	         0	         0	         0	         0	          0	         0	         0	         0	         0	        0	         0	         0	         0	         0	          0	#_155       
 2009	7	 8	2	0	1	28	28	  1	        0	         0	         0	         0	         0	         0	         0	        0	         0	         0	         0	        0	         0	         0	        0	        0	         0	         0	         0	         0	         0	         0	          0	        0	         0	         0	         0	         0	         0	          0	          0	          0	         0	         0	         0	         0	         0	          0	         0	         0	        0	         0	         0	         0	         0	         1	         0	         0	         0	         0	         0	         0	         0	        0	         0	         0	          0	         0	         0	         0	         0	         0	         0	         0	         0	         0	         0	         0	         0	          0	         0	         0	         0	         0	        0	         0	         0	         0	         0	          0	#_156       
 2011	7	 8	2	0	1	28	28	  6	        0	         0	         0	         0	         0	         0	         0	        0	         0	         0	         0	        0	         0	         0	        0	        0	         0	         0	         0	         0	         0	         0	          0	        0	         0	         0	         0	         0	         0	          0	          0	          0	         0	         0	         0	         0	         0	          0	         0	         0	        0	         0	         0	         1	         4	         1	         0	         0	         0	         0	         0	         0	         0	        0	         0	         0	          0	         0	         0	         0	         0	         0	         0	         0	         0	         0	         0	         0	         0	          0	         0	         0	         0	         0	        0	         0	         0	         0	         0	          0	#_157       
 2015	7	 8	2	0	1	28	28	  1	        0	         0	         0	         0	         0	         0	         0	        0	         0	         0	         0	        0	         0	         0	        0	        0	         0	         0	         0	         0	         0	         0	          0	        0	         0	         0	         0	         0	         0	          0	          0	          0	         0	         0	         0	         0	         0	          0	         0	         0	        0	         0	         0	         0	         0	         1	         0	         0	         0	         0	         0	         0	         0	        0	         0	         0	          0	         0	         0	         0	         0	         0	         0	         0	         0	         0	         0	         0	         0	          0	         0	         0	         0	         0	        0	         0	         0	         0	         0	          0	#_158       
 2016	7	 8	2	0	1	28	28	  3	        0	         0	         0	         0	         0	         0	         0	        0	         0	         0	         0	        0	         0	         0	        0	        0	         0	         0	         0	         0	         0	         0	          0	        0	         0	         0	         0	         0	         0	          0	          0	          0	         0	         0	         0	         0	         0	          0	         0	         0	        0	         0	         0	         1	         0	         1	         0	         1	         0	         0	         0	         0	         0	        0	         0	         0	          0	         0	         0	         0	         0	         0	         0	         0	         0	         0	         0	         0	         0	          0	         0	         0	         0	         0	        0	         0	         0	         0	         0	          0	#_159       
 2011	7	 8	1	0	1	28	28	  3	        0	         0	         0	         0	         2	         1	         0	        0	         0	         0	         0	        0	         0	         0	        0	        0	         0	         0	         0	         0	         0	         0	          0	        0	         0	         0	         0	         0	         0	          0	          0	          0	         0	         0	         0	         0	         0	          0	         0	         0	        0	         0	         0	         0	         0	         0	         0	         0	         0	         0	         0	         0	         0	        0	         0	         0	          0	         0	         0	         0	         0	         0	         0	         0	         0	         0	         0	         0	         0	          0	         0	         0	         0	         0	        0	         0	         0	         0	         0	          0	#_160       
 2014	7	 8	1	0	1	28	28	  1	        0	         0	         0	         1	         0	         0	         0	        0	         0	         0	         0	        0	         0	         0	        0	        0	         0	         0	         0	         0	         0	         0	          0	        0	         0	         0	         0	         0	         0	          0	          0	          0	         0	         0	         0	         0	         0	          0	         0	         0	        0	         0	         0	         0	         0	         0	         0	         0	         0	         0	         0	         0	         0	        0	         0	         0	          0	         0	         0	         0	         0	         0	         0	         0	         0	         0	         0	         0	         0	          0	         0	         0	         0	         0	        0	         0	         0	         0	         0	          0	#_161       
 2015	7	 8	1	0	1	28	28	  1	        0	         0	         0	         1	         0	         0	         0	        0	         0	         0	         0	        0	         0	         0	        0	        0	         0	         0	         0	         0	         0	         0	          0	        0	         0	         0	         0	         0	         0	          0	          0	          0	         0	         0	         0	         0	         0	          0	         0	         0	        0	         0	         0	         0	         0	         0	         0	         0	         0	         0	         0	         0	         0	        0	         0	         0	          0	         0	         0	         0	         0	         0	         0	         0	         0	         0	         0	         0	         0	          0	         0	         0	         0	         0	        0	         0	         0	         0	         0	          0	#_162       
 2009	7	 8	2	0	1	29	29	  1	        0	         0	         0	         0	         0	         0	         0	        0	         0	         0	         0	        0	         0	         0	        0	        0	         0	         0	         0	         0	         0	         0	          0	        0	         0	         0	         0	         0	         0	          0	          0	          0	         0	         0	         0	         0	         0	          0	         0	         0	        0	         0	         0	         0	         0	         0	         0	         1	         0	         0	         0	         0	         0	        0	         0	         0	          0	         0	         0	         0	         0	         0	         0	         0	         0	         0	         0	         0	         0	          0	         0	         0	         0	         0	        0	         0	         0	         0	         0	          0	#_163       
 2011	7	 8	2	0	1	29	29	  5	        0	         0	         0	         0	         0	         0	         0	        0	         0	         0	         0	        0	         0	         0	        0	        0	         0	         0	         0	         0	         0	         0	          0	        0	         0	         0	         0	         0	         0	          0	          0	          0	         0	         0	         0	         0	         0	          0	         0	         0	        0	         0	         0	         0	         2	         1	         2	         0	         0	         0	         0	         0	         0	        0	         0	         0	          0	         0	         0	         0	         0	         0	         0	         0	         0	         0	         0	         0	         0	          0	         0	         0	         0	         0	        0	         0	         0	         0	         0	          0	#_164       
 2016	7	 8	2	0	1	29	29	  2	        0	         0	         0	         0	         0	         0	         0	        0	         0	         0	         0	        0	         0	         0	        0	        0	         0	         0	         0	         0	         0	         0	          0	        0	         0	         0	         0	         0	         0	          0	          0	          0	         0	         0	         0	         0	         0	          0	         0	         0	        0	         0	         0	         0	         0	         1	         0	         1	         0	         0	         0	         0	         0	        0	         0	         0	          0	         0	         0	         0	         0	         0	         0	         0	         0	         0	         0	         0	         0	          0	         0	         0	         0	         0	        0	         0	         0	         0	         0	          0	#_165       
 2009	7	 8	1	0	1	29	29	  1	        0	         0	         0	         0	         0	         1	         0	        0	         0	         0	         0	        0	         0	         0	        0	        0	         0	         0	         0	         0	         0	         0	          0	        0	         0	         0	         0	         0	         0	          0	          0	          0	         0	         0	         0	         0	         0	          0	         0	         0	        0	         0	         0	         0	         0	         0	         0	         0	         0	         0	         0	         0	         0	        0	         0	         0	          0	         0	         0	         0	         0	         0	         0	         0	         0	         0	         0	         0	         0	          0	         0	         0	         0	         0	        0	         0	         0	         0	         0	          0	#_166       
 2011	7	 8	1	0	1	29	29	  3	        0	         0	         0	         0	         3	         0	         0	        0	         0	         0	         0	        0	         0	         0	        0	        0	         0	         0	         0	         0	         0	         0	          0	        0	         0	         0	         0	         0	         0	          0	          0	          0	         0	         0	         0	         0	         0	          0	         0	         0	        0	         0	         0	         0	         0	         0	         0	         0	         0	         0	         0	         0	         0	        0	         0	         0	          0	         0	         0	         0	         0	         0	         0	         0	         0	         0	         0	         0	         0	          0	         0	         0	         0	         0	        0	         0	         0	         0	         0	          0	#_167       
 2013	7	 8	1	0	1	29	29	  1	        0	         0	         0	         0	         1	         0	         0	        0	         0	         0	         0	        0	         0	         0	        0	        0	         0	         0	         0	         0	         0	         0	          0	        0	         0	         0	         0	         0	         0	          0	          0	          0	         0	         0	         0	         0	         0	          0	         0	         0	        0	         0	         0	         0	         0	         0	         0	         0	         0	         0	         0	         0	         0	        0	         0	         0	          0	         0	         0	         0	         0	         0	         0	         0	         0	         0	         0	         0	         0	          0	         0	         0	         0	         0	        0	         0	         0	         0	         0	          0	#_168       
 2015	7	 8	1	0	1	29	29	  1	        0	         0	         0	         0	         0	         1	         0	        0	         0	         0	         0	        0	         0	         0	        0	        0	         0	         0	         0	         0	         0	         0	          0	        0	         0	         0	         0	         0	         0	          0	          0	          0	         0	         0	         0	         0	         0	          0	         0	         0	        0	         0	         0	         0	         0	         0	         0	         0	         0	         0	         0	         0	         0	        0	         0	         0	          0	         0	         0	         0	         0	         0	         0	         0	         0	         0	         0	         0	         0	          0	         0	         0	         0	         0	        0	         0	         0	         0	         0	          0	#_169       
 2004	7	 8	2	0	1	30	30	  2	        0	         0	         0	         0	         0	         0	         0	        0	         0	         0	         0	        0	         0	         0	        0	        0	         0	         0	         0	         0	         0	         0	          0	        0	         0	         0	         0	         0	         0	          0	          0	          0	         0	         0	         0	         0	         0	          0	         0	         0	        0	         0	         0	         1	         0	         0	         1	         0	         0	         0	         0	         0	         0	        0	         0	         0	          0	         0	         0	         0	         0	         0	         0	         0	         0	         0	         0	         0	         0	          0	         0	         0	         0	         0	        0	         0	         0	         0	         0	          0	#_170       
 2005	7	 8	2	0	1	30	30	  2	        0	         0	         0	         0	         0	         0	         0	        0	         0	         0	         0	        0	         0	         0	        0	        0	         0	         0	         0	         0	         0	         0	          0	        0	         0	         0	         0	         0	         0	          0	          0	          0	         0	         0	         0	         0	         0	          0	         0	         0	        0	         0	         0	         0	         0	         2	         0	         0	         0	         0	         0	         0	         0	        0	         0	         0	          0	         0	         0	         0	         0	         0	         0	         0	         0	         0	         0	         0	         0	          0	         0	         0	         0	         0	        0	         0	         0	         0	         0	          0	#_171       
 2007	7	 8	2	0	1	30	30	  1	        0	         0	         0	         0	         0	         0	         0	        0	         0	         0	         0	        0	         0	         0	        0	        0	         0	         0	         0	         0	         0	         0	          0	        0	         0	         0	         0	         0	         0	          0	          0	          0	         0	         0	         0	         0	         0	          0	         0	         0	        0	         0	         0	         0	         0	         1	         0	         0	         0	         0	         0	         0	         0	        0	         0	         0	          0	         0	         0	         0	         0	         0	         0	         0	         0	         0	         0	         0	         0	          0	         0	         0	         0	         0	        0	         0	         0	         0	         0	          0	#_172       
 2009	7	 8	2	0	1	30	30	  2	        0	         0	         0	         0	         0	         0	         0	        0	         0	         0	         0	        0	         0	         0	        0	        0	         0	         0	         0	         0	         0	         0	          0	        0	         0	         0	         0	         0	         0	          0	          0	          0	         0	         0	         0	         0	         0	          0	         0	         0	        0	         0	         0	         0	         0	         0	         2	         0	         0	         0	         0	         0	         0	        0	         0	         0	          0	         0	         0	         0	         0	         0	         0	         0	         0	         0	         0	         0	         0	          0	         0	         0	         0	         0	        0	         0	         0	         0	         0	          0	#_173       
 2011	7	 8	2	0	1	30	30	  3	        0	         0	         0	         0	         0	         0	         0	        0	         0	         0	         0	        0	         0	         0	        0	        0	         0	         0	         0	         0	         0	         0	          0	        0	         0	         0	         0	         0	         0	          0	          0	          0	         0	         0	         0	         0	         0	          0	         0	         0	        0	         0	         0	         0	         1	         1	         1	         0	         0	         0	         0	         0	         0	        0	         0	         0	          0	         0	         0	         0	         0	         0	         0	         0	         0	         0	         0	         0	         0	          0	         0	         0	         0	         0	        0	         0	         0	         0	         0	          0	#_174       
 2015	7	 8	2	0	1	30	30	  3	        0	         0	         0	         0	         0	         0	         0	        0	         0	         0	         0	        0	         0	         0	        0	        0	         0	         0	         0	         0	         0	         0	          0	        0	         0	         0	         0	         0	         0	          0	          0	          0	         0	         0	         0	         0	         0	          0	         0	         0	        0	         0	         0	         1	         0	         1	         0	         1	         0	         0	         0	         0	         0	        0	         0	         0	          0	         0	         0	         0	         0	         0	         0	         0	         0	         0	         0	         0	         0	          0	         0	         0	         0	         0	        0	         0	         0	         0	         0	          0	#_175       
 2016	7	 8	2	0	1	30	30	  9	        0	         0	         0	         0	         0	         0	         0	        0	         0	         0	         0	        0	         0	         0	        0	        0	         0	         0	         0	         0	         0	         0	          0	        0	         0	         0	         0	         0	         0	          0	          0	          0	         0	         0	         0	         0	         0	          0	         0	         0	        0	         0	         0	         0	         0	         1	         2	         6	         0	         0	         0	         0	         0	        0	         0	         0	          0	         0	         0	         0	         0	         0	         0	         0	         0	         0	         0	         0	         0	          0	         0	         0	         0	         0	        0	         0	         0	         0	         0	          0	#_176       
 2004	7	 8	1	0	1	30	30	  1	        0	         0	         0	         0	         1	         0	         0	        0	         0	         0	         0	        0	         0	         0	        0	        0	         0	         0	         0	         0	         0	         0	          0	        0	         0	         0	         0	         0	         0	          0	          0	          0	         0	         0	         0	         0	         0	          0	         0	         0	        0	         0	         0	         0	         0	         0	         0	         0	         0	         0	         0	         0	         0	        0	         0	         0	          0	         0	         0	         0	         0	         0	         0	         0	         0	         0	         0	         0	         0	          0	         0	         0	         0	         0	        0	         0	         0	         0	         0	          0	#_177       
 2007	7	 8	1	0	1	30	30	  3	        0	         0	         0	         0	         0	         3	         0	        0	         0	         0	         0	        0	         0	         0	        0	        0	         0	         0	         0	         0	         0	         0	          0	        0	         0	         0	         0	         0	         0	          0	          0	          0	         0	         0	         0	         0	         0	          0	         0	         0	        0	         0	         0	         0	         0	         0	         0	         0	         0	         0	         0	         0	         0	        0	         0	         0	          0	         0	         0	         0	         0	         0	         0	         0	         0	         0	         0	         0	         0	          0	         0	         0	         0	         0	        0	         0	         0	         0	         0	          0	#_178       
 2008	7	 8	1	0	1	30	30	  1	        0	         0	         0	         0	         0	         0	         0	        1	         0	         0	         0	        0	         0	         0	        0	        0	         0	         0	         0	         0	         0	         0	          0	        0	         0	         0	         0	         0	         0	          0	          0	          0	         0	         0	         0	         0	         0	          0	         0	         0	        0	         0	         0	         0	         0	         0	         0	         0	         0	         0	         0	         0	         0	        0	         0	         0	          0	         0	         0	         0	         0	         0	         0	         0	         0	         0	         0	         0	         0	          0	         0	         0	         0	         0	        0	         0	         0	         0	         0	          0	#_179       
 2009	7	 8	1	0	1	30	30	  3	        0	         0	         0	         0	         0	         1	         1	        1	         0	         0	         0	        0	         0	         0	        0	        0	         0	         0	         0	         0	         0	         0	          0	        0	         0	         0	         0	         0	         0	          0	          0	          0	         0	         0	         0	         0	         0	          0	         0	         0	        0	         0	         0	         0	         0	         0	         0	         0	         0	         0	         0	         0	         0	        0	         0	         0	          0	         0	         0	         0	         0	         0	         0	         0	         0	         0	         0	         0	         0	          0	         0	         0	         0	         0	        0	         0	         0	         0	         0	          0	#_180       
 2011	7	 8	1	0	1	30	30	  5	        0	         0	         0	         0	         2	         1	         1	        1	         0	         0	         0	        0	         0	         0	        0	        0	         0	         0	         0	         0	         0	         0	          0	        0	         0	         0	         0	         0	         0	          0	          0	          0	         0	         0	         0	         0	         0	          0	         0	         0	        0	         0	         0	         0	         0	         0	         0	         0	         0	         0	         0	         0	         0	        0	         0	         0	          0	         0	         0	         0	         0	         0	         0	         0	         0	         0	         0	         0	         0	          0	         0	         0	         0	         0	        0	         0	         0	         0	         0	          0	#_181       
 2015	7	 8	1	0	1	30	30	  1	        0	         0	         0	         0	         0	         0	         1	        0	         0	         0	         0	        0	         0	         0	        0	        0	         0	         0	         0	         0	         0	         0	          0	        0	         0	         0	         0	         0	         0	          0	          0	          0	         0	         0	         0	         0	         0	          0	         0	         0	        0	         0	         0	         0	         0	         0	         0	         0	         0	         0	         0	         0	         0	        0	         0	         0	          0	         0	         0	         0	         0	         0	         0	         0	         0	         0	         0	         0	         0	          0	         0	         0	         0	         0	        0	         0	         0	         0	         0	          0	#_182       
 2016	7	 8	1	0	1	30	30	  1	        0	         0	         0	         0	         0	         0	         0	        1	         0	         0	         0	        0	         0	         0	        0	        0	         0	         0	         0	         0	         0	         0	          0	        0	         0	         0	         0	         0	         0	          0	          0	          0	         0	         0	         0	         0	         0	          0	         0	         0	        0	         0	         0	         0	         0	         0	         0	         0	         0	         0	         0	         0	         0	        0	         0	         0	          0	         0	         0	         0	         0	         0	         0	         0	         0	         0	         0	         0	         0	          0	         0	         0	         0	         0	        0	         0	         0	         0	         0	          0	#_183       
 2003	7	 8	2	0	1	31	31	  1	        0	         0	         0	         0	         0	         0	         0	        0	         0	         0	         0	        0	         0	         0	        0	        0	         0	         0	         0	         0	         0	         0	          0	        0	         0	         0	         0	         0	         0	          0	          0	          0	         0	         0	         0	         0	         0	          0	         0	         0	        0	         0	         0	         0	         1	         0	         0	         0	         0	         0	         0	         0	         0	        0	         0	         0	          0	         0	         0	         0	         0	         0	         0	         0	         0	         0	         0	         0	         0	          0	         0	         0	         0	         0	        0	         0	         0	         0	         0	          0	#_184       
 2005	7	 8	2	0	1	31	31	  1	        0	         0	         0	         0	         0	         0	         0	        0	         0	         0	         0	        0	         0	         0	        0	        0	         0	         0	         0	         0	         0	         0	          0	        0	         0	         0	         0	         0	         0	          0	          0	          0	         0	         0	         0	         0	         0	          0	         0	         0	        0	         0	         0	         0	         0	         1	         0	         0	         0	         0	         0	         0	         0	        0	         0	         0	          0	         0	         0	         0	         0	         0	         0	         0	         0	         0	         0	         0	         0	          0	         0	         0	         0	         0	        0	         0	         0	         0	         0	          0	#_185       
 2007	7	 8	2	0	1	31	31	  1	        0	         0	         0	         0	         0	         0	         0	        0	         0	         0	         0	        0	         0	         0	        0	        0	         0	         0	         0	         0	         0	         0	          0	        0	         0	         0	         0	         0	         0	          0	          0	          0	         0	         0	         0	         0	         0	          0	         0	         0	        0	         0	         0	         0	         0	         1	         0	         0	         0	         0	         0	         0	         0	        0	         0	         0	          0	         0	         0	         0	         0	         0	         0	         0	         0	         0	         0	         0	         0	          0	         0	         0	         0	         0	        0	         0	         0	         0	         0	          0	#_186       
 2009	7	 8	2	0	1	31	31	  1	        0	         0	         0	         0	         0	         0	         0	        0	         0	         0	         0	        0	         0	         0	        0	        0	         0	         0	         0	         0	         0	         0	          0	        0	         0	         0	         0	         0	         0	          0	          0	          0	         0	         0	         0	         0	         0	          0	         0	         0	        0	         0	         0	         0	         0	         0	         0	         0	         0	         0	         1	         0	         0	        0	         0	         0	          0	         0	         0	         0	         0	         0	         0	         0	         0	         0	         0	         0	         0	          0	         0	         0	         0	         0	        0	         0	         0	         0	         0	          0	#_187       
 2011	7	 8	2	0	1	31	31	  6	        0	         0	         0	         0	         0	         0	         0	        0	         0	         0	         0	        0	         0	         0	        0	        0	         0	         0	         0	         0	         0	         0	          0	        0	         0	         0	         0	         0	         0	          0	          0	          0	         0	         0	         0	         0	         0	          0	         0	         0	        0	         0	         0	         0	         0	         4	         2	         0	         0	         0	         0	         0	         0	        0	         0	         0	          0	         0	         0	         0	         0	         0	         0	         0	         0	         0	         0	         0	         0	          0	         0	         0	         0	         0	        0	         0	         0	         0	         0	          0	#_188       
 2015	7	 8	2	0	1	31	31	  6	        0	         0	         0	         0	         0	         0	         0	        0	         0	         0	         0	        0	         0	         0	        0	        0	         0	         0	         0	         0	         0	         0	          0	        0	         0	         0	         0	         0	         0	          0	          0	          0	         0	         0	         0	         0	         0	          0	         0	         0	        0	         0	         0	         0	         2	         4	         0	         0	         0	         0	         0	         0	         0	        0	         0	         0	          0	         0	         0	         0	         0	         0	         0	         0	         0	         0	         0	         0	         0	          0	         0	         0	         0	         0	        0	         0	         0	         0	         0	          0	#_189       
 2016	7	 8	2	0	1	31	31	  8	        0	         0	         0	         0	         0	         0	         0	        0	         0	         0	         0	        0	         0	         0	        0	        0	         0	         0	         0	         0	         0	         0	          0	        0	         0	         0	         0	         0	         0	          0	          0	          0	         0	         0	         0	         0	         0	          0	         0	         0	        0	         0	         0	         0	         0	         3	         1	         3	         1	         0	         0	         0	         0	        0	         0	         0	          0	         0	         0	         0	         0	         0	         0	         0	         0	         0	         0	         0	         0	          0	         0	         0	         0	         0	        0	         0	         0	         0	         0	          0	#_190       
 2005	7	 8	1	0	1	31	31	  3	        0	         0	         0	         0	         0	         3	         0	        0	         0	         0	         0	        0	         0	         0	        0	        0	         0	         0	         0	         0	         0	         0	          0	        0	         0	         0	         0	         0	         0	          0	          0	          0	         0	         0	         0	         0	         0	          0	         0	         0	        0	         0	         0	         0	         0	         0	         0	         0	         0	         0	         0	         0	         0	        0	         0	         0	          0	         0	         0	         0	         0	         0	         0	         0	         0	         0	         0	         0	         0	          0	         0	         0	         0	         0	        0	         0	         0	         0	         0	          0	#_191       
 2007	7	 8	1	0	1	31	31	  1	        0	         0	         0	         0	         0	         1	         0	        0	         0	         0	         0	        0	         0	         0	        0	        0	         0	         0	         0	         0	         0	         0	          0	        0	         0	         0	         0	         0	         0	          0	          0	          0	         0	         0	         0	         0	         0	          0	         0	         0	        0	         0	         0	         0	         0	         0	         0	         0	         0	         0	         0	         0	         0	        0	         0	         0	          0	         0	         0	         0	         0	         0	         0	         0	         0	         0	         0	         0	         0	          0	         0	         0	         0	         0	        0	         0	         0	         0	         0	          0	#_192       
 2011	7	 8	1	0	1	31	31	  3	        0	         0	         0	         0	         0	         0	         2	        0	         0	         0	         0	        0	         1	         0	        0	        0	         0	         0	         0	         0	         0	         0	          0	        0	         0	         0	         0	         0	         0	          0	          0	          0	         0	         0	         0	         0	         0	          0	         0	         0	        0	         0	         0	         0	         0	         0	         0	         0	         0	         0	         0	         0	         0	        0	         0	         0	          0	         0	         0	         0	         0	         0	         0	         0	         0	         0	         0	         0	         0	          0	         0	         0	         0	         0	        0	         0	         0	         0	         0	          0	#_193       
 2016	7	 8	1	0	1	31	31	  6	        0	         0	         0	         0	         0	         0	         2	        2	         2	         0	         0	        0	         0	         0	        0	        0	         0	         0	         0	         0	         0	         0	          0	        0	         0	         0	         0	         0	         0	          0	          0	          0	         0	         0	         0	         0	         0	          0	         0	         0	        0	         0	         0	         0	         0	         0	         0	         0	         0	         0	         0	         0	         0	        0	         0	         0	          0	         0	         0	         0	         0	         0	         0	         0	         0	         0	         0	         0	         0	          0	         0	         0	         0	         0	        0	         0	         0	         0	         0	          0	#_194       
 2003	7	 8	2	0	1	32	32	  1	        0	         0	         0	         0	         0	         0	         0	        0	         0	         0	         0	        0	         0	         0	        0	        0	         0	         0	         0	         0	         0	         0	          0	        0	         0	         0	         0	         0	         0	          0	          0	          0	         0	         0	         0	         0	         0	          0	         0	         0	        0	         0	         0	         0	         0	         0	         0	         0	         0	         0	         0	         0	         1	        0	         0	         0	          0	         0	         0	         0	         0	         0	         0	         0	         0	         0	         0	         0	         0	          0	         0	         0	         0	         0	        0	         0	         0	         0	         0	          0	#_195       
 2004	7	 8	2	0	1	32	32	  1	        0	         0	         0	         0	         0	         0	         0	        0	         0	         0	         0	        0	         0	         0	        0	        0	         0	         0	         0	         0	         0	         0	          0	        0	         0	         0	         0	         0	         0	          0	          0	          0	         0	         0	         0	         0	         0	          0	         0	         0	        0	         0	         0	         0	         0	         0	         0	         0	         1	         0	         0	         0	         0	        0	         0	         0	          0	         0	         0	         0	         0	         0	         0	         0	         0	         0	         0	         0	         0	          0	         0	         0	         0	         0	        0	         0	         0	         0	         0	          0	#_196       
 2006	7	 8	2	0	1	32	32	  2	        0	         0	         0	         0	         0	         0	         0	        0	         0	         0	         0	        0	         0	         0	        0	        0	         0	         0	         0	         0	         0	         0	          0	        0	         0	         0	         0	         0	         0	          0	          0	          0	         0	         0	         0	         0	         0	          0	         0	         0	        0	         0	         0	         0	         0	         0	         0	         0	         0	         0	         1	         0	         0	        0	         0	         1	          0	         0	         0	         0	         0	         0	         0	         0	         0	         0	         0	         0	         0	          0	         0	         0	         0	         0	        0	         0	         0	         0	         0	          0	#_197       
 2009	7	 8	2	0	1	32	32	  4	        0	         0	         0	         0	         0	         0	         0	        0	         0	         0	         0	        0	         0	         0	        0	        0	         0	         0	         0	         0	         0	         0	          0	        0	         0	         0	         0	         0	         0	          0	          0	          0	         0	         0	         0	         0	         0	          0	         0	         0	        0	         0	         0	         0	         0	         0	         0	         1	         1	         1	         1	         0	         0	        0	         0	         0	          0	         0	         0	         0	         0	         0	         0	         0	         0	         0	         0	         0	         0	          0	         0	         0	         0	         0	        0	         0	         0	         0	         0	          0	#_198       
 2011	7	 8	2	0	1	32	32	  4	        0	         0	         0	         0	         0	         0	         0	        0	         0	         0	         0	        0	         0	         0	        0	        0	         0	         0	         0	         0	         0	         0	          0	        0	         0	         0	         0	         0	         0	          0	          0	          0	         0	         0	         0	         0	         0	          0	         0	         0	        0	         0	         0	         0	         0	         1	         1	         0	         2	         0	         0	         0	         0	        0	         0	         0	          0	         0	         0	         0	         0	         0	         0	         0	         0	         0	         0	         0	         0	          0	         0	         0	         0	         0	        0	         0	         0	         0	         0	          0	#_199       
 2016	7	 8	2	0	1	32	32	  6	        0	         0	         0	         0	         0	         0	         0	        0	         0	         0	         0	        0	         0	         0	        0	        0	         0	         0	         0	         0	         0	         0	          0	        0	         0	         0	         0	         0	         0	          0	          0	          0	         0	         0	         0	         0	         0	          0	         0	         0	        0	         0	         0	         0	         0	         1	         2	         3	         0	         0	         0	         0	         0	        0	         0	         0	          0	         0	         0	         0	         0	         0	         0	         0	         0	         0	         0	         0	         0	          0	         0	         0	         0	         0	        0	         0	         0	         0	         0	          0	#_200       
 2007	7	 8	1	0	1	32	32	  1	        0	         0	         0	         0	         1	         0	         0	        0	         0	         0	         0	        0	         0	         0	        0	        0	         0	         0	         0	         0	         0	         0	          0	        0	         0	         0	         0	         0	         0	          0	          0	          0	         0	         0	         0	         0	         0	          0	         0	         0	        0	         0	         0	         0	         0	         0	         0	         0	         0	         0	         0	         0	         0	        0	         0	         0	          0	         0	         0	         0	         0	         0	         0	         0	         0	         0	         0	         0	         0	          0	         0	         0	         0	         0	        0	         0	         0	         0	         0	          0	#_201       
 2011	7	 8	1	0	1	32	32	  3	        0	         0	         0	         0	         0	         3	         0	        0	         0	         0	         0	        0	         0	         0	        0	        0	         0	         0	         0	         0	         0	         0	          0	        0	         0	         0	         0	         0	         0	          0	          0	          0	         0	         0	         0	         0	         0	          0	         0	         0	        0	         0	         0	         0	         0	         0	         0	         0	         0	         0	         0	         0	         0	        0	         0	         0	          0	         0	         0	         0	         0	         0	         0	         0	         0	         0	         0	         0	         0	          0	         0	         0	         0	         0	        0	         0	         0	         0	         0	          0	#_202       
 2015	7	 8	1	0	1	32	32	  3	        0	         0	         0	         0	         0	         2	         1	        0	         0	         0	         0	        0	         0	         0	        0	        0	         0	         0	         0	         0	         0	         0	          0	        0	         0	         0	         0	         0	         0	          0	          0	          0	         0	         0	         0	         0	         0	          0	         0	         0	        0	         0	         0	         0	         0	         0	         0	         0	         0	         0	         0	         0	         0	        0	         0	         0	          0	         0	         0	         0	         0	         0	         0	         0	         0	         0	         0	         0	         0	          0	         0	         0	         0	         0	        0	         0	         0	         0	         0	          0	#_203       
 2016	7	 8	1	0	1	32	32	  9	        0	         0	         0	         0	         0	         0	         2	        6	         0	         1	         0	        0	         0	         0	        0	        0	         0	         0	         0	         0	         0	         0	          0	        0	         0	         0	         0	         0	         0	          0	          0	          0	         0	         0	         0	         0	         0	          0	         0	         0	        0	         0	         0	         0	         0	         0	         0	         0	         0	         0	         0	         0	         0	        0	         0	         0	          0	         0	         0	         0	         0	         0	         0	         0	         0	         0	         0	         0	         0	          0	         0	         0	         0	         0	        0	         0	         0	         0	         0	          0	#_204       
 2003	7	 8	2	0	1	33	33	  2	        0	         0	         0	         0	         0	         0	         0	        0	         0	         0	         0	        0	         0	         0	        0	        0	         0	         0	         0	         0	         0	         0	          0	        0	         0	         0	         0	         0	         0	          0	          0	          0	         0	         0	         0	         0	         0	          0	         0	         0	        0	         0	         0	         0	         0	         0	         0	         0	         1	         0	         0	         0	         0	        0	         0	         1	          0	         0	         0	         0	         0	         0	         0	         0	         0	         0	         0	         0	         0	          0	         0	         0	         0	         0	        0	         0	         0	         0	         0	          0	#_205       
 2006	7	 8	2	0	1	33	33	  1	        0	         0	         0	         0	         0	         0	         0	        0	         0	         0	         0	        0	         0	         0	        0	        0	         0	         0	         0	         0	         0	         0	          0	        0	         0	         0	         0	         0	         0	          0	          0	          0	         0	         0	         0	         0	         0	          0	         0	         0	        0	         0	         0	         0	         0	         0	         0	         1	         0	         0	         0	         0	         0	        0	         0	         0	          0	         0	         0	         0	         0	         0	         0	         0	         0	         0	         0	         0	         0	          0	         0	         0	         0	         0	        0	         0	         0	         0	         0	          0	#_206       
 2009	7	 8	2	0	1	33	33	  4	        0	         0	         0	         0	         0	         0	         0	        0	         0	         0	         0	        0	         0	         0	        0	        0	         0	         0	         0	         0	         0	         0	          0	        0	         0	         0	         0	         0	         0	          0	          0	          0	         0	         0	         0	         0	         0	          0	         0	         0	        0	         0	         0	         0	         0	         0	         0	         0	         3	         0	         1	         0	         0	        0	         0	         0	          0	         0	         0	         0	         0	         0	         0	         0	         0	         0	         0	         0	         0	          0	         0	         0	         0	         0	        0	         0	         0	         0	         0	          0	#_207       
 2011	7	 8	2	0	1	33	33	  4	        0	         0	         0	         0	         0	         0	         0	        0	         0	         0	         0	        0	         0	         0	        0	        0	         0	         0	         0	         0	         0	         0	          0	        0	         0	         0	         0	         0	         0	          0	          0	          0	         0	         0	         0	         0	         0	          0	         0	         0	        0	         0	         0	         0	         0	         0	         0	         0	         1	         2	         1	         0	         0	        0	         0	         0	          0	         0	         0	         0	         0	         0	         0	         0	         0	         0	         0	         0	         0	          0	         0	         0	         0	         0	        0	         0	         0	         0	         0	          0	#_208       
 2015	7	 8	2	0	1	33	33	  1	        0	         0	         0	         0	         0	         0	         0	        0	         0	         0	         0	        0	         0	         0	        0	        0	         0	         0	         0	         0	         0	         0	          0	        0	         0	         0	         0	         0	         0	          0	          0	          0	         0	         0	         0	         0	         0	          0	         0	         0	        0	         0	         0	         0	         0	         1	         0	         0	         0	         0	         0	         0	         0	        0	         0	         0	          0	         0	         0	         0	         0	         0	         0	         0	         0	         0	         0	         0	         0	          0	         0	         0	         0	         0	        0	         0	         0	         0	         0	          0	#_209       
 2016	7	 8	2	0	1	33	33	  3	        0	         0	         0	         0	         0	         0	         0	        0	         0	         0	         0	        0	         0	         0	        0	        0	         0	         0	         0	         0	         0	         0	          0	        0	         0	         0	         0	         0	         0	          0	          0	          0	         0	         0	         0	         0	         0	          0	         0	         0	        0	         0	         0	         0	         0	         0	         0	         1	         2	         0	         0	         0	         0	        0	         0	         0	          0	         0	         0	         0	         0	         0	         0	         0	         0	         0	         0	         0	         0	          0	         0	         0	         0	         0	        0	         0	         0	         0	         0	          0	#_210       
 2011	7	 8	1	0	1	33	33	  1	        0	         0	         0	         0	         0	         0	         0	        0	         1	         0	         0	        0	         0	         0	        0	        0	         0	         0	         0	         0	         0	         0	          0	        0	         0	         0	         0	         0	         0	          0	          0	          0	         0	         0	         0	         0	         0	          0	         0	         0	        0	         0	         0	         0	         0	         0	         0	         0	         0	         0	         0	         0	         0	        0	         0	         0	          0	         0	         0	         0	         0	         0	         0	         0	         0	         0	         0	         0	         0	          0	         0	         0	         0	         0	        0	         0	         0	         0	         0	          0	#_211       
 2016	7	 8	1	0	1	33	33	  2	        0	         0	         0	         0	         0	         0	         0	        1	         1	         0	         0	        0	         0	         0	        0	        0	         0	         0	         0	         0	         0	         0	          0	        0	         0	         0	         0	         0	         0	          0	          0	          0	         0	         0	         0	         0	         0	          0	         0	         0	        0	         0	         0	         0	         0	         0	         0	         0	         0	         0	         0	         0	         0	        0	         0	         0	          0	         0	         0	         0	         0	         0	         0	         0	         0	         0	         0	         0	         0	          0	         0	         0	         0	         0	        0	         0	         0	         0	         0	          0	#_212       
 2003	7	 8	2	0	1	34	34	  9	        0	         0	         0	         0	         0	         0	         0	        0	         0	         0	         0	        0	         0	         0	        0	        0	         0	         0	         0	         0	         0	         0	          0	        0	         0	         0	         0	         0	         0	          0	          0	          0	         0	         0	         0	         0	         0	          0	         0	         0	        0	         0	         0	         0	         0	         0	         0	         1	         0	         1	         2	         0	         2	        3	         0	         0	          0	         0	         0	         0	         0	         0	         0	         0	         0	         0	         0	         0	         0	          0	         0	         0	         0	         0	        0	         0	         0	         0	         0	          0	#_213       
 2004	7	 8	2	0	1	34	34	  1	        0	         0	         0	         0	         0	         0	         0	        0	         0	         0	         0	        0	         0	         0	        0	        0	         0	         0	         0	         0	         0	         0	          0	        0	         0	         0	         0	         0	         0	          0	          0	          0	         0	         0	         0	         0	         0	          0	         0	         0	        0	         0	         0	         0	         0	         0	         0	         0	         0	         0	         0	         0	         0	        0	         1	         0	          0	         0	         0	         0	         0	         0	         0	         0	         0	         0	         0	         0	         0	          0	         0	         0	         0	         0	        0	         0	         0	         0	         0	          0	#_214       
 2005	7	 8	2	0	1	34	34	  1	        0	         0	         0	         0	         0	         0	         0	        0	         0	         0	         0	        0	         0	         0	        0	        0	         0	         0	         0	         0	         0	         0	          0	        0	         0	         0	         0	         0	         0	          0	          0	          0	         0	         0	         0	         0	         0	          0	         0	         0	        0	         0	         0	         0	         0	         0	         0	         0	         0	         0	         0	         0	         1	        0	         0	         0	          0	         0	         0	         0	         0	         0	         0	         0	         0	         0	         0	         0	         0	          0	         0	         0	         0	         0	        0	         0	         0	         0	         0	          0	#_215       
 2007	7	 8	2	0	1	34	34	  7	        0	         0	         0	         0	         0	         0	         0	        0	         0	         0	         0	        0	         0	         0	        0	        0	         0	         0	         0	         0	         0	         0	          0	        0	         0	         0	         0	         0	         0	          0	          0	          0	         0	         0	         0	         0	         0	          0	         0	         0	        0	         0	         0	         0	         0	         1	         1	         1	         1	         1	         0	         0	         1	        1	         0	         0	          0	         0	         0	         0	         0	         0	         0	         0	         0	         0	         0	         0	         0	          0	         0	         0	         0	         0	        0	         0	         0	         0	         0	          0	#_216       
 2008	7	 8	2	0	1	34	34	  1	        0	         0	         0	         0	         0	         0	         0	        0	         0	         0	         0	        0	         0	         0	        0	        0	         0	         0	         0	         0	         0	         0	          0	        0	         0	         0	         0	         0	         0	          0	          0	          0	         0	         0	         0	         0	         0	          0	         0	         0	        0	         0	         0	         0	         0	         0	         0	         0	         0	         1	         0	         0	         0	        0	         0	         0	          0	         0	         0	         0	         0	         0	         0	         0	         0	         0	         0	         0	         0	          0	         0	         0	         0	         0	        0	         0	         0	         0	         0	          0	#_217       
 2009	7	 8	2	0	1	34	34	  3	        0	         0	         0	         0	         0	         0	         0	        0	         0	         0	         0	        0	         0	         0	        0	        0	         0	         0	         0	         0	         0	         0	          0	        0	         0	         0	         0	         0	         0	          0	          0	          0	         0	         0	         0	         0	         0	          0	         0	         0	        0	         0	         0	         0	         0	         0	         1	         0	         1	         1	         0	         0	         0	        0	         0	         0	          0	         0	         0	         0	         0	         0	         0	         0	         0	         0	         0	         0	         0	          0	         0	         0	         0	         0	        0	         0	         0	         0	         0	          0	#_218       
 2010	7	 8	2	0	1	34	34	  2	        0	         0	         0	         0	         0	         0	         0	        0	         0	         0	         0	        0	         0	         0	        0	        0	         0	         0	         0	         0	         0	         0	          0	        0	         0	         0	         0	         0	         0	          0	          0	          0	         0	         0	         0	         0	         0	          0	         0	         0	        0	         0	         0	         0	         0	         0	         0	         0	         1	         1	         0	         0	         0	        0	         0	         0	          0	         0	         0	         0	         0	         0	         0	         0	         0	         0	         0	         0	         0	          0	         0	         0	         0	         0	        0	         0	         0	         0	         0	          0	#_219       
 2011	7	 8	2	0	1	34	34	 11	        0	         0	         0	         0	         0	         0	         0	        0	         0	         0	         0	        0	         0	         0	        0	        0	         0	         0	         0	         0	         0	         0	          0	        0	         0	         0	         0	         0	         0	          0	          0	          0	         0	         0	         0	         0	         0	          0	         0	         0	        0	         0	         0	         0	         0	         0	         0	         2	         1	         2	         2	         3	         1	        0	         0	         0	          0	         0	         0	         0	         0	         0	         0	         0	         0	         0	         0	         0	         0	          0	         0	         0	         0	         0	        0	         0	         0	         0	         0	          0	#_220       
 2016	7	 8	2	0	1	34	34	  1	        0	         0	         0	         0	         0	         0	         0	        0	         0	         0	         0	        0	         0	         0	        0	        0	         0	         0	         0	         0	         0	         0	          0	        0	         0	         0	         0	         0	         0	          0	          0	          0	         0	         0	         0	         0	         0	          0	         0	         0	        0	         0	         0	         0	         0	         0	         0	         0	         1	         0	         0	         0	         0	        0	         0	         0	          0	         0	         0	         0	         0	         0	         0	         0	         0	         0	         0	         0	         0	          0	         0	         0	         0	         0	        0	         0	         0	         0	         0	          0	#_221       
 2003	7	 8	1	0	1	34	34	  3	        0	         0	         0	         0	         0	         0	         1	        1	         0	         0	         1	        0	         0	         0	        0	        0	         0	         0	         0	         0	         0	         0	          0	        0	         0	         0	         0	         0	         0	          0	          0	          0	         0	         0	         0	         0	         0	          0	         0	         0	        0	         0	         0	         0	         0	         0	         0	         0	         0	         0	         0	         0	         0	        0	         0	         0	          0	         0	         0	         0	         0	         0	         0	         0	         0	         0	         0	         0	         0	          0	         0	         0	         0	         0	        0	         0	         0	         0	         0	          0	#_222       
 2004	7	 8	1	0	1	34	34	  1	        0	         0	         0	         0	         0	         1	         0	        0	         0	         0	         0	        0	         0	         0	        0	        0	         0	         0	         0	         0	         0	         0	          0	        0	         0	         0	         0	         0	         0	          0	          0	          0	         0	         0	         0	         0	         0	          0	         0	         0	        0	         0	         0	         0	         0	         0	         0	         0	         0	         0	         0	         0	         0	        0	         0	         0	          0	         0	         0	         0	         0	         0	         0	         0	         0	         0	         0	         0	         0	          0	         0	         0	         0	         0	        0	         0	         0	         0	         0	          0	#_223       
 2007	7	 8	1	0	1	34	34	  2	        0	         0	         0	         0	         0	         0	         1	        1	         0	         0	         0	        0	         0	         0	        0	        0	         0	         0	         0	         0	         0	         0	          0	        0	         0	         0	         0	         0	         0	          0	          0	          0	         0	         0	         0	         0	         0	          0	         0	         0	        0	         0	         0	         0	         0	         0	         0	         0	         0	         0	         0	         0	         0	        0	         0	         0	          0	         0	         0	         0	         0	         0	         0	         0	         0	         0	         0	         0	         0	          0	         0	         0	         0	         0	        0	         0	         0	         0	         0	          0	#_224       
 2008	7	 8	1	0	1	34	34	  2	        0	         0	         0	         0	         0	         0	         0	        0	         1	         1	         0	        0	         0	         0	        0	        0	         0	         0	         0	         0	         0	         0	          0	        0	         0	         0	         0	         0	         0	          0	          0	          0	         0	         0	         0	         0	         0	          0	         0	         0	        0	         0	         0	         0	         0	         0	         0	         0	         0	         0	         0	         0	         0	        0	         0	         0	          0	         0	         0	         0	         0	         0	         0	         0	         0	         0	         0	         0	         0	          0	         0	         0	         0	         0	        0	         0	         0	         0	         0	          0	#_225       
 2009	7	 8	1	0	1	34	34	  2	        0	         0	         0	         0	         0	         0	         0	        0	         0	         2	         0	        0	         0	         0	        0	        0	         0	         0	         0	         0	         0	         0	          0	        0	         0	         0	         0	         0	         0	          0	          0	          0	         0	         0	         0	         0	         0	          0	         0	         0	        0	         0	         0	         0	         0	         0	         0	         0	         0	         0	         0	         0	         0	        0	         0	         0	          0	         0	         0	         0	         0	         0	         0	         0	         0	         0	         0	         0	         0	          0	         0	         0	         0	         0	        0	         0	         0	         0	         0	          0	#_226       
 2010	7	 8	1	0	1	34	34	  1	        0	         0	         0	         0	         0	         0	         0	        0	         1	         0	         0	        0	         0	         0	        0	        0	         0	         0	         0	         0	         0	         0	          0	        0	         0	         0	         0	         0	         0	          0	          0	          0	         0	         0	         0	         0	         0	          0	         0	         0	        0	         0	         0	         0	         0	         0	         0	         0	         0	         0	         0	         0	         0	        0	         0	         0	          0	         0	         0	         0	         0	         0	         0	         0	         0	         0	         0	         0	         0	          0	         0	         0	         0	         0	        0	         0	         0	         0	         0	          0	#_227       
 2011	7	 8	1	0	1	34	34	  2	        0	         0	         0	         0	         0	         0	         1	        0	         1	         0	         0	        0	         0	         0	        0	        0	         0	         0	         0	         0	         0	         0	          0	        0	         0	         0	         0	         0	         0	          0	          0	          0	         0	         0	         0	         0	         0	          0	         0	         0	        0	         0	         0	         0	         0	         0	         0	         0	         0	         0	         0	         0	         0	        0	         0	         0	          0	         0	         0	         0	         0	         0	         0	         0	         0	         0	         0	         0	         0	          0	         0	         0	         0	         0	        0	         0	         0	         0	         0	          0	#_228       
 2016	7	 8	1	0	1	34	34	  3	        0	         0	         0	         0	         0	         0	         0	        2	         1	         0	         0	        0	         0	         0	        0	        0	         0	         0	         0	         0	         0	         0	          0	        0	         0	         0	         0	         0	         0	          0	          0	          0	         0	         0	         0	         0	         0	          0	         0	         0	        0	         0	         0	         0	         0	         0	         0	         0	         0	         0	         0	         0	         0	        0	         0	         0	          0	         0	         0	         0	         0	         0	         0	         0	         0	         0	         0	         0	         0	          0	         0	         0	         0	         0	        0	         0	         0	         0	         0	          0	#_229       
 2003	7	 8	2	0	1	35	35	  9	        0	         0	         0	         0	         0	         0	         0	        0	         0	         0	         0	        0	         0	         0	        0	        0	         0	         0	         0	         0	         0	         0	          0	        0	         0	         0	         0	         0	         0	          0	          0	          0	         0	         0	         0	         0	         0	          0	         0	         0	        0	         0	         0	         0	         0	         0	         0	         1	         2	         0	         0	         1	         1	        0	         1	         1	          0	         0	         0	         0	         1	         0	         0	         0	         1	         0	         0	         0	         0	          0	         0	         0	         0	         0	        0	         0	         0	         0	         0	          0	#_230       
 2005	7	 8	2	0	1	35	35	  2	        0	         0	         0	         0	         0	         0	         0	        0	         0	         0	         0	        0	         0	         0	        0	        0	         0	         0	         0	         0	         0	         0	          0	        0	         0	         0	         0	         0	         0	          0	          0	          0	         0	         0	         0	         0	         0	          0	         0	         0	        0	         0	         0	         0	         0	         0	         0	         1	         0	         1	         0	         0	         0	        0	         0	         0	          0	         0	         0	         0	         0	         0	         0	         0	         0	         0	         0	         0	         0	          0	         0	         0	         0	         0	        0	         0	         0	         0	         0	          0	#_231       
 2006	7	 8	2	0	1	35	35	  1	        0	         0	         0	         0	         0	         0	         0	        0	         0	         0	         0	        0	         0	         0	        0	        0	         0	         0	         0	         0	         0	         0	          0	        0	         0	         0	         0	         0	         0	          0	          0	          0	         0	         0	         0	         0	         0	          0	         0	         0	        0	         0	         0	         0	         0	         0	         0	         0	         0	         0	         0	         0	         0	        0	         0	         0	          0	         0	         0	         0	         0	         0	         0	         0	         0	         0	         0	         0	         0	          0	         1	         0	         0	         0	        0	         0	         0	         0	         0	          0	#_232       
 2007	7	 8	2	0	1	35	35	  4	        0	         0	         0	         0	         0	         0	         0	        0	         0	         0	         0	        0	         0	         0	        0	        0	         0	         0	         0	         0	         0	         0	          0	        0	         0	         0	         0	         0	         0	          0	          0	          0	         0	         0	         0	         0	         0	          0	         0	         0	        0	         0	         0	         0	         0	         0	         0	         0	         2	         0	         0	         0	         0	        0	         0	         0	          1	         0	         0	         0	         0	         0	         1	         0	         0	         0	         0	         0	         0	          0	         0	         0	         0	         0	        0	         0	         0	         0	         0	          0	#_233       
 2010	7	 8	2	0	1	35	35	  7	        0	         0	         0	         0	         0	         0	         0	        0	         0	         0	         0	        0	         0	         0	        0	        0	         0	         0	         0	         0	         0	         0	          0	        0	         0	         0	         0	         0	         0	          0	          0	          0	         0	         0	         0	         0	         0	          0	         0	         0	        0	         0	         0	         0	         0	         0	         0	         2	         2	         2	         0	         1	         0	        0	         0	         0	          0	         0	         0	         0	         0	         0	         0	         0	         0	         0	         0	         0	         0	          0	         0	         0	         0	         0	        0	         0	         0	         0	         0	          0	#_234       
 2011	7	 8	2	0	1	35	35	  4	        0	         0	         0	         0	         0	         0	         0	        0	         0	         0	         0	        0	         0	         0	        0	        0	         0	         0	         0	         0	         0	         0	          0	        0	         0	         0	         0	         0	         0	          0	          0	          0	         0	         0	         0	         0	         0	          0	         0	         0	        0	         0	         0	         0	         0	         0	         0	         0	         0	         1	         3	         0	         0	        0	         0	         0	          0	         0	         0	         0	         0	         0	         0	         0	         0	         0	         0	         0	         0	          0	         0	         0	         0	         0	        0	         0	         0	         0	         0	          0	#_235       
 2016	7	 8	2	0	1	35	35	  3	        0	         0	         0	         0	         0	         0	         0	        0	         0	         0	         0	        0	         0	         0	        0	        0	         0	         0	         0	         0	         0	         0	          0	        0	         0	         0	         0	         0	         0	          0	          0	          0	         0	         0	         0	         0	         0	          0	         0	         0	        0	         0	         0	         0	         0	         0	         0	         0	         0	         1	         0	         0	         0	        0	         0	         0	          0	         1	         0	         0	         0	         0	         0	         0	         0	         0	         0	         0	         0	          0	         1	         0	         0	         0	        0	         0	         0	         0	         0	          0	#_236       
 2003	7	 8	1	0	1	35	35	  3	        0	         0	         0	         0	         0	         1	         1	        1	         0	         0	         0	        0	         0	         0	        0	        0	         0	         0	         0	         0	         0	         0	          0	        0	         0	         0	         0	         0	         0	          0	          0	          0	         0	         0	         0	         0	         0	          0	         0	         0	        0	         0	         0	         0	         0	         0	         0	         0	         0	         0	         0	         0	         0	        0	         0	         0	          0	         0	         0	         0	         0	         0	         0	         0	         0	         0	         0	         0	         0	          0	         0	         0	         0	         0	        0	         0	         0	         0	         0	          0	#_237       
 2006	7	 8	1	0	1	35	35	  2	        0	         0	         0	         0	         0	         0	         0	        0	         0	         0	         1	        0	         0	         0	        0	        0	         0	         1	         0	         0	         0	         0	          0	        0	         0	         0	         0	         0	         0	          0	          0	          0	         0	         0	         0	         0	         0	          0	         0	         0	        0	         0	         0	         0	         0	         0	         0	         0	         0	         0	         0	         0	         0	        0	         0	         0	          0	         0	         0	         0	         0	         0	         0	         0	         0	         0	         0	         0	         0	          0	         0	         0	         0	         0	        0	         0	         0	         0	         0	          0	#_238       
 2007	7	 8	1	0	1	35	35	  1	        0	         0	         0	         0	         0	         0	         0	        0	         0	         1	         0	        0	         0	         0	        0	        0	         0	         0	         0	         0	         0	         0	          0	        0	         0	         0	         0	         0	         0	          0	          0	          0	         0	         0	         0	         0	         0	          0	         0	         0	        0	         0	         0	         0	         0	         0	         0	         0	         0	         0	         0	         0	         0	        0	         0	         0	          0	         0	         0	         0	         0	         0	         0	         0	         0	         0	         0	         0	         0	          0	         0	         0	         0	         0	        0	         0	         0	         0	         0	          0	#_239       
 2009	7	 8	1	0	1	35	35	  2	        0	         0	         0	         0	         0	         0	         0	        1	         1	         0	         0	        0	         0	         0	        0	        0	         0	         0	         0	         0	         0	         0	          0	        0	         0	         0	         0	         0	         0	          0	          0	          0	         0	         0	         0	         0	         0	          0	         0	         0	        0	         0	         0	         0	         0	         0	         0	         0	         0	         0	         0	         0	         0	        0	         0	         0	          0	         0	         0	         0	         0	         0	         0	         0	         0	         0	         0	         0	         0	          0	         0	         0	         0	         0	        0	         0	         0	         0	         0	          0	#_240       
 2010	7	 8	1	0	1	35	35	  2	        0	         0	         0	         0	         0	         0	         0	        1	         1	         0	         0	        0	         0	         0	        0	        0	         0	         0	         0	         0	         0	         0	          0	        0	         0	         0	         0	         0	         0	          0	          0	          0	         0	         0	         0	         0	         0	          0	         0	         0	        0	         0	         0	         0	         0	         0	         0	         0	         0	         0	         0	         0	         0	        0	         0	         0	          0	         0	         0	         0	         0	         0	         0	         0	         0	         0	         0	         0	         0	          0	         0	         0	         0	         0	        0	         0	         0	         0	         0	          0	#_241       
 2016	7	 8	1	0	1	35	35	  2	        0	         0	         0	         0	         0	         0	         0	        2	         0	         0	         0	        0	         0	         0	        0	        0	         0	         0	         0	         0	         0	         0	          0	        0	         0	         0	         0	         0	         0	          0	          0	          0	         0	         0	         0	         0	         0	          0	         0	         0	        0	         0	         0	         0	         0	         0	         0	         0	         0	         0	         0	         0	         0	        0	         0	         0	          0	         0	         0	         0	         0	         0	         0	         0	         0	         0	         0	         0	         0	          0	         0	         0	         0	         0	        0	         0	         0	         0	         0	          0	#_242       
 2003	7	 8	2	0	1	36	36	 13	        0	         0	         0	         0	         0	         0	         0	        0	         0	         0	         0	        0	         0	         0	        0	        0	         0	         0	         0	         0	         0	         0	          0	        0	         0	         0	         0	         0	         0	          0	          0	          0	         0	         0	         0	         0	         0	          0	         0	         0	        0	         0	         0	         0	         0	         0	         1	         2	         0	         0	         0	         3	         0	        3	         1	         1	          0	         0	         0	         1	         0	         0	         0	         0	         0	         0	         0	         0	         0	          0	         0	         0	         0	         0	        0	         0	         1	         0	         0	          0	#_243       
 2004	7	 8	2	0	1	36	36	  5	        0	         0	         0	         0	         0	         0	         0	        0	         0	         0	         0	        0	         0	         0	        0	        0	         0	         0	         0	         0	         0	         0	          0	        0	         0	         0	         0	         0	         0	          0	          0	          0	         0	         0	         0	         0	         0	          0	         0	         0	        0	         0	         0	         0	         0	         0	         0	         0	         0	         0	         0	         1	         0	        0	         1	         1	          0	         0	         0	         1	         0	         0	         0	         0	         0	         0	         1	         0	         0	          0	         0	         0	         0	         0	        0	         0	         0	         0	         0	          0	#_244       
 2007	7	 8	2	0	1	36	36	  5	        0	         0	         0	         0	         0	         0	         0	        0	         0	         0	         0	        0	         0	         0	        0	        0	         0	         0	         0	         0	         0	         0	          0	        0	         0	         0	         0	         0	         0	          0	          0	          0	         0	         0	         0	         0	         0	          0	         0	         0	        0	         0	         0	         0	         0	         0	         0	         0	         1	         1	         1	         0	         1	        0	         0	         0	          1	         0	         0	         0	         0	         0	         0	         0	         0	         0	         0	         0	         0	          0	         0	         0	         0	         0	        0	         0	         0	         0	         0	          0	#_245       
 2008	7	 8	2	0	1	36	36	  1	        0	         0	         0	         0	         0	         0	         0	        0	         0	         0	         0	        0	         0	         0	        0	        0	         0	         0	         0	         0	         0	         0	          0	        0	         0	         0	         0	         0	         0	          0	          0	          0	         0	         0	         0	         0	         0	          0	         0	         0	        0	         0	         0	         0	         0	         0	         0	         0	         0	         0	         0	         0	         0	        0	         0	         0	          0	         1	         0	         0	         0	         0	         0	         0	         0	         0	         0	         0	         0	          0	         0	         0	         0	         0	        0	         0	         0	         0	         0	          0	#_246       
 2009	7	 8	2	0	1	36	36	  3	        0	         0	         0	         0	         0	         0	         0	        0	         0	         0	         0	        0	         0	         0	        0	        0	         0	         0	         0	         0	         0	         0	          0	        0	         0	         0	         0	         0	         0	          0	          0	          0	         0	         0	         0	         0	         0	          0	         0	         0	        0	         0	         0	         0	         0	         0	         0	         0	         1	         1	         0	         0	         0	        0	         0	         0	          0	         0	         0	         0	         0	         0	         0	         0	         0	         0	         0	         1	         0	          0	         0	         0	         0	         0	        0	         0	         0	         0	         0	          0	#_247       
 2010	7	 8	2	0	1	36	36	  9	        0	         0	         0	         0	         0	         0	         0	        0	         0	         0	         0	        0	         0	         0	        0	        0	         0	         0	         0	         0	         0	         0	          0	        0	         0	         0	         0	         0	         0	          0	          0	          0	         0	         0	         0	         0	         0	          0	         0	         0	        0	         0	         0	         0	         0	         0	         0	         1	         4	         2	         1	         1	         0	        0	         0	         0	          0	         0	         0	         0	         0	         0	         0	         0	         0	         0	         0	         0	         0	          0	         0	         0	         0	         0	        0	         0	         0	         0	         0	          0	#_248       
 2011	7	 8	2	0	1	36	36	 10	        0	         0	         0	         0	         0	         0	         0	        0	         0	         0	         0	        0	         0	         0	        0	        0	         0	         0	         0	         0	         0	         0	          0	        0	         0	         0	         0	         0	         0	          0	          0	          0	         0	         0	         0	         0	         0	          0	         0	         0	        0	         0	         0	         0	         0	         0	         1	         0	         0	         2	         6	         0	         1	        0	         0	         0	          0	         0	         0	         0	         0	         0	         0	         0	         0	         0	         0	         0	         0	          0	         0	         0	         0	         0	        0	         0	         0	         0	         0	          0	#_249       
 2016	7	 8	2	0	1	36	36	  4	        0	         0	         0	         0	         0	         0	         0	        0	         0	         0	         0	        0	         0	         0	        0	        0	         0	         0	         0	         0	         0	         0	          0	        0	         0	         0	         0	         0	         0	          0	          0	          0	         0	         0	         0	         0	         0	          0	         0	         0	        0	         0	         0	         0	         0	         0	         0	         0	         0	         0	         0	         0	         1	        0	         0	         0	          0	         2	         0	         0	         0	         0	         0	         0	         0	         0	         0	         0	         0	          0	         0	         0	         0	         0	        0	         0	         0	         0	         0	          1	#_250       
 2003	7	 8	1	0	1	36	36	  4	        0	         0	         0	         0	         0	         0	         0	        1	         1	         0	         0	        0	         1	         0	        0	        1	         0	         0	         0	         0	         0	         0	          0	        0	         0	         0	         0	         0	         0	          0	          0	          0	         0	         0	         0	         0	         0	          0	         0	         0	        0	         0	         0	         0	         0	         0	         0	         0	         0	         0	         0	         0	         0	        0	         0	         0	          0	         0	         0	         0	         0	         0	         0	         0	         0	         0	         0	         0	         0	          0	         0	         0	         0	         0	        0	         0	         0	         0	         0	          0	#_251       
 2004	7	 8	1	0	1	36	36	  2	        0	         0	         0	         0	         0	         0	         0	        0	         0	         0	         0	        0	         1	         1	        0	        0	         0	         0	         0	         0	         0	         0	          0	        0	         0	         0	         0	         0	         0	          0	          0	          0	         0	         0	         0	         0	         0	          0	         0	         0	        0	         0	         0	         0	         0	         0	         0	         0	         0	         0	         0	         0	         0	        0	         0	         0	          0	         0	         0	         0	         0	         0	         0	         0	         0	         0	         0	         0	         0	          0	         0	         0	         0	         0	        0	         0	         0	         0	         0	          0	#_252       
 2006	7	 8	1	0	1	36	36	  1	        0	         0	         0	         0	         0	         0	         0	        0	         0	         0	         0	        0	         0	         0	        0	        0	         0	         1	         0	         0	         0	         0	          0	        0	         0	         0	         0	         0	         0	          0	          0	          0	         0	         0	         0	         0	         0	          0	         0	         0	        0	         0	         0	         0	         0	         0	         0	         0	         0	         0	         0	         0	         0	        0	         0	         0	          0	         0	         0	         0	         0	         0	         0	         0	         0	         0	         0	         0	         0	          0	         0	         0	         0	         0	        0	         0	         0	         0	         0	          0	#_253       
 2007	7	 8	1	0	1	36	36	  1	        0	         0	         0	         0	         0	         0	         0	        0	         1	         0	         0	        0	         0	         0	        0	        0	         0	         0	         0	         0	         0	         0	          0	        0	         0	         0	         0	         0	         0	          0	          0	          0	         0	         0	         0	         0	         0	          0	         0	         0	        0	         0	         0	         0	         0	         0	         0	         0	         0	         0	         0	         0	         0	        0	         0	         0	          0	         0	         0	         0	         0	         0	         0	         0	         0	         0	         0	         0	         0	          0	         0	         0	         0	         0	        0	         0	         0	         0	         0	          0	#_254       
 2008	7	 8	1	0	1	36	36	  2	        0	         0	         0	         0	         0	         0	         0	        1	         0	         0	         0	        0	         1	         0	        0	        0	         0	         0	         0	         0	         0	         0	          0	        0	         0	         0	         0	         0	         0	          0	          0	          0	         0	         0	         0	         0	         0	          0	         0	         0	        0	         0	         0	         0	         0	         0	         0	         0	         0	         0	         0	         0	         0	        0	         0	         0	          0	         0	         0	         0	         0	         0	         0	         0	         0	         0	         0	         0	         0	          0	         0	         0	         0	         0	        0	         0	         0	         0	         0	          0	#_255       
 2009	7	 8	1	0	1	36	36	  2	        0	         0	         0	         0	         0	         0	         0	        0	         0	         0	         0	        0	         1	         0	        0	        0	         1	         0	         0	         0	         0	         0	          0	        0	         0	         0	         0	         0	         0	          0	          0	          0	         0	         0	         0	         0	         0	          0	         0	         0	        0	         0	         0	         0	         0	         0	         0	         0	         0	         0	         0	         0	         0	        0	         0	         0	          0	         0	         0	         0	         0	         0	         0	         0	         0	         0	         0	         0	         0	          0	         0	         0	         0	         0	        0	         0	         0	         0	         0	          0	#_256       
 2010	7	 8	1	0	1	36	36	  4	        0	         0	         0	         0	         0	         0	         0	        0	         1	         2	         0	        0	         0	         1	        0	        0	         0	         0	         0	         0	         0	         0	          0	        0	         0	         0	         0	         0	         0	          0	          0	          0	         0	         0	         0	         0	         0	          0	         0	         0	        0	         0	         0	         0	         0	         0	         0	         0	         0	         0	         0	         0	         0	        0	         0	         0	          0	         0	         0	         0	         0	         0	         0	         0	         0	         0	         0	         0	         0	          0	         0	         0	         0	         0	        0	         0	         0	         0	         0	          0	#_257       
 2011	7	 8	1	0	1	36	36	  3	        0	         0	         0	         0	         0	         0	         0	        0	         0	         1	         1	        0	         1	         0	        0	        0	         0	         0	         0	         0	         0	         0	          0	        0	         0	         0	         0	         0	         0	          0	          0	          0	         0	         0	         0	         0	         0	          0	         0	         0	        0	         0	         0	         0	         0	         0	         0	         0	         0	         0	         0	         0	         0	        0	         0	         0	          0	         0	         0	         0	         0	         0	         0	         0	         0	         0	         0	         0	         0	          0	         0	         0	         0	         0	        0	         0	         0	         0	         0	          0	#_258       
 2014	7	 8	1	0	1	36	36	  2	        0	         0	         0	         0	         0	         0	         0	        0	         0	         0	         0	        0	         1	         1	        0	        0	         0	         0	         0	         0	         0	         0	          0	        0	         0	         0	         0	         0	         0	          0	          0	          0	         0	         0	         0	         0	         0	          0	         0	         0	        0	         0	         0	         0	         0	         0	         0	         0	         0	         0	         0	         0	         0	        0	         0	         0	          0	         0	         0	         0	         0	         0	         0	         0	         0	         0	         0	         0	         0	          0	         0	         0	         0	         0	        0	         0	         0	         0	         0	          0	#_259       
 2016	7	 8	1	0	1	36	36	  1	        0	         0	         0	         0	         0	         0	         0	        0	         0	         0	         0	        0	         0	         0	        1	        0	         0	         0	         0	         0	         0	         0	          0	        0	         0	         0	         0	         0	         0	          0	          0	          0	         0	         0	         0	         0	         0	          0	         0	         0	        0	         0	         0	         0	         0	         0	         0	         0	         0	         0	         0	         0	         0	        0	         0	         0	          0	         0	         0	         0	         0	         0	         0	         0	         0	         0	         0	         0	         0	          0	         0	         0	         0	         0	        0	         0	         0	         0	         0	          0	#_260       
 2003	7	 8	2	0	1	37	37	  9	        0	         0	         0	         0	         0	         0	         0	        0	         0	         0	         0	        0	         0	         0	        0	        0	         0	         0	         0	         0	         0	         0	          0	        0	         0	         0	         0	         0	         0	          0	          0	          0	         0	         0	         0	         0	         0	          0	         0	         0	        0	         0	         0	         0	         0	         0	         0	         0	         0	         0	         0	         1	         1	        1	         1	         0	          1	         0	         0	         1	         0	         0	         0	         0	         0	         0	         0	         0	         0	          0	         0	         0	         0	         1	        1	         0	         0	         0	         0	          1	#_261       
 2004	7	 8	2	0	1	37	37	  3	        0	         0	         0	         0	         0	         0	         0	        0	         0	         0	         0	        0	         0	         0	        0	        0	         0	         0	         0	         0	         0	         0	          0	        0	         0	         0	         0	         0	         0	          0	          0	          0	         0	         0	         0	         0	         0	          0	         0	         0	        0	         0	         0	         0	         0	         0	         0	         0	         0	         1	         0	         0	         1	        0	         0	         0	          0	         1	         0	         0	         0	         0	         0	         0	         0	         0	         0	         0	         0	          0	         0	         0	         0	         0	        0	         0	         0	         0	         0	          0	#_262       
 2005	7	 8	2	0	1	37	37	  2	        0	         0	         0	         0	         0	         0	         0	        0	         0	         0	         0	        0	         0	         0	        0	        0	         0	         0	         0	         0	         0	         0	          0	        0	         0	         0	         0	         0	         0	          0	          0	          0	         0	         0	         0	         0	         0	          0	         0	         0	        0	         0	         0	         0	         0	         0	         0	         0	         0	         0	         0	         2	         0	        0	         0	         0	          0	         0	         0	         0	         0	         0	         0	         0	         0	         0	         0	         0	         0	          0	         0	         0	         0	         0	        0	         0	         0	         0	         0	          0	#_263       
 2007	7	 8	2	0	1	37	37	 10	        0	         0	         0	         0	         0	         0	         0	        0	         0	         0	         0	        0	         0	         0	        0	        0	         0	         0	         0	         0	         0	         0	          0	        0	         0	         0	         0	         0	         0	          0	          0	          0	         0	         0	         0	         0	         0	          0	         0	         0	        0	         0	         0	         0	         0	         0	         0	         1	         1	         0	         0	         1	         0	        0	         0	         1	          0	         1	         0	         1	         0	         0	         1	         1	         0	         0	         0	         0	         1	          0	         0	         0	         0	         0	        0	         0	         0	         1	         0	          0	#_264       
 2008	7	 8	2	0	1	37	37	  2	        0	         0	         0	         0	         0	         0	         0	        0	         0	         0	         0	        0	         0	         0	        0	        0	         0	         0	         0	         0	         0	         0	          0	        0	         0	         0	         0	         0	         0	          0	          0	          0	         0	         0	         0	         0	         0	          0	         0	         0	        0	         0	         0	         0	         0	         0	         0	         0	         0	         0	         0	         0	         0	        0	         0	         0	          0	         0	         1	         0	         0	         0	         0	         0	         0	         0	         0	         0	         0	          0	         0	         0	         0	         0	        0	         0	         0	         0	         0	          1	#_265       
 2009	7	 8	2	0	1	37	37	  2	        0	         0	         0	         0	         0	         0	         0	        0	         0	         0	         0	        0	         0	         0	        0	        0	         0	         0	         0	         0	         0	         0	          0	        0	         0	         0	         0	         0	         0	          0	          0	          0	         0	         0	         0	         0	         0	          0	         0	         0	        0	         0	         0	         0	         0	         0	         0	         0	         0	         0	         0	         0	         0	        0	         0	         0	          1	         0	         1	         0	         0	         0	         0	         0	         0	         0	         0	         0	         0	          0	         0	         0	         0	         0	        0	         0	         0	         0	         0	          0	#_266       
 2010	7	 8	2	0	1	37	37	  7	        0	         0	         0	         0	         0	         0	         0	        0	         0	         0	         0	        0	         0	         0	        0	        0	         0	         0	         0	         0	         0	         0	          0	        0	         0	         0	         0	         0	         0	          0	          0	          0	         0	         0	         0	         0	         0	          0	         0	         0	        0	         0	         0	         0	         0	         0	         0	         0	         0	         2	         0	         1	         1	        0	         1	         0	          1	         0	         0	         0	         0	         0	         0	         0	         0	         0	         0	         0	         0	          0	         0	         0	         0	         0	        0	         0	         0	         0	         0	          1	#_267       
 2011	7	 8	2	0	1	37	37	 12	        0	         0	         0	         0	         0	         0	         0	        0	         0	         0	         0	        0	         0	         0	        0	        0	         0	         0	         0	         0	         0	         0	          0	        0	         0	         0	         0	         0	         0	          0	          0	          0	         0	         0	         0	         0	         0	          0	         0	         0	        0	         0	         0	         0	         0	         0	         1	         0	         3	         0	         1	         0	         3	        0	         1	         0	          0	         0	         0	         0	         1	         0	         0	         0	         0	         1	         0	         0	         0	          1	         0	         0	         0	         0	        0	         0	         0	         0	         0	          0	#_268       
 2016	7	 8	2	0	1	37	37	 13	        0	         0	         0	         0	         0	         0	         0	        0	         0	         0	         0	        0	         0	         0	        0	        0	         0	         0	         0	         0	         0	         0	          0	        0	         0	         0	         0	         0	         0	          0	          0	          0	         0	         0	         0	         0	         0	          0	         0	         0	        0	         0	         0	         0	         0	         0	         0	         0	         0	         0	         0	         0	         0	        0	         1	         1	          0	         4	         1	         2	         0	         0	         0	         0	         0	         0	         1	         1	         0	          0	         0	         0	         0	         0	        0	         2	         0	         0	         0	          0	#_269       
 2003	7	 8	1	0	1	37	37	 10	        0	         0	         0	         0	         0	         0	         0	        1	         0	         0	         3	        1	         1	         0	        2	        1	         1	         0	         0	         0	         0	         0	          0	        0	         0	         0	         0	         0	         0	          0	          0	          0	         0	         0	         0	         0	         0	          0	         0	         0	        0	         0	         0	         0	         0	         0	         0	         0	         0	         0	         0	         0	         0	        0	         0	         0	          0	         0	         0	         0	         0	         0	         0	         0	         0	         0	         0	         0	         0	          0	         0	         0	         0	         0	        0	         0	         0	         0	         0	          0	#_270       
 2004	7	 8	1	0	1	37	37	  3	        0	         0	         0	         0	         0	         0	         0	        0	         0	         0	         0	        0	         0	         0	        1	        0	         0	         0	         1	         1	         0	         0	          0	        0	         0	         0	         0	         0	         0	          0	          0	          0	         0	         0	         0	         0	         0	          0	         0	         0	        0	         0	         0	         0	         0	         0	         0	         0	         0	         0	         0	         0	         0	        0	         0	         0	          0	         0	         0	         0	         0	         0	         0	         0	         0	         0	         0	         0	         0	          0	         0	         0	         0	         0	        0	         0	         0	         0	         0	          0	#_271       
 2005	7	 8	1	0	1	37	37	  1	        0	         0	         0	         0	         0	         0	         0	        0	         0	         1	         0	        0	         0	         0	        0	        0	         0	         0	         0	         0	         0	         0	          0	        0	         0	         0	         0	         0	         0	          0	          0	          0	         0	         0	         0	         0	         0	          0	         0	         0	        0	         0	         0	         0	         0	         0	         0	         0	         0	         0	         0	         0	         0	        0	         0	         0	          0	         0	         0	         0	         0	         0	         0	         0	         0	         0	         0	         0	         0	          0	         0	         0	         0	         0	        0	         0	         0	         0	         0	          0	#_272       
 2006	7	 8	1	0	1	37	37	  1	        0	         0	         0	         0	         0	         0	         0	        0	         0	         0	         0	        0	         0	         0	        0	        0	         0	         0	         0	         0	         0	         0	          0	        0	         0	         0	         0	         0	         0	          0	          0	          0	         1	         0	         0	         0	         0	          0	         0	         0	        0	         0	         0	         0	         0	         0	         0	         0	         0	         0	         0	         0	         0	        0	         0	         0	          0	         0	         0	         0	         0	         0	         0	         0	         0	         0	         0	         0	         0	          0	         0	         0	         0	         0	        0	         0	         0	         0	         0	          0	#_273       
 2007	7	 8	1	0	1	37	37	  2	        0	         0	         0	         0	         0	         0	         0	        0	         1	         0	         0	        0	         1	         0	        0	        0	         0	         0	         0	         0	         0	         0	          0	        0	         0	         0	         0	         0	         0	          0	          0	          0	         0	         0	         0	         0	         0	          0	         0	         0	        0	         0	         0	         0	         0	         0	         0	         0	         0	         0	         0	         0	         0	        0	         0	         0	          0	         0	         0	         0	         0	         0	         0	         0	         0	         0	         0	         0	         0	          0	         0	         0	         0	         0	        0	         0	         0	         0	         0	          0	#_274       
 2008	7	 8	1	0	1	37	37	  2	        0	         0	         0	         0	         0	         0	         0	        1	         0	         0	         0	        1	         0	         0	        0	        0	         0	         0	         0	         0	         0	         0	          0	        0	         0	         0	         0	         0	         0	          0	          0	          0	         0	         0	         0	         0	         0	          0	         0	         0	        0	         0	         0	         0	         0	         0	         0	         0	         0	         0	         0	         0	         0	        0	         0	         0	          0	         0	         0	         0	         0	         0	         0	         0	         0	         0	         0	         0	         0	          0	         0	         0	         0	         0	        0	         0	         0	         0	         0	          0	#_275       
 2010	7	 8	1	0	1	37	37	  4	        0	         0	         0	         0	         0	         0	         0	        0	         0	         2	         1	        0	         0	         0	        0	        0	         0	         0	         0	         0	         1	         0	          0	        0	         0	         0	         0	         0	         0	          0	          0	          0	         0	         0	         0	         0	         0	          0	         0	         0	        0	         0	         0	         0	         0	         0	         0	         0	         0	         0	         0	         0	         0	        0	         0	         0	          0	         0	         0	         0	         0	         0	         0	         0	         0	         0	         0	         0	         0	          0	         0	         0	         0	         0	        0	         0	         0	         0	         0	          0	#_276       
 2011	7	 8	1	0	1	37	37	  5	        0	         0	         0	         0	         0	         0	         0	        0	         0	         1	         3	        1	         0	         0	        0	        0	         0	         0	         0	         0	         0	         0	          0	        0	         0	         0	         0	         0	         0	          0	          0	          0	         0	         0	         0	         0	         0	          0	         0	         0	        0	         0	         0	         0	         0	         0	         0	         0	         0	         0	         0	         0	         0	        0	         0	         0	          0	         0	         0	         0	         0	         0	         0	         0	         0	         0	         0	         0	         0	          0	         0	         0	         0	         0	        0	         0	         0	         0	         0	          0	#_277       
 2016	7	 8	1	0	1	37	37	  4	        0	         0	         0	         0	         0	         0	         0	        0	         0	         0	         0	        0	         0	         0	        2	        1	         0	         0	         1	         0	         0	         0	          0	        0	         0	         0	         0	         0	         0	          0	          0	          0	         0	         0	         0	         0	         0	          0	         0	         0	        0	         0	         0	         0	         0	         0	         0	         0	         0	         0	         0	         0	         0	        0	         0	         0	          0	         0	         0	         0	         0	         0	         0	         0	         0	         0	         0	         0	         0	          0	         0	         0	         0	         0	        0	         0	         0	         0	         0	          0	#_278       
 2003	7	 8	2	0	1	38	38	  5	        0	         0	         0	         0	         0	         0	         0	        0	         0	         0	         0	        0	         0	         0	        0	        0	         0	         0	         0	         0	         0	         0	          0	        0	         0	         0	         0	         0	         0	          0	          0	          0	         0	         0	         0	         0	         0	          0	         0	         0	        0	         0	         0	         0	         0	         0	         0	         0	         0	         1	         0	         0	         0	        0	         0	         1	          0	         1	         0	         0	         0	         0	         0	         1	         0	         0	         0	         0	         0	          0	         0	         0	         0	         0	        0	         0	         0	         0	         0	          1	#_279       
 2004	7	 8	2	0	1	38	38	  5	        0	         0	         0	         0	         0	         0	         0	        0	         0	         0	         0	        0	         0	         0	        0	        0	         0	         0	         0	         0	         0	         0	          0	        0	         0	         0	         0	         0	         0	          0	          0	          0	         0	         0	         0	         0	         0	          0	         0	         0	        0	         0	         0	         0	         0	         0	         0	         0	         0	         0	         0	         1	         0	        0	         0	         2	          0	         1	         0	         0	         1	         0	         0	         0	         0	         0	         0	         0	         0	          0	         0	         0	         0	         0	        0	         0	         0	         0	         0	          0	#_280       
 2005	7	 8	2	0	1	38	38	  2	        0	         0	         0	         0	         0	         0	         0	        0	         0	         0	         0	        0	         0	         0	        0	        0	         0	         0	         0	         0	         0	         0	          0	        0	         0	         0	         0	         0	         0	          0	          0	          0	         0	         0	         0	         0	         0	          0	         0	         0	        0	         0	         0	         0	         0	         0	         0	         0	         0	         1	         0	         0	         1	        0	         0	         0	          0	         0	         0	         0	         0	         0	         0	         0	         0	         0	         0	         0	         0	          0	         0	         0	         0	         0	        0	         0	         0	         0	         0	          0	#_281       
 2007	7	 8	2	0	1	38	38	 11	        0	         0	         0	         0	         0	         0	         0	        0	         0	         0	         0	        0	         0	         0	        0	        0	         0	         0	         0	         0	         0	         0	          0	        0	         0	         0	         0	         0	         0	          0	          0	          0	         0	         0	         0	         0	         0	          0	         0	         0	        0	         0	         0	         0	         0	         0	         0	         0	         0	         0	         0	         0	         0	        1	         0	         0	          0	         1	         1	         1	         0	         1	         0	         0	         1	         1	         0	         0	         0	          0	         0	         0	         0	         0	        0	         2	         0	         0	         0	          2	#_282       
 2008	7	 8	2	0	1	38	38	  2	        0	         0	         0	         0	         0	         0	         0	        0	         0	         0	         0	        0	         0	         0	        0	        0	         0	         0	         0	         0	         0	         0	          0	        0	         0	         0	         0	         0	         0	          0	          0	          0	         0	         0	         0	         0	         0	          0	         0	         0	        0	         0	         0	         0	         0	         0	         0	         0	         0	         0	         1	         1	         0	        0	         0	         0	          0	         0	         0	         0	         0	         0	         0	         0	         0	         0	         0	         0	         0	          0	         0	         0	         0	         0	        0	         0	         0	         0	         0	          0	#_283       
 2009	7	 8	2	0	1	38	38	  1	        0	         0	         0	         0	         0	         0	         0	        0	         0	         0	         0	        0	         0	         0	        0	        0	         0	         0	         0	         0	         0	         0	          0	        0	         0	         0	         0	         0	         0	          0	          0	          0	         0	         0	         0	         0	         0	          0	         0	         0	        0	         0	         0	         0	         0	         0	         0	         0	         0	         0	         0	         0	         0	        0	         0	         0	          0	         0	         0	         0	         0	         0	         1	         0	         0	         0	         0	         0	         0	          0	         0	         0	         0	         0	        0	         0	         0	         0	         0	          0	#_284       
 2010	7	 8	2	0	1	38	38	  9	        0	         0	         0	         0	         0	         0	         0	        0	         0	         0	         0	        0	         0	         0	        0	        0	         0	         0	         0	         0	         0	         0	          0	        0	         0	         0	         0	         0	         0	          0	          0	          0	         0	         0	         0	         0	         0	          0	         0	         0	        0	         0	         0	         0	         0	         0	         0	         1	         0	         3	         0	         1	         1	        0	         0	         1	          0	         0	         0	         1	         0	         0	         0	         0	         0	         0	         0	         0	         0	          0	         0	         0	         0	         0	        0	         0	         0	         0	         0	          1	#_285       
 2011	7	 8	2	0	1	38	38	  9	        0	         0	         0	         0	         0	         0	         0	        0	         0	         0	         0	        0	         0	         0	        0	        0	         0	         0	         0	         0	         0	         0	          0	        0	         0	         0	         0	         0	         0	          0	          0	          0	         0	         0	         0	         0	         0	          0	         0	         0	        0	         0	         0	         0	         0	         0	         0	         1	         0	         0	         1	         2	         2	        1	         0	         0	          1	         0	         0	         1	         0	         0	         0	         0	         0	         0	         0	         0	         0	          0	         0	         0	         0	         0	        0	         0	         0	         0	         0	          0	#_286       
 2014	7	 8	2	0	1	38	38	  1	        0	         0	         0	         0	         0	         0	         0	        0	         0	         0	         0	        0	         0	         0	        0	        0	         0	         0	         0	         0	         0	         0	          0	        0	         0	         0	         0	         0	         0	          0	          0	          0	         0	         0	         0	         0	         0	          0	         0	         0	        0	         0	         0	         0	         0	         0	         0	         0	         0	         0	         0	         0	         0	        0	         0	         0	          0	         0	         0	         0	         0	         0	         0	         0	         0	         0	         1	         0	         0	          0	         0	         0	         0	         0	        0	         0	         0	         0	         0	          0	#_287       
 2016	7	 8	2	0	1	38	38	  9	        0	         0	         0	         0	         0	         0	         0	        0	         0	         0	         0	        0	         0	         0	        0	        0	         0	         0	         0	         0	         0	         0	          0	        0	         0	         0	         0	         0	         0	          0	          0	          0	         0	         0	         0	         0	         0	          0	         0	         0	        0	         0	         0	         0	         0	         0	         0	         0	         0	         0	         0	         0	         0	        0	         0	         0	          2	         0	         0	         2	         0	         0	         0	         0	         1	         0	         0	         0	         0	          0	         0	         1	         0	         0	        0	         1	         0	         0	         0	          2	#_288       
 2003	7	 8	1	0	1	38	38	  9	        0	         0	         0	         0	         0	         0	         0	        0	         0	         3	         1	        1	         1	         1	        1	        0	         0	         1	         0	         0	         0	         0	          0	        0	         0	         0	         0	         0	         0	          0	          0	          0	         0	         0	         0	         0	         0	          0	         0	         0	        0	         0	         0	         0	         0	         0	         0	         0	         0	         0	         0	         0	         0	        0	         0	         0	          0	         0	         0	         0	         0	         0	         0	         0	         0	         0	         0	         0	         0	          0	         0	         0	         0	         0	        0	         0	         0	         0	         0	          0	#_289       
 2004	7	 8	1	0	1	38	38	  5	        0	         0	         0	         0	         0	         0	         0	        0	         0	         0	         2	        0	         0	         0	        1	        0	         0	         1	         0	         1	         0	         0	          0	        0	         0	         0	         0	         0	         0	          0	          0	          0	         0	         0	         0	         0	         0	          0	         0	         0	        0	         0	         0	         0	         0	         0	         0	         0	         0	         0	         0	         0	         0	        0	         0	         0	          0	         0	         0	         0	         0	         0	         0	         0	         0	         0	         0	         0	         0	          0	         0	         0	         0	         0	        0	         0	         0	         0	         0	          0	#_290       
 2005	7	 8	1	0	1	38	38	  1	        0	         0	         0	         0	         0	         0	         0	        0	         0	         0	         1	        0	         0	         0	        0	        0	         0	         0	         0	         0	         0	         0	          0	        0	         0	         0	         0	         0	         0	          0	          0	          0	         0	         0	         0	         0	         0	          0	         0	         0	        0	         0	         0	         0	         0	         0	         0	         0	         0	         0	         0	         0	         0	        0	         0	         0	          0	         0	         0	         0	         0	         0	         0	         0	         0	         0	         0	         0	         0	          0	         0	         0	         0	         0	        0	         0	         0	         0	         0	          0	#_291       
 2007	7	 8	1	0	1	38	38	  1	        0	         0	         0	         0	         0	         0	         0	        0	         0	         0	         0	        0	         0	         0	        0	        0	         0	         0	         0	         0	         0	         1	          0	        0	         0	         0	         0	         0	         0	          0	          0	          0	         0	         0	         0	         0	         0	          0	         0	         0	        0	         0	         0	         0	         0	         0	         0	         0	         0	         0	         0	         0	         0	        0	         0	         0	          0	         0	         0	         0	         0	         0	         0	         0	         0	         0	         0	         0	         0	          0	         0	         0	         0	         0	        0	         0	         0	         0	         0	          0	#_292       
 2008	7	 8	1	0	1	38	38	  1	        0	         0	         0	         0	         0	         0	         0	        0	         0	         1	         0	        0	         0	         0	        0	        0	         0	         0	         0	         0	         0	         0	          0	        0	         0	         0	         0	         0	         0	          0	          0	          0	         0	         0	         0	         0	         0	          0	         0	         0	        0	         0	         0	         0	         0	         0	         0	         0	         0	         0	         0	         0	         0	        0	         0	         0	          0	         0	         0	         0	         0	         0	         0	         0	         0	         0	         0	         0	         0	          0	         0	         0	         0	         0	        0	         0	         0	         0	         0	          0	#_293       
 2009	7	 8	1	0	1	38	38	  2	        0	         0	         0	         0	         0	         0	         0	        0	         0	         0	         0	        0	         0	         0	        0	        0	         0	         0	         0	         1	         1	         0	          0	        0	         0	         0	         0	         0	         0	          0	          0	          0	         0	         0	         0	         0	         0	          0	         0	         0	        0	         0	         0	         0	         0	         0	         0	         0	         0	         0	         0	         0	         0	        0	         0	         0	          0	         0	         0	         0	         0	         0	         0	         0	         0	         0	         0	         0	         0	          0	         0	         0	         0	         0	        0	         0	         0	         0	         0	          0	#_294       
 2010	7	 8	1	0	1	38	38	  5	        0	         0	         0	         0	         0	         0	         0	        1	         0	         3	         0	        0	         0	         0	        0	        1	         0	         0	         0	         0	         0	         0	          0	        0	         0	         0	         0	         0	         0	          0	          0	          0	         0	         0	         0	         0	         0	          0	         0	         0	        0	         0	         0	         0	         0	         0	         0	         0	         0	         0	         0	         0	         0	        0	         0	         0	          0	         0	         0	         0	         0	         0	         0	         0	         0	         0	         0	         0	         0	          0	         0	         0	         0	         0	        0	         0	         0	         0	         0	          0	#_295       
 2011	7	 8	1	0	1	38	38	  9	        0	         0	         0	         0	         0	         0	         0	        0	         0	         4	         3	        0	         1	         0	        0	        0	         1	         0	         0	         0	         0	         0	          0	        0	         0	         0	         0	         0	         0	          0	          0	          0	         0	         0	         0	         0	         0	          0	         0	         0	        0	         0	         0	         0	         0	         0	         0	         0	         0	         0	         0	         0	         0	        0	         0	         0	          0	         0	         0	         0	         0	         0	         0	         0	         0	         0	         0	         0	         0	          0	         0	         0	         0	         0	        0	         0	         0	         0	         0	          0	#_296       
 2016	7	 8	1	0	1	38	38	  5	        0	         0	         0	         0	         0	         0	         0	        0	         0	         0	         0	        0	         0	         1	        1	        2	         0	         0	         0	         0	         0	         0	          0	        0	         0	         0	         0	         0	         0	          0	          0	          0	         0	         0	         0	         0	         0	          0	         0	         1	        0	         0	         0	         0	         0	         0	         0	         0	         0	         0	         0	         0	         0	        0	         0	         0	          0	         0	         0	         0	         0	         0	         0	         0	         0	         0	         0	         0	         0	          0	         0	         0	         0	         0	        0	         0	         0	         0	         0	          0	#_297       
 2003	7	 8	2	0	1	39	39	  4	        0	         0	         0	         0	         0	         0	         0	        0	         0	         0	         0	        0	         0	         0	        0	        0	         0	         0	         0	         0	         0	         0	          0	        0	         0	         0	         0	         0	         0	          0	          0	          0	         0	         0	         0	         0	         0	          0	         0	         0	        0	         0	         0	         0	         0	         0	         0	         0	         0	         0	         1	         0	         0	        0	         1	         1	          0	         0	         0	         0	         0	         0	         0	         0	         0	         0	         0	         0	         0	          0	         0	         1	         0	         0	        0	         0	         0	         0	         0	          0	#_298       
 2004	7	 8	2	0	1	39	39	  3	        0	         0	         0	         0	         0	         0	         0	        0	         0	         0	         0	        0	         0	         0	        0	        0	         0	         0	         0	         0	         0	         0	          0	        0	         0	         0	         0	         0	         0	          0	          0	          0	         0	         0	         0	         0	         0	          0	         0	         0	        0	         0	         0	         0	         0	         0	         0	         0	         0	         0	         0	         0	         0	        1	         0	         1	          0	         0	         0	         0	         0	         1	         0	         0	         0	         0	         0	         0	         0	          0	         0	         0	         0	         0	        0	         0	         0	         0	         0	          0	#_299       
 2005	7	 8	2	0	1	39	39	  3	        0	         0	         0	         0	         0	         0	         0	        0	         0	         0	         0	        0	         0	         0	        0	        0	         0	         0	         0	         0	         0	         0	          0	        0	         0	         0	         0	         0	         0	          0	          0	          0	         0	         0	         0	         0	         0	          0	         0	         0	        0	         0	         0	         0	         0	         0	         0	         0	         1	         0	         0	         0	         0	        0	         0	         0	          0	         0	         0	         1	         0	         0	         0	         0	         0	         0	         0	         0	         0	          0	         1	         0	         0	         0	        0	         0	         0	         0	         0	          0	#_300       
 2007	7	 8	2	0	1	39	39	  4	        0	         0	         0	         0	         0	         0	         0	        0	         0	         0	         0	        0	         0	         0	        0	        0	         0	         0	         0	         0	         0	         0	          0	        0	         0	         0	         0	         0	         0	          0	          0	          0	         0	         0	         0	         0	         0	          0	         0	         0	        0	         0	         0	         0	         0	         0	         0	         0	         0	         0	         0	         0	         0	        0	         0	         0	          0	         0	         0	         1	         0	         1	         0	         0	         0	         0	         1	         1	         0	          0	         0	         0	         0	         0	        0	         0	         0	         0	         0	          0	#_301       
 2008	7	 8	2	0	1	39	39	  5	        0	         0	         0	         0	         0	         0	         0	        0	         0	         0	         0	        0	         0	         0	        0	        0	         0	         0	         0	         0	         0	         0	          0	        0	         0	         0	         0	         0	         0	          0	          0	          0	         0	         0	         0	         0	         0	          0	         0	         0	        0	         0	         0	         0	         0	         0	         0	         0	         0	         0	         0	         0	         0	        0	         1	         1	          1	         0	         0	         0	         2	         0	         0	         0	         0	         0	         0	         0	         0	          0	         0	         0	         0	         0	        0	         0	         0	         0	         0	          0	#_302       
 2009	7	 8	2	0	1	39	39	  2	        0	         0	         0	         0	         0	         0	         0	        0	         0	         0	         0	        0	         0	         0	        0	        0	         0	         0	         0	         0	         0	         0	          0	        0	         0	         0	         0	         0	         0	          0	          0	          0	         0	         0	         0	         0	         0	          0	         0	         0	        0	         0	         0	         0	         0	         0	         0	         0	         0	         0	         0	         0	         0	        0	         0	         0	          0	         1	         0	         0	         0	         0	         0	         0	         0	         0	         0	         0	         0	          0	         0	         0	         0	         0	        0	         0	         0	         0	         0	          1	#_303       
 2010	7	 8	2	0	1	39	39	  6	        0	         0	         0	         0	         0	         0	         0	        0	         0	         0	         0	        0	         0	         0	        0	        0	         0	         0	         0	         0	         0	         0	          0	        0	         0	         0	         0	         0	         0	          0	          0	          0	         0	         0	         0	         0	         0	          0	         0	         0	        0	         0	         0	         0	         0	         0	         0	         0	         1	         0	         0	         0	         1	        2	         0	         0	          0	         0	         0	         0	         0	         0	         0	         0	         0	         1	         0	         0	         0	          0	         0	         0	         0	         0	        0	         0	         0	         0	         0	          1	#_304       
 2011	7	 8	2	0	1	39	39	  3	        0	         0	         0	         0	         0	         0	         0	        0	         0	         0	         0	        0	         0	         0	        0	        0	         0	         0	         0	         0	         0	         0	          0	        0	         0	         0	         0	         0	         0	          0	          0	          0	         0	         0	         0	         0	         0	          0	         0	         0	        0	         0	         0	         0	         0	         0	         0	         0	         0	         0	         1	         0	         0	        1	         0	         0	          0	         0	         0	         0	         0	         0	         0	         0	         0	         1	         0	         0	         0	          0	         0	         0	         0	         0	        0	         0	         0	         0	         0	          0	#_305       
 2014	7	 8	2	0	1	39	39	  2	        0	         0	         0	         0	         0	         0	         0	        0	         0	         0	         0	        0	         0	         0	        0	        0	         0	         0	         0	         0	         0	         0	          0	        0	         0	         0	         0	         0	         0	          0	          0	          0	         0	         0	         0	         0	         0	          0	         0	         0	        0	         0	         0	         0	         0	         0	         0	         0	         0	         0	         0	         0	         0	        0	         0	         0	          0	         0	         0	         0	         0	         0	         0	         0	         0	         0	         0	         0	         0	          0	         0	         0	         0	         0	        0	         0	         0	         1	         0	          1	#_306       
 2016	7	 8	2	0	1	39	39	  5	        0	         0	         0	         0	         0	         0	         0	        0	         0	         0	         0	        0	         0	         0	        0	        0	         0	         0	         0	         0	         0	         0	          0	        0	         0	         0	         0	         0	         0	          0	          0	          0	         0	         0	         0	         0	         0	          0	         0	         0	        0	         0	         0	         0	         0	         0	         0	         0	         0	         0	         0	         0	         0	        0	         1	         0	          0	         0	         0	         0	         0	         0	         0	         0	         0	         0	         0	         0	         0	          1	         0	         0	         0	         1	        0	         0	         0	         0	         1	          1	#_307       
 2003	7	 8	1	0	1	39	39	  8	        0	         0	         0	         0	         0	         0	         0	        0	         0	         1	         0	        0	         2	         1	        0	        2	         0	         1	         0	         0	         0	         0	          0	        0	         0	         0	         0	         0	         0	          0	          0	          0	         1	         0	         0	         0	         0	          0	         0	         0	        0	         0	         0	         0	         0	         0	         0	         0	         0	         0	         0	         0	         0	        0	         0	         0	          0	         0	         0	         0	         0	         0	         0	         0	         0	         0	         0	         0	         0	          0	         0	         0	         0	         0	        0	         0	         0	         0	         0	          0	#_308       
 2004	7	 8	1	0	1	39	39	  2	        0	         0	         0	         0	         0	         0	         0	        0	         0	         0	         0	        0	         1	         0	        1	        0	         0	         0	         0	         0	         0	         0	          0	        0	         0	         0	         0	         0	         0	          0	          0	          0	         0	         0	         0	         0	         0	          0	         0	         0	        0	         0	         0	         0	         0	         0	         0	         0	         0	         0	         0	         0	         0	        0	         0	         0	          0	         0	         0	         0	         0	         0	         0	         0	         0	         0	         0	         0	         0	          0	         0	         0	         0	         0	        0	         0	         0	         0	         0	          0	#_309       
 2006	7	 8	1	0	1	39	39	  1	        0	         0	         0	         0	         0	         0	         0	        0	         0	         0	         0	        0	         0	         0	        0	        0	         0	         0	         0	         0	         0	         0	          0	        0	         0	         0	         0	         0	         0	          0	          0	          0	         0	         0	         0	         0	         0	          0	         0	         1	        0	         0	         0	         0	         0	         0	         0	         0	         0	         0	         0	         0	         0	        0	         0	         0	          0	         0	         0	         0	         0	         0	         0	         0	         0	         0	         0	         0	         0	          0	         0	         0	         0	         0	        0	         0	         0	         0	         0	          0	#_310       
 2007	7	 8	1	0	1	39	39	  1	        0	         0	         0	         0	         0	         0	         0	        0	         0	         0	         0	        0	         0	         0	        0	        0	         0	         0	         0	         0	         0	         0	          0	        1	         0	         0	         0	         0	         0	          0	          0	          0	         0	         0	         0	         0	         0	          0	         0	         0	        0	         0	         0	         0	         0	         0	         0	         0	         0	         0	         0	         0	         0	        0	         0	         0	          0	         0	         0	         0	         0	         0	         0	         0	         0	         0	         0	         0	         0	          0	         0	         0	         0	         0	        0	         0	         0	         0	         0	          0	#_311       
 2008	7	 8	1	0	1	39	39	  3	        0	         0	         0	         0	         0	         0	         0	        0	         0	         0	         0	        1	         0	         0	        1	        1	         0	         0	         0	         0	         0	         0	          0	        0	         0	         0	         0	         0	         0	          0	          0	          0	         0	         0	         0	         0	         0	          0	         0	         0	        0	         0	         0	         0	         0	         0	         0	         0	         0	         0	         0	         0	         0	        0	         0	         0	          0	         0	         0	         0	         0	         0	         0	         0	         0	         0	         0	         0	         0	          0	         0	         0	         0	         0	        0	         0	         0	         0	         0	          0	#_312       
 2009	7	 8	1	0	1	39	39	  4	        0	         0	         0	         0	         0	         0	         0	        0	         0	         0	         0	        0	         0	         0	        0	        0	         0	         0	         1	         0	         0	         1	          0	        0	         0	         0	         0	         0	         1	          0	          0	          0	         0	         0	         0	         0	         0	          0	         1	         0	        0	         0	         0	         0	         0	         0	         0	         0	         0	         0	         0	         0	         0	        0	         0	         0	          0	         0	         0	         0	         0	         0	         0	         0	         0	         0	         0	         0	         0	          0	         0	         0	         0	         0	        0	         0	         0	         0	         0	          0	#_313       
 2010	7	 8	1	0	1	39	39	  9	        0	         0	         0	         0	         0	         0	         0	        0	         0	         3	         2	        0	         0	         1	        0	        0	         0	         1	         1	         0	         0	         0	          0	        0	         0	         0	         0	         0	         0	          0	          0	          0	         0	         0	         0	         0	         0	          1	         0	         0	        0	         0	         0	         0	         0	         0	         0	         0	         0	         0	         0	         0	         0	        0	         0	         0	          0	         0	         0	         0	         0	         0	         0	         0	         0	         0	         0	         0	         0	          0	         0	         0	         0	         0	        0	         0	         0	         0	         0	          0	#_314       
 2011	7	 8	1	0	1	39	39	  9	        0	         0	         0	         0	         0	         0	         0	        0	         0	         1	         3	        2	         0	         0	        0	        0	         0	         0	         0	         0	         1	         0	          1	        0	         0	         0	         0	         0	         0	          0	          1	          0	         0	         0	         0	         0	         0	          0	         0	         0	        0	         0	         0	         0	         0	         0	         0	         0	         0	         0	         0	         0	         0	        0	         0	         0	          0	         0	         0	         0	         0	         0	         0	         0	         0	         0	         0	         0	         0	          0	         0	         0	         0	         0	        0	         0	         0	         0	         0	          0	#_315       
 2016	7	 8	1	0	1	39	39	 12	        0	         0	         0	         0	         0	         0	         0	        0	         0	         0	         0	        0	         1	         0	        0	        3	         1	         3	         0	         1	         0	         1	          0	        0	         0	         1	         0	         0	         0	          0	          0	          0	         0	         0	         0	         1	         0	          0	         0	         0	        0	         0	         0	         0	         0	         0	         0	         0	         0	         0	         0	         0	         0	        0	         0	         0	          0	         0	         0	         0	         0	         0	         0	         0	         0	         0	         0	         0	         0	          0	         0	         0	         0	         0	        0	         0	         0	         0	         0	          0	#_316       
 2010	7	 8	0	0	1	39	39	  1	        0	         0	         0	         0	         0	         0	         0	        0	         0	         0	         0	        1	         0	         0	        0	        0	         0	         0	         0	         0	         0	         0	          0	        0	         0	         0	         0	         0	         0	          0	          0	          0	         0	         0	         0	         0	         0	          0	         0	         0	        0	         0	         0	         0	         0	         0	         0	         0	         0	         0	         0	         0	         0	        0	         0	         0	          0	         0	         0	         0	         0	         0	         0	         0	         0	         0	         0	         0	         0	          0	         0	         0	         0	         0	        0	         0	         0	         0	         0	          0	#_317       
 2003	7	 8	2	0	1	40	40	  1	        0	         0	         0	         0	         0	         0	         0	        0	         0	         0	         0	        0	         0	         0	        0	        0	         0	         0	         0	         0	         0	         0	          0	        0	         0	         0	         0	         0	         0	          0	          0	          0	         0	         0	         0	         0	         0	          0	         0	         0	        0	         0	         0	         0	         0	         0	         0	         0	         0	         0	         0	         0	         0	        0	         0	         0	          0	         0	         0	         0	         0	         0	         0	         0	         0	         0	         0	         0	         0	          0	         1	         0	         0	         0	        0	         0	         0	         0	         0	          0	#_318       
 2004	7	 8	2	0	1	40	40	  1	        0	         0	         0	         0	         0	         0	         0	        0	         0	         0	         0	        0	         0	         0	        0	        0	         0	         0	         0	         0	         0	         0	          0	        0	         0	         0	         0	         0	         0	          0	          0	          0	         0	         0	         0	         0	         0	          0	         0	         0	        0	         0	         0	         0	         0	         0	         0	         0	         0	         0	         0	         0	         0	        0	         0	         0	          0	         0	         0	         0	         0	         0	         0	         0	         0	         0	         0	         0	         0	          0	         0	         0	         0	         0	        0	         0	         0	         0	         0	          1	#_319       
 2005	7	 8	2	0	1	40	40	  2	        0	         0	         0	         0	         0	         0	         0	        0	         0	         0	         0	        0	         0	         0	        0	        0	         0	         0	         0	         0	         0	         0	          0	        0	         0	         0	         0	         0	         0	          0	          0	          0	         0	         0	         0	         0	         0	          0	         0	         0	        0	         0	         0	         0	         0	         0	         0	         0	         0	         0	         0	         0	         0	        0	         0	         0	          1	         0	         1	         0	         0	         0	         0	         0	         0	         0	         0	         0	         0	          0	         0	         0	         0	         0	        0	         0	         0	         0	         0	          0	#_320       
 2007	7	 8	2	0	1	40	40	  5	        0	         0	         0	         0	         0	         0	         0	        0	         0	         0	         0	        0	         0	         0	        0	        0	         0	         0	         0	         0	         0	         0	          0	        0	         0	         0	         0	         0	         0	          0	          0	          0	         0	         0	         0	         0	         0	          0	         0	         0	        0	         0	         0	         0	         0	         0	         0	         0	         0	         0	         0	         0	         0	        0	         0	         0	          0	         0	         0	         0	         0	         0	         1	         0	         0	         0	         0	         0	         0	          0	         0	         0	         0	         1	        0	         1	         0	         0	         0	          2	#_321       
 2008	7	 8	2	0	1	40	40	  5	        0	         0	         0	         0	         0	         0	         0	        0	         0	         0	         0	        0	         0	         0	        0	        0	         0	         0	         0	         0	         0	         0	          0	        0	         0	         0	         0	         0	         0	          0	          0	          0	         0	         0	         0	         0	         0	          0	         0	         0	        0	         0	         0	         0	         0	         0	         0	         0	         0	         0	         0	         0	         0	        0	         1	         0	          0	         1	         1	         0	         0	         0	         1	         0	         1	         0	         0	         0	         0	          0	         0	         0	         0	         0	        0	         0	         0	         0	         0	          0	#_322       
 2009	7	 8	2	0	1	40	40	  1	        0	         0	         0	         0	         0	         0	         0	        0	         0	         0	         0	        0	         0	         0	        0	        0	         0	         0	         0	         0	         0	         0	          0	        0	         0	         0	         0	         0	         0	          0	          0	          0	         0	         0	         0	         0	         0	          0	         0	         0	        0	         0	         0	         0	         0	         0	         0	         0	         0	         0	         0	         0	         0	        0	         0	         0	          0	         0	         0	         0	         0	         0	         0	         0	         0	         0	         0	         0	         0	          0	         0	         0	         0	         0	        0	         0	         0	         0	         0	          1	#_323       
 2010	7	 8	2	0	1	40	40	 14	        0	         0	         0	         0	         0	         0	         0	        0	         0	         0	         0	        0	         0	         0	        0	        0	         0	         0	         0	         0	         0	         0	          0	        0	         0	         0	         0	         0	         0	          0	          0	          0	         0	         0	         0	         0	         0	          0	         0	         0	        0	         0	         0	         0	         0	         0	         0	         0	         0	         1	         0	         0	         0	        0	         0	         0	          0	         0	         0	         1	         2	         1	         1	         0	         1	         0	         0	         1	         1	          3	         1	         0	         0	         0	        0	         1	         0	         0	         0	          0	#_324       
 2011	7	 8	2	0	1	40	40	  4	        0	         0	         0	         0	         0	         0	         0	        0	         0	         0	         0	        0	         0	         0	        0	        0	         0	         0	         0	         0	         0	         0	          0	        0	         0	         0	         0	         0	         0	          0	          0	          0	         0	         0	         0	         0	         0	          0	         0	         0	        0	         0	         0	         0	         0	         0	         0	         0	         0	         0	         1	         0	         0	        0	         0	         1	          0	         0	         0	         0	         1	         0	         0	         0	         0	         0	         0	         1	         0	          0	         0	         0	         0	         0	        0	         0	         0	         0	         0	          0	#_325       
 2016	7	 8	2	0	1	40	40	  1	        0	         0	         0	         0	         0	         0	         0	        0	         0	         0	         0	        0	         0	         0	        0	        0	         0	         0	         0	         0	         0	         0	          0	        0	         0	         0	         0	         0	         0	          0	          0	          0	         0	         0	         0	         0	         0	          0	         0	         0	        0	         0	         0	         0	         0	         0	         0	         0	         0	         0	         0	         0	         0	        0	         0	         0	          0	         0	         0	         0	         0	         0	         0	         0	         0	         0	         0	         0	         0	          0	         0	         0	         0	         0	        0	         0	         0	         0	         0	          1	#_326       
 2003	7	 8	1	0	1	40	40	  5	        0	         0	         0	         0	         0	         0	         0	        0	         0	         0	         0	        3	         1	         0	        0	        0	         0	         1	         0	         0	         0	         0	          0	        0	         0	         0	         0	         0	         0	          0	          0	          0	         0	         0	         0	         0	         0	          0	         0	         0	        0	         0	         0	         0	         0	         0	         0	         0	         0	         0	         0	         0	         0	        0	         0	         0	          0	         0	         0	         0	         0	         0	         0	         0	         0	         0	         0	         0	         0	          0	         0	         0	         0	         0	        0	         0	         0	         0	         0	          0	#_327       
 2004	7	 8	1	0	1	40	40	  2	        0	         0	         0	         0	         0	         0	         0	        0	         0	         0	         0	        0	         0	         0	        0	        2	         0	         0	         0	         0	         0	         0	          0	        0	         0	         0	         0	         0	         0	          0	          0	          0	         0	         0	         0	         0	         0	          0	         0	         0	        0	         0	         0	         0	         0	         0	         0	         0	         0	         0	         0	         0	         0	        0	         0	         0	          0	         0	         0	         0	         0	         0	         0	         0	         0	         0	         0	         0	         0	          0	         0	         0	         0	         0	        0	         0	         0	         0	         0	          0	#_328       
 2007	7	 8	1	0	1	40	40	  1	        0	         0	         0	         0	         0	         0	         0	        0	         0	         0	         0	        0	         0	         0	        0	        0	         0	         0	         0	         0	         0	         0	          0	        0	         0	         0	         0	         0	         0	          0	          1	          0	         0	         0	         0	         0	         0	          0	         0	         0	        0	         0	         0	         0	         0	         0	         0	         0	         0	         0	         0	         0	         0	        0	         0	         0	          0	         0	         0	         0	         0	         0	         0	         0	         0	         0	         0	         0	         0	          0	         0	         0	         0	         0	        0	         0	         0	         0	         0	          0	#_329       
 2008	7	 8	1	0	1	40	40	  1	        0	         0	         0	         0	         0	         0	         0	        0	         0	         0	         0	        0	         0	         0	        0	        0	         0	         0	         0	         0	         0	         1	          0	        0	         0	         0	         0	         0	         0	          0	          0	          0	         0	         0	         0	         0	         0	          0	         0	         0	        0	         0	         0	         0	         0	         0	         0	         0	         0	         0	         0	         0	         0	        0	         0	         0	          0	         0	         0	         0	         0	         0	         0	         0	         0	         0	         0	         0	         0	          0	         0	         0	         0	         0	        0	         0	         0	         0	         0	          0	#_330       
 2009	7	 8	1	0	1	40	40	  1	        0	         0	         0	         0	         0	         0	         0	        0	         0	         0	         0	        0	         0	         0	        0	        0	         0	         0	         0	         0	         0	         0	          0	        1	         0	         0	         0	         0	         0	          0	          0	          0	         0	         0	         0	         0	         0	          0	         0	         0	        0	         0	         0	         0	         0	         0	         0	         0	         0	         0	         0	         0	         0	        0	         0	         0	          0	         0	         0	         0	         0	         0	         0	         0	         0	         0	         0	         0	         0	          0	         0	         0	         0	         0	        0	         0	         0	         0	         0	          0	#_331       
 2010	7	 8	1	0	1	40	40	  7	        0	         0	         0	         0	         0	         0	         0	        0	         0	         0	         0	        0	         0	         1	        0	        2	         0	         0	         0	         1	         0	         0	          0	        0	         0	         0	         0	         0	         1	          0	          0	          0	         0	         0	         0	         0	         0	          0	         1	         1	        0	         0	         0	         0	         0	         0	         0	         0	         0	         0	         0	         0	         0	        0	         0	         0	          0	         0	         0	         0	         0	         0	         0	         0	         0	         0	         0	         0	         0	          0	         0	         0	         0	         0	        0	         0	         0	         0	         0	          0	#_332       
 2011	7	 8	1	0	1	40	40	  6	        0	         0	         0	         0	         0	         0	         0	        0	         0	         1	         2	        2	         0	         0	        0	        0	         0	         0	         0	         0	         0	         0	          0	        0	         0	         0	         0	         0	         0	          1	          0	          0	         0	         0	         0	         0	         0	          0	         0	         0	        0	         0	         0	         0	         0	         0	         0	         0	         0	         0	         0	         0	         0	        0	         0	         0	          0	         0	         0	         0	         0	         0	         0	         0	         0	         0	         0	         0	         0	          0	         0	         0	         0	         0	        0	         0	         0	         0	         0	          0	#_333       
 2016	7	 8	1	0	1	40	40	  3	        0	         0	         0	         0	         0	         0	         0	        0	         0	         0	         0	        0	         0	         1	        0	        0	         0	         0	         0	         1	         0	         0	          0	        0	         0	         0	         0	         0	         1	          0	          0	          0	         0	         0	         0	         0	         0	          0	         0	         0	        0	         0	         0	         0	         0	         0	         0	         0	         0	         0	         0	         0	         0	        0	         0	         0	          0	         0	         0	         0	         0	         0	         0	         0	         0	         0	         0	         0	         0	          0	         0	         0	         0	         0	        0	         0	         0	         0	         0	          0	#_334       
 2003	7	 8	2	0	1	41	41	  2	        0	         0	         0	         0	         0	         0	         0	        0	         0	         0	         0	        0	         0	         0	        0	        0	         0	         0	         0	         0	         0	         0	          0	        0	         0	         0	         0	         0	         0	          0	          0	          0	         0	         0	         0	         0	         0	          0	         0	         0	        0	         0	         0	         0	         0	         0	         0	         0	         0	         0	         0	         0	         1	        0	         0	         0	          0	         0	         0	         0	         1	         0	         0	         0	         0	         0	         0	         0	         0	          0	         0	         0	         0	         0	        0	         0	         0	         0	         0	          0	#_335       
 2004	7	 8	2	0	1	41	41	  1	        0	         0	         0	         0	         0	         0	         0	        0	         0	         0	         0	        0	         0	         0	        0	        0	         0	         0	         0	         0	         0	         0	          0	        0	         0	         0	         0	         0	         0	          0	          0	          0	         0	         0	         0	         0	         0	          0	         0	         0	        0	         0	         0	         0	         0	         0	         0	         0	         0	         0	         0	         0	         0	        0	         0	         0	          0	         0	         0	         0	         1	         0	         0	         0	         0	         0	         0	         0	         0	          0	         0	         0	         0	         0	        0	         0	         0	         0	         0	          0	#_336       
 2005	7	 8	2	0	1	41	41	  4	        0	         0	         0	         0	         0	         0	         0	        0	         0	         0	         0	        0	         0	         0	        0	        0	         0	         0	         0	         0	         0	         0	          0	        0	         0	         0	         0	         0	         0	          0	          0	          0	         0	         0	         0	         0	         0	          0	         0	         0	        0	         0	         0	         0	         0	         0	         0	         0	         0	         0	         0	         0	         0	        0	         0	         0	          0	         0	         0	         0	         1	         0	         0	         0	         1	         1	         0	         0	         0	          0	         0	         0	         0	         0	        0	         0	         0	         0	         0	          1	#_337       
 2007	7	 8	2	0	1	41	41	  2	        0	         0	         0	         0	         0	         0	         0	        0	         0	         0	         0	        0	         0	         0	        0	        0	         0	         0	         0	         0	         0	         0	          0	        0	         0	         0	         0	         0	         0	          0	          0	          0	         0	         0	         0	         0	         0	          0	         0	         0	        0	         0	         0	         0	         0	         0	         0	         0	         0	         0	         0	         0	         0	        0	         0	         0	          0	         0	         0	         0	         0	         0	         1	         0	         0	         0	         0	         0	         0	          0	         0	         0	         0	         0	        0	         0	         0	         0	         0	          1	#_338       
 2008	7	 8	2	0	1	41	41	  8	        0	         0	         0	         0	         0	         0	         0	        0	         0	         0	         0	        0	         0	         0	        0	        0	         0	         0	         0	         0	         0	         0	          0	        0	         0	         0	         0	         0	         0	          0	          0	          0	         0	         0	         0	         0	         0	          0	         0	         0	        0	         0	         0	         0	         0	         0	         0	         0	         0	         0	         0	         0	         1	        0	         2	         1	          2	         2	         0	         0	         0	         0	         0	         0	         0	         0	         0	         0	         0	          0	         0	         0	         0	         0	        0	         0	         0	         0	         0	          0	#_339       
 2010	7	 8	2	0	1	41	41	 17	        0	         0	         0	         0	         0	         0	         0	        0	         0	         0	         0	        0	         0	         0	        0	        0	         0	         0	         0	         0	         0	         0	          0	        0	         0	         0	         0	         0	         0	          0	          0	          0	         0	         0	         0	         0	         0	          0	         0	         0	        0	         0	         0	         0	         0	         0	         0	         0	         0	         0	         0	         0	         0	        0	         0	         0	          0	         0	         2	         1	         1	         0	         0	         1	         0	         1	         1	         2	         2	          1	         1	         0	         1	         0	        0	         0	         0	         0	         0	          3	#_340       
 2014	7	 8	2	0	1	41	41	  1	        0	         0	         0	         0	         0	         0	         0	        0	         0	         0	         0	        0	         0	         0	        0	        0	         0	         0	         0	         0	         0	         0	          0	        0	         0	         0	         0	         0	         0	          0	          0	          0	         0	         0	         0	         0	         0	          0	         0	         0	        0	         0	         0	         0	         0	         0	         0	         0	         0	         0	         0	         0	         0	        0	         0	         0	          0	         0	         0	         0	         0	         0	         0	         0	         0	         0	         0	         0	         0	          0	         0	         0	         0	         0	        0	         0	         0	         0	         0	          1	#_341       
 2016	7	 8	2	0	1	41	41	  1	        0	         0	         0	         0	         0	         0	         0	        0	         0	         0	         0	        0	         0	         0	        0	        0	         0	         0	         0	         0	         0	         0	          0	        0	         0	         0	         0	         0	         0	          0	          0	          0	         0	         0	         0	         0	         0	          0	         0	         0	        0	         0	         0	         0	         0	         0	         0	         0	         0	         0	         0	         0	         0	        0	         0	         0	          0	         0	         0	         0	         0	         0	         0	         0	         1	         0	         0	         0	         0	          0	         0	         0	         0	         0	        0	         0	         0	         0	         0	          0	#_342       
 2003	7	 8	1	0	1	41	41	  3	        0	         0	         0	         0	         0	         0	         0	        0	         0	         0	         0	        1	         0	         0	        0	        1	         0	         0	         1	         0	         0	         0	          0	        0	         0	         0	         0	         0	         0	          0	          0	          0	         0	         0	         0	         0	         0	          0	         0	         0	        0	         0	         0	         0	         0	         0	         0	         0	         0	         0	         0	         0	         0	        0	         0	         0	          0	         0	         0	         0	         0	         0	         0	         0	         0	         0	         0	         0	         0	          0	         0	         0	         0	         0	        0	         0	         0	         0	         0	          0	#_343       
 2004	7	 8	1	0	1	41	41	  1	        0	         0	         0	         0	         0	         0	         0	        0	         0	         0	         0	        0	         0	         0	        0	        0	         1	         0	         0	         0	         0	         0	          0	        0	         0	         0	         0	         0	         0	          0	          0	          0	         0	         0	         0	         0	         0	          0	         0	         0	        0	         0	         0	         0	         0	         0	         0	         0	         0	         0	         0	         0	         0	        0	         0	         0	          0	         0	         0	         0	         0	         0	         0	         0	         0	         0	         0	         0	         0	          0	         0	         0	         0	         0	        0	         0	         0	         0	         0	          0	#_344       
 2005	7	 8	1	0	1	41	41	  3	        0	         0	         0	         0	         0	         0	         0	        0	         0	         0	         0	        0	         1	         0	        2	        0	         0	         0	         0	         0	         0	         0	          0	        0	         0	         0	         0	         0	         0	          0	          0	          0	         0	         0	         0	         0	         0	          0	         0	         0	        0	         0	         0	         0	         0	         0	         0	         0	         0	         0	         0	         0	         0	        0	         0	         0	          0	         0	         0	         0	         0	         0	         0	         0	         0	         0	         0	         0	         0	          0	         0	         0	         0	         0	        0	         0	         0	         0	         0	          0	#_345       
 2007	7	 8	1	0	1	41	41	  1	        0	         0	         0	         0	         0	         0	         0	        0	         0	         0	         0	        0	         0	         0	        0	        0	         0	         0	         0	         0	         0	         0	          0	        0	         0	         0	         0	         1	         0	          0	          0	          0	         0	         0	         0	         0	         0	          0	         0	         0	        0	         0	         0	         0	         0	         0	         0	         0	         0	         0	         0	         0	         0	        0	         0	         0	          0	         0	         0	         0	         0	         0	         0	         0	         0	         0	         0	         0	         0	          0	         0	         0	         0	         0	        0	         0	         0	         0	         0	          0	#_346       
 2008	7	 8	1	0	1	41	41	  3	        0	         0	         0	         0	         0	         0	         0	        0	         0	         0	         2	        0	         0	         1	        0	        0	         0	         0	         0	         0	         0	         0	          0	        0	         0	         0	         0	         0	         0	          0	          0	          0	         0	         0	         0	         0	         0	          0	         0	         0	        0	         0	         0	         0	         0	         0	         0	         0	         0	         0	         0	         0	         0	        0	         0	         0	          0	         0	         0	         0	         0	         0	         0	         0	         0	         0	         0	         0	         0	          0	         0	         0	         0	         0	        0	         0	         0	         0	         0	          0	#_347       
 2009	7	 8	1	0	1	41	41	  2	        0	         0	         0	         0	         0	         0	         0	        0	         0	         0	         0	        0	         0	         0	        0	        0	         0	         0	         0	         0	         0	         0	          1	        0	         0	         0	         0	         0	         0	          0	          0	          0	         0	         0	         0	         0	         0	          0	         0	         1	        0	         0	         0	         0	         0	         0	         0	         0	         0	         0	         0	         0	         0	        0	         0	         0	          0	         0	         0	         0	         0	         0	         0	         0	         0	         0	         0	         0	         0	          0	         0	         0	         0	         0	        0	         0	         0	         0	         0	          0	#_348       
 2010	7	 8	1	0	1	41	41	  4	        0	         0	         0	         0	         0	         0	         0	        0	         0	         0	         0	        1	         0	         0	        1	        1	         0	         0	         0	         0	         0	         0	          0	        0	         0	         0	         0	         0	         0	          0	          0	          0	         0	         0	         0	         0	         0	          0	         0	         1	        0	         0	         0	         0	         0	         0	         0	         0	         0	         0	         0	         0	         0	        0	         0	         0	          0	         0	         0	         0	         0	         0	         0	         0	         0	         0	         0	         0	         0	          0	         0	         0	         0	         0	        0	         0	         0	         0	         0	          0	#_349       
 2011	7	 8	1	0	1	41	41	  3	        0	         0	         0	         0	         0	         0	         0	        0	         0	         0	         0	        0	         0	         0	        0	        0	         1	         0	         1	         0	         0	         0	          0	        0	         0	         1	         0	         0	         0	          0	          0	          0	         0	         0	         0	         0	         0	          0	         0	         0	        0	         0	         0	         0	         0	         0	         0	         0	         0	         0	         0	         0	         0	        0	         0	         0	          0	         0	         0	         0	         0	         0	         0	         0	         0	         0	         0	         0	         0	          0	         0	         0	         0	         0	        0	         0	         0	         0	         0	          0	#_350       
 2014	7	 8	1	0	1	41	41	  1	        0	         0	         0	         0	         0	         0	         0	        0	         0	         0	         0	        0	         0	         0	        0	        0	         0	         0	         0	         0	         0	         0	          0	        0	         0	         0	         0	         0	         0	          0	          0	          0	         0	         0	         0	         0	         0	          0	         0	         1	        0	         0	         0	         0	         0	         0	         0	         0	         0	         0	         0	         0	         0	        0	         0	         0	          0	         0	         0	         0	         0	         0	         0	         0	         0	         0	         0	         0	         0	          0	         0	         0	         0	         0	        0	         0	         0	         0	         0	          0	#_351       
 2016	7	 8	1	0	1	41	41	  2	        0	         0	         0	         0	         0	         0	         0	        0	         0	         0	         0	        0	         1	         0	        0	        0	         1	         0	         0	         0	         0	         0	          0	        0	         0	         0	         0	         0	         0	          0	          0	          0	         0	         0	         0	         0	         0	          0	         0	         0	        0	         0	         0	         0	         0	         0	         0	         0	         0	         0	         0	         0	         0	        0	         0	         0	          0	         0	         0	         0	         0	         0	         0	         0	         0	         0	         0	         0	         0	          0	         0	         0	         0	         0	        0	         0	         0	         0	         0	          0	#_352       
 2004	7	 8	2	0	1	42	42	  2	        0	         0	         0	         0	         0	         0	         0	        0	         0	         0	         0	        0	         0	         0	        0	        0	         0	         0	         0	         0	         0	         0	          0	        0	         0	         0	         0	         0	         0	          0	          0	          0	         0	         0	         0	         0	         0	          0	         0	         0	        0	         0	         0	         0	         0	         0	         0	         0	         0	         0	         0	         0	         0	        0	         0	         1	          0	         0	         0	         0	         0	         0	         0	         0	         0	         0	         1	         0	         0	          0	         0	         0	         0	         0	        0	         0	         0	         0	         0	          0	#_353       
 2005	7	 8	2	0	1	42	42	  1	        0	         0	         0	         0	         0	         0	         0	        0	         0	         0	         0	        0	         0	         0	        0	        0	         0	         0	         0	         0	         0	         0	          0	        0	         0	         0	         0	         0	         0	          0	          0	          0	         0	         0	         0	         0	         0	          0	         0	         0	        0	         0	         0	         0	         0	         0	         0	         0	         0	         0	         0	         0	         0	        0	         0	         0	          0	         0	         0	         0	         0	         0	         0	         0	         0	         0	         0	         0	         0	          0	         0	         0	         0	         0	        0	         0	         0	         0	         0	          1	#_354       
 2007	7	 8	2	0	1	42	42	  1	        0	         0	         0	         0	         0	         0	         0	        0	         0	         0	         0	        0	         0	         0	        0	        0	         0	         0	         0	         0	         0	         0	          0	        0	         0	         0	         0	         0	         0	          0	          0	          0	         0	         0	         0	         0	         0	          0	         0	         0	        0	         0	         0	         0	         0	         0	         0	         0	         0	         0	         0	         0	         0	        0	         0	         1	          0	         0	         0	         0	         0	         0	         0	         0	         0	         0	         0	         0	         0	          0	         0	         0	         0	         0	        0	         0	         0	         0	         0	          0	#_355       
 2008	7	 8	2	0	1	42	42	  6	        0	         0	         0	         0	         0	         0	         0	        0	         0	         0	         0	        0	         0	         0	        0	        0	         0	         0	         0	         0	         0	         0	          0	        0	         0	         0	         0	         0	         0	          0	          0	          0	         0	         0	         0	         0	         0	          0	         0	         0	        0	         0	         0	         0	         0	         0	         0	         0	         0	         0	         0	         0	         0	        0	         1	         0	          1	         1	         1	         0	         0	         0	         1	         0	         0	         1	         0	         0	         0	          0	         0	         0	         0	         0	        0	         0	         0	         0	         0	          0	#_356       
 2010	7	 8	2	0	1	42	42	  4	        0	         0	         0	         0	         0	         0	         0	        0	         0	         0	         0	        0	         0	         0	        0	        0	         0	         0	         0	         0	         0	         0	          0	        0	         0	         0	         0	         0	         0	          0	          0	          0	         0	         0	         0	         0	         0	          0	         0	         0	        0	         0	         0	         0	         0	         0	         0	         0	         0	         0	         0	         0	         0	        0	         0	         0	          0	         0	         0	         0	         0	         0	         0	         0	         0	         0	         1	         0	         0	          0	         0	         1	         0	         0	        0	         1	         0	         0	         0	          1	#_357       
 2011	7	 8	2	0	1	42	42	  1	        0	         0	         0	         0	         0	         0	         0	        0	         0	         0	         0	        0	         0	         0	        0	        0	         0	         0	         0	         0	         0	         0	          0	        0	         0	         0	         0	         0	         0	          0	          0	          0	         0	         0	         0	         0	         0	          0	         0	         0	        0	         0	         0	         0	         0	         0	         0	         0	         0	         0	         0	         0	         0	        0	         0	         0	          0	         0	         0	         0	         0	         0	         0	         0	         1	         0	         0	         0	         0	          0	         0	         0	         0	         0	        0	         0	         0	         0	         0	          0	#_358       
 2003	7	 8	1	0	1	42	42	  1	        0	         0	         0	         0	         0	         0	         0	        0	         0	         0	         0	        0	         0	         0	        0	        0	         0	         0	         0	         0	         0	         0	          0	        0	         0	         0	         0	         0	         0	          0	          0	          0	         0	         0	         0	         0	         1	          0	         0	         0	        0	         0	         0	         0	         0	         0	         0	         0	         0	         0	         0	         0	         0	        0	         0	         0	          0	         0	         0	         0	         0	         0	         0	         0	         0	         0	         0	         0	         0	          0	         0	         0	         0	         0	        0	         0	         0	         0	         0	          0	#_359       
 2004	7	 8	1	0	1	42	42	  5	        0	         0	         0	         0	         0	         0	         0	        0	         0	         0	         0	        0	         0	         1	        1	        0	         0	         0	         0	         0	         0	         3	          0	        0	         0	         0	         0	         0	         0	          0	          0	          0	         0	         0	         0	         0	         0	          0	         0	         0	        0	         0	         0	         0	         0	         0	         0	         0	         0	         0	         0	         0	         0	        0	         0	         0	          0	         0	         0	         0	         0	         0	         0	         0	         0	         0	         0	         0	         0	          0	         0	         0	         0	         0	        0	         0	         0	         0	         0	          0	#_360       
 2005	7	 8	1	0	1	42	42	  3	        0	         0	         0	         0	         0	         0	         0	        0	         0	         0	         0	        0	         0	         0	        1	        0	         0	         0	         0	         0	         1	         0	          1	        0	         0	         0	         0	         0	         0	          0	          0	          0	         0	         0	         0	         0	         0	          0	         0	         0	        0	         0	         0	         0	         0	         0	         0	         0	         0	         0	         0	         0	         0	        0	         0	         0	          0	         0	         0	         0	         0	         0	         0	         0	         0	         0	         0	         0	         0	          0	         0	         0	         0	         0	        0	         0	         0	         0	         0	          0	#_361       
 2007	7	 8	1	0	1	42	42	  1	        0	         0	         0	         0	         0	         0	         0	        0	         0	         0	         0	        0	         0	         0	        0	        0	         0	         1	         0	         0	         0	         0	          0	        0	         0	         0	         0	         0	         0	          0	          0	          0	         0	         0	         0	         0	         0	          0	         0	         0	        0	         0	         0	         0	         0	         0	         0	         0	         0	         0	         0	         0	         0	        0	         0	         0	          0	         0	         0	         0	         0	         0	         0	         0	         0	         0	         0	         0	         0	          0	         0	         0	         0	         0	        0	         0	         0	         0	         0	          0	#_362       
 2008	7	 8	1	0	1	42	42	  2	        0	         0	         0	         0	         0	         0	         0	        0	         0	         0	         0	        0	         0	         0	        0	        0	         0	         0	         2	         0	         0	         0	          0	        0	         0	         0	         0	         0	         0	          0	          0	          0	         0	         0	         0	         0	         0	          0	         0	         0	        0	         0	         0	         0	         0	         0	         0	         0	         0	         0	         0	         0	         0	        0	         0	         0	          0	         0	         0	         0	         0	         0	         0	         0	         0	         0	         0	         0	         0	          0	         0	         0	         0	         0	        0	         0	         0	         0	         0	          0	#_363       
 2009	7	 8	1	0	1	42	42	  1	        0	         0	         0	         0	         0	         0	         0	        0	         0	         0	         0	        0	         0	         0	        0	        0	         0	         0	         0	         0	         0	         0	          0	        0	         0	         0	         0	         0	         0	          0	          0	          0	         1	         0	         0	         0	         0	          0	         0	         0	        0	         0	         0	         0	         0	         0	         0	         0	         0	         0	         0	         0	         0	        0	         0	         0	          0	         0	         0	         0	         0	         0	         0	         0	         0	         0	         0	         0	         0	          0	         0	         0	         0	         0	        0	         0	         0	         0	         0	          0	#_364       
 2010	7	 8	1	0	1	42	42	  2	        0	         0	         0	         0	         0	         0	         0	        0	         0	         0	         0	        0	         0	         2	        0	        0	         0	         0	         0	         0	         0	         0	          0	        0	         0	         0	         0	         0	         0	          0	          0	          0	         0	         0	         0	         0	         0	          0	         0	         0	        0	         0	         0	         0	         0	         0	         0	         0	         0	         0	         0	         0	         0	        0	         0	         0	          0	         0	         0	         0	         0	         0	         0	         0	         0	         0	         0	         0	         0	          0	         0	         0	         0	         0	        0	         0	         0	         0	         0	          0	#_365       
 2011	7	 8	1	0	1	42	42	  2	        0	         0	         0	         0	         0	         0	         0	        0	         1	         0	         0	        0	         0	         0	        0	        0	         0	         0	         0	         0	         0	         0	          0	        0	         0	         0	         0	         0	         0	          0	          0	          0	         0	         0	         0	         0	         0	          0	         0	         1	        0	         0	         0	         0	         0	         0	         0	         0	         0	         0	         0	         0	         0	        0	         0	         0	          0	         0	         0	         0	         0	         0	         0	         0	         0	         0	         0	         0	         0	          0	         0	         0	         0	         0	        0	         0	         0	         0	         0	          0	#_366       
 2013	7	 8	1	0	1	42	42	  1	        0	         0	         0	         0	         0	         0	         0	        0	         0	         0	         0	        0	         0	         0	        1	        0	         0	         0	         0	         0	         0	         0	          0	        0	         0	         0	         0	         0	         0	          0	          0	          0	         0	         0	         0	         0	         0	          0	         0	         0	        0	         0	         0	         0	         0	         0	         0	         0	         0	         0	         0	         0	         0	        0	         0	         0	          0	         0	         0	         0	         0	         0	         0	         0	         0	         0	         0	         0	         0	          0	         0	         0	         0	         0	        0	         0	         0	         0	         0	          0	#_367       
 2008	7	 8	2	0	1	43	43	  2	        0	         0	         0	         0	         0	         0	         0	        0	         0	         0	         0	        0	         0	         0	        0	        0	         0	         0	         0	         0	         0	         0	          0	        0	         0	         0	         0	         0	         0	          0	          0	          0	         0	         0	         0	         0	         0	          0	         0	         0	        0	         0	         0	         0	         0	         0	         0	         0	         0	         0	         0	         0	         0	        0	         0	         0	          0	         0	         0	         0	         0	         0	         0	         0	         1	         0	         0	         0	         0	          1	         0	         0	         0	         0	        0	         0	         0	         0	         0	          0	#_368       
 2010	7	 8	2	0	1	43	43	  2	        0	         0	         0	         0	         0	         0	         0	        0	         0	         0	         0	        0	         0	         0	        0	        0	         0	         0	         0	         0	         0	         0	          0	        0	         0	         0	         0	         0	         0	          0	          0	          0	         0	         0	         0	         0	         0	          0	         0	         0	        0	         0	         0	         0	         0	         0	         0	         0	         0	         0	         0	         0	         0	        0	         0	         0	          0	         0	         0	         0	         0	         0	         0	         0	         0	         0	         0	         0	         0	          0	         0	         0	         0	         0	        1	         0	         0	         0	         0	          1	#_369       
 2004	7	 8	1	0	1	43	43	  3	        0	         0	         0	         0	         0	         0	         0	        0	         0	         0	         0	        0	         1	         1	        1	        0	         0	         0	         0	         0	         0	         0	          0	        0	         0	         0	         0	         0	         0	          0	          0	          0	         0	         0	         0	         0	         0	          0	         0	         0	        0	         0	         0	         0	         0	         0	         0	         0	         0	         0	         0	         0	         0	        0	         0	         0	          0	         0	         0	         0	         0	         0	         0	         0	         0	         0	         0	         0	         0	          0	         0	         0	         0	         0	        0	         0	         0	         0	         0	          0	#_370       
 2005	7	 8	1	0	1	43	43	  2	        0	         0	         0	         0	         0	         0	         0	        0	         0	         0	         0	        0	         0	         0	        1	        0	         0	         0	         0	         0	         0	         1	          0	        0	         0	         0	         0	         0	         0	          0	          0	          0	         0	         0	         0	         0	         0	          0	         0	         0	        0	         0	         0	         0	         0	         0	         0	         0	         0	         0	         0	         0	         0	        0	         0	         0	          0	         0	         0	         0	         0	         0	         0	         0	         0	         0	         0	         0	         0	          0	         0	         0	         0	         0	        0	         0	         0	         0	         0	          0	#_371       
 2008	7	 8	1	0	1	43	43	  3	        0	         0	         0	         0	         0	         0	         0	        0	         0	         0	         0	        0	         0	         0	        0	        0	         2	         0	         0	         0	         0	         1	          0	        0	         0	         0	         0	         0	         0	          0	          0	          0	         0	         0	         0	         0	         0	          0	         0	         0	        0	         0	         0	         0	         0	         0	         0	         0	         0	         0	         0	         0	         0	        0	         0	         0	          0	         0	         0	         0	         0	         0	         0	         0	         0	         0	         0	         0	         0	          0	         0	         0	         0	         0	        0	         0	         0	         0	         0	          0	#_372       
 2010	7	 8	1	0	1	43	43	  3	        0	         0	         0	         0	         0	         0	         0	        0	         0	         0	         0	        0	         0	         0	        0	        0	         0	         0	         0	         0	         0	         0	          0	        0	         2	         0	         1	         0	         0	          0	          0	          0	         0	         0	         0	         0	         0	          0	         0	         0	        0	         0	         0	         0	         0	         0	         0	         0	         0	         0	         0	         0	         0	        0	         0	         0	          0	         0	         0	         0	         0	         0	         0	         0	         0	         0	         0	         0	         0	          0	         0	         0	         0	         0	        0	         0	         0	         0	         0	          0	#_373       
 2011	7	 8	1	0	1	43	43	  3	        0	         0	         0	         0	         0	         0	         0	        0	         0	         0	         0	        0	         0	         0	        0	        0	         0	         0	         0	         0	         0	         0	          0	        0	         1	         0	         0	         0	         0	          0	          0	          1	         0	         0	         0	         0	         0	          0	         0	         1	        0	         0	         0	         0	         0	         0	         0	         0	         0	         0	         0	         0	         0	        0	         0	         0	          0	         0	         0	         0	         0	         0	         0	         0	         0	         0	         0	         0	         0	          0	         0	         0	         0	         0	        0	         0	         0	         0	         0	          0	#_374       
 2005	7	 8	2	0	1	44	44	  1	        0	         0	         0	         0	         0	         0	         0	        0	         0	         0	         0	        0	         0	         0	        0	        0	         0	         0	         0	         0	         0	         0	          0	        0	         0	         0	         0	         0	         0	          0	          0	          0	         0	         0	         0	         0	         0	          0	         0	         0	        0	         0	         0	         0	         0	         0	         0	         0	         0	         0	         0	         0	         0	        0	         0	         0	          0	         0	         0	         1	         0	         0	         0	         0	         0	         0	         0	         0	         0	          0	         0	         0	         0	         0	        0	         0	         0	         0	         0	          0	#_375       
 2010	7	 8	2	0	1	44	44	  2	        0	         0	         0	         0	         0	         0	         0	        0	         0	         0	         0	        0	         0	         0	        0	        0	         0	         0	         0	         0	         0	         0	          0	        0	         0	         0	         0	         0	         0	          0	          0	          0	         0	         0	         0	         0	         0	          0	         0	         0	        0	         0	         0	         0	         0	         0	         0	         0	         0	         0	         0	         0	         0	        0	         0	         0	          0	         0	         0	         0	         0	         0	         0	         0	         0	         0	         0	         0	         0	          0	         0	         0	         0	         0	        1	         0	         0	         1	         0	          0	#_376       
 2011	7	 8	2	0	1	44	44	  1	        0	         0	         0	         0	         0	         0	         0	        0	         0	         0	         0	        0	         0	         0	        0	        0	         0	         0	         0	         0	         0	         0	          0	        0	         0	         0	         0	         0	         0	          0	          0	          0	         0	         0	         0	         0	         0	          0	         0	         0	        0	         0	         0	         0	         0	         0	         0	         0	         0	         0	         0	         0	         0	        0	         0	         0	          0	         0	         0	         0	         0	         0	         0	         0	         0	         0	         0	         0	         0	          0	         0	         0	         0	         0	        0	         0	         0	         0	         0	          1	#_377       
 2004	7	 8	1	0	1	44	44	  4	        0	         0	         0	         0	         0	         0	         0	        0	         0	         0	         0	        0	         0	         0	        0	        0	         0	         0	         1	         0	         1	         0	          0	        0	         1	         0	         0	         0	         0	          0	          0	          0	         0	         0	         0	         0	         0	          0	         0	         1	        0	         0	         0	         0	         0	         0	         0	         0	         0	         0	         0	         0	         0	        0	         0	         0	          0	         0	         0	         0	         0	         0	         0	         0	         0	         0	         0	         0	         0	          0	         0	         0	         0	         0	        0	         0	         0	         0	         0	          0	#_378       
 2005	7	 8	1	0	1	44	44	  8	        0	         0	         0	         0	         0	         0	         0	        0	         0	         0	         0	        0	         0	         0	        0	        0	         0	         0	         1	         0	         0	         0	          1	        0	         1	         0	         0	         1	         1	          0	          0	          0	         1	         0	         1	         0	         0	          0	         0	         1	        0	         0	         0	         0	         0	         0	         0	         0	         0	         0	         0	         0	         0	        0	         0	         0	          0	         0	         0	         0	         0	         0	         0	         0	         0	         0	         0	         0	         0	          0	         0	         0	         0	         0	        0	         0	         0	         0	         0	          0	#_379       
 2008	7	 8	1	0	1	44	44	  4	        0	         0	         0	         0	         0	         0	         0	        0	         0	         0	         0	        0	         0	         0	        1	        1	         0	         0	         0	         1	         0	         0	          0	        0	         0	         0	         1	         0	         0	          0	          0	          0	         0	         0	         0	         0	         0	          0	         0	         0	        0	         0	         0	         0	         0	         0	         0	         0	         0	         0	         0	         0	         0	        0	         0	         0	          0	         0	         0	         0	         0	         0	         0	         0	         0	         0	         0	         0	         0	          0	         0	         0	         0	         0	        0	         0	         0	         0	         0	          0	#_380       
 2010	7	 8	1	0	1	44	44	  7	        0	         0	         0	         0	         0	         0	         0	        0	         0	         0	         0	        0	         0	         0	        0	        0	         0	         0	         0	         1	         1	         0	          1	        0	         0	         0	         0	         1	         0	          1	          0	          1	         0	         0	         0	         0	         0	          0	         1	         0	        0	         0	         0	         0	         0	         0	         0	         0	         0	         0	         0	         0	         0	        0	         0	         0	          0	         0	         0	         0	         0	         0	         0	         0	         0	         0	         0	         0	         0	          0	         0	         0	         0	         0	        0	         0	         0	         0	         0	          0	#_381       
 2011	7	 8	1	0	1	44	44	  3	        0	         0	         0	         0	         0	         0	         0	        0	         0	         0	         0	        0	         0	         0	        0	        0	         0	         0	         1	         0	         1	         0	          0	        0	         0	         0	         0	         0	         0	          0	          0	          0	         0	         0	         0	         0	         0	          0	         0	         1	        0	         0	         0	         0	         0	         0	         0	         0	         0	         0	         0	         0	         0	        0	         0	         0	          0	         0	         0	         0	         0	         0	         0	         0	         0	         0	         0	         0	         0	          0	         0	         0	         0	         0	        0	         0	         0	         0	         0	          0	#_382       
 2005	7	 8	2	0	1	45	45	  1	        0	         0	         0	         0	         0	         0	         0	        0	         0	         0	         0	        0	         0	         0	        0	        0	         0	         0	         0	         0	         0	         0	          0	        0	         0	         0	         0	         0	         0	          0	          0	          0	         0	         0	         0	         0	         0	          0	         0	         0	        0	         0	         0	         0	         0	         0	         0	         0	         0	         0	         0	         0	         0	        0	         0	         0	          0	         0	         0	         0	         0	         0	         0	         0	         0	         0	         0	         0	         0	          0	         0	         0	         0	         0	        0	         0	         1	         0	         0	          0	#_383       
 2008	7	 8	2	0	1	45	45	  1	        0	         0	         0	         0	         0	         0	         0	        0	         0	         0	         0	        0	         0	         0	        0	        0	         0	         0	         0	         0	         0	         0	          0	        0	         0	         0	         0	         0	         0	          0	          0	          0	         0	         0	         0	         0	         0	          0	         0	         0	        0	         0	         0	         0	         0	         0	         0	         0	         0	         0	         0	         0	         0	        0	         0	         0	          0	         0	         0	         0	         0	         0	         0	         0	         0	         0	         0	         0	         0	          0	         0	         0	         0	         0	        0	         0	         0	         0	         0	          1	#_384       
 2010	7	 8	2	0	1	45	45	  1	        0	         0	         0	         0	         0	         0	         0	        0	         0	         0	         0	        0	         0	         0	        0	        0	         0	         0	         0	         0	         0	         0	          0	        0	         0	         0	         0	         0	         0	          0	          0	          0	         0	         0	         0	         0	         0	          0	         0	         0	        0	         0	         0	         0	         0	         0	         0	         0	         0	         0	         0	         0	         0	        0	         0	         0	          0	         0	         0	         0	         0	         0	         0	         0	         0	         0	         0	         0	         0	          0	         0	         0	         0	         0	        0	         0	         0	         0	         0	          1	#_385       
 2003	7	 8	1	0	1	45	45	  1	        0	         0	         0	         0	         0	         0	         0	        0	         0	         0	         0	        0	         0	         0	        0	        0	         0	         0	         0	         0	         0	         0	          0	        0	         0	         0	         0	         0	         0	          0	          0	          0	         0	         0	         0	         1	         0	          0	         0	         0	        0	         0	         0	         0	         0	         0	         0	         0	         0	         0	         0	         0	         0	        0	         0	         0	          0	         0	         0	         0	         0	         0	         0	         0	         0	         0	         0	         0	         0	          0	         0	         0	         0	         0	        0	         0	         0	         0	         0	          0	#_386       
 2004	7	 8	1	0	1	45	45	  2	        0	         0	         0	         0	         0	         0	         0	        0	         0	         0	         0	        0	         0	         0	        0	        0	         0	         0	         1	         0	         0	         0	          0	        1	         0	         0	         0	         0	         0	          0	          0	          0	         0	         0	         0	         0	         0	          0	         0	         0	        0	         0	         0	         0	         0	         0	         0	         0	         0	         0	         0	         0	         0	        0	         0	         0	          0	         0	         0	         0	         0	         0	         0	         0	         0	         0	         0	         0	         0	          0	         0	         0	         0	         0	        0	         0	         0	         0	         0	          0	#_387       
 2005	7	 8	1	0	1	45	45	  4	        0	         0	         0	         0	         0	         0	         0	        0	         0	         0	         0	        0	         0	         0	        0	        0	         0	         0	         0	         1	         0	         0	          0	        0	         0	         2	         0	         0	         0	          0	          0	          0	         0	         0	         0	         0	         0	          0	         0	         1	        0	         0	         0	         0	         0	         0	         0	         0	         0	         0	         0	         0	         0	        0	         0	         0	          0	         0	         0	         0	         0	         0	         0	         0	         0	         0	         0	         0	         0	          0	         0	         0	         0	         0	        0	         0	         0	         0	         0	          0	#_388       
 2007	7	 8	1	0	1	45	45	  1	        0	         0	         0	         0	         0	         0	         0	        0	         0	         0	         0	        0	         0	         0	        0	        0	         0	         0	         0	         0	         0	         0	          0	        0	         0	         0	         0	         0	         0	          0	          0	          0	         0	         0	         0	         0	         0	          0	         1	         0	        0	         0	         0	         0	         0	         0	         0	         0	         0	         0	         0	         0	         0	        0	         0	         0	          0	         0	         0	         0	         0	         0	         0	         0	         0	         0	         0	         0	         0	          0	         0	         0	         0	         0	        0	         0	         0	         0	         0	          0	#_389       
 2008	7	 8	1	0	1	45	45	  1	        0	         0	         0	         0	         0	         0	         0	        0	         0	         0	         0	        0	         0	         0	        0	        0	         0	         0	         0	         0	         0	         0	          0	        0	         0	         1	         0	         0	         0	          0	          0	          0	         0	         0	         0	         0	         0	          0	         0	         0	        0	         0	         0	         0	         0	         0	         0	         0	         0	         0	         0	         0	         0	        0	         0	         0	          0	         0	         0	         0	         0	         0	         0	         0	         0	         0	         0	         0	         0	          0	         0	         0	         0	         0	        0	         0	         0	         0	         0	          0	#_390       
 2010	7	 8	1	0	1	45	45	  4	        0	         0	         0	         0	         0	         0	         0	        0	         0	         0	         0	        0	         0	         0	        0	        0	         0	         0	         0	         1	         0	         0	          0	        0	         0	         0	         0	         0	         1	          1	          0	          0	         0	         1	         0	         0	         0	          0	         0	         0	        0	         0	         0	         0	         0	         0	         0	         0	         0	         0	         0	         0	         0	        0	         0	         0	          0	         0	         0	         0	         0	         0	         0	         0	         0	         0	         0	         0	         0	          0	         0	         0	         0	         0	        0	         0	         0	         0	         0	          0	#_391       
 2011	7	 8	1	0	1	45	45	  3	        0	         0	         0	         0	         0	         0	         0	        0	         0	         0	         0	        0	         0	         0	        0	        0	         0	         0	         0	         0	         0	         0	          0	        0	         0	         0	         0	         0	         0	          0	          0	          0	         0	         0	         0	         0	         0	          1	         0	         2	        0	         0	         0	         0	         0	         0	         0	         0	         0	         0	         0	         0	         0	        0	         0	         0	          0	         0	         0	         0	         0	         0	         0	         0	         0	         0	         0	         0	         0	          0	         0	         0	         0	         0	        0	         0	         0	         0	         0	          0	#_392       
 2004	7	 8	1	0	1	46	46	  3	        0	         0	         0	         0	         0	         0	         0	        0	         0	         0	         0	        0	         0	         0	        0	        0	         0	         0	         1	         0	         0	         1	          0	        0	         0	         0	         0	         0	         0	          0	          0	          0	         0	         0	         0	         0	         0	          0	         0	         1	        0	         0	         0	         0	         0	         0	         0	         0	         0	         0	         0	         0	         0	        0	         0	         0	          0	         0	         0	         0	         0	         0	         0	         0	         0	         0	         0	         0	         0	          0	         0	         0	         0	         0	        0	         0	         0	         0	         0	          0	#_393       
 2005	7	 8	1	0	1	46	46	  7	        0	         0	         0	         0	         0	         0	         0	        0	         0	         0	         0	        0	         0	         0	        0	        0	         0	         0	         0	         0	         0	         0	          0	        0	         0	         0	         0	         0	         0	          0	          0	          0	         0	         0	         1	         0	         0	          0	         1	         5	        0	         0	         0	         0	         0	         0	         0	         0	         0	         0	         0	         0	         0	        0	         0	         0	          0	         0	         0	         0	         0	         0	         0	         0	         0	         0	         0	         0	         0	          0	         0	         0	         0	         0	        0	         0	         0	         0	         0	          0	#_394       
 2008	7	 8	1	0	1	46	46	  1	        0	         0	         0	         0	         0	         0	         0	        0	         0	         0	         0	        0	         0	         0	        0	        0	         0	         0	         0	         0	         0	         0	          0	        0	         1	         0	         0	         0	         0	          0	          0	          0	         0	         0	         0	         0	         0	          0	         0	         0	        0	         0	         0	         0	         0	         0	         0	         0	         0	         0	         0	         0	         0	        0	         0	         0	          0	         0	         0	         0	         0	         0	         0	         0	         0	         0	         0	         0	         0	          0	         0	         0	         0	         0	        0	         0	         0	         0	         0	          0	#_395       
 2010	7	 8	1	0	1	46	46	  2	        0	         0	         0	         0	         0	         0	         0	        0	         0	         0	         0	        0	         0	         0	        0	        0	         0	         0	         0	         0	         0	         0	          0	        1	         0	         0	         1	         0	         0	          0	          0	          0	         0	         0	         0	         0	         0	          0	         0	         0	        0	         0	         0	         0	         0	         0	         0	         0	         0	         0	         0	         0	         0	        0	         0	         0	          0	         0	         0	         0	         0	         0	         0	         0	         0	         0	         0	         0	         0	          0	         0	         0	         0	         0	        0	         0	         0	         0	         0	          0	#_396       
 2014	7	 8	1	0	1	46	46	  1	        0	         0	         0	         0	         0	         0	         0	        0	         0	         0	         0	        0	         0	         0	        0	        0	         0	         0	         0	         0	         0	         0	          0	        0	         0	         0	         0	         0	         1	          0	          0	          0	         0	         0	         0	         0	         0	          0	         0	         0	        0	         0	         0	         0	         0	         0	         0	         0	         0	         0	         0	         0	         0	        0	         0	         0	          0	         0	         0	         0	         0	         0	         0	         0	         0	         0	         0	         0	         0	          0	         0	         0	         0	         0	        0	         0	         0	         0	         0	          0	#_397       
 2004	7	 8	2	0	1	47	47	  1	        0	         0	         0	         0	         0	         0	         0	        0	         0	         0	         0	        0	         0	         0	        0	        0	         0	         0	         0	         0	         0	         0	          0	        0	         0	         0	         0	         0	         0	          0	          0	          0	         0	         0	         0	         0	         0	          0	         0	         0	        0	         0	         0	         0	         0	         0	         0	         0	         0	         0	         0	         0	         0	        0	         0	         0	          0	         0	         0	         0	         0	         1	         0	         0	         0	         0	         0	         0	         0	          0	         0	         0	         0	         0	        0	         0	         0	         0	         0	          0	#_398       
 2005	7	 8	1	0	1	47	47	  5	        0	         0	         0	         0	         0	         0	         0	        0	         0	         0	         0	        0	         0	         0	        0	        0	         0	         0	         0	         0	         0	         0	          0	        0	         0	         1	         0	         0	         0	          0	          0	          1	         1	         1	         0	         0	         0	          0	         1	         0	        0	         0	         0	         0	         0	         0	         0	         0	         0	         0	         0	         0	         0	        0	         0	         0	          0	         0	         0	         0	         0	         0	         0	         0	         0	         0	         0	         0	         0	          0	         0	         0	         0	         0	        0	         0	         0	         0	         0	          0	#_399       
 2008	7	 8	1	0	1	47	47	  2	        0	         0	         0	         0	         0	         0	         0	        0	         0	         0	         0	        0	         0	         0	        0	        0	         0	         0	         0	         1	         0	         0	          1	        0	         0	         0	         0	         0	         0	          0	          0	          0	         0	         0	         0	         0	         0	          0	         0	         0	        0	         0	         0	         0	         0	         0	         0	         0	         0	         0	         0	         0	         0	        0	         0	         0	          0	         0	         0	         0	         0	         0	         0	         0	         0	         0	         0	         0	         0	          0	         0	         0	         0	         0	        0	         0	         0	         0	         0	          0	#_400       
 2010	7	 8	1	0	1	47	47	  2	        0	         0	         0	         0	         0	         0	         0	        0	         0	         0	         0	        0	         0	         0	        0	        0	         0	         0	         0	         0	         0	         0	          0	        0	         0	         0	         0	         0	         0	          0	          0	          1	         0	         0	         0	         0	         1	          0	         0	         0	        0	         0	         0	         0	         0	         0	         0	         0	         0	         0	         0	         0	         0	        0	         0	         0	          0	         0	         0	         0	         0	         0	         0	         0	         0	         0	         0	         0	         0	          0	         0	         0	         0	         0	        0	         0	         0	         0	         0	          0	#_401       
-9999	0	 0	0	0	0	 0	 0	  0	        0	         0	         0	         0	         0	         0	         0	        0	         0	         0	         0	        0	         0	         0	        0	        0	         0	         0	         0	         0	         0	         0	          0	        0	         0	         0	         0	         0	         0	          0	          0	          0	         0	         0	         0	         0	         0	          0	         0	         0	        0	         0	         0	         0	         0	         0	         0	         0	         0	         0	         0	         0	         0	        0	         0	         0	          0	         0	         0	         0	         0	         0	         0	         0	         0	         0	         0	         0	         0	          0	         0	         0	         0	         0	        0	         0	         0	         0	         0	          0	#_terminator
#
#_MeanSize_at_Age_obs
0 #_use_MeanSize_at_Age_obs
0 #_N_environ_variables
0 #_N_sizefreq_methods
0 #_do_tags
0 #_morphcomp_data
0 #_use_selectivity_priors
#
999
